,cell_id_index,cell_type,junction_id_index,junc_count,cluster_count,junction_id,Cluster,gene_id,junc_ratio
852642,0,Brain_Non-Myeloid_brain_pericyte,549,44.0,45,10_60296002_60299097,5903,Psap,0.9777777777777777
852643,1,Brain_Non-Myeloid_brain_pericyte,549,97.0,100,10_60296002_60299097,5903,Psap,0.97
852644,2,Brain_Non-Myeloid_brain_pericyte,549,5.0,8,10_60296002_60299097,5903,Psap,0.625
852645,3,Brain_Non-Myeloid_brain_pericyte,549,218.0,220,10_60296002_60299097,5903,Psap,0.990909090909091
852646,4,Brain_Non-Myeloid_brain_pericyte,549,654.0,661,10_60296002_60299097,5903,Psap,0.989409984871407
852647,5,Brain_Non-Myeloid_brain_pericyte,549,111.0,115,10_60296002_60299097,5903,Psap,0.9652173913043478
852648,6,Brain_Non-Myeloid_brain_pericyte,549,62.0,64,10_60296002_60299097,5903,Psap,0.96875
852649,8,Brain_Non-Myeloid_brain_pericyte,549,81.0,82,10_60296002_60299097,5903,Psap,0.9878048780487805
852650,9,Brain_Non-Myeloid_brain_pericyte,549,5.0,5,10_60296002_60299097,5903,Psap,1.0
852651,10,Brain_Non-Myeloid_brain_pericyte,549,14.0,14,10_60296002_60299097,5903,Psap,1.0
852652,11,Brain_Non-Myeloid_brain_pericyte,549,382.0,386,10_60296002_60299097,5903,Psap,0.9896373056994818
852653,12,Brain_Non-Myeloid_brain_pericyte,549,344.0,347,10_60296002_60299097,5903,Psap,0.9913544668587896
852654,14,Brain_Non-Myeloid_brain_pericyte,549,107.0,124,10_60296002_60299097,5903,Psap,0.8629032258064516
852655,15,Brain_Non-Myeloid_brain_pericyte,549,135.0,172,10_60296002_60299097,5903,Psap,0.7848837209302325
852656,16,Brain_Non-Myeloid_brain_pericyte,549,4.0,80,10_60296002_60299097,5903,Psap,0.05
852657,17,Brain_Non-Myeloid_brain_pericyte,549,294.0,299,10_60296002_60299097,5903,Psap,0.9832775919732442
852658,18,Brain_Non-Myeloid_brain_pericyte,549,507.0,514,10_60296002_60299097,5903,Psap,0.9863813229571985
852659,19,Brain_Non-Myeloid_brain_pericyte,549,148.0,151,10_60296002_60299097,5903,Psap,0.9801324503311258
852660,20,Brain_Non-Myeloid_brain_pericyte,549,475.0,481,10_60296002_60299097,5903,Psap,0.9875259875259875
852661,21,Brain_Non-Myeloid_brain_pericyte,549,5.0,5,10_60296002_60299097,5903,Psap,1.0
852662,22,Brain_Non-Myeloid_brain_pericyte,549,214.0,223,10_60296002_60299097,5903,Psap,0.9596412556053812
852663,23,Brain_Non-Myeloid_brain_pericyte,549,5.0,5,10_60296002_60299097,5903,Psap,1.0
852664,25,Brain_Non-Myeloid_brain_pericyte,549,52.0,65,10_60296002_60299097,5903,Psap,0.8
852665,26,Brain_Non-Myeloid_brain_pericyte,549,12.0,12,10_60296002_60299097,5903,Psap,1.0
852666,27,Brain_Non-Myeloid_brain_pericyte,549,76.0,77,10_60296002_60299097,5903,Psap,0.987012987012987
852667,28,Brain_Non-Myeloid_brain_pericyte,549,406.0,416,10_60296002_60299097,5903,Psap,0.9759615384615384
852668,29,Brain_Non-Myeloid_brain_pericyte,549,8.0,8,10_60296002_60299097,5903,Psap,1.0
852669,30,Brain_Non-Myeloid_brain_pericyte,549,167.0,171,10_60296002_60299097,5903,Psap,0.9766081871345029
852670,31,Brain_Non-Myeloid_brain_pericyte,549,78.0,80,10_60296002_60299097,5903,Psap,0.975
852671,32,Brain_Non-Myeloid_brain_pericyte,549,2.0,2,10_60296002_60299097,5903,Psap,1.0
852672,33,Brain_Non-Myeloid_brain_pericyte,549,44.0,44,10_60296002_60299097,5903,Psap,1.0
852673,34,Brain_Non-Myeloid_brain_pericyte,549,184.0,184,10_60296002_60299097,5903,Psap,1.0
852674,35,Brain_Non-Myeloid_brain_pericyte,549,2.0,2,10_60296002_60299097,5903,Psap,1.0
852675,36,Brain_Non-Myeloid_brain_pericyte,549,438.0,444,10_60296002_60299097,5903,Psap,0.9864864864864865
852676,37,Brain_Non-Myeloid_brain_pericyte,549,268.0,272,10_60296002_60299097,5903,Psap,0.9852941176470589
852677,38,Brain_Non-Myeloid_brain_pericyte,549,55.0,57,10_60296002_60299097,5903,Psap,0.9649122807017544
852678,39,Brain_Non-Myeloid_brain_pericyte,549,60.0,63,10_60296002_60299097,5903,Psap,0.9523809523809523
852679,41,Brain_Non-Myeloid_brain_pericyte,549,119.0,122,10_60296002_60299097,5903,Psap,0.9754098360655737
852680,42,Brain_Non-Myeloid_brain_pericyte,549,80.0,80,10_60296002_60299097,5903,Psap,1.0
852681,43,Brain_Non-Myeloid_brain_pericyte,549,1.0,1,10_60296002_60299097,5903,Psap,1.0
852682,44,Brain_Non-Myeloid_brain_pericyte,549,3.0,3,10_60296002_60299097,5903,Psap,1.0
852683,45,Brain_Non-Myeloid_brain_pericyte,549,63.0,63,10_60296002_60299097,5903,Psap,1.0
852684,46,Brain_Non-Myeloid_brain_pericyte,549,12.0,17,10_60296002_60299097,5903,Psap,0.7058823529411765
852685,47,Brain_Non-Myeloid_brain_pericyte,549,150.0,182,10_60296002_60299097,5903,Psap,0.8241758241758241
852686,48,Brain_Non-Myeloid_brain_pericyte,549,37.0,67,10_60296002_60299097,5903,Psap,0.5522388059701493
852687,49,Brain_Non-Myeloid_brain_pericyte,549,359.0,396,10_60296002_60299097,5903,Psap,0.9065656565656566
852688,50,Brain_Non-Myeloid_brain_pericyte,549,74.0,74,10_60296002_60299097,5903,Psap,1.0
852689,51,Brain_Non-Myeloid_brain_pericyte,549,35.0,35,10_60296002_60299097,5903,Psap,1.0
852690,52,Brain_Non-Myeloid_brain_pericyte,549,16.0,16,10_60296002_60299097,5903,Psap,1.0
852691,53,Brain_Non-Myeloid_brain_pericyte,549,47.0,50,10_60296002_60299097,5903,Psap,0.94
852692,54,Brain_Non-Myeloid_brain_pericyte,549,320.0,320,10_60296002_60299097,5903,Psap,1.0
852693,55,Brain_Non-Myeloid_brain_pericyte,549,251.0,253,10_60296002_60299097,5903,Psap,0.9920948616600791
852694,56,Brain_Non-Myeloid_brain_pericyte,549,58.0,68,10_60296002_60299097,5903,Psap,0.8529411764705882
852695,57,Brain_Non-Myeloid_brain_pericyte,549,13.0,13,10_60296002_60299097,5903,Psap,1.0
852696,58,Brain_Non-Myeloid_brain_pericyte,549,297.0,319,10_60296002_60299097,5903,Psap,0.9310344827586207
852697,59,Brain_Non-Myeloid_brain_pericyte,549,41.0,41,10_60296002_60299097,5903,Psap,1.0
852698,60,Brain_Non-Myeloid_brain_pericyte,549,3.0,6,10_60296002_60299097,5903,Psap,0.5
852699,61,Brain_Non-Myeloid_brain_pericyte,549,17.0,18,10_60296002_60299097,5903,Psap,0.9444444444444444
852700,62,Brain_Non-Myeloid_brain_pericyte,549,68.0,68,10_60296002_60299097,5903,Psap,1.0
852701,63,Brain_Non-Myeloid_brain_pericyte,549,71.0,84,10_60296002_60299097,5903,Psap,0.8452380952380952
852702,64,Brain_Non-Myeloid_brain_pericyte,549,3.0,3,10_60296002_60299097,5903,Psap,1.0
852703,65,Brain_Non-Myeloid_brain_pericyte,549,308.0,408,10_60296002_60299097,5903,Psap,0.7549019607843137
852704,66,Brain_Non-Myeloid_brain_pericyte,549,59.0,64,10_60296002_60299097,5903,Psap,0.921875
852705,67,Brain_Non-Myeloid_brain_pericyte,549,466.0,473,10_60296002_60299097,5903,Psap,0.985200845665962
852706,68,Brain_Non-Myeloid_brain_pericyte,549,239.0,243,10_60296002_60299097,5903,Psap,0.9835390946502057
852707,69,Brain_Non-Myeloid_brain_pericyte,549,65.0,72,10_60296002_60299097,5903,Psap,0.9027777777777778
852708,70,Brain_Non-Myeloid_brain_pericyte,549,164.0,168,10_60296002_60299097,5903,Psap,0.9761904761904762
852709,71,Brain_Non-Myeloid_brain_pericyte,549,46.0,73,10_60296002_60299097,5903,Psap,0.6301369863013698
852710,72,Brain_Non-Myeloid_brain_pericyte,549,201.0,204,10_60296002_60299097,5903,Psap,0.9852941176470589
852711,73,Brain_Non-Myeloid_brain_pericyte,549,93.0,93,10_60296002_60299097,5903,Psap,1.0
852712,74,Brain_Non-Myeloid_brain_pericyte,549,111.0,112,10_60296002_60299097,5903,Psap,0.9910714285714286
852713,76,Brain_Non-Myeloid_brain_pericyte,549,86.0,88,10_60296002_60299097,5903,Psap,0.9772727272727273
852714,77,Brain_Non-Myeloid_brain_pericyte,549,121.0,121,10_60296002_60299097,5903,Psap,1.0
852715,78,Brain_Non-Myeloid_brain_pericyte,549,16.0,16,10_60296002_60299097,5903,Psap,1.0
852716,79,Brain_Non-Myeloid_brain_pericyte,549,35.0,35,10_60296002_60299097,5903,Psap,1.0
852717,80,Brain_Non-Myeloid_brain_pericyte,549,179.0,181,10_60296002_60299097,5903,Psap,0.988950276243094
852718,81,Brain_Non-Myeloid_brain_pericyte,549,95.0,96,10_60296002_60299097,5903,Psap,0.9895833333333334
852719,82,Brain_Non-Myeloid_brain_pericyte,549,69.0,86,10_60296002_60299097,5903,Psap,0.8023255813953488
852720,84,Brain_Non-Myeloid_brain_pericyte,549,109.0,110,10_60296002_60299097,5903,Psap,0.990909090909091
852721,85,Brain_Non-Myeloid_brain_pericyte,549,203.0,433,10_60296002_60299097,5903,Psap,0.46882217090069284
852722,86,Brain_Non-Myeloid_brain_pericyte,549,1.0,1,10_60296002_60299097,5903,Psap,1.0
852723,87,Brain_Non-Myeloid_brain_pericyte,549,21.0,21,10_60296002_60299097,5903,Psap,1.0
852724,88,Brain_Non-Myeloid_brain_pericyte,549,87.0,91,10_60296002_60299097,5903,Psap,0.9560439560439561
852725,89,Brain_Non-Myeloid_brain_pericyte,549,93.0,95,10_60296002_60299097,5903,Psap,0.9789473684210527
852726,90,Brain_Non-Myeloid_brain_pericyte,549,69.0,70,10_60296002_60299097,5903,Psap,0.9857142857142858
852727,91,Brain_Non-Myeloid_brain_pericyte,549,131.0,137,10_60296002_60299097,5903,Psap,0.9562043795620438
852728,92,Brain_Non-Myeloid_brain_pericyte,549,117.0,194,10_60296002_60299097,5903,Psap,0.6030927835051546
852729,93,Brain_Non-Myeloid_brain_pericyte,549,53.0,54,10_60296002_60299097,5903,Psap,0.9814814814814815
852730,94,Brain_Non-Myeloid_brain_pericyte,549,698.0,709,10_60296002_60299097,5903,Psap,0.9844851904090268
852731,95,Brain_Non-Myeloid_brain_pericyte,549,148.0,173,10_60296002_60299097,5903,Psap,0.8554913294797688
852732,96,Brain_Non-Myeloid_brain_pericyte,549,90.0,92,10_60296002_60299097,5903,Psap,0.9782608695652174
852733,97,Brain_Non-Myeloid_brain_pericyte,549,89.0,89,10_60296002_60299097,5903,Psap,1.0
852734,98,Brain_Non-Myeloid_brain_pericyte,549,50.0,51,10_60296002_60299097,5903,Psap,0.9803921568627451
852735,99,Brain_Non-Myeloid_brain_pericyte,549,19.0,19,10_60296002_60299097,5903,Psap,1.0
852736,100,Brain_Non-Myeloid_brain_pericyte,549,39.0,39,10_60296002_60299097,5903,Psap,1.0
852737,101,Brain_Non-Myeloid_brain_pericyte,549,51.0,52,10_60296002_60299097,5903,Psap,0.9807692307692307
852738,102,Brain_Non-Myeloid_brain_pericyte,549,150.0,150,10_60296002_60299097,5903,Psap,1.0
852739,104,Brain_Non-Myeloid_brain_pericyte,549,55.0,55,10_60296002_60299097,5903,Psap,1.0
852740,105,Brain_Non-Myeloid_brain_pericyte,549,59.0,64,10_60296002_60299097,5903,Psap,0.921875
852741,106,Brain_Non-Myeloid_brain_pericyte,549,5.0,5,10_60296002_60299097,5903,Psap,1.0
852742,107,Brain_Non-Myeloid_brain_pericyte,549,24.0,24,10_60296002_60299097,5903,Psap,1.0
852743,108,Brain_Non-Myeloid_brain_pericyte,549,251.0,254,10_60296002_60299097,5903,Psap,0.9881889763779528
852744,109,Brain_Non-Myeloid_brain_pericyte,549,14.0,14,10_60296002_60299097,5903,Psap,1.0
852745,110,Brain_Non-Myeloid_brain_pericyte,549,59.0,59,10_60296002_60299097,5903,Psap,1.0
852746,111,Brain_Non-Myeloid_brain_pericyte,549,99.0,100,10_60296002_60299097,5903,Psap,0.99
852747,112,Brain_Non-Myeloid_brain_pericyte,549,141.0,142,10_60296002_60299097,5903,Psap,0.9929577464788732
852748,113,Brain_Non-Myeloid_brain_pericyte,549,40.0,50,10_60296002_60299097,5903,Psap,0.8
852749,114,Brain_Non-Myeloid_brain_pericyte,549,449.0,485,10_60296002_60299097,5903,Psap,0.9257731958762887
852750,115,Brain_Non-Myeloid_brain_pericyte,549,39.0,39,10_60296002_60299097,5903,Psap,1.0
852751,116,Brain_Non-Myeloid_brain_pericyte,549,7.0,7,10_60296002_60299097,5903,Psap,1.0
852752,117,Brain_Non-Myeloid_brain_pericyte,549,85.0,85,10_60296002_60299097,5903,Psap,1.0
852753,118,Brain_Non-Myeloid_brain_pericyte,549,86.0,88,10_60296002_60299097,5903,Psap,0.9772727272727273
852754,119,Brain_Non-Myeloid_brain_pericyte,549,137.0,142,10_60296002_60299097,5903,Psap,0.9647887323943662
852755,120,Brain_Non-Myeloid_brain_pericyte,549,109.0,110,10_60296002_60299097,5903,Psap,0.990909090909091
852756,121,Brain_Non-Myeloid_brain_pericyte,549,164.0,168,10_60296002_60299097,5903,Psap,0.9761904761904762
852757,123,Brain_Non-Myeloid_brain_pericyte,549,72.0,73,10_60296002_60299097,5903,Psap,0.9863013698630136
852758,124,Brain_Non-Myeloid_brain_pericyte,549,25.0,38,10_60296002_60299097,5903,Psap,0.6578947368421053
852759,126,Brain_Non-Myeloid_brain_pericyte,549,61.0,63,10_60296002_60299097,5903,Psap,0.9682539682539683
852760,127,Brain_Non-Myeloid_brain_pericyte,549,40.0,40,10_60296002_60299097,5903,Psap,1.0
852761,128,Brain_Non-Myeloid_brain_pericyte,549,23.0,24,10_60296002_60299097,5903,Psap,0.9583333333333334
852762,129,Brain_Non-Myeloid_brain_pericyte,549,89.0,89,10_60296002_60299097,5903,Psap,1.0
852763,130,Brain_Non-Myeloid_brain_pericyte,549,60.0,77,10_60296002_60299097,5903,Psap,0.7792207792207793
852764,131,Brain_Non-Myeloid_brain_pericyte,549,24.0,61,10_60296002_60299097,5903,Psap,0.39344262295081966
852765,132,Brain_Non-Myeloid_brain_pericyte,549,37.0,37,10_60296002_60299097,5903,Psap,1.0
852766,133,Brain_Non-Myeloid_brain_pericyte,549,69.0,70,10_60296002_60299097,5903,Psap,0.9857142857142858
852767,134,Brain_Non-Myeloid_brain_pericyte,549,28.0,28,10_60296002_60299097,5903,Psap,1.0
852768,135,Brain_Non-Myeloid_brain_pericyte,549,41.0,41,10_60296002_60299097,5903,Psap,1.0
852769,136,Brain_Non-Myeloid_brain_pericyte,549,63.0,63,10_60296002_60299097,5903,Psap,1.0
852770,137,Brain_Non-Myeloid_brain_pericyte,549,249.0,264,10_60296002_60299097,5903,Psap,0.9431818181818182
852771,138,Brain_Non-Myeloid_brain_pericyte,549,141.0,142,10_60296002_60299097,5903,Psap,0.9929577464788732
852772,139,Brain_Non-Myeloid_brain_pericyte,549,127.0,128,10_60296002_60299097,5903,Psap,0.9921875
852773,140,Brain_Non-Myeloid_brain_pericyte,549,221.0,222,10_60296002_60299097,5903,Psap,0.9954954954954955
852774,141,Brain_Non-Myeloid_brain_pericyte,549,21.0,21,10_60296002_60299097,5903,Psap,1.0
852775,142,Brain_Non-Myeloid_brain_pericyte,549,29.0,33,10_60296002_60299097,5903,Psap,0.8787878787878788
852776,143,Brain_Non-Myeloid_brain_pericyte,549,11.0,11,10_60296002_60299097,5903,Psap,1.0
852777,144,Brain_Non-Myeloid_brain_pericyte,549,6.0,6,10_60296002_60299097,5903,Psap,1.0
852778,145,Brain_Non-Myeloid_brain_pericyte,549,19.0,22,10_60296002_60299097,5903,Psap,0.8636363636363636
852779,146,Brain_Non-Myeloid_brain_pericyte,549,517.0,521,10_60296002_60299097,5903,Psap,0.9923224568138196
852780,147,Brain_Non-Myeloid_brain_pericyte,549,38.0,38,10_60296002_60299097,5903,Psap,1.0
852781,148,Brain_Non-Myeloid_brain_pericyte,549,316.0,406,10_60296002_60299097,5903,Psap,0.7783251231527094
852782,149,Brain_Non-Myeloid_brain_pericyte,549,51.0,53,10_60296002_60299097,5903,Psap,0.9622641509433962
852783,150,Brain_Non-Myeloid_brain_pericyte,549,24.0,30,10_60296002_60299097,5903,Psap,0.8
852784,151,Brain_Non-Myeloid_brain_pericyte,549,182.0,185,10_60296002_60299097,5903,Psap,0.9837837837837838
852785,152,Brain_Non-Myeloid_brain_pericyte,549,39.0,88,10_60296002_60299097,5903,Psap,0.4431818181818182
852786,153,Brain_Non-Myeloid_brain_pericyte,549,61.0,61,10_60296002_60299097,5903,Psap,1.0
852787,154,Brain_Non-Myeloid_brain_pericyte,549,132.0,134,10_60296002_60299097,5903,Psap,0.9850746268656716
852788,155,Brain_Non-Myeloid_brain_pericyte,549,41.0,41,10_60296002_60299097,5903,Psap,1.0
852789,156,Brain_Non-Myeloid_oligodendrocyte_precursor_cell,549,93.0,144,10_60296002_60299097,5903,Psap,0.6458333333333334
852790,157,Brain_Non-Myeloid_oligodendrocyte_precursor_cell,549,67.0,150,10_60296002_60299097,5903,Psap,0.44666666666666666
852791,158,Brain_Non-Myeloid_oligodendrocyte_precursor_cell,549,135.0,206,10_60296002_60299097,5903,Psap,0.6553398058252428
852792,159,Brain_Non-Myeloid_oligodendrocyte_precursor_cell,549,234.0,415,10_60296002_60299097,5903,Psap,0.563855421686747
852793,160,Brain_Non-Myeloid_oligodendrocyte_precursor_cell,549,112.0,343,10_60296002_60299097,5903,Psap,0.32653061224489793
852794,161,Brain_Non-Myeloid_oligodendrocyte_precursor_cell,549,90.0,222,10_60296002_60299097,5903,Psap,0.40540540540540543
852795,162,Brain_Non-Myeloid_oligodendrocyte_precursor_cell,549,125.0,263,10_60296002_60299097,5903,Psap,0.4752851711026616
852796,163,Brain_Non-Myeloid_oligodendrocyte_precursor_cell,549,20.0,614,10_60296002_60299097,5903,Psap,0.03257328990228013
852797,164,Brain_Non-Myeloid_oligodendrocyte_precursor_cell,549,13.0,18,10_60296002_60299097,5903,Psap,0.7222222222222222
852798,165,Brain_Non-Myeloid_oligodendrocyte_precursor_cell,549,54.0,107,10_60296002_60299097,5903,Psap,0.5046728971962616
852799,166,Brain_Non-Myeloid_oligodendrocyte_precursor_cell,549,290.0,392,10_60296002_60299097,5903,Psap,0.7397959183673469
852800,167,Brain_Non-Myeloid_oligodendrocyte_precursor_cell,549,151.0,288,10_60296002_60299097,5903,Psap,0.5243055555555556
852801,169,Brain_Non-Myeloid_oligodendrocyte_precursor_cell,549,2.0,3,10_60296002_60299097,5903,Psap,0.6666666666666666
852802,171,Brain_Non-Myeloid_oligodendrocyte_precursor_cell,549,347.0,561,10_60296002_60299097,5903,Psap,0.6185383244206774
852803,172,Brain_Non-Myeloid_oligodendrocyte_precursor_cell,549,134.0,194,10_60296002_60299097,5903,Psap,0.6907216494845361
852804,173,Brain_Non-Myeloid_oligodendrocyte_precursor_cell,549,66.0,146,10_60296002_60299097,5903,Psap,0.4520547945205479
852805,174,Brain_Non-Myeloid_oligodendrocyte_precursor_cell,549,72.0,176,10_60296002_60299097,5903,Psap,0.4090909090909091
852806,175,Brain_Non-Myeloid_oligodendrocyte_precursor_cell,549,434.0,842,10_60296002_60299097,5903,Psap,0.5154394299287411
852807,176,Brain_Non-Myeloid_oligodendrocyte_precursor_cell,549,10.0,30,10_60296002_60299097,5903,Psap,0.3333333333333333
852808,177,Brain_Non-Myeloid_oligodendrocyte_precursor_cell,549,234.0,347,10_60296002_60299097,5903,Psap,0.6743515850144092
852809,178,Brain_Non-Myeloid_oligodendrocyte_precursor_cell,549,49.0,208,10_60296002_60299097,5903,Psap,0.23557692307692307
852810,180,Brain_Non-Myeloid_oligodendrocyte_precursor_cell,549,1043.0,1872,10_60296002_60299097,5903,Psap,0.5571581196581197
852811,181,Brain_Non-Myeloid_oligodendrocyte_precursor_cell,549,2.0,90,10_60296002_60299097,5903,Psap,0.022222222222222223
852812,182,Brain_Non-Myeloid_oligodendrocyte_precursor_cell,549,8.0,18,10_60296002_60299097,5903,Psap,0.4444444444444444
852813,183,Brain_Non-Myeloid_oligodendrocyte_precursor_cell,549,182.0,533,10_60296002_60299097,5903,Psap,0.34146341463414637
852814,184,Brain_Non-Myeloid_oligodendrocyte_precursor_cell,549,3.0,131,10_60296002_60299097,5903,Psap,0.022900763358778626
852815,186,Brain_Non-Myeloid_oligodendrocyte_precursor_cell,549,33.0,121,10_60296002_60299097,5903,Psap,0.2727272727272727
852816,187,Brain_Non-Myeloid_oligodendrocyte_precursor_cell,549,14.0,80,10_60296002_60299097,5903,Psap,0.175
852817,188,Brain_Non-Myeloid_oligodendrocyte_precursor_cell,549,52.0,149,10_60296002_60299097,5903,Psap,0.348993288590604
852818,189,Brain_Non-Myeloid_oligodendrocyte_precursor_cell,549,55.0,140,10_60296002_60299097,5903,Psap,0.39285714285714285
852819,190,Brain_Non-Myeloid_oligodendrocyte_precursor_cell,549,20.0,56,10_60296002_60299097,5903,Psap,0.35714285714285715
852820,191,Brain_Non-Myeloid_oligodendrocyte_precursor_cell,549,88.0,163,10_60296002_60299097,5903,Psap,0.5398773006134969
852821,192,Brain_Non-Myeloid_oligodendrocyte_precursor_cell,549,97.0,174,10_60296002_60299097,5903,Psap,0.5574712643678161
852822,193,Brain_Non-Myeloid_oligodendrocyte_precursor_cell,549,279.0,395,10_60296002_60299097,5903,Psap,0.7063291139240506
852823,194,Brain_Non-Myeloid_oligodendrocyte_precursor_cell,549,75.0,136,10_60296002_60299097,5903,Psap,0.5514705882352942
852824,195,Brain_Non-Myeloid_oligodendrocyte_precursor_cell,549,1.0,1,10_60296002_60299097,5903,Psap,1.0
852825,196,Brain_Non-Myeloid_oligodendrocyte_precursor_cell,549,54.0,220,10_60296002_60299097,5903,Psap,0.24545454545454545
852826,197,Brain_Non-Myeloid_oligodendrocyte_precursor_cell,549,52.0,53,10_60296002_60299097,5903,Psap,0.9811320754716981
852827,198,Brain_Non-Myeloid_oligodendrocyte_precursor_cell,549,152.0,232,10_60296002_60299097,5903,Psap,0.6551724137931034
852828,199,Brain_Non-Myeloid_oligodendrocyte_precursor_cell,549,84.0,272,10_60296002_60299097,5903,Psap,0.3088235294117647
852829,200,Brain_Non-Myeloid_oligodendrocyte_precursor_cell,549,28.0,71,10_60296002_60299097,5903,Psap,0.39436619718309857
852830,201,Brain_Non-Myeloid_oligodendrocyte_precursor_cell,549,3.0,113,10_60296002_60299097,5903,Psap,0.02654867256637168
852831,202,Brain_Non-Myeloid_oligodendrocyte_precursor_cell,549,54.0,113,10_60296002_60299097,5903,Psap,0.4778761061946903
852832,203,Brain_Non-Myeloid_oligodendrocyte_precursor_cell,549,107.0,289,10_60296002_60299097,5903,Psap,0.370242214532872
852833,204,Brain_Non-Myeloid_oligodendrocyte_precursor_cell,549,5.0,131,10_60296002_60299097,5903,Psap,0.03816793893129771
852834,205,Brain_Non-Myeloid_oligodendrocyte_precursor_cell,549,50.0,149,10_60296002_60299097,5903,Psap,0.33557046979865773
852835,206,Brain_Non-Myeloid_oligodendrocyte_precursor_cell,549,21.0,62,10_60296002_60299097,5903,Psap,0.3387096774193548
852836,207,Brain_Non-Myeloid_oligodendrocyte_precursor_cell,549,28.0,43,10_60296002_60299097,5903,Psap,0.6511627906976745
852837,208,Brain_Non-Myeloid_oligodendrocyte_precursor_cell,549,1.0,6,10_60296002_60299097,5903,Psap,0.16666666666666666
852838,209,Brain_Non-Myeloid_oligodendrocyte_precursor_cell,549,109.0,237,10_60296002_60299097,5903,Psap,0.459915611814346
852839,210,Brain_Non-Myeloid_oligodendrocyte_precursor_cell,549,11.0,23,10_60296002_60299097,5903,Psap,0.4782608695652174
852840,211,Brain_Non-Myeloid_oligodendrocyte_precursor_cell,549,8.0,40,10_60296002_60299097,5903,Psap,0.2
852841,212,Brain_Non-Myeloid_oligodendrocyte_precursor_cell,549,24.0,50,10_60296002_60299097,5903,Psap,0.48
852842,213,Brain_Non-Myeloid_oligodendrocyte_precursor_cell,549,421.0,815,10_60296002_60299097,5903,Psap,0.5165644171779141
852843,214,Brain_Non-Myeloid_oligodendrocyte_precursor_cell,549,70.0,94,10_60296002_60299097,5903,Psap,0.7446808510638298
852844,215,Brain_Non-Myeloid_oligodendrocyte_precursor_cell,549,29.0,118,10_60296002_60299097,5903,Psap,0.2457627118644068
852845,216,Brain_Non-Myeloid_oligodendrocyte_precursor_cell,549,222.0,335,10_60296002_60299097,5903,Psap,0.6626865671641791
852846,217,Brain_Non-Myeloid_oligodendrocyte_precursor_cell,549,136.0,286,10_60296002_60299097,5903,Psap,0.4755244755244755
852847,218,Brain_Non-Myeloid_oligodendrocyte_precursor_cell,549,10.0,42,10_60296002_60299097,5903,Psap,0.23809523809523808
852848,219,Brain_Non-Myeloid_oligodendrocyte_precursor_cell,549,14.0,43,10_60296002_60299097,5903,Psap,0.32558139534883723
852849,220,Brain_Non-Myeloid_oligodendrocyte_precursor_cell,549,118.0,166,10_60296002_60299097,5903,Psap,0.7108433734939759
852850,221,Brain_Non-Myeloid_oligodendrocyte_precursor_cell,549,107.0,155,10_60296002_60299097,5903,Psap,0.6903225806451613
852851,222,Brain_Non-Myeloid_oligodendrocyte_precursor_cell,549,135.0,167,10_60296002_60299097,5903,Psap,0.8083832335329342
852852,223,Brain_Non-Myeloid_oligodendrocyte_precursor_cell,549,65.0,129,10_60296002_60299097,5903,Psap,0.5038759689922481
852853,224,Brain_Non-Myeloid_oligodendrocyte_precursor_cell,549,65.0,336,10_60296002_60299097,5903,Psap,0.19345238095238096
852854,225,Brain_Non-Myeloid_oligodendrocyte_precursor_cell,549,375.0,789,10_60296002_60299097,5903,Psap,0.4752851711026616
852855,226,Brain_Non-Myeloid_oligodendrocyte_precursor_cell,549,212.0,240,10_60296002_60299097,5903,Psap,0.8833333333333333
852856,227,Brain_Non-Myeloid_oligodendrocyte_precursor_cell,549,39.0,225,10_60296002_60299097,5903,Psap,0.17333333333333334
852857,228,Brain_Non-Myeloid_oligodendrocyte_precursor_cell,549,13.0,38,10_60296002_60299097,5903,Psap,0.34210526315789475
852858,229,Brain_Non-Myeloid_oligodendrocyte_precursor_cell,549,2.0,37,10_60296002_60299097,5903,Psap,0.05405405405405406
852859,230,Brain_Non-Myeloid_oligodendrocyte_precursor_cell,549,23.0,96,10_60296002_60299097,5903,Psap,0.23958333333333334
852860,231,Brain_Non-Myeloid_oligodendrocyte_precursor_cell,549,17.0,120,10_60296002_60299097,5903,Psap,0.14166666666666666
852861,232,Brain_Non-Myeloid_oligodendrocyte_precursor_cell,549,23.0,31,10_60296002_60299097,5903,Psap,0.7419354838709677
852862,233,Brain_Non-Myeloid_oligodendrocyte_precursor_cell,549,293.0,465,10_60296002_60299097,5903,Psap,0.6301075268817204
852863,234,Brain_Non-Myeloid_oligodendrocyte_precursor_cell,549,92.0,181,10_60296002_60299097,5903,Psap,0.5082872928176796
852864,235,Brain_Non-Myeloid_oligodendrocyte_precursor_cell,549,258.0,814,10_60296002_60299097,5903,Psap,0.31695331695331697
852865,236,Brain_Non-Myeloid_oligodendrocyte_precursor_cell,549,24.0,273,10_60296002_60299097,5903,Psap,0.08791208791208792
852866,237,Brain_Non-Myeloid_oligodendrocyte_precursor_cell,549,33.0,207,10_60296002_60299097,5903,Psap,0.15942028985507245
852867,238,Brain_Non-Myeloid_oligodendrocyte_precursor_cell,549,72.0,175,10_60296002_60299097,5903,Psap,0.4114285714285714
852868,239,Brain_Non-Myeloid_oligodendrocyte_precursor_cell,549,28.0,718,10_60296002_60299097,5903,Psap,0.03899721448467967
852869,240,Brain_Non-Myeloid_oligodendrocyte_precursor_cell,549,129.0,143,10_60296002_60299097,5903,Psap,0.9020979020979021
852870,241,Brain_Non-Myeloid_oligodendrocyte_precursor_cell,549,91.0,143,10_60296002_60299097,5903,Psap,0.6363636363636364
852871,242,Brain_Non-Myeloid_oligodendrocyte_precursor_cell,549,389.0,650,10_60296002_60299097,5903,Psap,0.5984615384615385
852872,243,Brain_Non-Myeloid_oligodendrocyte_precursor_cell,549,7.0,16,10_60296002_60299097,5903,Psap,0.4375
852873,244,Brain_Non-Myeloid_oligodendrocyte_precursor_cell,549,19.0,40,10_60296002_60299097,5903,Psap,0.475
852874,245,Brain_Non-Myeloid_oligodendrocyte_precursor_cell,549,41.0,60,10_60296002_60299097,5903,Psap,0.6833333333333333
852875,246,Brain_Non-Myeloid_oligodendrocyte_precursor_cell,549,56.0,126,10_60296002_60299097,5903,Psap,0.4444444444444444
852876,247,Brain_Non-Myeloid_oligodendrocyte_precursor_cell,549,97.0,153,10_60296002_60299097,5903,Psap,0.6339869281045751
852877,248,Brain_Non-Myeloid_oligodendrocyte_precursor_cell,549,409.0,705,10_60296002_60299097,5903,Psap,0.5801418439716312
852878,249,Brain_Non-Myeloid_oligodendrocyte_precursor_cell,549,38.0,44,10_60296002_60299097,5903,Psap,0.8636363636363636
852879,250,Brain_Non-Myeloid_oligodendrocyte_precursor_cell,549,34.0,39,10_60296002_60299097,5903,Psap,0.8717948717948718
852880,251,Brain_Non-Myeloid_oligodendrocyte_precursor_cell,549,42.0,60,10_60296002_60299097,5903,Psap,0.7
852881,252,Brain_Non-Myeloid_oligodendrocyte_precursor_cell,549,12.0,34,10_60296002_60299097,5903,Psap,0.35294117647058826
852882,253,Brain_Non-Myeloid_oligodendrocyte_precursor_cell,549,75.0,152,10_60296002_60299097,5903,Psap,0.4934210526315789
852883,254,Brain_Non-Myeloid_oligodendrocyte_precursor_cell,549,35.0,283,10_60296002_60299097,5903,Psap,0.12367491166077739
852884,255,Brain_Non-Myeloid_oligodendrocyte_precursor_cell,549,82.0,186,10_60296002_60299097,5903,Psap,0.44086021505376344
852885,256,Brain_Non-Myeloid_oligodendrocyte_precursor_cell,549,64.0,155,10_60296002_60299097,5903,Psap,0.4129032258064516
852886,257,Brain_Non-Myeloid_oligodendrocyte_precursor_cell,549,130.0,257,10_60296002_60299097,5903,Psap,0.5058365758754864
852887,258,Brain_Non-Myeloid_oligodendrocyte_precursor_cell,549,326.0,422,10_60296002_60299097,5903,Psap,0.7725118483412322
852888,259,Brain_Non-Myeloid_oligodendrocyte_precursor_cell,549,74.0,89,10_60296002_60299097,5903,Psap,0.8314606741573034
852889,260,Brain_Non-Myeloid_oligodendrocyte_precursor_cell,549,482.0,656,10_60296002_60299097,5903,Psap,0.7347560975609756
852890,261,Brain_Non-Myeloid_oligodendrocyte_precursor_cell,549,64.0,159,10_60296002_60299097,5903,Psap,0.4025157232704403
852891,262,Brain_Non-Myeloid_oligodendrocyte_precursor_cell,549,156.0,477,10_60296002_60299097,5903,Psap,0.3270440251572327
852892,263,Brain_Non-Myeloid_oligodendrocyte_precursor_cell,549,4.0,5,10_60296002_60299097,5903,Psap,0.8
852893,264,Brain_Non-Myeloid_oligodendrocyte_precursor_cell,549,73.0,188,10_60296002_60299097,5903,Psap,0.3882978723404255
852894,265,Brain_Non-Myeloid_oligodendrocyte_precursor_cell,549,134.0,265,10_60296002_60299097,5903,Psap,0.5056603773584906
852895,266,Brain_Non-Myeloid_oligodendrocyte_precursor_cell,549,28.0,65,10_60296002_60299097,5903,Psap,0.4307692307692308
852896,267,Brain_Non-Myeloid_oligodendrocyte_precursor_cell,549,10.0,21,10_60296002_60299097,5903,Psap,0.47619047619047616
852897,268,Brain_Non-Myeloid_oligodendrocyte_precursor_cell,549,77.0,88,10_60296002_60299097,5903,Psap,0.875
852898,269,Brain_Non-Myeloid_oligodendrocyte_precursor_cell,549,41.0,96,10_60296002_60299097,5903,Psap,0.4270833333333333
852899,270,Brain_Non-Myeloid_oligodendrocyte_precursor_cell,549,8.0,220,10_60296002_60299097,5903,Psap,0.03636363636363636
852900,271,Brain_Non-Myeloid_oligodendrocyte_precursor_cell,549,281.0,715,10_60296002_60299097,5903,Psap,0.393006993006993
852901,272,Brain_Non-Myeloid_oligodendrocyte_precursor_cell,549,23.0,62,10_60296002_60299097,5903,Psap,0.3709677419354839
852902,273,Brain_Non-Myeloid_oligodendrocyte_precursor_cell,549,56.0,82,10_60296002_60299097,5903,Psap,0.6829268292682927
852903,274,Brain_Non-Myeloid_oligodendrocyte_precursor_cell,549,258.0,380,10_60296002_60299097,5903,Psap,0.6789473684210526
852904,275,Brain_Non-Myeloid_oligodendrocyte_precursor_cell,549,26.0,49,10_60296002_60299097,5903,Psap,0.5306122448979592
852905,276,Brain_Non-Myeloid_oligodendrocyte_precursor_cell,549,63.0,139,10_60296002_60299097,5903,Psap,0.45323741007194246
852906,277,Brain_Non-Myeloid_oligodendrocyte_precursor_cell,549,55.0,87,10_60296002_60299097,5903,Psap,0.632183908045977
852907,278,Brain_Non-Myeloid_oligodendrocyte_precursor_cell,549,14.0,19,10_60296002_60299097,5903,Psap,0.7368421052631579
852908,279,Brain_Non-Myeloid_oligodendrocyte_precursor_cell,549,57.0,208,10_60296002_60299097,5903,Psap,0.27403846153846156
852909,280,Brain_Non-Myeloid_oligodendrocyte_precursor_cell,549,48.0,178,10_60296002_60299097,5903,Psap,0.2696629213483146
852910,281,Brain_Non-Myeloid_oligodendrocyte_precursor_cell,549,12.0,33,10_60296002_60299097,5903,Psap,0.36363636363636365
852911,282,Brain_Non-Myeloid_oligodendrocyte_precursor_cell,549,40.0,145,10_60296002_60299097,5903,Psap,0.27586206896551724
852912,283,Brain_Non-Myeloid_oligodendrocyte_precursor_cell,549,15.0,42,10_60296002_60299097,5903,Psap,0.35714285714285715
852913,284,Brain_Non-Myeloid_oligodendrocyte_precursor_cell,549,82.0,136,10_60296002_60299097,5903,Psap,0.6029411764705882
852914,285,Brain_Non-Myeloid_oligodendrocyte_precursor_cell,549,298.0,657,10_60296002_60299097,5903,Psap,0.4535768645357686
852915,286,Brain_Non-Myeloid_oligodendrocyte_precursor_cell,549,49.0,49,10_60296002_60299097,5903,Psap,1.0
852916,287,Brain_Non-Myeloid_oligodendrocyte_precursor_cell,549,99.0,177,10_60296002_60299097,5903,Psap,0.559322033898305
852917,288,Brain_Non-Myeloid_oligodendrocyte_precursor_cell,549,91.0,414,10_60296002_60299097,5903,Psap,0.21980676328502416
852918,289,Brain_Non-Myeloid_oligodendrocyte_precursor_cell,549,47.0,104,10_60296002_60299097,5903,Psap,0.4519230769230769
852919,290,Brain_Non-Myeloid_oligodendrocyte_precursor_cell,549,87.0,341,10_60296002_60299097,5903,Psap,0.25513196480938416
852920,291,Brain_Non-Myeloid_oligodendrocyte_precursor_cell,549,127.0,277,10_60296002_60299097,5903,Psap,0.4584837545126354
852921,292,Brain_Non-Myeloid_oligodendrocyte_precursor_cell,549,355.0,605,10_60296002_60299097,5903,Psap,0.5867768595041323
852922,293,Brain_Non-Myeloid_oligodendrocyte_precursor_cell,549,129.0,455,10_60296002_60299097,5903,Psap,0.2835164835164835
852923,294,Brain_Non-Myeloid_oligodendrocyte_precursor_cell,549,4.0,27,10_60296002_60299097,5903,Psap,0.14814814814814814
852924,295,Brain_Non-Myeloid_oligodendrocyte_precursor_cell,549,104.0,392,10_60296002_60299097,5903,Psap,0.2653061224489796
852925,296,Brain_Non-Myeloid_oligodendrocyte_precursor_cell,549,2.0,119,10_60296002_60299097,5903,Psap,0.01680672268907563
852926,297,Brain_Non-Myeloid_oligodendrocyte_precursor_cell,549,31.0,102,10_60296002_60299097,5903,Psap,0.30392156862745096
852927,298,Brain_Non-Myeloid_oligodendrocyte_precursor_cell,549,98.0,340,10_60296002_60299097,5903,Psap,0.28823529411764703
852928,299,Brain_Non-Myeloid_oligodendrocyte_precursor_cell,549,270.0,340,10_60296002_60299097,5903,Psap,0.7941176470588235
852929,300,Brain_Non-Myeloid_oligodendrocyte_precursor_cell,549,53.0,402,10_60296002_60299097,5903,Psap,0.1318407960199005
852930,301,Brain_Non-Myeloid_oligodendrocyte_precursor_cell,549,16.0,41,10_60296002_60299097,5903,Psap,0.3902439024390244
852931,302,Brain_Non-Myeloid_oligodendrocyte_precursor_cell,549,35.0,52,10_60296002_60299097,5903,Psap,0.6730769230769231
852932,303,Brain_Non-Myeloid_oligodendrocyte_precursor_cell,549,106.0,175,10_60296002_60299097,5903,Psap,0.6057142857142858
852933,304,Brain_Non-Myeloid_oligodendrocyte_precursor_cell,549,48.0,48,10_60296002_60299097,5903,Psap,1.0
852934,305,Brain_Non-Myeloid_oligodendrocyte_precursor_cell,549,729.0,1528,10_60296002_60299097,5903,Psap,0.47709424083769636
852935,306,Brain_Non-Myeloid_oligodendrocyte_precursor_cell,549,9.0,33,10_60296002_60299097,5903,Psap,0.2727272727272727
852936,307,Brain_Non-Myeloid_oligodendrocyte_precursor_cell,549,28.0,59,10_60296002_60299097,5903,Psap,0.4745762711864407
852937,308,Brain_Non-Myeloid_oligodendrocyte_precursor_cell,549,57.0,105,10_60296002_60299097,5903,Psap,0.5428571428571428
852938,309,Brain_Non-Myeloid_oligodendrocyte_precursor_cell,549,35.0,52,10_60296002_60299097,5903,Psap,0.6730769230769231
852939,310,Brain_Non-Myeloid_oligodendrocyte_precursor_cell,549,66.0,74,10_60296002_60299097,5903,Psap,0.8918918918918919
852940,311,Brain_Non-Myeloid_oligodendrocyte_precursor_cell,549,8.0,65,10_60296002_60299097,5903,Psap,0.12307692307692308
852941,312,Brain_Non-Myeloid_oligodendrocyte_precursor_cell,549,288.0,378,10_60296002_60299097,5903,Psap,0.7619047619047619
852942,313,Brain_Non-Myeloid_oligodendrocyte_precursor_cell,549,36.0,149,10_60296002_60299097,5903,Psap,0.24161073825503357
852943,314,Brain_Non-Myeloid_oligodendrocyte_precursor_cell,549,678.0,1320,10_60296002_60299097,5903,Psap,0.5136363636363637
852944,315,Brain_Non-Myeloid_oligodendrocyte_precursor_cell,549,1733.0,2361,10_60296002_60299097,5903,Psap,0.734011012282931
852945,316,Brain_Non-Myeloid_oligodendrocyte_precursor_cell,549,47.0,85,10_60296002_60299097,5903,Psap,0.5529411764705883
852946,317,Brain_Non-Myeloid_oligodendrocyte_precursor_cell,549,19.0,62,10_60296002_60299097,5903,Psap,0.3064516129032258
852947,318,Brain_Non-Myeloid_oligodendrocyte_precursor_cell,549,66.0,271,10_60296002_60299097,5903,Psap,0.24354243542435425
852948,319,Brain_Non-Myeloid_oligodendrocyte_precursor_cell,549,65.0,217,10_60296002_60299097,5903,Psap,0.2995391705069124
852949,320,Brain_Non-Myeloid_oligodendrocyte_precursor_cell,549,40.0,267,10_60296002_60299097,5903,Psap,0.149812734082397
852950,321,Brain_Non-Myeloid_oligodendrocyte_precursor_cell,549,5.0,167,10_60296002_60299097,5903,Psap,0.029940119760479042
852951,322,Brain_Non-Myeloid_oligodendrocyte_precursor_cell,549,68.0,124,10_60296002_60299097,5903,Psap,0.5483870967741935
852952,323,Brain_Non-Myeloid_oligodendrocyte_precursor_cell,549,14.0,37,10_60296002_60299097,5903,Psap,0.3783783783783784
852953,324,Brain_Non-Myeloid_oligodendrocyte_precursor_cell,549,7.0,32,10_60296002_60299097,5903,Psap,0.21875
852954,325,Brain_Non-Myeloid_oligodendrocyte_precursor_cell,549,75.0,105,10_60296002_60299097,5903,Psap,0.7142857142857143
852955,326,Brain_Non-Myeloid_oligodendrocyte_precursor_cell,549,115.0,185,10_60296002_60299097,5903,Psap,0.6216216216216216
852956,327,Brain_Non-Myeloid_oligodendrocyte_precursor_cell,549,79.0,320,10_60296002_60299097,5903,Psap,0.246875
852957,328,Brain_Non-Myeloid_oligodendrocyte_precursor_cell,549,247.0,445,10_60296002_60299097,5903,Psap,0.5550561797752809
852958,329,Brain_Non-Myeloid_oligodendrocyte_precursor_cell,549,45.0,119,10_60296002_60299097,5903,Psap,0.37815126050420167
852959,330,Brain_Non-Myeloid_oligodendrocyte_precursor_cell,549,31.0,81,10_60296002_60299097,5903,Psap,0.38271604938271603
852960,331,Brain_Non-Myeloid_oligodendrocyte_precursor_cell,549,13.0,85,10_60296002_60299097,5903,Psap,0.15294117647058825
852961,332,Brain_Non-Myeloid_oligodendrocyte_precursor_cell,549,30.0,139,10_60296002_60299097,5903,Psap,0.2158273381294964
852962,333,Brain_Non-Myeloid_oligodendrocyte_precursor_cell,549,29.0,80,10_60296002_60299097,5903,Psap,0.3625
852963,334,Brain_Non-Myeloid_oligodendrocyte_precursor_cell,549,205.0,694,10_60296002_60299097,5903,Psap,0.2953890489913545
852964,335,Brain_Non-Myeloid_oligodendrocyte_precursor_cell,549,59.0,200,10_60296002_60299097,5903,Psap,0.295
852965,336,Brain_Non-Myeloid_oligodendrocyte_precursor_cell,549,113.0,345,10_60296002_60299097,5903,Psap,0.32753623188405795
852966,337,Brain_Non-Myeloid_oligodendrocyte_precursor_cell,549,53.0,120,10_60296002_60299097,5903,Psap,0.44166666666666665
852967,338,Brain_Non-Myeloid_oligodendrocyte_precursor_cell,549,36.0,83,10_60296002_60299097,5903,Psap,0.43373493975903615
852968,339,Brain_Non-Myeloid_oligodendrocyte_precursor_cell,549,1.0,39,10_60296002_60299097,5903,Psap,0.02564102564102564
852969,340,Brain_Non-Myeloid_oligodendrocyte_precursor_cell,549,63.0,86,10_60296002_60299097,5903,Psap,0.7325581395348837
852970,341,Brain_Non-Myeloid_oligodendrocyte_precursor_cell,549,54.0,70,10_60296002_60299097,5903,Psap,0.7714285714285715
852971,342,Brain_Non-Myeloid_oligodendrocyte_precursor_cell,549,36.0,77,10_60296002_60299097,5903,Psap,0.4675324675324675
852972,343,Brain_Non-Myeloid_oligodendrocyte_precursor_cell,549,31.0,92,10_60296002_60299097,5903,Psap,0.33695652173913043
852973,344,Brain_Non-Myeloid_oligodendrocyte_precursor_cell,549,15.0,50,10_60296002_60299097,5903,Psap,0.3
852974,345,Brain_Non-Myeloid_oligodendrocyte_precursor_cell,549,22.0,50,10_60296002_60299097,5903,Psap,0.44
852975,346,Brain_Non-Myeloid_oligodendrocyte_precursor_cell,549,23.0,67,10_60296002_60299097,5903,Psap,0.34328358208955223
852976,347,Brain_Non-Myeloid_oligodendrocyte_precursor_cell,549,22.0,28,10_60296002_60299097,5903,Psap,0.7857142857142857
852977,348,Brain_Non-Myeloid_oligodendrocyte_precursor_cell,549,44.0,109,10_60296002_60299097,5903,Psap,0.4036697247706422
852978,349,Brain_Non-Myeloid_oligodendrocyte_precursor_cell,549,37.0,82,10_60296002_60299097,5903,Psap,0.45121951219512196
852979,350,Brain_Non-Myeloid_oligodendrocyte_precursor_cell,549,283.0,325,10_60296002_60299097,5903,Psap,0.8707692307692307
852980,351,Brain_Non-Myeloid_oligodendrocyte_precursor_cell,549,12.0,20,10_60296002_60299097,5903,Psap,0.6
852981,352,Brain_Non-Myeloid_oligodendrocyte_precursor_cell,549,15.0,27,10_60296002_60299097,5903,Psap,0.5555555555555556
852982,353,Brain_Non-Myeloid_oligodendrocyte_precursor_cell,549,125.0,223,10_60296002_60299097,5903,Psap,0.5605381165919282
852983,354,Brain_Non-Myeloid_oligodendrocyte_precursor_cell,549,47.0,86,10_60296002_60299097,5903,Psap,0.5465116279069767
852984,355,Brain_Non-Myeloid_oligodendrocyte_precursor_cell,549,17.0,20,10_60296002_60299097,5903,Psap,0.85
852985,356,Brain_Non-Myeloid_oligodendrocyte_precursor_cell,549,9.0,93,10_60296002_60299097,5903,Psap,0.0967741935483871
852986,357,Brain_Non-Myeloid_oligodendrocyte_precursor_cell,549,16.0,30,10_60296002_60299097,5903,Psap,0.5333333333333333
852987,358,Brain_Non-Myeloid_oligodendrocyte_precursor_cell,549,9.0,27,10_60296002_60299097,5903,Psap,0.3333333333333333
852988,359,Brain_Non-Myeloid_endothelial_cell,549,19.0,19,10_60296002_60299097,5903,Psap,1.0
852989,360,Brain_Non-Myeloid_endothelial_cell,549,1.0,1,10_60296002_60299097,5903,Psap,1.0
852990,361,Brain_Non-Myeloid_endothelial_cell,549,13.0,13,10_60296002_60299097,5903,Psap,1.0
852991,362,Brain_Non-Myeloid_endothelial_cell,549,2.0,2,10_60296002_60299097,5903,Psap,1.0
852992,363,Brain_Non-Myeloid_endothelial_cell,549,9.0,9,10_60296002_60299097,5903,Psap,1.0
852993,364,Brain_Non-Myeloid_endothelial_cell,549,3.0,3,10_60296002_60299097,5903,Psap,1.0
852994,367,Brain_Non-Myeloid_endothelial_cell,549,28.0,28,10_60296002_60299097,5903,Psap,1.0
852995,368,Brain_Non-Myeloid_endothelial_cell,549,5.0,5,10_60296002_60299097,5903,Psap,1.0
852996,369,Brain_Non-Myeloid_endothelial_cell,549,164.0,164,10_60296002_60299097,5903,Psap,1.0
852997,370,Brain_Non-Myeloid_endothelial_cell,549,21.0,21,10_60296002_60299097,5903,Psap,1.0
852998,371,Brain_Non-Myeloid_endothelial_cell,549,3.0,3,10_60296002_60299097,5903,Psap,1.0
852999,372,Brain_Non-Myeloid_endothelial_cell,549,38.0,38,10_60296002_60299097,5903,Psap,1.0
853000,373,Brain_Non-Myeloid_endothelial_cell,549,22.0,22,10_60296002_60299097,5903,Psap,1.0
853001,374,Brain_Non-Myeloid_endothelial_cell,549,123.0,123,10_60296002_60299097,5903,Psap,1.0
853002,375,Brain_Non-Myeloid_endothelial_cell,549,86.0,86,10_60296002_60299097,5903,Psap,1.0
853003,376,Brain_Non-Myeloid_endothelial_cell,549,28.0,28,10_60296002_60299097,5903,Psap,1.0
853004,377,Brain_Non-Myeloid_endothelial_cell,549,52.0,52,10_60296002_60299097,5903,Psap,1.0
853005,379,Brain_Non-Myeloid_endothelial_cell,549,53.0,53,10_60296002_60299097,5903,Psap,1.0
853006,381,Brain_Non-Myeloid_endothelial_cell,549,6.0,6,10_60296002_60299097,5903,Psap,1.0
853007,382,Brain_Non-Myeloid_endothelial_cell,549,56.0,56,10_60296002_60299097,5903,Psap,1.0
853008,383,Brain_Non-Myeloid_endothelial_cell,549,1.0,1,10_60296002_60299097,5903,Psap,1.0
853009,384,Brain_Non-Myeloid_endothelial_cell,549,168.0,168,10_60296002_60299097,5903,Psap,1.0
853010,385,Brain_Non-Myeloid_endothelial_cell,549,26.0,26,10_60296002_60299097,5903,Psap,1.0
853011,386,Brain_Non-Myeloid_endothelial_cell,549,265.0,265,10_60296002_60299097,5903,Psap,1.0
853012,388,Brain_Non-Myeloid_endothelial_cell,549,308.0,308,10_60296002_60299097,5903,Psap,1.0
853013,389,Brain_Non-Myeloid_endothelial_cell,549,18.0,18,10_60296002_60299097,5903,Psap,1.0
853014,390,Brain_Non-Myeloid_endothelial_cell,549,259.0,259,10_60296002_60299097,5903,Psap,1.0
853015,392,Brain_Non-Myeloid_endothelial_cell,549,91.0,91,10_60296002_60299097,5903,Psap,1.0
853016,393,Brain_Non-Myeloid_endothelial_cell,549,30.0,30,10_60296002_60299097,5903,Psap,1.0
853017,394,Brain_Non-Myeloid_endothelial_cell,549,19.0,19,10_60296002_60299097,5903,Psap,1.0
853018,395,Brain_Non-Myeloid_endothelial_cell,549,108.0,108,10_60296002_60299097,5903,Psap,1.0
853019,396,Brain_Non-Myeloid_endothelial_cell,549,41.0,41,10_60296002_60299097,5903,Psap,1.0
853020,397,Brain_Non-Myeloid_endothelial_cell,549,88.0,88,10_60296002_60299097,5903,Psap,1.0
853021,398,Brain_Non-Myeloid_endothelial_cell,549,111.0,111,10_60296002_60299097,5903,Psap,1.0
853022,399,Brain_Non-Myeloid_endothelial_cell,549,217.0,217,10_60296002_60299097,5903,Psap,1.0
853023,400,Brain_Non-Myeloid_endothelial_cell,549,178.0,178,10_60296002_60299097,5903,Psap,1.0
853024,401,Brain_Non-Myeloid_endothelial_cell,549,210.0,210,10_60296002_60299097,5903,Psap,1.0
853025,402,Brain_Non-Myeloid_endothelial_cell,549,60.0,60,10_60296002_60299097,5903,Psap,1.0
853026,403,Brain_Non-Myeloid_endothelial_cell,549,46.0,46,10_60296002_60299097,5903,Psap,1.0
853027,404,Brain_Non-Myeloid_endothelial_cell,549,229.0,229,10_60296002_60299097,5903,Psap,1.0
853028,405,Brain_Non-Myeloid_endothelial_cell,549,672.0,672,10_60296002_60299097,5903,Psap,1.0
853029,406,Brain_Non-Myeloid_endothelial_cell,549,26.0,26,10_60296002_60299097,5903,Psap,1.0
853030,407,Brain_Non-Myeloid_endothelial_cell,549,21.0,21,10_60296002_60299097,5903,Psap,1.0
853031,408,Brain_Non-Myeloid_endothelial_cell,549,10.0,10,10_60296002_60299097,5903,Psap,1.0
853032,409,Brain_Non-Myeloid_endothelial_cell,549,7.0,7,10_60296002_60299097,5903,Psap,1.0
853033,410,Brain_Non-Myeloid_endothelial_cell,549,18.0,18,10_60296002_60299097,5903,Psap,1.0
853034,411,Brain_Non-Myeloid_endothelial_cell,549,1.0,1,10_60296002_60299097,5903,Psap,1.0
853035,412,Brain_Non-Myeloid_endothelial_cell,549,44.0,44,10_60296002_60299097,5903,Psap,1.0
853036,413,Brain_Non-Myeloid_endothelial_cell,549,38.0,38,10_60296002_60299097,5903,Psap,1.0
853037,414,Brain_Non-Myeloid_endothelial_cell,549,6.0,6,10_60296002_60299097,5903,Psap,1.0
853038,415,Brain_Non-Myeloid_endothelial_cell,549,1.0,1,10_60296002_60299097,5903,Psap,1.0
853039,417,Brain_Non-Myeloid_endothelial_cell,549,32.0,32,10_60296002_60299097,5903,Psap,1.0
853040,418,Brain_Non-Myeloid_endothelial_cell,549,45.0,45,10_60296002_60299097,5903,Psap,1.0
853041,420,Brain_Non-Myeloid_endothelial_cell,549,252.0,252,10_60296002_60299097,5903,Psap,1.0
853042,422,Brain_Non-Myeloid_endothelial_cell,549,121.0,121,10_60296002_60299097,5903,Psap,1.0
853043,424,Brain_Non-Myeloid_endothelial_cell,549,27.0,27,10_60296002_60299097,5903,Psap,1.0
853044,427,Brain_Non-Myeloid_endothelial_cell,549,1.0,1,10_60296002_60299097,5903,Psap,1.0
853045,428,Brain_Non-Myeloid_endothelial_cell,549,70.0,70,10_60296002_60299097,5903,Psap,1.0
853046,429,Brain_Non-Myeloid_endothelial_cell,549,50.0,50,10_60296002_60299097,5903,Psap,1.0
853047,431,Brain_Non-Myeloid_endothelial_cell,549,1.0,1,10_60296002_60299097,5903,Psap,1.0
853048,432,Brain_Non-Myeloid_endothelial_cell,549,47.0,47,10_60296002_60299097,5903,Psap,1.0
853049,433,Brain_Non-Myeloid_endothelial_cell,549,15.0,15,10_60296002_60299097,5903,Psap,1.0
853050,434,Brain_Non-Myeloid_endothelial_cell,549,9.0,9,10_60296002_60299097,5903,Psap,1.0
853051,437,Brain_Non-Myeloid_endothelial_cell,549,43.0,43,10_60296002_60299097,5903,Psap,1.0
853052,438,Brain_Non-Myeloid_endothelial_cell,549,216.0,216,10_60296002_60299097,5903,Psap,1.0
853053,439,Brain_Non-Myeloid_endothelial_cell,549,19.0,19,10_60296002_60299097,5903,Psap,1.0
853054,440,Brain_Non-Myeloid_endothelial_cell,549,74.0,74,10_60296002_60299097,5903,Psap,1.0
853055,441,Brain_Non-Myeloid_endothelial_cell,549,27.0,27,10_60296002_60299097,5903,Psap,1.0
853056,444,Brain_Non-Myeloid_endothelial_cell,549,4.0,4,10_60296002_60299097,5903,Psap,1.0
853057,445,Brain_Non-Myeloid_endothelial_cell,549,12.0,12,10_60296002_60299097,5903,Psap,1.0
853058,447,Brain_Non-Myeloid_endothelial_cell,549,69.0,69,10_60296002_60299097,5903,Psap,1.0
853059,448,Brain_Non-Myeloid_endothelial_cell,549,57.0,57,10_60296002_60299097,5903,Psap,1.0
853060,449,Brain_Non-Myeloid_endothelial_cell,549,60.0,60,10_60296002_60299097,5903,Psap,1.0
853061,450,Brain_Non-Myeloid_endothelial_cell,549,45.0,45,10_60296002_60299097,5903,Psap,1.0
853062,451,Brain_Non-Myeloid_endothelial_cell,549,22.0,22,10_60296002_60299097,5903,Psap,1.0
853063,452,Brain_Non-Myeloid_endothelial_cell,549,42.0,42,10_60296002_60299097,5903,Psap,1.0
853064,453,Brain_Non-Myeloid_endothelial_cell,549,47.0,47,10_60296002_60299097,5903,Psap,1.0
853065,455,Brain_Non-Myeloid_endothelial_cell,549,91.0,91,10_60296002_60299097,5903,Psap,1.0
853066,456,Brain_Non-Myeloid_endothelial_cell,549,43.0,43,10_60296002_60299097,5903,Psap,1.0
853067,457,Brain_Non-Myeloid_endothelial_cell,549,19.0,19,10_60296002_60299097,5903,Psap,1.0
853068,458,Brain_Non-Myeloid_endothelial_cell,549,33.0,33,10_60296002_60299097,5903,Psap,1.0
853069,459,Brain_Non-Myeloid_endothelial_cell,549,523.0,523,10_60296002_60299097,5903,Psap,1.0
853070,460,Brain_Non-Myeloid_endothelial_cell,549,164.0,164,10_60296002_60299097,5903,Psap,1.0
853071,461,Brain_Non-Myeloid_endothelial_cell,549,147.0,147,10_60296002_60299097,5903,Psap,1.0
853072,462,Brain_Non-Myeloid_endothelial_cell,549,48.0,48,10_60296002_60299097,5903,Psap,1.0
853073,463,Brain_Non-Myeloid_endothelial_cell,549,26.0,26,10_60296002_60299097,5903,Psap,1.0
853074,464,Brain_Non-Myeloid_endothelial_cell,549,10.0,10,10_60296002_60299097,5903,Psap,1.0
853075,466,Brain_Non-Myeloid_endothelial_cell,549,1.0,1,10_60296002_60299097,5903,Psap,1.0
853076,467,Brain_Non-Myeloid_endothelial_cell,549,103.0,103,10_60296002_60299097,5903,Psap,1.0
853077,468,Brain_Non-Myeloid_endothelial_cell,549,88.0,88,10_60296002_60299097,5903,Psap,1.0
853078,469,Brain_Non-Myeloid_endothelial_cell,549,175.0,175,10_60296002_60299097,5903,Psap,1.0
853079,470,Brain_Non-Myeloid_endothelial_cell,549,30.0,30,10_60296002_60299097,5903,Psap,1.0
853080,471,Brain_Non-Myeloid_endothelial_cell,549,53.0,53,10_60296002_60299097,5903,Psap,1.0
853081,473,Brain_Non-Myeloid_endothelial_cell,549,81.0,81,10_60296002_60299097,5903,Psap,1.0
853082,474,Brain_Non-Myeloid_endothelial_cell,549,334.0,334,10_60296002_60299097,5903,Psap,1.0
853083,475,Brain_Non-Myeloid_endothelial_cell,549,59.0,59,10_60296002_60299097,5903,Psap,1.0
853084,476,Brain_Non-Myeloid_endothelial_cell,549,12.0,12,10_60296002_60299097,5903,Psap,1.0
853085,477,Brain_Non-Myeloid_endothelial_cell,549,17.0,17,10_60296002_60299097,5903,Psap,1.0
853086,478,Brain_Non-Myeloid_endothelial_cell,549,140.0,140,10_60296002_60299097,5903,Psap,1.0
853087,479,Brain_Non-Myeloid_endothelial_cell,549,27.0,27,10_60296002_60299097,5903,Psap,1.0
853088,481,Brain_Non-Myeloid_endothelial_cell,549,60.0,60,10_60296002_60299097,5903,Psap,1.0
853089,484,Brain_Non-Myeloid_endothelial_cell,549,10.0,10,10_60296002_60299097,5903,Psap,1.0
853090,485,Brain_Non-Myeloid_endothelial_cell,549,35.0,35,10_60296002_60299097,5903,Psap,1.0
853091,487,Brain_Non-Myeloid_endothelial_cell,549,1.0,1,10_60296002_60299097,5903,Psap,1.0
853092,489,Brain_Non-Myeloid_endothelial_cell,549,17.0,17,10_60296002_60299097,5903,Psap,1.0
853093,492,Brain_Non-Myeloid_endothelial_cell,549,121.0,121,10_60296002_60299097,5903,Psap,1.0
853094,493,Brain_Non-Myeloid_endothelial_cell,549,74.0,74,10_60296002_60299097,5903,Psap,1.0
853095,494,Brain_Non-Myeloid_endothelial_cell,549,71.0,71,10_60296002_60299097,5903,Psap,1.0
853096,496,Brain_Non-Myeloid_endothelial_cell,549,482.0,482,10_60296002_60299097,5903,Psap,1.0
853097,498,Brain_Non-Myeloid_endothelial_cell,549,88.0,88,10_60296002_60299097,5903,Psap,1.0
853098,499,Brain_Non-Myeloid_endothelial_cell,549,3.0,3,10_60296002_60299097,5903,Psap,1.0
853099,501,Brain_Non-Myeloid_endothelial_cell,549,146.0,146,10_60296002_60299097,5903,Psap,1.0
853100,504,Brain_Non-Myeloid_endothelial_cell,549,202.0,202,10_60296002_60299097,5903,Psap,1.0
853101,506,Brain_Non-Myeloid_endothelial_cell,549,10.0,10,10_60296002_60299097,5903,Psap,1.0
853102,510,Brain_Non-Myeloid_endothelial_cell,549,149.0,149,10_60296002_60299097,5903,Psap,1.0
853103,512,Brain_Non-Myeloid_endothelial_cell,549,131.0,131,10_60296002_60299097,5903,Psap,1.0
853104,513,Brain_Non-Myeloid_endothelial_cell,549,55.0,55,10_60296002_60299097,5903,Psap,1.0
853105,514,Brain_Non-Myeloid_endothelial_cell,549,30.0,30,10_60296002_60299097,5903,Psap,1.0
853106,515,Brain_Non-Myeloid_endothelial_cell,549,45.0,45,10_60296002_60299097,5903,Psap,1.0
853107,516,Brain_Non-Myeloid_endothelial_cell,549,23.0,23,10_60296002_60299097,5903,Psap,1.0
853108,517,Brain_Non-Myeloid_endothelial_cell,549,8.0,8,10_60296002_60299097,5903,Psap,1.0
853109,518,Brain_Non-Myeloid_endothelial_cell,549,56.0,56,10_60296002_60299097,5903,Psap,1.0
853110,519,Brain_Non-Myeloid_endothelial_cell,549,50.0,50,10_60296002_60299097,5903,Psap,1.0
853111,520,Brain_Non-Myeloid_endothelial_cell,549,35.0,35,10_60296002_60299097,5903,Psap,1.0
853112,521,Brain_Non-Myeloid_endothelial_cell,549,55.0,55,10_60296002_60299097,5903,Psap,1.0
853113,522,Brain_Non-Myeloid_endothelial_cell,549,5.0,5,10_60296002_60299097,5903,Psap,1.0
853114,523,Brain_Non-Myeloid_endothelial_cell,549,25.0,25,10_60296002_60299097,5903,Psap,1.0
853115,524,Brain_Non-Myeloid_endothelial_cell,549,83.0,83,10_60296002_60299097,5903,Psap,1.0
853116,525,Brain_Non-Myeloid_endothelial_cell,549,40.0,40,10_60296002_60299097,5903,Psap,1.0
853117,526,Brain_Non-Myeloid_endothelial_cell,549,365.0,365,10_60296002_60299097,5903,Psap,1.0
853118,527,Brain_Non-Myeloid_endothelial_cell,549,181.0,181,10_60296002_60299097,5903,Psap,1.0
853119,528,Brain_Non-Myeloid_endothelial_cell,549,35.0,35,10_60296002_60299097,5903,Psap,1.0
853120,529,Brain_Non-Myeloid_endothelial_cell,549,288.0,288,10_60296002_60299097,5903,Psap,1.0
853121,530,Brain_Non-Myeloid_endothelial_cell,549,11.0,11,10_60296002_60299097,5903,Psap,1.0
853122,531,Brain_Non-Myeloid_endothelial_cell,549,26.0,26,10_60296002_60299097,5903,Psap,1.0
853123,532,Brain_Non-Myeloid_endothelial_cell,549,343.0,343,10_60296002_60299097,5903,Psap,1.0
853124,534,Brain_Non-Myeloid_endothelial_cell,549,2.0,2,10_60296002_60299097,5903,Psap,1.0
853125,535,Brain_Non-Myeloid_endothelial_cell,549,15.0,15,10_60296002_60299097,5903,Psap,1.0
853126,536,Brain_Non-Myeloid_endothelial_cell,549,2.0,2,10_60296002_60299097,5903,Psap,1.0
853127,537,Brain_Non-Myeloid_endothelial_cell,549,66.0,66,10_60296002_60299097,5903,Psap,1.0
853128,538,Brain_Non-Myeloid_endothelial_cell,549,79.0,79,10_60296002_60299097,5903,Psap,1.0
853129,539,Brain_Non-Myeloid_endothelial_cell,549,59.0,59,10_60296002_60299097,5903,Psap,1.0
853130,540,Brain_Non-Myeloid_endothelial_cell,549,32.0,32,10_60296002_60299097,5903,Psap,1.0
853131,541,Brain_Non-Myeloid_endothelial_cell,549,22.0,22,10_60296002_60299097,5903,Psap,1.0
853132,542,Brain_Non-Myeloid_endothelial_cell,549,39.0,39,10_60296002_60299097,5903,Psap,1.0
853133,544,Brain_Non-Myeloid_endothelial_cell,549,104.0,104,10_60296002_60299097,5903,Psap,1.0
853134,546,Brain_Non-Myeloid_endothelial_cell,549,2.0,2,10_60296002_60299097,5903,Psap,1.0
853135,547,Brain_Non-Myeloid_endothelial_cell,549,105.0,105,10_60296002_60299097,5903,Psap,1.0
853136,549,Brain_Non-Myeloid_endothelial_cell,549,13.0,13,10_60296002_60299097,5903,Psap,1.0
853137,550,Brain_Non-Myeloid_endothelial_cell,549,7.0,7,10_60296002_60299097,5903,Psap,1.0
853138,554,Brain_Non-Myeloid_endothelial_cell,549,26.0,26,10_60296002_60299097,5903,Psap,1.0
853139,556,Brain_Non-Myeloid_endothelial_cell,549,36.0,36,10_60296002_60299097,5903,Psap,1.0
853140,557,Brain_Non-Myeloid_endothelial_cell,549,2.0,2,10_60296002_60299097,5903,Psap,1.0
853141,558,Brain_Non-Myeloid_endothelial_cell,549,211.0,211,10_60296002_60299097,5903,Psap,1.0
853142,559,Brain_Non-Myeloid_endothelial_cell,549,12.0,12,10_60296002_60299097,5903,Psap,1.0
853143,560,Brain_Non-Myeloid_endothelial_cell,549,105.0,105,10_60296002_60299097,5903,Psap,1.0
853144,562,Brain_Non-Myeloid_endothelial_cell,549,171.0,171,10_60296002_60299097,5903,Psap,1.0
853145,564,Brain_Non-Myeloid_endothelial_cell,549,15.0,15,10_60296002_60299097,5903,Psap,1.0
853146,565,Brain_Non-Myeloid_endothelial_cell,549,76.0,76,10_60296002_60299097,5903,Psap,1.0
853147,566,Brain_Non-Myeloid_endothelial_cell,549,30.0,30,10_60296002_60299097,5903,Psap,1.0
853148,567,Brain_Non-Myeloid_endothelial_cell,549,15.0,15,10_60296002_60299097,5903,Psap,1.0
853149,568,Brain_Non-Myeloid_endothelial_cell,549,280.0,280,10_60296002_60299097,5903,Psap,1.0
853150,569,Brain_Non-Myeloid_endothelial_cell,549,39.0,39,10_60296002_60299097,5903,Psap,1.0
853151,570,Brain_Non-Myeloid_endothelial_cell,549,59.0,59,10_60296002_60299097,5903,Psap,1.0
853152,572,Brain_Non-Myeloid_endothelial_cell,549,78.0,78,10_60296002_60299097,5903,Psap,1.0
853153,573,Brain_Non-Myeloid_endothelial_cell,549,5.0,5,10_60296002_60299097,5903,Psap,1.0
853154,574,Brain_Non-Myeloid_endothelial_cell,549,29.0,29,10_60296002_60299097,5903,Psap,1.0
853155,575,Brain_Non-Myeloid_endothelial_cell,549,77.0,77,10_60296002_60299097,5903,Psap,1.0
853156,576,Brain_Non-Myeloid_endothelial_cell,549,30.0,30,10_60296002_60299097,5903,Psap,1.0
853157,577,Brain_Non-Myeloid_endothelial_cell,549,5.0,5,10_60296002_60299097,5903,Psap,1.0
853158,578,Brain_Non-Myeloid_endothelial_cell,549,213.0,213,10_60296002_60299097,5903,Psap,1.0
853159,579,Brain_Non-Myeloid_endothelial_cell,549,247.0,247,10_60296002_60299097,5903,Psap,1.0
853160,580,Brain_Non-Myeloid_endothelial_cell,549,102.0,102,10_60296002_60299097,5903,Psap,1.0
853161,581,Brain_Non-Myeloid_endothelial_cell,549,286.0,286,10_60296002_60299097,5903,Psap,1.0
853162,582,Brain_Non-Myeloid_endothelial_cell,549,124.0,124,10_60296002_60299097,5903,Psap,1.0
853163,583,Brain_Non-Myeloid_endothelial_cell,549,97.0,97,10_60296002_60299097,5903,Psap,1.0
853164,584,Brain_Non-Myeloid_endothelial_cell,549,7.0,7,10_60296002_60299097,5903,Psap,1.0
853165,585,Brain_Non-Myeloid_endothelial_cell,549,122.0,122,10_60296002_60299097,5903,Psap,1.0
853166,586,Brain_Non-Myeloid_endothelial_cell,549,307.0,307,10_60296002_60299097,5903,Psap,1.0
853167,587,Brain_Non-Myeloid_endothelial_cell,549,12.0,12,10_60296002_60299097,5903,Psap,1.0
853168,589,Brain_Non-Myeloid_endothelial_cell,549,10.0,10,10_60296002_60299097,5903,Psap,1.0
853169,590,Brain_Non-Myeloid_endothelial_cell,549,34.0,34,10_60296002_60299097,5903,Psap,1.0
853170,591,Brain_Non-Myeloid_endothelial_cell,549,181.0,181,10_60296002_60299097,5903,Psap,1.0
853171,592,Brain_Non-Myeloid_endothelial_cell,549,165.0,165,10_60296002_60299097,5903,Psap,1.0
853172,593,Brain_Non-Myeloid_endothelial_cell,549,13.0,13,10_60296002_60299097,5903,Psap,1.0
853173,594,Brain_Non-Myeloid_endothelial_cell,549,11.0,11,10_60296002_60299097,5903,Psap,1.0
853174,596,Brain_Non-Myeloid_endothelial_cell,549,3.0,3,10_60296002_60299097,5903,Psap,1.0
853175,597,Brain_Non-Myeloid_endothelial_cell,549,30.0,30,10_60296002_60299097,5903,Psap,1.0
853176,598,Brain_Non-Myeloid_endothelial_cell,549,10.0,10,10_60296002_60299097,5903,Psap,1.0
853177,600,Brain_Non-Myeloid_endothelial_cell,549,98.0,98,10_60296002_60299097,5903,Psap,1.0
853178,601,Brain_Non-Myeloid_endothelial_cell,549,39.0,39,10_60296002_60299097,5903,Psap,1.0
853179,603,Brain_Non-Myeloid_endothelial_cell,549,291.0,291,10_60296002_60299097,5903,Psap,1.0
853180,604,Brain_Non-Myeloid_endothelial_cell,549,22.0,22,10_60296002_60299097,5903,Psap,1.0
853181,605,Brain_Non-Myeloid_endothelial_cell,549,533.0,533,10_60296002_60299097,5903,Psap,1.0
853182,606,Brain_Non-Myeloid_endothelial_cell,549,10.0,10,10_60296002_60299097,5903,Psap,1.0
853183,607,Brain_Non-Myeloid_endothelial_cell,549,5.0,5,10_60296002_60299097,5903,Psap,1.0
853184,608,Brain_Non-Myeloid_endothelial_cell,549,59.0,59,10_60296002_60299097,5903,Psap,1.0
853185,609,Brain_Non-Myeloid_endothelial_cell,549,606.0,606,10_60296002_60299097,5903,Psap,1.0
853186,610,Brain_Non-Myeloid_endothelial_cell,549,4.0,4,10_60296002_60299097,5903,Psap,1.0
853187,611,Brain_Non-Myeloid_endothelial_cell,549,29.0,29,10_60296002_60299097,5903,Psap,1.0
853188,612,Brain_Non-Myeloid_endothelial_cell,549,2.0,2,10_60296002_60299097,5903,Psap,1.0
853189,615,Brain_Non-Myeloid_endothelial_cell,549,126.0,126,10_60296002_60299097,5903,Psap,1.0
853190,616,Brain_Non-Myeloid_endothelial_cell,549,36.0,36,10_60296002_60299097,5903,Psap,1.0
853191,617,Brain_Non-Myeloid_endothelial_cell,549,127.0,127,10_60296002_60299097,5903,Psap,1.0
853192,619,Brain_Non-Myeloid_endothelial_cell,549,67.0,67,10_60296002_60299097,5903,Psap,1.0
853193,620,Brain_Non-Myeloid_endothelial_cell,549,48.0,48,10_60296002_60299097,5903,Psap,1.0
853194,621,Brain_Non-Myeloid_endothelial_cell,549,4.0,4,10_60296002_60299097,5903,Psap,1.0
853195,622,Brain_Non-Myeloid_endothelial_cell,549,55.0,55,10_60296002_60299097,5903,Psap,1.0
853196,624,Brain_Non-Myeloid_endothelial_cell,549,1.0,1,10_60296002_60299097,5903,Psap,1.0
853197,625,Brain_Non-Myeloid_endothelial_cell,549,20.0,20,10_60296002_60299097,5903,Psap,1.0
853198,626,Brain_Non-Myeloid_endothelial_cell,549,201.0,201,10_60296002_60299097,5903,Psap,1.0
853199,631,Brain_Non-Myeloid_endothelial_cell,549,105.0,105,10_60296002_60299097,5903,Psap,1.0
853200,632,Brain_Non-Myeloid_endothelial_cell,549,212.0,212,10_60296002_60299097,5903,Psap,1.0
853201,635,Brain_Non-Myeloid_endothelial_cell,549,89.0,89,10_60296002_60299097,5903,Psap,1.0
853202,636,Brain_Non-Myeloid_endothelial_cell,549,12.0,12,10_60296002_60299097,5903,Psap,1.0
853203,637,Brain_Non-Myeloid_endothelial_cell,549,50.0,50,10_60296002_60299097,5903,Psap,1.0
853204,638,Brain_Non-Myeloid_endothelial_cell,549,195.0,195,10_60296002_60299097,5903,Psap,1.0
853205,639,Brain_Non-Myeloid_endothelial_cell,549,53.0,53,10_60296002_60299097,5903,Psap,1.0
853206,640,Brain_Non-Myeloid_endothelial_cell,549,295.0,295,10_60296002_60299097,5903,Psap,1.0
853207,641,Brain_Non-Myeloid_endothelial_cell,549,55.0,55,10_60296002_60299097,5903,Psap,1.0
853208,642,Brain_Non-Myeloid_endothelial_cell,549,112.0,112,10_60296002_60299097,5903,Psap,1.0
853209,643,Brain_Non-Myeloid_endothelial_cell,549,22.0,22,10_60296002_60299097,5903,Psap,1.0
853210,644,Brain_Non-Myeloid_endothelial_cell,549,21.0,21,10_60296002_60299097,5903,Psap,1.0
853211,645,Brain_Non-Myeloid_endothelial_cell,549,306.0,306,10_60296002_60299097,5903,Psap,1.0
853212,646,Brain_Non-Myeloid_endothelial_cell,549,72.0,72,10_60296002_60299097,5903,Psap,1.0
853213,647,Brain_Non-Myeloid_endothelial_cell,549,13.0,13,10_60296002_60299097,5903,Psap,1.0
853214,648,Brain_Non-Myeloid_endothelial_cell,549,15.0,15,10_60296002_60299097,5903,Psap,1.0
853215,649,Brain_Non-Myeloid_endothelial_cell,549,5.0,5,10_60296002_60299097,5903,Psap,1.0
853216,650,Brain_Non-Myeloid_endothelial_cell,549,4.0,4,10_60296002_60299097,5903,Psap,1.0
853217,651,Brain_Non-Myeloid_endothelial_cell,549,94.0,94,10_60296002_60299097,5903,Psap,1.0
853218,652,Brain_Non-Myeloid_endothelial_cell,549,107.0,107,10_60296002_60299097,5903,Psap,1.0
853219,653,Brain_Non-Myeloid_endothelial_cell,549,3.0,3,10_60296002_60299097,5903,Psap,1.0
853220,654,Brain_Non-Myeloid_endothelial_cell,549,65.0,65,10_60296002_60299097,5903,Psap,1.0
853221,655,Brain_Non-Myeloid_endothelial_cell,549,224.0,224,10_60296002_60299097,5903,Psap,1.0
853222,656,Brain_Non-Myeloid_endothelial_cell,549,31.0,31,10_60296002_60299097,5903,Psap,1.0
853223,658,Brain_Non-Myeloid_endothelial_cell,549,18.0,18,10_60296002_60299097,5903,Psap,1.0
853224,659,Brain_Non-Myeloid_endothelial_cell,549,27.0,27,10_60296002_60299097,5903,Psap,1.0
853225,660,Brain_Non-Myeloid_endothelial_cell,549,206.0,206,10_60296002_60299097,5903,Psap,1.0
853226,661,Brain_Non-Myeloid_endothelial_cell,549,36.0,36,10_60296002_60299097,5903,Psap,1.0
853227,663,Brain_Non-Myeloid_endothelial_cell,549,27.0,27,10_60296002_60299097,5903,Psap,1.0
853228,664,Brain_Non-Myeloid_endothelial_cell,549,113.0,113,10_60296002_60299097,5903,Psap,1.0
853229,665,Brain_Non-Myeloid_endothelial_cell,549,64.0,64,10_60296002_60299097,5903,Psap,1.0
853230,668,Brain_Non-Myeloid_endothelial_cell,549,269.0,269,10_60296002_60299097,5903,Psap,1.0
853231,670,Brain_Non-Myeloid_endothelial_cell,549,4.0,4,10_60296002_60299097,5903,Psap,1.0
853232,671,Brain_Non-Myeloid_endothelial_cell,549,420.0,420,10_60296002_60299097,5903,Psap,1.0
853233,672,Brain_Non-Myeloid_endothelial_cell,549,54.0,54,10_60296002_60299097,5903,Psap,1.0
853234,673,Brain_Non-Myeloid_endothelial_cell,549,11.0,11,10_60296002_60299097,5903,Psap,1.0
853235,674,Brain_Non-Myeloid_endothelial_cell,549,81.0,81,10_60296002_60299097,5903,Psap,1.0
853236,675,Brain_Non-Myeloid_endothelial_cell,549,89.0,89,10_60296002_60299097,5903,Psap,1.0
853237,676,Brain_Non-Myeloid_endothelial_cell,549,208.0,208,10_60296002_60299097,5903,Psap,1.0
853238,677,Brain_Non-Myeloid_endothelial_cell,549,191.0,191,10_60296002_60299097,5903,Psap,1.0
853239,678,Brain_Non-Myeloid_endothelial_cell,549,7.0,7,10_60296002_60299097,5903,Psap,1.0
853240,679,Brain_Non-Myeloid_endothelial_cell,549,228.0,228,10_60296002_60299097,5903,Psap,1.0
853241,681,Brain_Non-Myeloid_endothelial_cell,549,97.0,97,10_60296002_60299097,5903,Psap,1.0
853242,682,Brain_Non-Myeloid_endothelial_cell,549,191.0,191,10_60296002_60299097,5903,Psap,1.0
853243,685,Brain_Non-Myeloid_endothelial_cell,549,97.0,97,10_60296002_60299097,5903,Psap,1.0
853244,686,Brain_Non-Myeloid_endothelial_cell,549,195.0,195,10_60296002_60299097,5903,Psap,1.0
853245,687,Brain_Non-Myeloid_endothelial_cell,549,69.0,69,10_60296002_60299097,5903,Psap,1.0
853246,688,Brain_Non-Myeloid_endothelial_cell,549,223.0,223,10_60296002_60299097,5903,Psap,1.0
853247,689,Brain_Non-Myeloid_endothelial_cell,549,81.0,81,10_60296002_60299097,5903,Psap,1.0
853248,690,Brain_Non-Myeloid_endothelial_cell,549,7.0,7,10_60296002_60299097,5903,Psap,1.0
853249,691,Brain_Non-Myeloid_endothelial_cell,549,275.0,275,10_60296002_60299097,5903,Psap,1.0
853250,692,Brain_Non-Myeloid_endothelial_cell,549,172.0,172,10_60296002_60299097,5903,Psap,1.0
853251,693,Brain_Non-Myeloid_endothelial_cell,549,260.0,260,10_60296002_60299097,5903,Psap,1.0
853252,695,Brain_Non-Myeloid_endothelial_cell,549,103.0,103,10_60296002_60299097,5903,Psap,1.0
853253,696,Brain_Non-Myeloid_endothelial_cell,549,90.0,90,10_60296002_60299097,5903,Psap,1.0
853254,697,Brain_Non-Myeloid_endothelial_cell,549,24.0,24,10_60296002_60299097,5903,Psap,1.0
853255,698,Brain_Non-Myeloid_endothelial_cell,549,1.0,1,10_60296002_60299097,5903,Psap,1.0
853256,700,Brain_Non-Myeloid_endothelial_cell,549,68.0,68,10_60296002_60299097,5903,Psap,1.0
853257,701,Brain_Non-Myeloid_endothelial_cell,549,17.0,17,10_60296002_60299097,5903,Psap,1.0
853258,704,Brain_Non-Myeloid_endothelial_cell,549,83.0,83,10_60296002_60299097,5903,Psap,1.0
853259,707,Brain_Non-Myeloid_endothelial_cell,549,140.0,140,10_60296002_60299097,5903,Psap,1.0
853260,708,Brain_Non-Myeloid_endothelial_cell,549,11.0,11,10_60296002_60299097,5903,Psap,1.0
853261,709,Brain_Non-Myeloid_endothelial_cell,549,10.0,10,10_60296002_60299097,5903,Psap,1.0
853262,710,Brain_Non-Myeloid_endothelial_cell,549,72.0,72,10_60296002_60299097,5903,Psap,1.0
853263,711,Brain_Non-Myeloid_endothelial_cell,549,50.0,50,10_60296002_60299097,5903,Psap,1.0
853264,713,Brain_Non-Myeloid_endothelial_cell,549,233.0,233,10_60296002_60299097,5903,Psap,1.0
853265,715,Brain_Non-Myeloid_endothelial_cell,549,166.0,166,10_60296002_60299097,5903,Psap,1.0
853266,716,Brain_Non-Myeloid_endothelial_cell,549,42.0,42,10_60296002_60299097,5903,Psap,1.0
853267,719,Brain_Non-Myeloid_endothelial_cell,549,97.0,97,10_60296002_60299097,5903,Psap,1.0
853268,720,Brain_Non-Myeloid_endothelial_cell,549,4.0,4,10_60296002_60299097,5903,Psap,1.0
853269,721,Brain_Non-Myeloid_endothelial_cell,549,72.0,72,10_60296002_60299097,5903,Psap,1.0
853270,722,Brain_Non-Myeloid_endothelial_cell,549,103.0,103,10_60296002_60299097,5903,Psap,1.0
853271,723,Brain_Non-Myeloid_endothelial_cell,549,31.0,31,10_60296002_60299097,5903,Psap,1.0
853272,724,Brain_Non-Myeloid_endothelial_cell,549,4.0,4,10_60296002_60299097,5903,Psap,1.0
853273,725,Brain_Non-Myeloid_endothelial_cell,549,30.0,30,10_60296002_60299097,5903,Psap,1.0
853274,726,Brain_Non-Myeloid_endothelial_cell,549,169.0,169,10_60296002_60299097,5903,Psap,1.0
853275,728,Brain_Non-Myeloid_endothelial_cell,549,158.0,158,10_60296002_60299097,5903,Psap,1.0
853276,729,Brain_Non-Myeloid_endothelial_cell,549,142.0,142,10_60296002_60299097,5903,Psap,1.0
853277,730,Brain_Non-Myeloid_endothelial_cell,549,105.0,105,10_60296002_60299097,5903,Psap,1.0
853278,731,Brain_Non-Myeloid_endothelial_cell,549,63.0,63,10_60296002_60299097,5903,Psap,1.0
853279,732,Brain_Non-Myeloid_endothelial_cell,549,125.0,125,10_60296002_60299097,5903,Psap,1.0
853280,734,Brain_Non-Myeloid_endothelial_cell,549,6.0,6,10_60296002_60299097,5903,Psap,1.0
853281,735,Brain_Non-Myeloid_endothelial_cell,549,109.0,109,10_60296002_60299097,5903,Psap,1.0
853282,737,Brain_Non-Myeloid_endothelial_cell,549,119.0,119,10_60296002_60299097,5903,Psap,1.0
853283,738,Brain_Non-Myeloid_endothelial_cell,549,19.0,19,10_60296002_60299097,5903,Psap,1.0
853284,740,Brain_Non-Myeloid_endothelial_cell,549,503.0,503,10_60296002_60299097,5903,Psap,1.0
853285,741,Brain_Non-Myeloid_endothelial_cell,549,6.0,6,10_60296002_60299097,5903,Psap,1.0
853286,742,Brain_Non-Myeloid_endothelial_cell,549,5.0,5,10_60296002_60299097,5903,Psap,1.0
853287,743,Brain_Non-Myeloid_endothelial_cell,549,25.0,25,10_60296002_60299097,5903,Psap,1.0
853288,744,Brain_Non-Myeloid_endothelial_cell,549,32.0,32,10_60296002_60299097,5903,Psap,1.0
853289,746,Brain_Non-Myeloid_endothelial_cell,549,73.0,73,10_60296002_60299097,5903,Psap,1.0
853290,747,Brain_Non-Myeloid_endothelial_cell,549,12.0,12,10_60296002_60299097,5903,Psap,1.0
853291,748,Brain_Non-Myeloid_endothelial_cell,549,115.0,115,10_60296002_60299097,5903,Psap,1.0
853292,749,Brain_Non-Myeloid_endothelial_cell,549,133.0,133,10_60296002_60299097,5903,Psap,1.0
853293,751,Brain_Non-Myeloid_endothelial_cell,549,53.0,53,10_60296002_60299097,5903,Psap,1.0
853294,752,Brain_Non-Myeloid_endothelial_cell,549,8.0,8,10_60296002_60299097,5903,Psap,1.0
853295,753,Brain_Non-Myeloid_endothelial_cell,549,36.0,36,10_60296002_60299097,5903,Psap,1.0
853296,754,Brain_Non-Myeloid_endothelial_cell,549,130.0,130,10_60296002_60299097,5903,Psap,1.0
853297,757,Brain_Non-Myeloid_endothelial_cell,549,23.0,23,10_60296002_60299097,5903,Psap,1.0
853298,758,Brain_Non-Myeloid_endothelial_cell,549,34.0,34,10_60296002_60299097,5903,Psap,1.0
853299,759,Brain_Non-Myeloid_endothelial_cell,549,374.0,374,10_60296002_60299097,5903,Psap,1.0
853300,760,Brain_Non-Myeloid_endothelial_cell,549,34.0,34,10_60296002_60299097,5903,Psap,1.0
853301,761,Brain_Non-Myeloid_endothelial_cell,549,19.0,19,10_60296002_60299097,5903,Psap,1.0
853302,762,Brain_Non-Myeloid_endothelial_cell,549,78.0,78,10_60296002_60299097,5903,Psap,1.0
853303,763,Brain_Non-Myeloid_endothelial_cell,549,137.0,137,10_60296002_60299097,5903,Psap,1.0
853304,764,Brain_Non-Myeloid_endothelial_cell,549,391.0,391,10_60296002_60299097,5903,Psap,1.0
853305,765,Brain_Non-Myeloid_endothelial_cell,549,32.0,32,10_60296002_60299097,5903,Psap,1.0
853306,766,Brain_Non-Myeloid_endothelial_cell,549,6.0,6,10_60296002_60299097,5903,Psap,1.0
853307,767,Brain_Non-Myeloid_endothelial_cell,549,72.0,72,10_60296002_60299097,5903,Psap,1.0
853308,768,Brain_Non-Myeloid_endothelial_cell,549,225.0,225,10_60296002_60299097,5903,Psap,1.0
853309,769,Brain_Non-Myeloid_endothelial_cell,549,9.0,9,10_60296002_60299097,5903,Psap,1.0
853310,770,Brain_Non-Myeloid_endothelial_cell,549,24.0,24,10_60296002_60299097,5903,Psap,1.0
853311,771,Brain_Non-Myeloid_endothelial_cell,549,90.0,90,10_60296002_60299097,5903,Psap,1.0
853312,772,Brain_Non-Myeloid_endothelial_cell,549,44.0,44,10_60296002_60299097,5903,Psap,1.0
853313,773,Brain_Non-Myeloid_endothelial_cell,549,26.0,26,10_60296002_60299097,5903,Psap,1.0
853314,775,Brain_Non-Myeloid_endothelial_cell,549,136.0,136,10_60296002_60299097,5903,Psap,1.0
853315,776,Brain_Non-Myeloid_endothelial_cell,549,61.0,61,10_60296002_60299097,5903,Psap,1.0
853316,777,Brain_Non-Myeloid_endothelial_cell,549,70.0,70,10_60296002_60299097,5903,Psap,1.0
853317,778,Brain_Non-Myeloid_endothelial_cell,549,219.0,219,10_60296002_60299097,5903,Psap,1.0
853318,779,Brain_Non-Myeloid_endothelial_cell,549,11.0,11,10_60296002_60299097,5903,Psap,1.0
853319,780,Brain_Non-Myeloid_endothelial_cell,549,166.0,166,10_60296002_60299097,5903,Psap,1.0
853320,781,Brain_Non-Myeloid_endothelial_cell,549,77.0,77,10_60296002_60299097,5903,Psap,1.0
853321,782,Brain_Non-Myeloid_endothelial_cell,549,61.0,61,10_60296002_60299097,5903,Psap,1.0
853322,784,Brain_Non-Myeloid_endothelial_cell,549,115.0,115,10_60296002_60299097,5903,Psap,1.0
853323,785,Brain_Non-Myeloid_endothelial_cell,549,96.0,96,10_60296002_60299097,5903,Psap,1.0
853324,786,Brain_Non-Myeloid_endothelial_cell,549,169.0,169,10_60296002_60299097,5903,Psap,1.0
853325,787,Brain_Non-Myeloid_endothelial_cell,549,4.0,4,10_60296002_60299097,5903,Psap,1.0
853326,788,Brain_Non-Myeloid_endothelial_cell,549,122.0,122,10_60296002_60299097,5903,Psap,1.0
853327,789,Brain_Non-Myeloid_endothelial_cell,549,53.0,53,10_60296002_60299097,5903,Psap,1.0
853328,790,Brain_Non-Myeloid_endothelial_cell,549,7.0,7,10_60296002_60299097,5903,Psap,1.0
853329,791,Brain_Non-Myeloid_endothelial_cell,549,74.0,74,10_60296002_60299097,5903,Psap,1.0
853330,792,Brain_Non-Myeloid_endothelial_cell,549,37.0,37,10_60296002_60299097,5903,Psap,1.0
853331,793,Brain_Non-Myeloid_endothelial_cell,549,56.0,56,10_60296002_60299097,5903,Psap,1.0
853332,794,Brain_Non-Myeloid_endothelial_cell,549,190.0,190,10_60296002_60299097,5903,Psap,1.0
853333,795,Brain_Non-Myeloid_endothelial_cell,549,260.0,260,10_60296002_60299097,5903,Psap,1.0
853334,797,Brain_Non-Myeloid_endothelial_cell,549,2.0,2,10_60296002_60299097,5903,Psap,1.0
853335,798,Brain_Non-Myeloid_endothelial_cell,549,30.0,30,10_60296002_60299097,5903,Psap,1.0
853336,799,Brain_Non-Myeloid_endothelial_cell,549,29.0,29,10_60296002_60299097,5903,Psap,1.0
853337,800,Brain_Non-Myeloid_endothelial_cell,549,75.0,75,10_60296002_60299097,5903,Psap,1.0
853338,801,Brain_Non-Myeloid_endothelial_cell,549,83.0,83,10_60296002_60299097,5903,Psap,1.0
853339,802,Brain_Non-Myeloid_endothelial_cell,549,39.0,39,10_60296002_60299097,5903,Psap,1.0
853340,803,Brain_Non-Myeloid_endothelial_cell,549,97.0,97,10_60296002_60299097,5903,Psap,1.0
853341,804,Brain_Non-Myeloid_endothelial_cell,549,5.0,5,10_60296002_60299097,5903,Psap,1.0
853342,805,Brain_Non-Myeloid_endothelial_cell,549,158.0,158,10_60296002_60299097,5903,Psap,1.0
853343,806,Brain_Non-Myeloid_endothelial_cell,549,98.0,98,10_60296002_60299097,5903,Psap,1.0
853344,807,Brain_Non-Myeloid_endothelial_cell,549,14.0,14,10_60296002_60299097,5903,Psap,1.0
853345,808,Brain_Non-Myeloid_endothelial_cell,549,3.0,3,10_60296002_60299097,5903,Psap,1.0
853346,809,Brain_Non-Myeloid_endothelial_cell,549,12.0,12,10_60296002_60299097,5903,Psap,1.0
853347,810,Brain_Non-Myeloid_endothelial_cell,549,26.0,26,10_60296002_60299097,5903,Psap,1.0
853348,811,Brain_Non-Myeloid_endothelial_cell,549,14.0,14,10_60296002_60299097,5903,Psap,1.0
853349,812,Brain_Non-Myeloid_endothelial_cell,549,86.0,86,10_60296002_60299097,5903,Psap,1.0
853350,813,Brain_Non-Myeloid_endothelial_cell,549,13.0,13,10_60296002_60299097,5903,Psap,1.0
853351,814,Brain_Non-Myeloid_endothelial_cell,549,148.0,148,10_60296002_60299097,5903,Psap,1.0
853352,816,Brain_Non-Myeloid_endothelial_cell,549,135.0,135,10_60296002_60299097,5903,Psap,1.0
853353,818,Brain_Non-Myeloid_endothelial_cell,549,306.0,306,10_60296002_60299097,5903,Psap,1.0
853354,819,Brain_Non-Myeloid_endothelial_cell,549,29.0,29,10_60296002_60299097,5903,Psap,1.0
853355,820,Brain_Non-Myeloid_endothelial_cell,549,169.0,169,10_60296002_60299097,5903,Psap,1.0
853356,821,Brain_Non-Myeloid_endothelial_cell,549,18.0,18,10_60296002_60299097,5903,Psap,1.0
853357,823,Brain_Non-Myeloid_endothelial_cell,549,20.0,20,10_60296002_60299097,5903,Psap,1.0
853358,824,Brain_Non-Myeloid_endothelial_cell,549,31.0,31,10_60296002_60299097,5903,Psap,1.0
853359,825,Brain_Non-Myeloid_endothelial_cell,549,17.0,17,10_60296002_60299097,5903,Psap,1.0
853360,826,Brain_Non-Myeloid_endothelial_cell,549,8.0,8,10_60296002_60299097,5903,Psap,1.0
853361,827,Brain_Non-Myeloid_endothelial_cell,549,103.0,103,10_60296002_60299097,5903,Psap,1.0
853362,828,Brain_Non-Myeloid_endothelial_cell,549,302.0,302,10_60296002_60299097,5903,Psap,1.0
853363,830,Brain_Non-Myeloid_endothelial_cell,549,222.0,222,10_60296002_60299097,5903,Psap,1.0
853364,832,Brain_Non-Myeloid_endothelial_cell,549,325.0,325,10_60296002_60299097,5903,Psap,1.0
853365,833,Brain_Non-Myeloid_endothelial_cell,549,414.0,414,10_60296002_60299097,5903,Psap,1.0
853366,834,Brain_Non-Myeloid_endothelial_cell,549,19.0,19,10_60296002_60299097,5903,Psap,1.0
853367,835,Brain_Non-Myeloid_endothelial_cell,549,24.0,24,10_60296002_60299097,5903,Psap,1.0
853368,836,Brain_Non-Myeloid_endothelial_cell,549,189.0,189,10_60296002_60299097,5903,Psap,1.0
853369,837,Brain_Non-Myeloid_endothelial_cell,549,18.0,18,10_60296002_60299097,5903,Psap,1.0
853370,838,Brain_Non-Myeloid_endothelial_cell,549,55.0,55,10_60296002_60299097,5903,Psap,1.0
853371,839,Brain_Non-Myeloid_endothelial_cell,549,44.0,44,10_60296002_60299097,5903,Psap,1.0
853372,840,Brain_Non-Myeloid_endothelial_cell,549,29.0,29,10_60296002_60299097,5903,Psap,1.0
853373,841,Brain_Non-Myeloid_endothelial_cell,549,34.0,34,10_60296002_60299097,5903,Psap,1.0
853374,842,Brain_Non-Myeloid_endothelial_cell,549,18.0,18,10_60296002_60299097,5903,Psap,1.0
853375,843,Brain_Non-Myeloid_endothelial_cell,549,16.0,16,10_60296002_60299097,5903,Psap,1.0
853376,845,Brain_Non-Myeloid_endothelial_cell,549,79.0,79,10_60296002_60299097,5903,Psap,1.0
853377,846,Brain_Non-Myeloid_endothelial_cell,549,171.0,171,10_60296002_60299097,5903,Psap,1.0
853378,847,Brain_Non-Myeloid_endothelial_cell,549,297.0,297,10_60296002_60299097,5903,Psap,1.0
853379,848,Brain_Non-Myeloid_endothelial_cell,549,448.0,448,10_60296002_60299097,5903,Psap,1.0
853380,849,Brain_Non-Myeloid_endothelial_cell,549,11.0,11,10_60296002_60299097,5903,Psap,1.0
853381,850,Brain_Non-Myeloid_endothelial_cell,549,53.0,53,10_60296002_60299097,5903,Psap,1.0
853382,852,Brain_Non-Myeloid_endothelial_cell,549,133.0,133,10_60296002_60299097,5903,Psap,1.0
853383,853,Brain_Non-Myeloid_endothelial_cell,549,40.0,40,10_60296002_60299097,5903,Psap,1.0
853384,855,Brain_Non-Myeloid_endothelial_cell,549,375.0,375,10_60296002_60299097,5903,Psap,1.0
853385,856,Brain_Non-Myeloid_endothelial_cell,549,6.0,6,10_60296002_60299097,5903,Psap,1.0
853386,858,Brain_Non-Myeloid_endothelial_cell,549,45.0,45,10_60296002_60299097,5903,Psap,1.0
853387,859,Brain_Non-Myeloid_endothelial_cell,549,31.0,31,10_60296002_60299097,5903,Psap,1.0
853388,860,Brain_Non-Myeloid_endothelial_cell,549,284.0,284,10_60296002_60299097,5903,Psap,1.0
853389,861,Brain_Non-Myeloid_endothelial_cell,549,48.0,48,10_60296002_60299097,5903,Psap,1.0
853390,864,Brain_Non-Myeloid_endothelial_cell,549,41.0,41,10_60296002_60299097,5903,Psap,1.0
853391,865,Brain_Non-Myeloid_endothelial_cell,549,12.0,12,10_60296002_60299097,5903,Psap,1.0
853392,866,Brain_Non-Myeloid_endothelial_cell,549,348.0,348,10_60296002_60299097,5903,Psap,1.0
853393,867,Brain_Non-Myeloid_endothelial_cell,549,25.0,25,10_60296002_60299097,5903,Psap,1.0
853394,868,Brain_Non-Myeloid_endothelial_cell,549,511.0,511,10_60296002_60299097,5903,Psap,1.0
853395,869,Brain_Non-Myeloid_endothelial_cell,549,1.0,1,10_60296002_60299097,5903,Psap,1.0
853396,870,Brain_Non-Myeloid_endothelial_cell,549,5.0,5,10_60296002_60299097,5903,Psap,1.0
853397,871,Brain_Non-Myeloid_endothelial_cell,549,137.0,137,10_60296002_60299097,5903,Psap,1.0
853398,872,Brain_Non-Myeloid_endothelial_cell,549,13.0,13,10_60296002_60299097,5903,Psap,1.0
853399,873,Brain_Non-Myeloid_endothelial_cell,549,122.0,122,10_60296002_60299097,5903,Psap,1.0
853400,877,Brain_Non-Myeloid_endothelial_cell,549,7.0,7,10_60296002_60299097,5903,Psap,1.0
853401,878,Brain_Non-Myeloid_endothelial_cell,549,84.0,84,10_60296002_60299097,5903,Psap,1.0
853402,879,Brain_Non-Myeloid_endothelial_cell,549,37.0,37,10_60296002_60299097,5903,Psap,1.0
853403,880,Brain_Non-Myeloid_endothelial_cell,549,1.0,1,10_60296002_60299097,5903,Psap,1.0
853404,882,Brain_Non-Myeloid_endothelial_cell,549,15.0,15,10_60296002_60299097,5903,Psap,1.0
853405,883,Brain_Non-Myeloid_endothelial_cell,549,227.0,227,10_60296002_60299097,5903,Psap,1.0
853406,884,Brain_Non-Myeloid_endothelial_cell,549,41.0,41,10_60296002_60299097,5903,Psap,1.0
853407,885,Brain_Non-Myeloid_endothelial_cell,549,8.0,8,10_60296002_60299097,5903,Psap,1.0
853408,886,Brain_Non-Myeloid_endothelial_cell,549,32.0,32,10_60296002_60299097,5903,Psap,1.0
853409,887,Brain_Non-Myeloid_endothelial_cell,549,339.0,339,10_60296002_60299097,5903,Psap,1.0
853410,888,Brain_Non-Myeloid_endothelial_cell,549,133.0,133,10_60296002_60299097,5903,Psap,1.0
853411,889,Brain_Non-Myeloid_endothelial_cell,549,161.0,161,10_60296002_60299097,5903,Psap,1.0
853412,891,Brain_Non-Myeloid_endothelial_cell,549,128.0,128,10_60296002_60299097,5903,Psap,1.0
853413,893,Brain_Non-Myeloid_endothelial_cell,549,21.0,21,10_60296002_60299097,5903,Psap,1.0
853414,894,Brain_Non-Myeloid_endothelial_cell,549,18.0,18,10_60296002_60299097,5903,Psap,1.0
853415,895,Brain_Non-Myeloid_endothelial_cell,549,68.0,68,10_60296002_60299097,5903,Psap,1.0
853416,897,Brain_Non-Myeloid_endothelial_cell,549,79.0,79,10_60296002_60299097,5903,Psap,1.0
853417,898,Brain_Non-Myeloid_endothelial_cell,549,49.0,49,10_60296002_60299097,5903,Psap,1.0
853418,899,Brain_Non-Myeloid_endothelial_cell,549,41.0,41,10_60296002_60299097,5903,Psap,1.0
853419,900,Brain_Non-Myeloid_endothelial_cell,549,25.0,25,10_60296002_60299097,5903,Psap,1.0
853420,901,Brain_Non-Myeloid_endothelial_cell,549,69.0,69,10_60296002_60299097,5903,Psap,1.0
853421,902,Brain_Non-Myeloid_endothelial_cell,549,22.0,22,10_60296002_60299097,5903,Psap,1.0
853422,903,Brain_Non-Myeloid_endothelial_cell,549,255.0,255,10_60296002_60299097,5903,Psap,1.0
853423,904,Brain_Non-Myeloid_endothelial_cell,549,2.0,2,10_60296002_60299097,5903,Psap,1.0
853424,905,Brain_Non-Myeloid_endothelial_cell,549,36.0,36,10_60296002_60299097,5903,Psap,1.0
853425,906,Brain_Non-Myeloid_endothelial_cell,549,11.0,11,10_60296002_60299097,5903,Psap,1.0
853426,907,Brain_Non-Myeloid_endothelial_cell,549,92.0,92,10_60296002_60299097,5903,Psap,1.0
853427,908,Brain_Non-Myeloid_endothelial_cell,549,18.0,18,10_60296002_60299097,5903,Psap,1.0
853428,910,Brain_Non-Myeloid_endothelial_cell,549,97.0,97,10_60296002_60299097,5903,Psap,1.0
853429,911,Brain_Non-Myeloid_endothelial_cell,549,145.0,145,10_60296002_60299097,5903,Psap,1.0
853430,912,Brain_Non-Myeloid_endothelial_cell,549,114.0,114,10_60296002_60299097,5903,Psap,1.0
853431,913,Brain_Non-Myeloid_endothelial_cell,549,99.0,99,10_60296002_60299097,5903,Psap,1.0
853432,914,Brain_Non-Myeloid_endothelial_cell,549,18.0,18,10_60296002_60299097,5903,Psap,1.0
853433,915,Brain_Non-Myeloid_endothelial_cell,549,348.0,348,10_60296002_60299097,5903,Psap,1.0
853434,916,Brain_Non-Myeloid_endothelial_cell,549,21.0,21,10_60296002_60299097,5903,Psap,1.0
853435,917,Brain_Non-Myeloid_endothelial_cell,549,38.0,38,10_60296002_60299097,5903,Psap,1.0
853436,918,Brain_Non-Myeloid_endothelial_cell,549,42.0,42,10_60296002_60299097,5903,Psap,1.0
853437,919,Brain_Non-Myeloid_endothelial_cell,549,5.0,5,10_60296002_60299097,5903,Psap,1.0
853438,922,Brain_Non-Myeloid_endothelial_cell,549,263.0,263,10_60296002_60299097,5903,Psap,1.0
853439,923,Brain_Non-Myeloid_endothelial_cell,549,444.0,444,10_60296002_60299097,5903,Psap,1.0
853440,924,Brain_Non-Myeloid_endothelial_cell,549,159.0,159,10_60296002_60299097,5903,Psap,1.0
853441,925,Brain_Non-Myeloid_endothelial_cell,549,93.0,93,10_60296002_60299097,5903,Psap,1.0
853442,926,Brain_Non-Myeloid_endothelial_cell,549,95.0,95,10_60296002_60299097,5903,Psap,1.0
853443,928,Brain_Non-Myeloid_endothelial_cell,549,12.0,12,10_60296002_60299097,5903,Psap,1.0
853444,930,Brain_Non-Myeloid_endothelial_cell,549,46.0,46,10_60296002_60299097,5903,Psap,1.0
853445,931,Brain_Non-Myeloid_endothelial_cell,549,454.0,454,10_60296002_60299097,5903,Psap,1.0
853446,932,Brain_Non-Myeloid_endothelial_cell,549,27.0,27,10_60296002_60299097,5903,Psap,1.0
853447,933,Brain_Non-Myeloid_endothelial_cell,549,9.0,9,10_60296002_60299097,5903,Psap,1.0
853448,934,Brain_Non-Myeloid_endothelial_cell,549,3.0,3,10_60296002_60299097,5903,Psap,1.0
853449,935,Brain_Non-Myeloid_endothelial_cell,549,32.0,32,10_60296002_60299097,5903,Psap,1.0
853450,936,Brain_Non-Myeloid_endothelial_cell,549,40.0,40,10_60296002_60299097,5903,Psap,1.0
853451,937,Brain_Non-Myeloid_endothelial_cell,549,4.0,4,10_60296002_60299097,5903,Psap,1.0
853452,939,Brain_Non-Myeloid_endothelial_cell,549,25.0,25,10_60296002_60299097,5903,Psap,1.0
853453,940,Brain_Non-Myeloid_endothelial_cell,549,33.0,33,10_60296002_60299097,5903,Psap,1.0
853454,941,Brain_Non-Myeloid_endothelial_cell,549,87.0,87,10_60296002_60299097,5903,Psap,1.0
853455,942,Brain_Non-Myeloid_endothelial_cell,549,22.0,22,10_60296002_60299097,5903,Psap,1.0
853456,943,Brain_Non-Myeloid_endothelial_cell,549,209.0,209,10_60296002_60299097,5903,Psap,1.0
853457,944,Brain_Non-Myeloid_endothelial_cell,549,24.0,24,10_60296002_60299097,5903,Psap,1.0
853458,946,Brain_Non-Myeloid_endothelial_cell,549,15.0,15,10_60296002_60299097,5903,Psap,1.0
853459,947,Brain_Non-Myeloid_endothelial_cell,549,328.0,328,10_60296002_60299097,5903,Psap,1.0
853460,948,Brain_Non-Myeloid_endothelial_cell,549,51.0,51,10_60296002_60299097,5903,Psap,1.0
853461,949,Brain_Non-Myeloid_endothelial_cell,549,15.0,15,10_60296002_60299097,5903,Psap,1.0
853462,950,Brain_Non-Myeloid_endothelial_cell,549,225.0,225,10_60296002_60299097,5903,Psap,1.0
853463,951,Brain_Non-Myeloid_endothelial_cell,549,15.0,15,10_60296002_60299097,5903,Psap,1.0
853464,952,Brain_Non-Myeloid_endothelial_cell,549,28.0,28,10_60296002_60299097,5903,Psap,1.0
853465,953,Brain_Non-Myeloid_endothelial_cell,549,367.0,367,10_60296002_60299097,5903,Psap,1.0
853466,954,Brain_Non-Myeloid_endothelial_cell,549,15.0,15,10_60296002_60299097,5903,Psap,1.0
853467,955,Brain_Non-Myeloid_endothelial_cell,549,12.0,12,10_60296002_60299097,5903,Psap,1.0
853468,956,Brain_Non-Myeloid_endothelial_cell,549,37.0,37,10_60296002_60299097,5903,Psap,1.0
853469,957,Brain_Non-Myeloid_endothelial_cell,549,34.0,34,10_60296002_60299097,5903,Psap,1.0
853470,958,Brain_Non-Myeloid_endothelial_cell,549,47.0,47,10_60296002_60299097,5903,Psap,1.0
853471,959,Brain_Non-Myeloid_endothelial_cell,549,100.0,100,10_60296002_60299097,5903,Psap,1.0
853472,960,Brain_Non-Myeloid_endothelial_cell,549,87.0,87,10_60296002_60299097,5903,Psap,1.0
853473,961,Brain_Non-Myeloid_endothelial_cell,549,89.0,89,10_60296002_60299097,5903,Psap,1.0
853474,963,Brain_Non-Myeloid_endothelial_cell,549,47.0,47,10_60296002_60299097,5903,Psap,1.0
853475,964,Brain_Non-Myeloid_endothelial_cell,549,39.0,39,10_60296002_60299097,5903,Psap,1.0
853476,965,Brain_Non-Myeloid_endothelial_cell,549,44.0,44,10_60296002_60299097,5903,Psap,1.0
853477,966,Brain_Non-Myeloid_endothelial_cell,549,131.0,131,10_60296002_60299097,5903,Psap,1.0
853478,967,Brain_Non-Myeloid_endothelial_cell,549,46.0,46,10_60296002_60299097,5903,Psap,1.0
853479,968,Brain_Non-Myeloid_endothelial_cell,549,88.0,88,10_60296002_60299097,5903,Psap,1.0
853480,969,Brain_Non-Myeloid_endothelial_cell,549,10.0,10,10_60296002_60299097,5903,Psap,1.0
853481,970,Brain_Non-Myeloid_endothelial_cell,549,74.0,74,10_60296002_60299097,5903,Psap,1.0
853482,971,Brain_Non-Myeloid_endothelial_cell,549,117.0,117,10_60296002_60299097,5903,Psap,1.0
853483,973,Brain_Non-Myeloid_endothelial_cell,549,19.0,19,10_60296002_60299097,5903,Psap,1.0
853484,974,Brain_Non-Myeloid_endothelial_cell,549,109.0,109,10_60296002_60299097,5903,Psap,1.0
853485,975,Brain_Non-Myeloid_endothelial_cell,549,93.0,93,10_60296002_60299097,5903,Psap,1.0
853486,976,Brain_Non-Myeloid_endothelial_cell,549,10.0,10,10_60296002_60299097,5903,Psap,1.0
853487,977,Brain_Non-Myeloid_endothelial_cell,549,64.0,64,10_60296002_60299097,5903,Psap,1.0
853488,978,Brain_Non-Myeloid_endothelial_cell,549,128.0,128,10_60296002_60299097,5903,Psap,1.0
853489,980,Brain_Non-Myeloid_endothelial_cell,549,192.0,192,10_60296002_60299097,5903,Psap,1.0
853490,981,Brain_Non-Myeloid_endothelial_cell,549,86.0,86,10_60296002_60299097,5903,Psap,1.0
853491,982,Brain_Non-Myeloid_endothelial_cell,549,247.0,247,10_60296002_60299097,5903,Psap,1.0
853492,983,Brain_Non-Myeloid_endothelial_cell,549,12.0,12,10_60296002_60299097,5903,Psap,1.0
853493,984,Brain_Non-Myeloid_endothelial_cell,549,74.0,74,10_60296002_60299097,5903,Psap,1.0
853494,987,Brain_Non-Myeloid_endothelial_cell,549,186.0,186,10_60296002_60299097,5903,Psap,1.0
853495,989,Brain_Non-Myeloid_endothelial_cell,549,348.0,348,10_60296002_60299097,5903,Psap,1.0
853496,990,Brain_Non-Myeloid_endothelial_cell,549,274.0,274,10_60296002_60299097,5903,Psap,1.0
853497,992,Brain_Non-Myeloid_endothelial_cell,549,36.0,36,10_60296002_60299097,5903,Psap,1.0
853498,993,Brain_Non-Myeloid_endothelial_cell,549,19.0,19,10_60296002_60299097,5903,Psap,1.0
853499,995,Brain_Non-Myeloid_endothelial_cell,549,1.0,1,10_60296002_60299097,5903,Psap,1.0
853500,996,Brain_Non-Myeloid_endothelial_cell,549,124.0,124,10_60296002_60299097,5903,Psap,1.0
853501,997,Brain_Non-Myeloid_endothelial_cell,549,59.0,59,10_60296002_60299097,5903,Psap,1.0
853502,998,Brain_Non-Myeloid_endothelial_cell,549,151.0,151,10_60296002_60299097,5903,Psap,1.0
853503,1000,Brain_Non-Myeloid_endothelial_cell,549,21.0,21,10_60296002_60299097,5903,Psap,1.0
853504,1001,Brain_Non-Myeloid_endothelial_cell,549,29.0,29,10_60296002_60299097,5903,Psap,1.0
853505,1002,Brain_Non-Myeloid_endothelial_cell,549,297.0,297,10_60296002_60299097,5903,Psap,1.0
853506,1003,Brain_Non-Myeloid_endothelial_cell,549,106.0,106,10_60296002_60299097,5903,Psap,1.0
853507,1004,Brain_Non-Myeloid_endothelial_cell,549,91.0,91,10_60296002_60299097,5903,Psap,1.0
853508,1005,Brain_Non-Myeloid_endothelial_cell,549,41.0,41,10_60296002_60299097,5903,Psap,1.0
853509,1006,Brain_Non-Myeloid_endothelial_cell,549,10.0,10,10_60296002_60299097,5903,Psap,1.0
853510,1007,Brain_Non-Myeloid_endothelial_cell,549,38.0,38,10_60296002_60299097,5903,Psap,1.0
853511,1008,Brain_Non-Myeloid_endothelial_cell,549,31.0,31,10_60296002_60299097,5903,Psap,1.0
853512,1009,Brain_Non-Myeloid_endothelial_cell,549,12.0,12,10_60296002_60299097,5903,Psap,1.0
853513,1010,Brain_Non-Myeloid_endothelial_cell,549,52.0,52,10_60296002_60299097,5903,Psap,1.0
853514,1011,Brain_Non-Myeloid_endothelial_cell,549,114.0,114,10_60296002_60299097,5903,Psap,1.0
853515,1012,Brain_Non-Myeloid_endothelial_cell,549,106.0,106,10_60296002_60299097,5903,Psap,1.0
853516,1013,Brain_Non-Myeloid_endothelial_cell,549,173.0,173,10_60296002_60299097,5903,Psap,1.0
853517,1015,Brain_Non-Myeloid_endothelial_cell,549,57.0,57,10_60296002_60299097,5903,Psap,1.0
853518,1016,Brain_Non-Myeloid_endothelial_cell,549,227.0,227,10_60296002_60299097,5903,Psap,1.0
853519,1018,Brain_Non-Myeloid_endothelial_cell,549,20.0,20,10_60296002_60299097,5903,Psap,1.0
853520,1019,Brain_Non-Myeloid_endothelial_cell,549,147.0,147,10_60296002_60299097,5903,Psap,1.0
853521,1020,Brain_Non-Myeloid_endothelial_cell,549,57.0,57,10_60296002_60299097,5903,Psap,1.0
853522,1021,Brain_Non-Myeloid_endothelial_cell,549,320.0,320,10_60296002_60299097,5903,Psap,1.0
853523,1022,Brain_Non-Myeloid_endothelial_cell,549,254.0,254,10_60296002_60299097,5903,Psap,1.0
853524,1024,Brain_Non-Myeloid_endothelial_cell,549,17.0,17,10_60296002_60299097,5903,Psap,1.0
853525,1026,Brain_Non-Myeloid_endothelial_cell,549,43.0,43,10_60296002_60299097,5903,Psap,1.0
853526,1027,Brain_Non-Myeloid_endothelial_cell,549,30.0,30,10_60296002_60299097,5903,Psap,1.0
853527,1028,Brain_Non-Myeloid_endothelial_cell,549,99.0,99,10_60296002_60299097,5903,Psap,1.0
853528,1029,Brain_Non-Myeloid_endothelial_cell,549,392.0,392,10_60296002_60299097,5903,Psap,1.0
853529,1030,Brain_Non-Myeloid_endothelial_cell,549,734.0,734,10_60296002_60299097,5903,Psap,1.0
853530,1033,Brain_Non-Myeloid_endothelial_cell,549,14.0,14,10_60296002_60299097,5903,Psap,1.0
853531,1034,Brain_Non-Myeloid_endothelial_cell,549,29.0,29,10_60296002_60299097,5903,Psap,1.0
853532,1035,Brain_Non-Myeloid_endothelial_cell,549,129.0,129,10_60296002_60299097,5903,Psap,1.0
853533,1036,Brain_Non-Myeloid_endothelial_cell,549,3.0,3,10_60296002_60299097,5903,Psap,1.0
853534,1037,Brain_Non-Myeloid_endothelial_cell,549,6.0,6,10_60296002_60299097,5903,Psap,1.0
853535,1038,Brain_Non-Myeloid_endothelial_cell,549,43.0,43,10_60296002_60299097,5903,Psap,1.0
853536,1039,Brain_Non-Myeloid_endothelial_cell,549,3.0,3,10_60296002_60299097,5903,Psap,1.0
853537,1040,Brain_Non-Myeloid_endothelial_cell,549,17.0,17,10_60296002_60299097,5903,Psap,1.0
853538,1041,Brain_Non-Myeloid_endothelial_cell,549,85.0,85,10_60296002_60299097,5903,Psap,1.0
853539,1045,Brain_Non-Myeloid_endothelial_cell,549,53.0,53,10_60296002_60299097,5903,Psap,1.0
853540,1047,Brain_Non-Myeloid_endothelial_cell,549,19.0,19,10_60296002_60299097,5903,Psap,1.0
853541,1048,Brain_Non-Myeloid_endothelial_cell,549,26.0,26,10_60296002_60299097,5903,Psap,1.0
853542,1049,Brain_Non-Myeloid_endothelial_cell,549,126.0,126,10_60296002_60299097,5903,Psap,1.0
853543,1051,Brain_Non-Myeloid_endothelial_cell,549,9.0,9,10_60296002_60299097,5903,Psap,1.0
853544,1052,Brain_Non-Myeloid_endothelial_cell,549,141.0,141,10_60296002_60299097,5903,Psap,1.0
853545,1053,Brain_Non-Myeloid_endothelial_cell,549,151.0,151,10_60296002_60299097,5903,Psap,1.0
853546,1055,Brain_Non-Myeloid_endothelial_cell,549,336.0,336,10_60296002_60299097,5903,Psap,1.0
853547,1056,Brain_Non-Myeloid_endothelial_cell,549,12.0,12,10_60296002_60299097,5903,Psap,1.0
853548,1057,Brain_Non-Myeloid_endothelial_cell,549,31.0,31,10_60296002_60299097,5903,Psap,1.0
853549,1058,Brain_Non-Myeloid_endothelial_cell,549,3.0,3,10_60296002_60299097,5903,Psap,1.0
853550,1059,Brain_Non-Myeloid_endothelial_cell,549,89.0,89,10_60296002_60299097,5903,Psap,1.0
853551,1062,Brain_Non-Myeloid_endothelial_cell,549,2.0,2,10_60296002_60299097,5903,Psap,1.0
853552,1063,Brain_Non-Myeloid_endothelial_cell,549,23.0,23,10_60296002_60299097,5903,Psap,1.0
853553,1065,Brain_Non-Myeloid_endothelial_cell,549,24.0,24,10_60296002_60299097,5903,Psap,1.0
853554,1066,Brain_Non-Myeloid_endothelial_cell,549,33.0,33,10_60296002_60299097,5903,Psap,1.0
853555,1067,Brain_Non-Myeloid_endothelial_cell,549,3.0,3,10_60296002_60299097,5903,Psap,1.0
853556,1068,Brain_Non-Myeloid_endothelial_cell,549,73.0,73,10_60296002_60299097,5903,Psap,1.0
853557,1069,Brain_Non-Myeloid_endothelial_cell,549,7.0,7,10_60296002_60299097,5903,Psap,1.0
853558,1070,Brain_Non-Myeloid_endothelial_cell,549,74.0,74,10_60296002_60299097,5903,Psap,1.0
853559,1071,Brain_Non-Myeloid_endothelial_cell,549,12.0,12,10_60296002_60299097,5903,Psap,1.0
853560,1072,Brain_Non-Myeloid_endothelial_cell,549,15.0,15,10_60296002_60299097,5903,Psap,1.0
853561,1073,Brain_Non-Myeloid_endothelial_cell,549,26.0,26,10_60296002_60299097,5903,Psap,1.0
853562,1074,Brain_Non-Myeloid_oligodendrocyte,549,286.0,364,10_60296002_60299097,5903,Psap,0.7857142857142857
853563,1075,Brain_Non-Myeloid_oligodendrocyte,549,2.0,72,10_60296002_60299097,5903,Psap,0.027777777777777776
853564,1076,Brain_Non-Myeloid_oligodendrocyte,549,80.0,81,10_60296002_60299097,5903,Psap,0.9876543209876543
853565,1078,Brain_Non-Myeloid_oligodendrocyte,549,781.0,945,10_60296002_60299097,5903,Psap,0.8264550264550264
853566,1079,Brain_Non-Myeloid_oligodendrocyte,549,300.0,307,10_60296002_60299097,5903,Psap,0.9771986970684039
853567,1080,Brain_Non-Myeloid_oligodendrocyte,549,199.0,330,10_60296002_60299097,5903,Psap,0.603030303030303
853568,1081,Brain_Non-Myeloid_oligodendrocyte,549,217.0,247,10_60296002_60299097,5903,Psap,0.8785425101214575
853569,1083,Brain_Non-Myeloid_oligodendrocyte,549,458.0,527,10_60296002_60299097,5903,Psap,0.8690702087286527
853570,1084,Brain_Non-Myeloid_oligodendrocyte,549,59.0,107,10_60296002_60299097,5903,Psap,0.5514018691588785
853571,1085,Brain_Non-Myeloid_oligodendrocyte,549,43.0,52,10_60296002_60299097,5903,Psap,0.8269230769230769
853572,1087,Brain_Non-Myeloid_oligodendrocyte,549,206.0,423,10_60296002_60299097,5903,Psap,0.48699763593380613
853573,1088,Brain_Non-Myeloid_oligodendrocyte,549,302.0,343,10_60296002_60299097,5903,Psap,0.880466472303207
853574,1089,Brain_Non-Myeloid_oligodendrocyte,549,85.0,301,10_60296002_60299097,5903,Psap,0.2823920265780731
853575,1090,Brain_Non-Myeloid_oligodendrocyte,549,131.0,195,10_60296002_60299097,5903,Psap,0.6717948717948717
853576,1091,Brain_Non-Myeloid_oligodendrocyte,549,20.0,22,10_60296002_60299097,5903,Psap,0.9090909090909091
853577,1092,Brain_Non-Myeloid_oligodendrocyte,549,14.0,25,10_60296002_60299097,5903,Psap,0.56
853578,1093,Brain_Non-Myeloid_oligodendrocyte,549,37.0,44,10_60296002_60299097,5903,Psap,0.8409090909090909
853579,1094,Brain_Non-Myeloid_oligodendrocyte,549,216.0,322,10_60296002_60299097,5903,Psap,0.6708074534161491
853580,1095,Brain_Non-Myeloid_oligodendrocyte,549,229.0,275,10_60296002_60299097,5903,Psap,0.8327272727272728
853581,1096,Brain_Non-Myeloid_oligodendrocyte,549,75.0,111,10_60296002_60299097,5903,Psap,0.6756756756756757
853582,1100,Brain_Non-Myeloid_oligodendrocyte,549,3.0,129,10_60296002_60299097,5903,Psap,0.023255813953488372
853583,1102,Brain_Non-Myeloid_oligodendrocyte,549,105.0,146,10_60296002_60299097,5903,Psap,0.7191780821917808
853584,1103,Brain_Non-Myeloid_oligodendrocyte,549,3.0,3,10_60296002_60299097,5903,Psap,1.0
853585,1105,Brain_Non-Myeloid_oligodendrocyte,549,3.0,72,10_60296002_60299097,5903,Psap,0.041666666666666664
853586,1109,Brain_Non-Myeloid_oligodendrocyte,549,44.0,65,10_60296002_60299097,5903,Psap,0.676923076923077
853587,1110,Brain_Non-Myeloid_oligodendrocyte,549,132.0,230,10_60296002_60299097,5903,Psap,0.5739130434782609
853588,1111,Brain_Non-Myeloid_oligodendrocyte,549,25.0,26,10_60296002_60299097,5903,Psap,0.9615384615384616
853589,1113,Brain_Non-Myeloid_oligodendrocyte,549,405.0,708,10_60296002_60299097,5903,Psap,0.5720338983050848
853590,1114,Brain_Non-Myeloid_oligodendrocyte,549,77.0,89,10_60296002_60299097,5903,Psap,0.8651685393258427
853591,1115,Brain_Non-Myeloid_oligodendrocyte,549,316.0,319,10_60296002_60299097,5903,Psap,0.9905956112852664
853592,1116,Brain_Non-Myeloid_oligodendrocyte,549,1.0,2,10_60296002_60299097,5903,Psap,0.5
853593,1117,Brain_Non-Myeloid_oligodendrocyte,549,628.0,693,10_60296002_60299097,5903,Psap,0.9062049062049062
853594,1118,Brain_Non-Myeloid_oligodendrocyte,549,290.0,374,10_60296002_60299097,5903,Psap,0.7754010695187166
853595,1121,Brain_Non-Myeloid_oligodendrocyte,549,1160.0,1640,10_60296002_60299097,5903,Psap,0.7073170731707317
853596,1122,Brain_Non-Myeloid_oligodendrocyte,549,12.0,13,10_60296002_60299097,5903,Psap,0.9230769230769231
853597,1123,Brain_Non-Myeloid_oligodendrocyte,549,1.0,1,10_60296002_60299097,5903,Psap,1.0
853598,1126,Brain_Non-Myeloid_oligodendrocyte,549,1504.0,1662,10_60296002_60299097,5903,Psap,0.9049338146811071
853599,1127,Brain_Non-Myeloid_oligodendrocyte,549,163.0,310,10_60296002_60299097,5903,Psap,0.5258064516129032
853600,1128,Brain_Non-Myeloid_oligodendrocyte,549,975.0,1294,10_60296002_60299097,5903,Psap,0.7534775888717156
853601,1129,Brain_Non-Myeloid_oligodendrocyte,549,1.0,1,10_60296002_60299097,5903,Psap,1.0
853602,1130,Brain_Non-Myeloid_oligodendrocyte,549,195.0,198,10_60296002_60299097,5903,Psap,0.9848484848484849
853603,1131,Brain_Non-Myeloid_oligodendrocyte,549,2.0,2,10_60296002_60299097,5903,Psap,1.0
853604,1132,Brain_Non-Myeloid_oligodendrocyte,549,2.0,2,10_60296002_60299097,5903,Psap,1.0
853605,1133,Brain_Non-Myeloid_oligodendrocyte,549,134.0,136,10_60296002_60299097,5903,Psap,0.9852941176470589
853606,1134,Brain_Non-Myeloid_oligodendrocyte,549,626.0,702,10_60296002_60299097,5903,Psap,0.8917378917378918
853607,1135,Brain_Non-Myeloid_oligodendrocyte,549,186.0,190,10_60296002_60299097,5903,Psap,0.9789473684210527
853608,1136,Brain_Non-Myeloid_oligodendrocyte,549,74.0,105,10_60296002_60299097,5903,Psap,0.7047619047619048
853609,1137,Brain_Non-Myeloid_oligodendrocyte,549,3.0,8,10_60296002_60299097,5903,Psap,0.375
853610,1138,Brain_Non-Myeloid_oligodendrocyte,549,21.0,22,10_60296002_60299097,5903,Psap,0.9545454545454546
853611,1139,Brain_Non-Myeloid_oligodendrocyte,549,115.0,117,10_60296002_60299097,5903,Psap,0.9829059829059829
853612,1141,Brain_Non-Myeloid_oligodendrocyte,549,72.0,81,10_60296002_60299097,5903,Psap,0.8888888888888888
853613,1142,Brain_Non-Myeloid_oligodendrocyte,549,51.0,76,10_60296002_60299097,5903,Psap,0.6710526315789473
853614,1144,Brain_Non-Myeloid_oligodendrocyte,549,227.0,232,10_60296002_60299097,5903,Psap,0.978448275862069
853615,1146,Brain_Non-Myeloid_oligodendrocyte,549,487.0,612,10_60296002_60299097,5903,Psap,0.795751633986928
853616,1147,Brain_Non-Myeloid_oligodendrocyte,549,108.0,127,10_60296002_60299097,5903,Psap,0.8503937007874016
853617,1148,Brain_Non-Myeloid_oligodendrocyte,549,144.0,170,10_60296002_60299097,5903,Psap,0.8470588235294118
853618,1151,Brain_Non-Myeloid_oligodendrocyte,549,426.0,522,10_60296002_60299097,5903,Psap,0.8160919540229885
853619,1152,Brain_Non-Myeloid_oligodendrocyte,549,1757.0,1951,10_60296002_60299097,5903,Psap,0.9005638134290108
853620,1154,Brain_Non-Myeloid_oligodendrocyte,549,2.0,2,10_60296002_60299097,5903,Psap,1.0
853621,1155,Brain_Non-Myeloid_oligodendrocyte,549,617.0,653,10_60296002_60299097,5903,Psap,0.9448698315467075
853622,1156,Brain_Non-Myeloid_oligodendrocyte,549,67.0,69,10_60296002_60299097,5903,Psap,0.9710144927536232
853623,1157,Brain_Non-Myeloid_oligodendrocyte,549,1.0,3,10_60296002_60299097,5903,Psap,0.3333333333333333
853624,1158,Brain_Non-Myeloid_oligodendrocyte,549,111.0,113,10_60296002_60299097,5903,Psap,0.9823008849557522
853625,1159,Brain_Non-Myeloid_oligodendrocyte,549,198.0,395,10_60296002_60299097,5903,Psap,0.5012658227848101
853626,1160,Brain_Non-Myeloid_oligodendrocyte,549,191.0,223,10_60296002_60299097,5903,Psap,0.8565022421524664
853627,1161,Brain_Non-Myeloid_oligodendrocyte,549,216.0,521,10_60296002_60299097,5903,Psap,0.4145873320537428
853628,1162,Brain_Non-Myeloid_oligodendrocyte,549,21.0,27,10_60296002_60299097,5903,Psap,0.7777777777777778
853629,1163,Brain_Non-Myeloid_oligodendrocyte,549,353.0,416,10_60296002_60299097,5903,Psap,0.8485576923076923
853630,1164,Brain_Non-Myeloid_oligodendrocyte,549,190.0,492,10_60296002_60299097,5903,Psap,0.3861788617886179
853631,1165,Brain_Non-Myeloid_oligodendrocyte,549,98.0,177,10_60296002_60299097,5903,Psap,0.5536723163841808
853632,1166,Brain_Non-Myeloid_oligodendrocyte,549,617.0,912,10_60296002_60299097,5903,Psap,0.6765350877192983
853633,1167,Brain_Non-Myeloid_oligodendrocyte,549,152.0,163,10_60296002_60299097,5903,Psap,0.9325153374233128
853634,1168,Brain_Non-Myeloid_oligodendrocyte,549,68.0,77,10_60296002_60299097,5903,Psap,0.8831168831168831
853635,1169,Brain_Non-Myeloid_oligodendrocyte,549,174.0,376,10_60296002_60299097,5903,Psap,0.4627659574468085
853636,1170,Brain_Non-Myeloid_oligodendrocyte,549,1116.0,1346,10_60296002_60299097,5903,Psap,0.8291233283803864
853637,1171,Brain_Non-Myeloid_oligodendrocyte,549,169.0,200,10_60296002_60299097,5903,Psap,0.845
853638,1173,Brain_Non-Myeloid_oligodendrocyte,549,346.0,386,10_60296002_60299097,5903,Psap,0.8963730569948186
853639,1174,Brain_Non-Myeloid_oligodendrocyte,549,28.0,38,10_60296002_60299097,5903,Psap,0.7368421052631579
853640,1175,Brain_Non-Myeloid_oligodendrocyte,549,688.0,709,10_60296002_60299097,5903,Psap,0.9703808180535967
853641,1176,Brain_Non-Myeloid_oligodendrocyte,549,39.0,84,10_60296002_60299097,5903,Psap,0.4642857142857143
853642,1178,Brain_Non-Myeloid_oligodendrocyte,549,324.0,329,10_60296002_60299097,5903,Psap,0.9848024316109423
853643,1179,Brain_Non-Myeloid_oligodendrocyte,549,202.0,231,10_60296002_60299097,5903,Psap,0.8744588744588745
853644,1180,Brain_Non-Myeloid_oligodendrocyte,549,97.0,105,10_60296002_60299097,5903,Psap,0.9238095238095239
853645,1182,Brain_Non-Myeloid_oligodendrocyte,549,9.0,47,10_60296002_60299097,5903,Psap,0.19148936170212766
853646,1183,Brain_Non-Myeloid_oligodendrocyte,549,8.0,8,10_60296002_60299097,5903,Psap,1.0
853647,1184,Brain_Non-Myeloid_oligodendrocyte,549,25.0,26,10_60296002_60299097,5903,Psap,0.9615384615384616
853648,1185,Brain_Non-Myeloid_oligodendrocyte,549,38.0,79,10_60296002_60299097,5903,Psap,0.4810126582278481
853649,1186,Brain_Non-Myeloid_oligodendrocyte,549,54.0,56,10_60296002_60299097,5903,Psap,0.9642857142857143
853650,1187,Brain_Non-Myeloid_oligodendrocyte,549,370.0,392,10_60296002_60299097,5903,Psap,0.9438775510204082
853651,1188,Brain_Non-Myeloid_oligodendrocyte,549,118.0,135,10_60296002_60299097,5903,Psap,0.8740740740740741
853652,1189,Brain_Non-Myeloid_oligodendrocyte,549,23.0,26,10_60296002_60299097,5903,Psap,0.8846153846153846
853653,1190,Brain_Non-Myeloid_oligodendrocyte,549,182.0,227,10_60296002_60299097,5903,Psap,0.801762114537445
853654,1191,Brain_Non-Myeloid_oligodendrocyte,549,40.0,64,10_60296002_60299097,5903,Psap,0.625
853655,1192,Brain_Non-Myeloid_oligodendrocyte,549,4.0,81,10_60296002_60299097,5903,Psap,0.04938271604938271
853656,1193,Brain_Non-Myeloid_oligodendrocyte,549,233.0,283,10_60296002_60299097,5903,Psap,0.823321554770318
853657,1194,Brain_Non-Myeloid_oligodendrocyte,549,88.0,111,10_60296002_60299097,5903,Psap,0.7927927927927928
853658,1195,Brain_Non-Myeloid_oligodendrocyte,549,49.0,56,10_60296002_60299097,5903,Psap,0.875
853659,1196,Brain_Non-Myeloid_oligodendrocyte,549,225.0,226,10_60296002_60299097,5903,Psap,0.995575221238938
853660,1197,Brain_Non-Myeloid_oligodendrocyte,549,434.0,526,10_60296002_60299097,5903,Psap,0.8250950570342205
853661,1198,Brain_Non-Myeloid_oligodendrocyte,549,52.0,107,10_60296002_60299097,5903,Psap,0.48598130841121495
853662,1199,Brain_Non-Myeloid_oligodendrocyte,549,78.0,78,10_60296002_60299097,5903,Psap,1.0
853663,1200,Brain_Non-Myeloid_oligodendrocyte,549,139.0,267,10_60296002_60299097,5903,Psap,0.5205992509363296
853664,1201,Brain_Non-Myeloid_oligodendrocyte,549,110.0,111,10_60296002_60299097,5903,Psap,0.990990990990991
853665,1203,Brain_Non-Myeloid_oligodendrocyte,549,34.0,54,10_60296002_60299097,5903,Psap,0.6296296296296297
853666,1204,Brain_Non-Myeloid_oligodendrocyte,549,87.0,88,10_60296002_60299097,5903,Psap,0.9886363636363636
853667,1205,Brain_Non-Myeloid_oligodendrocyte,549,2.0,9,10_60296002_60299097,5903,Psap,0.2222222222222222
853668,1206,Brain_Non-Myeloid_oligodendrocyte,549,170.0,203,10_60296002_60299097,5903,Psap,0.8374384236453202
853669,1207,Brain_Non-Myeloid_oligodendrocyte,549,50.0,242,10_60296002_60299097,5903,Psap,0.2066115702479339
853670,1208,Brain_Non-Myeloid_oligodendrocyte,549,43.0,110,10_60296002_60299097,5903,Psap,0.39090909090909093
853671,1209,Brain_Non-Myeloid_oligodendrocyte,549,93.0,132,10_60296002_60299097,5903,Psap,0.7045454545454546
853672,1210,Brain_Non-Myeloid_oligodendrocyte,549,30.0,52,10_60296002_60299097,5903,Psap,0.5769230769230769
853673,1211,Brain_Non-Myeloid_oligodendrocyte,549,38.0,45,10_60296002_60299097,5903,Psap,0.8444444444444444
853674,1212,Brain_Non-Myeloid_oligodendrocyte,549,143.0,146,10_60296002_60299097,5903,Psap,0.9794520547945206
853675,1214,Brain_Non-Myeloid_oligodendrocyte,549,120.0,128,10_60296002_60299097,5903,Psap,0.9375
853676,1215,Brain_Non-Myeloid_oligodendrocyte,549,65.0,94,10_60296002_60299097,5903,Psap,0.6914893617021277
853677,1216,Brain_Non-Myeloid_oligodendrocyte,549,61.0,62,10_60296002_60299097,5903,Psap,0.9838709677419355
853678,1217,Brain_Non-Myeloid_oligodendrocyte,549,313.0,323,10_60296002_60299097,5903,Psap,0.9690402476780186
853679,1218,Brain_Non-Myeloid_oligodendrocyte,549,186.0,189,10_60296002_60299097,5903,Psap,0.9841269841269841
853680,1219,Brain_Non-Myeloid_oligodendrocyte,549,187.0,189,10_60296002_60299097,5903,Psap,0.9894179894179894
853681,1220,Brain_Non-Myeloid_oligodendrocyte,549,75.0,116,10_60296002_60299097,5903,Psap,0.646551724137931
853682,1221,Brain_Non-Myeloid_oligodendrocyte,549,208.0,242,10_60296002_60299097,5903,Psap,0.859504132231405
853683,1222,Brain_Non-Myeloid_oligodendrocyte,549,34.0,45,10_60296002_60299097,5903,Psap,0.7555555555555555
853684,1223,Brain_Non-Myeloid_oligodendrocyte,549,44.0,204,10_60296002_60299097,5903,Psap,0.21568627450980393
853685,1224,Brain_Non-Myeloid_oligodendrocyte,549,73.0,96,10_60296002_60299097,5903,Psap,0.7604166666666666
853686,1225,Brain_Non-Myeloid_oligodendrocyte,549,99.0,142,10_60296002_60299097,5903,Psap,0.6971830985915493
853687,1226,Brain_Non-Myeloid_oligodendrocyte,549,16.0,16,10_60296002_60299097,5903,Psap,1.0
853688,1227,Brain_Non-Myeloid_oligodendrocyte,549,15.0,15,10_60296002_60299097,5903,Psap,1.0
853689,1228,Brain_Non-Myeloid_oligodendrocyte,549,278.0,281,10_60296002_60299097,5903,Psap,0.9893238434163701
853690,1230,Brain_Non-Myeloid_oligodendrocyte,549,5.0,167,10_60296002_60299097,5903,Psap,0.029940119760479042
853691,1231,Brain_Non-Myeloid_oligodendrocyte,549,72.0,87,10_60296002_60299097,5903,Psap,0.8275862068965517
853692,1232,Brain_Non-Myeloid_oligodendrocyte,549,37.0,43,10_60296002_60299097,5903,Psap,0.8604651162790697
853693,1233,Brain_Non-Myeloid_oligodendrocyte,549,366.0,402,10_60296002_60299097,5903,Psap,0.9104477611940298
853694,1234,Brain_Non-Myeloid_oligodendrocyte,549,103.0,136,10_60296002_60299097,5903,Psap,0.7573529411764706
853695,1235,Brain_Non-Myeloid_oligodendrocyte,549,86.0,102,10_60296002_60299097,5903,Psap,0.8431372549019608
853696,1236,Brain_Non-Myeloid_oligodendrocyte,549,122.0,141,10_60296002_60299097,5903,Psap,0.8652482269503546
853697,1237,Brain_Non-Myeloid_oligodendrocyte,549,65.0,65,10_60296002_60299097,5903,Psap,1.0
853698,1238,Brain_Non-Myeloid_oligodendrocyte,549,3.0,6,10_60296002_60299097,5903,Psap,0.5
853699,1239,Brain_Non-Myeloid_oligodendrocyte,549,1.0,1,10_60296002_60299097,5903,Psap,1.0
853700,1241,Brain_Non-Myeloid_oligodendrocyte,549,599.0,610,10_60296002_60299097,5903,Psap,0.9819672131147541
853701,1242,Brain_Non-Myeloid_oligodendrocyte,549,105.0,153,10_60296002_60299097,5903,Psap,0.6862745098039216
853702,1243,Brain_Non-Myeloid_oligodendrocyte,549,224.0,227,10_60296002_60299097,5903,Psap,0.986784140969163
853703,1245,Brain_Non-Myeloid_oligodendrocyte,549,58.0,72,10_60296002_60299097,5903,Psap,0.8055555555555556
853704,1246,Brain_Non-Myeloid_oligodendrocyte,549,259.0,335,10_60296002_60299097,5903,Psap,0.7731343283582089
853705,1247,Brain_Non-Myeloid_oligodendrocyte,549,45.0,61,10_60296002_60299097,5903,Psap,0.7377049180327869
853706,1248,Brain_Non-Myeloid_oligodendrocyte,549,234.0,422,10_60296002_60299097,5903,Psap,0.5545023696682464
853707,1249,Brain_Non-Myeloid_oligodendrocyte,549,72.0,75,10_60296002_60299097,5903,Psap,0.96
853708,1250,Brain_Non-Myeloid_oligodendrocyte,549,14.0,27,10_60296002_60299097,5903,Psap,0.5185185185185185
853709,1251,Brain_Non-Myeloid_oligodendrocyte,549,58.0,59,10_60296002_60299097,5903,Psap,0.9830508474576272
853710,1253,Brain_Non-Myeloid_oligodendrocyte,549,58.0,60,10_60296002_60299097,5903,Psap,0.9666666666666667
853711,1254,Brain_Non-Myeloid_oligodendrocyte,549,22.0,22,10_60296002_60299097,5903,Psap,1.0
853712,1255,Brain_Non-Myeloid_oligodendrocyte,549,125.0,167,10_60296002_60299097,5903,Psap,0.7485029940119761
853713,1256,Brain_Non-Myeloid_oligodendrocyte,549,431.0,482,10_60296002_60299097,5903,Psap,0.8941908713692946
853714,1257,Brain_Non-Myeloid_oligodendrocyte,549,329.0,402,10_60296002_60299097,5903,Psap,0.818407960199005
853715,1258,Brain_Non-Myeloid_oligodendrocyte,549,280.0,315,10_60296002_60299097,5903,Psap,0.8888888888888888
853716,1259,Brain_Non-Myeloid_oligodendrocyte,549,84.0,106,10_60296002_60299097,5903,Psap,0.7924528301886793
853717,1260,Brain_Non-Myeloid_oligodendrocyte,549,42.0,51,10_60296002_60299097,5903,Psap,0.8235294117647058
853718,1261,Brain_Non-Myeloid_oligodendrocyte,549,237.0,328,10_60296002_60299097,5903,Psap,0.7225609756097561
853719,1262,Brain_Non-Myeloid_oligodendrocyte,549,227.0,289,10_60296002_60299097,5903,Psap,0.7854671280276817
853720,1263,Brain_Non-Myeloid_oligodendrocyte,549,605.0,719,10_60296002_60299097,5903,Psap,0.8414464534075105
853721,1264,Brain_Non-Myeloid_oligodendrocyte,549,207.0,248,10_60296002_60299097,5903,Psap,0.8346774193548387
853722,1265,Brain_Non-Myeloid_oligodendrocyte,549,98.0,102,10_60296002_60299097,5903,Psap,0.9607843137254902
853723,1266,Brain_Non-Myeloid_oligodendrocyte,549,248.0,312,10_60296002_60299097,5903,Psap,0.7948717948717948
853724,1267,Brain_Non-Myeloid_oligodendrocyte,549,39.0,53,10_60296002_60299097,5903,Psap,0.7358490566037735
853725,1268,Brain_Non-Myeloid_oligodendrocyte,549,1.0,1,10_60296002_60299097,5903,Psap,1.0
853726,1269,Brain_Non-Myeloid_oligodendrocyte,549,1.0,124,10_60296002_60299097,5903,Psap,0.008064516129032258
853727,1270,Brain_Non-Myeloid_oligodendrocyte,549,138.0,140,10_60296002_60299097,5903,Psap,0.9857142857142858
853728,1271,Brain_Non-Myeloid_oligodendrocyte,549,90.0,198,10_60296002_60299097,5903,Psap,0.45454545454545453
853729,1272,Brain_Non-Myeloid_oligodendrocyte,549,142.0,173,10_60296002_60299097,5903,Psap,0.8208092485549133
853730,1273,Brain_Non-Myeloid_oligodendrocyte,549,2.0,105,10_60296002_60299097,5903,Psap,0.01904761904761905
853731,1274,Brain_Non-Myeloid_oligodendrocyte,549,281.0,291,10_60296002_60299097,5903,Psap,0.9656357388316151
853732,1276,Brain_Non-Myeloid_oligodendrocyte,549,240.0,291,10_60296002_60299097,5903,Psap,0.8247422680412371
853733,1277,Brain_Non-Myeloid_oligodendrocyte,549,131.0,190,10_60296002_60299097,5903,Psap,0.6894736842105263
853734,1279,Brain_Non-Myeloid_oligodendrocyte,549,48.0,48,10_60296002_60299097,5903,Psap,1.0
853735,1280,Brain_Non-Myeloid_oligodendrocyte,549,17.0,24,10_60296002_60299097,5903,Psap,0.7083333333333334
853736,1281,Brain_Non-Myeloid_oligodendrocyte,549,59.0,59,10_60296002_60299097,5903,Psap,1.0
853737,1282,Brain_Non-Myeloid_oligodendrocyte,549,59.0,76,10_60296002_60299097,5903,Psap,0.7763157894736842
853738,1283,Brain_Non-Myeloid_oligodendrocyte,549,107.0,130,10_60296002_60299097,5903,Psap,0.823076923076923
853739,1284,Brain_Non-Myeloid_oligodendrocyte,549,26.0,115,10_60296002_60299097,5903,Psap,0.22608695652173913
853740,1285,Brain_Non-Myeloid_oligodendrocyte,549,161.0,238,10_60296002_60299097,5903,Psap,0.6764705882352942
853741,1286,Brain_Non-Myeloid_oligodendrocyte,549,133.0,134,10_60296002_60299097,5903,Psap,0.9925373134328358
853742,1287,Brain_Non-Myeloid_oligodendrocyte,549,46.0,87,10_60296002_60299097,5903,Psap,0.5287356321839081
853743,1289,Brain_Non-Myeloid_oligodendrocyte,549,187.0,304,10_60296002_60299097,5903,Psap,0.6151315789473685
853744,1290,Brain_Non-Myeloid_oligodendrocyte,549,102.0,126,10_60296002_60299097,5903,Psap,0.8095238095238095
853745,1291,Brain_Non-Myeloid_oligodendrocyte,549,138.0,141,10_60296002_60299097,5903,Psap,0.9787234042553191
853746,1292,Brain_Non-Myeloid_oligodendrocyte,549,328.0,446,10_60296002_60299097,5903,Psap,0.7354260089686099
853747,1293,Brain_Non-Myeloid_oligodendrocyte,549,42.0,42,10_60296002_60299097,5903,Psap,1.0
853748,1294,Brain_Non-Myeloid_oligodendrocyte,549,32.0,42,10_60296002_60299097,5903,Psap,0.7619047619047619
853749,1295,Brain_Non-Myeloid_oligodendrocyte,549,73.0,144,10_60296002_60299097,5903,Psap,0.5069444444444444
853750,1296,Brain_Non-Myeloid_oligodendrocyte,549,70.0,86,10_60296002_60299097,5903,Psap,0.813953488372093
853751,1297,Brain_Non-Myeloid_oligodendrocyte,549,12.0,37,10_60296002_60299097,5903,Psap,0.32432432432432434
853752,1298,Brain_Non-Myeloid_oligodendrocyte,549,730.0,752,10_60296002_60299097,5903,Psap,0.9707446808510638
853753,1299,Brain_Non-Myeloid_oligodendrocyte,549,220.0,223,10_60296002_60299097,5903,Psap,0.9865470852017937
853754,1300,Brain_Non-Myeloid_oligodendrocyte,549,118.0,148,10_60296002_60299097,5903,Psap,0.7972972972972973
853755,1301,Brain_Non-Myeloid_oligodendrocyte,549,56.0,57,10_60296002_60299097,5903,Psap,0.9824561403508771
853756,1302,Brain_Non-Myeloid_oligodendrocyte,549,141.0,145,10_60296002_60299097,5903,Psap,0.9724137931034482
853757,1304,Brain_Non-Myeloid_oligodendrocyte,549,17.0,33,10_60296002_60299097,5903,Psap,0.5151515151515151
853758,1305,Brain_Non-Myeloid_oligodendrocyte,549,227.0,286,10_60296002_60299097,5903,Psap,0.7937062937062938
853759,1306,Brain_Non-Myeloid_oligodendrocyte,549,92.0,124,10_60296002_60299097,5903,Psap,0.7419354838709677
853760,1307,Brain_Non-Myeloid_oligodendrocyte,549,118.0,188,10_60296002_60299097,5903,Psap,0.6276595744680851
853761,1310,Brain_Non-Myeloid_oligodendrocyte,549,213.0,300,10_60296002_60299097,5903,Psap,0.71
853762,1311,Brain_Non-Myeloid_oligodendrocyte,549,108.0,129,10_60296002_60299097,5903,Psap,0.8372093023255814
853763,1312,Brain_Non-Myeloid_oligodendrocyte,549,152.0,163,10_60296002_60299097,5903,Psap,0.9325153374233128
853764,1313,Brain_Non-Myeloid_oligodendrocyte,549,22.0,27,10_60296002_60299097,5903,Psap,0.8148148148148148
853765,1314,Brain_Non-Myeloid_oligodendrocyte,549,106.0,175,10_60296002_60299097,5903,Psap,0.6057142857142858
853766,1315,Brain_Non-Myeloid_oligodendrocyte,549,77.0,93,10_60296002_60299097,5903,Psap,0.8279569892473119
853767,1316,Brain_Non-Myeloid_oligodendrocyte,549,126.0,145,10_60296002_60299097,5903,Psap,0.8689655172413793
853768,1317,Brain_Non-Myeloid_oligodendrocyte,549,90.0,134,10_60296002_60299097,5903,Psap,0.6716417910447762
853769,1318,Brain_Non-Myeloid_oligodendrocyte,549,62.0,81,10_60296002_60299097,5903,Psap,0.7654320987654321
853770,1319,Brain_Non-Myeloid_oligodendrocyte,549,12.0,18,10_60296002_60299097,5903,Psap,0.6666666666666666
853771,1320,Brain_Non-Myeloid_oligodendrocyte,549,307.0,350,10_60296002_60299097,5903,Psap,0.8771428571428571
853772,1321,Brain_Non-Myeloid_oligodendrocyte,549,104.0,106,10_60296002_60299097,5903,Psap,0.9811320754716981
853773,1322,Brain_Non-Myeloid_oligodendrocyte,549,51.0,64,10_60296002_60299097,5903,Psap,0.796875
853774,1323,Brain_Non-Myeloid_oligodendrocyte,549,242.0,249,10_60296002_60299097,5903,Psap,0.9718875502008032
853775,1324,Brain_Non-Myeloid_oligodendrocyte,549,718.0,884,10_60296002_60299097,5903,Psap,0.8122171945701357
853776,1325,Brain_Non-Myeloid_oligodendrocyte,549,92.0,122,10_60296002_60299097,5903,Psap,0.7540983606557377
853777,1327,Brain_Non-Myeloid_oligodendrocyte,549,89.0,98,10_60296002_60299097,5903,Psap,0.9081632653061225
853778,1328,Brain_Non-Myeloid_oligodendrocyte,549,45.0,57,10_60296002_60299097,5903,Psap,0.7894736842105263
853779,1330,Brain_Non-Myeloid_oligodendrocyte,549,83.0,117,10_60296002_60299097,5903,Psap,0.7094017094017094
853780,1332,Brain_Non-Myeloid_oligodendrocyte,549,481.0,651,10_60296002_60299097,5903,Psap,0.738863287250384
853781,1333,Brain_Non-Myeloid_oligodendrocyte,549,168.0,179,10_60296002_60299097,5903,Psap,0.9385474860335196
853782,1334,Brain_Non-Myeloid_oligodendrocyte,549,154.0,180,10_60296002_60299097,5903,Psap,0.8555555555555555
853783,1335,Brain_Non-Myeloid_oligodendrocyte,549,117.0,119,10_60296002_60299097,5903,Psap,0.9831932773109243
853784,1336,Brain_Non-Myeloid_oligodendrocyte,549,162.0,215,10_60296002_60299097,5903,Psap,0.7534883720930232
853785,1337,Brain_Non-Myeloid_oligodendrocyte,549,394.0,451,10_60296002_60299097,5903,Psap,0.8736141906873615
853786,1339,Brain_Non-Myeloid_oligodendrocyte,549,400.0,407,10_60296002_60299097,5903,Psap,0.9828009828009828
853787,1340,Brain_Non-Myeloid_oligodendrocyte,549,180.0,333,10_60296002_60299097,5903,Psap,0.5405405405405406
853788,1341,Brain_Non-Myeloid_oligodendrocyte,549,2.0,2,10_60296002_60299097,5903,Psap,1.0
853789,1342,Brain_Non-Myeloid_oligodendrocyte,549,63.0,64,10_60296002_60299097,5903,Psap,0.984375
853790,1343,Brain_Non-Myeloid_oligodendrocyte,549,168.0,318,10_60296002_60299097,5903,Psap,0.5283018867924528
853791,1344,Brain_Non-Myeloid_oligodendrocyte,549,474.0,549,10_60296002_60299097,5903,Psap,0.8633879781420765
853792,1345,Brain_Non-Myeloid_oligodendrocyte,549,35.0,55,10_60296002_60299097,5903,Psap,0.6363636363636364
853793,1346,Brain_Non-Myeloid_oligodendrocyte,549,147.0,247,10_60296002_60299097,5903,Psap,0.5951417004048583
853794,1347,Brain_Non-Myeloid_oligodendrocyte,549,166.0,248,10_60296002_60299097,5903,Psap,0.6693548387096774
853795,1348,Brain_Non-Myeloid_oligodendrocyte,549,173.0,175,10_60296002_60299097,5903,Psap,0.9885714285714285
853796,1349,Brain_Non-Myeloid_oligodendrocyte,549,330.0,398,10_60296002_60299097,5903,Psap,0.8291457286432161
853797,1350,Brain_Non-Myeloid_oligodendrocyte,549,235.0,266,10_60296002_60299097,5903,Psap,0.8834586466165414
853798,1351,Brain_Non-Myeloid_oligodendrocyte,549,34.0,45,10_60296002_60299097,5903,Psap,0.7555555555555555
853799,1352,Brain_Non-Myeloid_oligodendrocyte,549,96.0,143,10_60296002_60299097,5903,Psap,0.6713286713286714
853800,1353,Brain_Non-Myeloid_oligodendrocyte,549,356.0,362,10_60296002_60299097,5903,Psap,0.9834254143646409
853801,1354,Brain_Non-Myeloid_oligodendrocyte,549,109.0,145,10_60296002_60299097,5903,Psap,0.7517241379310344
853802,1355,Brain_Non-Myeloid_oligodendrocyte,549,399.0,586,10_60296002_60299097,5903,Psap,0.6808873720136519
853803,1356,Brain_Non-Myeloid_oligodendrocyte,549,282.0,313,10_60296002_60299097,5903,Psap,0.9009584664536742
853804,1357,Brain_Non-Myeloid_oligodendrocyte,549,308.0,325,10_60296002_60299097,5903,Psap,0.9476923076923077
853805,1358,Brain_Non-Myeloid_oligodendrocyte,549,68.0,129,10_60296002_60299097,5903,Psap,0.5271317829457365
853806,1359,Brain_Non-Myeloid_oligodendrocyte,549,326.0,333,10_60296002_60299097,5903,Psap,0.978978978978979
853807,1360,Brain_Non-Myeloid_oligodendrocyte,549,154.0,174,10_60296002_60299097,5903,Psap,0.8850574712643678
853808,1361,Brain_Non-Myeloid_oligodendrocyte,549,15.0,19,10_60296002_60299097,5903,Psap,0.7894736842105263
853809,1362,Brain_Non-Myeloid_oligodendrocyte,549,111.0,130,10_60296002_60299097,5903,Psap,0.8538461538461538
853810,1363,Brain_Non-Myeloid_oligodendrocyte,549,239.0,297,10_60296002_60299097,5903,Psap,0.8047138047138047
853811,1364,Brain_Non-Myeloid_oligodendrocyte,549,60.0,94,10_60296002_60299097,5903,Psap,0.6382978723404256
853812,1365,Brain_Non-Myeloid_oligodendrocyte,549,560.0,608,10_60296002_60299097,5903,Psap,0.9210526315789473
853813,1366,Brain_Non-Myeloid_oligodendrocyte,549,37.0,39,10_60296002_60299097,5903,Psap,0.9487179487179487
853814,1367,Brain_Non-Myeloid_oligodendrocyte,549,92.0,107,10_60296002_60299097,5903,Psap,0.8598130841121495
853815,1368,Brain_Non-Myeloid_oligodendrocyte,549,386.0,392,10_60296002_60299097,5903,Psap,0.9846938775510204
853816,1369,Brain_Non-Myeloid_oligodendrocyte,549,122.0,152,10_60296002_60299097,5903,Psap,0.8026315789473685
853817,1370,Brain_Non-Myeloid_oligodendrocyte,549,395.0,460,10_60296002_60299097,5903,Psap,0.8586956521739131
853818,1371,Brain_Non-Myeloid_oligodendrocyte,549,69.0,72,10_60296002_60299097,5903,Psap,0.9583333333333334
853819,1372,Brain_Non-Myeloid_oligodendrocyte,549,91.0,137,10_60296002_60299097,5903,Psap,0.6642335766423357
853820,1373,Brain_Non-Myeloid_oligodendrocyte,549,195.0,196,10_60296002_60299097,5903,Psap,0.9948979591836735
853821,1375,Brain_Non-Myeloid_oligodendrocyte,549,89.0,188,10_60296002_60299097,5903,Psap,0.4734042553191489
853822,1376,Brain_Non-Myeloid_oligodendrocyte,549,75.0,90,10_60296002_60299097,5903,Psap,0.8333333333333334
853823,1377,Brain_Non-Myeloid_oligodendrocyte,549,91.0,114,10_60296002_60299097,5903,Psap,0.7982456140350878
853824,1378,Brain_Non-Myeloid_oligodendrocyte,549,345.0,609,10_60296002_60299097,5903,Psap,0.5665024630541872
853825,1379,Brain_Non-Myeloid_oligodendrocyte,549,113.0,114,10_60296002_60299097,5903,Psap,0.9912280701754386
853826,1380,Brain_Non-Myeloid_oligodendrocyte,549,119.0,126,10_60296002_60299097,5903,Psap,0.9444444444444444
853827,1381,Brain_Non-Myeloid_oligodendrocyte,549,193.0,247,10_60296002_60299097,5903,Psap,0.7813765182186235
853828,1382,Brain_Non-Myeloid_oligodendrocyte,549,19.0,20,10_60296002_60299097,5903,Psap,0.95
853829,1383,Brain_Non-Myeloid_oligodendrocyte,549,125.0,163,10_60296002_60299097,5903,Psap,0.7668711656441718
853830,1384,Brain_Non-Myeloid_oligodendrocyte,549,286.0,424,10_60296002_60299097,5903,Psap,0.6745283018867925
853831,1385,Brain_Non-Myeloid_oligodendrocyte,549,22.0,39,10_60296002_60299097,5903,Psap,0.5641025641025641
853832,1386,Brain_Non-Myeloid_oligodendrocyte,549,75.0,152,10_60296002_60299097,5903,Psap,0.4934210526315789
853833,1387,Brain_Non-Myeloid_oligodendrocyte,549,199.0,225,10_60296002_60299097,5903,Psap,0.8844444444444445
853834,1389,Brain_Non-Myeloid_oligodendrocyte,549,64.0,64,10_60296002_60299097,5903,Psap,1.0
853835,1390,Brain_Non-Myeloid_oligodendrocyte,549,174.0,176,10_60296002_60299097,5903,Psap,0.9886363636363636
853836,1392,Brain_Non-Myeloid_oligodendrocyte,549,420.0,502,10_60296002_60299097,5903,Psap,0.8366533864541833
853837,1393,Brain_Non-Myeloid_oligodendrocyte,549,270.0,412,10_60296002_60299097,5903,Psap,0.6553398058252428
853838,1394,Brain_Non-Myeloid_oligodendrocyte,549,260.0,397,10_60296002_60299097,5903,Psap,0.654911838790932
853839,1395,Brain_Non-Myeloid_oligodendrocyte,549,49.0,50,10_60296002_60299097,5903,Psap,0.98
853840,1396,Brain_Non-Myeloid_oligodendrocyte,549,406.0,593,10_60296002_60299097,5903,Psap,0.684654300168634
853841,1397,Brain_Non-Myeloid_oligodendrocyte,549,47.0,48,10_60296002_60299097,5903,Psap,0.9791666666666666
853842,1398,Brain_Non-Myeloid_oligodendrocyte,549,153.0,161,10_60296002_60299097,5903,Psap,0.9503105590062112
853843,1399,Brain_Non-Myeloid_oligodendrocyte,549,21.0,21,10_60296002_60299097,5903,Psap,1.0
853844,1400,Brain_Non-Myeloid_oligodendrocyte,549,390.0,395,10_60296002_60299097,5903,Psap,0.9873417721518988
853845,1401,Brain_Non-Myeloid_oligodendrocyte,549,100.0,138,10_60296002_60299097,5903,Psap,0.7246376811594203
853846,1402,Brain_Non-Myeloid_oligodendrocyte,549,202.0,258,10_60296002_60299097,5903,Psap,0.7829457364341085
853847,1403,Brain_Non-Myeloid_oligodendrocyte,549,787.0,798,10_60296002_60299097,5903,Psap,0.9862155388471178
853848,1404,Brain_Non-Myeloid_oligodendrocyte,549,1062.0,1236,10_60296002_60299097,5903,Psap,0.8592233009708737
853849,1405,Brain_Non-Myeloid_oligodendrocyte,549,89.0,110,10_60296002_60299097,5903,Psap,0.8090909090909091
853850,1406,Brain_Non-Myeloid_oligodendrocyte,549,84.0,97,10_60296002_60299097,5903,Psap,0.865979381443299
853851,1407,Brain_Non-Myeloid_oligodendrocyte,549,13.0,44,10_60296002_60299097,5903,Psap,0.29545454545454547
853852,1408,Brain_Non-Myeloid_oligodendrocyte,549,308.0,395,10_60296002_60299097,5903,Psap,0.779746835443038
853853,1409,Brain_Non-Myeloid_oligodendrocyte,549,69.0,71,10_60296002_60299097,5903,Psap,0.971830985915493
853854,1410,Brain_Non-Myeloid_oligodendrocyte,549,216.0,412,10_60296002_60299097,5903,Psap,0.5242718446601942
853855,1412,Brain_Non-Myeloid_oligodendrocyte,549,214.0,318,10_60296002_60299097,5903,Psap,0.6729559748427673
853856,1413,Brain_Non-Myeloid_oligodendrocyte,549,56.0,81,10_60296002_60299097,5903,Psap,0.691358024691358
853857,1414,Brain_Non-Myeloid_oligodendrocyte,549,42.0,64,10_60296002_60299097,5903,Psap,0.65625
853858,1415,Brain_Non-Myeloid_oligodendrocyte,549,404.0,529,10_60296002_60299097,5903,Psap,0.7637051039697542
853859,1416,Brain_Non-Myeloid_oligodendrocyte,549,483.0,546,10_60296002_60299097,5903,Psap,0.8846153846153846
853860,1417,Brain_Non-Myeloid_oligodendrocyte,549,604.0,669,10_60296002_60299097,5903,Psap,0.9028400597907325
853861,1418,Brain_Non-Myeloid_oligodendrocyte,549,118.0,119,10_60296002_60299097,5903,Psap,0.9915966386554622
853862,1419,Brain_Non-Myeloid_oligodendrocyte,549,272.0,302,10_60296002_60299097,5903,Psap,0.9006622516556292
853863,1420,Brain_Non-Myeloid_oligodendrocyte,549,369.0,658,10_60296002_60299097,5903,Psap,0.560790273556231
853864,1422,Brain_Non-Myeloid_oligodendrocyte,549,69.0,72,10_60296002_60299097,5903,Psap,0.9583333333333334
853865,1423,Brain_Non-Myeloid_oligodendrocyte,549,37.0,42,10_60296002_60299097,5903,Psap,0.8809523809523809
853866,1424,Brain_Non-Myeloid_oligodendrocyte,549,38.0,54,10_60296002_60299097,5903,Psap,0.7037037037037037
853867,1425,Brain_Non-Myeloid_oligodendrocyte,549,70.0,78,10_60296002_60299097,5903,Psap,0.8974358974358975
853868,1426,Brain_Non-Myeloid_oligodendrocyte,549,392.0,396,10_60296002_60299097,5903,Psap,0.98989898989899
853869,1427,Brain_Non-Myeloid_oligodendrocyte,549,137.0,252,10_60296002_60299097,5903,Psap,0.5436507936507936
853870,1428,Brain_Non-Myeloid_oligodendrocyte,549,14.0,17,10_60296002_60299097,5903,Psap,0.8235294117647058
853871,1429,Brain_Non-Myeloid_oligodendrocyte,549,170.0,173,10_60296002_60299097,5903,Psap,0.9826589595375722
853872,1430,Brain_Non-Myeloid_oligodendrocyte,549,253.0,344,10_60296002_60299097,5903,Psap,0.7354651162790697
853873,1431,Brain_Non-Myeloid_oligodendrocyte,549,42.0,74,10_60296002_60299097,5903,Psap,0.5675675675675675
853874,1432,Brain_Non-Myeloid_oligodendrocyte,549,168.0,238,10_60296002_60299097,5903,Psap,0.7058823529411765
853875,1433,Brain_Non-Myeloid_oligodendrocyte,549,27.0,37,10_60296002_60299097,5903,Psap,0.7297297297297297
853876,1434,Brain_Non-Myeloid_oligodendrocyte,549,68.0,142,10_60296002_60299097,5903,Psap,0.4788732394366197
853877,1435,Brain_Non-Myeloid_oligodendrocyte,549,75.0,83,10_60296002_60299097,5903,Psap,0.9036144578313253
853878,1436,Brain_Non-Myeloid_oligodendrocyte,549,80.0,107,10_60296002_60299097,5903,Psap,0.7476635514018691
853879,1439,Brain_Non-Myeloid_oligodendrocyte,549,83.0,189,10_60296002_60299097,5903,Psap,0.43915343915343913
853880,1440,Brain_Non-Myeloid_oligodendrocyte,549,13.0,13,10_60296002_60299097,5903,Psap,1.0
853881,1442,Brain_Non-Myeloid_oligodendrocyte,549,8.0,14,10_60296002_60299097,5903,Psap,0.5714285714285714
853882,1443,Brain_Non-Myeloid_oligodendrocyte,549,1399.0,1429,10_60296002_60299097,5903,Psap,0.9790062981105668
853883,1444,Brain_Non-Myeloid_oligodendrocyte,549,163.0,167,10_60296002_60299097,5903,Psap,0.9760479041916168
853884,1445,Brain_Non-Myeloid_oligodendrocyte,549,163.0,224,10_60296002_60299097,5903,Psap,0.7276785714285714
853885,1446,Brain_Non-Myeloid_oligodendrocyte,549,129.0,152,10_60296002_60299097,5903,Psap,0.8486842105263158
853886,1447,Brain_Non-Myeloid_oligodendrocyte,549,414.0,496,10_60296002_60299097,5903,Psap,0.8346774193548387
853887,1448,Brain_Non-Myeloid_oligodendrocyte,549,90.0,92,10_60296002_60299097,5903,Psap,0.9782608695652174
853888,1449,Brain_Non-Myeloid_oligodendrocyte,549,103.0,109,10_60296002_60299097,5903,Psap,0.944954128440367
853889,1450,Brain_Non-Myeloid_oligodendrocyte,549,85.0,106,10_60296002_60299097,5903,Psap,0.8018867924528302
853890,1453,Brain_Non-Myeloid_oligodendrocyte,549,206.0,289,10_60296002_60299097,5903,Psap,0.71280276816609
853891,1454,Brain_Non-Myeloid_oligodendrocyte,549,258.0,265,10_60296002_60299097,5903,Psap,0.9735849056603774
853892,1455,Brain_Non-Myeloid_oligodendrocyte,549,115.0,168,10_60296002_60299097,5903,Psap,0.6845238095238095
853893,1456,Brain_Non-Myeloid_oligodendrocyte,549,211.0,296,10_60296002_60299097,5903,Psap,0.7128378378378378
853894,1457,Brain_Non-Myeloid_oligodendrocyte,549,159.0,242,10_60296002_60299097,5903,Psap,0.6570247933884298
853895,1458,Brain_Non-Myeloid_oligodendrocyte,549,151.0,151,10_60296002_60299097,5903,Psap,1.0
853896,1459,Brain_Non-Myeloid_oligodendrocyte,549,49.0,72,10_60296002_60299097,5903,Psap,0.6805555555555556
853897,1460,Brain_Non-Myeloid_oligodendrocyte,549,164.0,209,10_60296002_60299097,5903,Psap,0.784688995215311
853898,1461,Brain_Non-Myeloid_oligodendrocyte,549,145.0,158,10_60296002_60299097,5903,Psap,0.9177215189873418
853899,1462,Brain_Non-Myeloid_oligodendrocyte,549,40.0,59,10_60296002_60299097,5903,Psap,0.6779661016949152
853900,1464,Brain_Non-Myeloid_oligodendrocyte,549,57.0,63,10_60296002_60299097,5903,Psap,0.9047619047619048
853901,1465,Brain_Non-Myeloid_oligodendrocyte,549,137.0,180,10_60296002_60299097,5903,Psap,0.7611111111111111
853902,1466,Brain_Non-Myeloid_oligodendrocyte,549,141.0,173,10_60296002_60299097,5903,Psap,0.815028901734104
853903,1467,Brain_Non-Myeloid_oligodendrocyte,549,49.0,75,10_60296002_60299097,5903,Psap,0.6533333333333333
853904,1468,Brain_Non-Myeloid_oligodendrocyte,549,54.0,88,10_60296002_60299097,5903,Psap,0.6136363636363636
853905,1469,Brain_Non-Myeloid_oligodendrocyte,549,228.0,267,10_60296002_60299097,5903,Psap,0.8539325842696629
853906,1471,Brain_Non-Myeloid_oligodendrocyte,549,86.0,163,10_60296002_60299097,5903,Psap,0.5276073619631901
853907,1472,Brain_Non-Myeloid_oligodendrocyte,549,66.0,79,10_60296002_60299097,5903,Psap,0.8354430379746836
853908,1474,Brain_Non-Myeloid_oligodendrocyte,549,1.0,1,10_60296002_60299097,5903,Psap,1.0
853909,1475,Brain_Non-Myeloid_oligodendrocyte,549,53.0,82,10_60296002_60299097,5903,Psap,0.6463414634146342
853910,1476,Brain_Non-Myeloid_oligodendrocyte,549,121.0,122,10_60296002_60299097,5903,Psap,0.9918032786885246
853911,1477,Brain_Non-Myeloid_oligodendrocyte,549,111.0,131,10_60296002_60299097,5903,Psap,0.8473282442748091
853912,1478,Brain_Non-Myeloid_oligodendrocyte,549,45.0,49,10_60296002_60299097,5903,Psap,0.9183673469387755
853913,1479,Brain_Non-Myeloid_oligodendrocyte,549,162.0,238,10_60296002_60299097,5903,Psap,0.680672268907563
853914,1480,Brain_Non-Myeloid_oligodendrocyte,549,78.0,130,10_60296002_60299097,5903,Psap,0.6
853915,1481,Brain_Non-Myeloid_oligodendrocyte,549,144.0,259,10_60296002_60299097,5903,Psap,0.555984555984556
853916,1482,Brain_Non-Myeloid_oligodendrocyte,549,937.0,1319,10_60296002_60299097,5903,Psap,0.7103866565579985
853917,1483,Brain_Non-Myeloid_oligodendrocyte,549,31.0,57,10_60296002_60299097,5903,Psap,0.543859649122807
853918,1484,Brain_Non-Myeloid_oligodendrocyte,549,175.0,180,10_60296002_60299097,5903,Psap,0.9722222222222222
853919,1485,Brain_Non-Myeloid_oligodendrocyte,549,5.0,9,10_60296002_60299097,5903,Psap,0.5555555555555556
853920,1486,Brain_Non-Myeloid_oligodendrocyte,549,214.0,263,10_60296002_60299097,5903,Psap,0.8136882129277566
853921,1487,Brain_Non-Myeloid_oligodendrocyte,549,412.0,466,10_60296002_60299097,5903,Psap,0.8841201716738197
853922,1488,Brain_Non-Myeloid_oligodendrocyte,549,161.0,195,10_60296002_60299097,5903,Psap,0.8256410256410256
853923,1489,Brain_Non-Myeloid_oligodendrocyte,549,156.0,184,10_60296002_60299097,5903,Psap,0.8478260869565217
853924,1490,Brain_Non-Myeloid_oligodendrocyte,549,144.0,258,10_60296002_60299097,5903,Psap,0.5581395348837209
853925,1491,Brain_Non-Myeloid_oligodendrocyte,549,363.0,394,10_60296002_60299097,5903,Psap,0.9213197969543148
853926,1492,Brain_Non-Myeloid_oligodendrocyte,549,123.0,259,10_60296002_60299097,5903,Psap,0.4749034749034749
853927,1493,Brain_Non-Myeloid_oligodendrocyte,549,485.0,496,10_60296002_60299097,5903,Psap,0.9778225806451613
853928,1494,Brain_Non-Myeloid_oligodendrocyte,549,12.0,45,10_60296002_60299097,5903,Psap,0.26666666666666666
853929,1495,Brain_Non-Myeloid_oligodendrocyte,549,111.0,114,10_60296002_60299097,5903,Psap,0.9736842105263158
853930,1496,Brain_Non-Myeloid_oligodendrocyte,549,203.0,203,10_60296002_60299097,5903,Psap,1.0
853931,1497,Brain_Non-Myeloid_oligodendrocyte,549,192.0,193,10_60296002_60299097,5903,Psap,0.9948186528497409
853932,1498,Brain_Non-Myeloid_oligodendrocyte,549,207.0,269,10_60296002_60299097,5903,Psap,0.7695167286245354
853933,1500,Brain_Non-Myeloid_oligodendrocyte,549,2.0,2,10_60296002_60299097,5903,Psap,1.0
853934,1501,Brain_Non-Myeloid_oligodendrocyte,549,111.0,221,10_60296002_60299097,5903,Psap,0.502262443438914
853935,1502,Brain_Non-Myeloid_oligodendrocyte,549,18.0,40,10_60296002_60299097,5903,Psap,0.45
853936,1503,Brain_Non-Myeloid_oligodendrocyte,549,11.0,54,10_60296002_60299097,5903,Psap,0.2037037037037037
853937,1504,Brain_Non-Myeloid_oligodendrocyte,549,20.0,20,10_60296002_60299097,5903,Psap,1.0
853938,1505,Brain_Non-Myeloid_oligodendrocyte,549,21.0,25,10_60296002_60299097,5903,Psap,0.84
853939,1506,Brain_Non-Myeloid_oligodendrocyte,549,144.0,228,10_60296002_60299097,5903,Psap,0.631578947368421
853940,1508,Brain_Non-Myeloid_oligodendrocyte,549,1006.0,1112,10_60296002_60299097,5903,Psap,0.9046762589928058
853941,1509,Brain_Non-Myeloid_oligodendrocyte,549,36.0,53,10_60296002_60299097,5903,Psap,0.6792452830188679
853942,1510,Brain_Non-Myeloid_oligodendrocyte,549,262.0,296,10_60296002_60299097,5903,Psap,0.8851351351351351
853943,1511,Brain_Non-Myeloid_oligodendrocyte,549,149.0,163,10_60296002_60299097,5903,Psap,0.9141104294478528
853944,1512,Brain_Non-Myeloid_oligodendrocyte,549,402.0,410,10_60296002_60299097,5903,Psap,0.9804878048780488
853945,1513,Brain_Non-Myeloid_oligodendrocyte,549,262.0,275,10_60296002_60299097,5903,Psap,0.9527272727272728
853946,1514,Brain_Non-Myeloid_oligodendrocyte,549,65.0,68,10_60296002_60299097,5903,Psap,0.9558823529411765
853947,1515,Brain_Non-Myeloid_oligodendrocyte,549,72.0,117,10_60296002_60299097,5903,Psap,0.6153846153846154
853948,1516,Brain_Non-Myeloid_oligodendrocyte,549,15.0,15,10_60296002_60299097,5903,Psap,1.0
853949,1517,Brain_Non-Myeloid_oligodendrocyte,549,138.0,223,10_60296002_60299097,5903,Psap,0.6188340807174888
853950,1518,Brain_Non-Myeloid_oligodendrocyte,549,167.0,389,10_60296002_60299097,5903,Psap,0.42930591259640105
853951,1519,Brain_Non-Myeloid_oligodendrocyte,549,121.0,146,10_60296002_60299097,5903,Psap,0.8287671232876712
853952,1521,Brain_Non-Myeloid_oligodendrocyte,549,43.0,45,10_60296002_60299097,5903,Psap,0.9555555555555556
853953,1522,Brain_Non-Myeloid_oligodendrocyte,549,72.0,108,10_60296002_60299097,5903,Psap,0.6666666666666666
853954,1523,Brain_Non-Myeloid_oligodendrocyte,549,63.0,84,10_60296002_60299097,5903,Psap,0.75
853955,1524,Brain_Non-Myeloid_oligodendrocyte,549,249.0,254,10_60296002_60299097,5903,Psap,0.9803149606299213
853956,1525,Brain_Non-Myeloid_oligodendrocyte,549,172.0,194,10_60296002_60299097,5903,Psap,0.8865979381443299
853957,1526,Brain_Non-Myeloid_oligodendrocyte,549,198.0,208,10_60296002_60299097,5903,Psap,0.9519230769230769
853958,1528,Brain_Non-Myeloid_oligodendrocyte,549,112.0,196,10_60296002_60299097,5903,Psap,0.5714285714285714
853959,1529,Brain_Non-Myeloid_oligodendrocyte,549,50.0,74,10_60296002_60299097,5903,Psap,0.6756756756756757
853960,1531,Brain_Non-Myeloid_oligodendrocyte,549,137.0,273,10_60296002_60299097,5903,Psap,0.5018315018315018
853961,1532,Brain_Non-Myeloid_oligodendrocyte,549,104.0,104,10_60296002_60299097,5903,Psap,1.0
853962,1533,Brain_Non-Myeloid_oligodendrocyte,549,52.0,53,10_60296002_60299097,5903,Psap,0.9811320754716981
853963,1534,Brain_Non-Myeloid_oligodendrocyte,549,68.0,68,10_60296002_60299097,5903,Psap,1.0
853964,1535,Brain_Non-Myeloid_oligodendrocyte,549,129.0,262,10_60296002_60299097,5903,Psap,0.49236641221374045
853965,1536,Brain_Non-Myeloid_oligodendrocyte,549,173.0,208,10_60296002_60299097,5903,Psap,0.8317307692307693
853966,1537,Brain_Non-Myeloid_oligodendrocyte,549,73.0,111,10_60296002_60299097,5903,Psap,0.6576576576576577
853967,1538,Brain_Non-Myeloid_oligodendrocyte,549,62.0,105,10_60296002_60299097,5903,Psap,0.5904761904761905
853968,1540,Brain_Non-Myeloid_oligodendrocyte,549,498.0,736,10_60296002_60299097,5903,Psap,0.6766304347826086
853969,1541,Brain_Non-Myeloid_oligodendrocyte,549,929.0,1025,10_60296002_60299097,5903,Psap,0.9063414634146342
853970,1542,Brain_Non-Myeloid_oligodendrocyte,549,213.0,263,10_60296002_60299097,5903,Psap,0.8098859315589354
853971,1544,Brain_Non-Myeloid_oligodendrocyte,549,62.0,113,10_60296002_60299097,5903,Psap,0.5486725663716814
853972,1545,Brain_Non-Myeloid_oligodendrocyte,549,142.0,145,10_60296002_60299097,5903,Psap,0.9793103448275862
853973,1546,Brain_Non-Myeloid_oligodendrocyte,549,104.0,197,10_60296002_60299097,5903,Psap,0.5279187817258884
853974,1547,Brain_Non-Myeloid_oligodendrocyte,549,113.0,113,10_60296002_60299097,5903,Psap,1.0
853975,1548,Brain_Non-Myeloid_oligodendrocyte,549,130.0,132,10_60296002_60299097,5903,Psap,0.9848484848484849
853976,1549,Brain_Non-Myeloid_oligodendrocyte,549,205.0,257,10_60296002_60299097,5903,Psap,0.7976653696498055
853977,1550,Brain_Non-Myeloid_oligodendrocyte,549,127.0,130,10_60296002_60299097,5903,Psap,0.9769230769230769
853978,1551,Brain_Non-Myeloid_oligodendrocyte,549,4.0,4,10_60296002_60299097,5903,Psap,1.0
853979,1552,Brain_Non-Myeloid_oligodendrocyte,549,149.0,206,10_60296002_60299097,5903,Psap,0.7233009708737864
853980,1553,Brain_Non-Myeloid_oligodendrocyte,549,86.0,86,10_60296002_60299097,5903,Psap,1.0
853981,1554,Brain_Non-Myeloid_oligodendrocyte,549,21.0,21,10_60296002_60299097,5903,Psap,1.0
853982,1555,Brain_Non-Myeloid_oligodendrocyte,549,140.0,206,10_60296002_60299097,5903,Psap,0.6796116504854369
853983,1556,Brain_Non-Myeloid_oligodendrocyte,549,185.0,390,10_60296002_60299097,5903,Psap,0.47435897435897434
853984,1557,Brain_Non-Myeloid_oligodendrocyte,549,60.0,105,10_60296002_60299097,5903,Psap,0.5714285714285714
853985,1558,Brain_Non-Myeloid_oligodendrocyte,549,2.0,30,10_60296002_60299097,5903,Psap,0.06666666666666667
853986,1559,Brain_Non-Myeloid_oligodendrocyte,549,159.0,288,10_60296002_60299097,5903,Psap,0.5520833333333334
853987,1560,Brain_Non-Myeloid_oligodendrocyte,549,89.0,115,10_60296002_60299097,5903,Psap,0.7739130434782608
853988,1561,Brain_Non-Myeloid_oligodendrocyte,549,274.0,275,10_60296002_60299097,5903,Psap,0.9963636363636363
853989,1562,Brain_Non-Myeloid_oligodendrocyte,549,139.0,170,10_60296002_60299097,5903,Psap,0.8176470588235294
853990,1563,Brain_Non-Myeloid_oligodendrocyte,549,76.0,97,10_60296002_60299097,5903,Psap,0.7835051546391752
853991,1564,Brain_Non-Myeloid_oligodendrocyte,549,252.0,418,10_60296002_60299097,5903,Psap,0.6028708133971292
853992,1565,Brain_Non-Myeloid_oligodendrocyte,549,100.0,119,10_60296002_60299097,5903,Psap,0.8403361344537815
853993,1566,Brain_Non-Myeloid_oligodendrocyte,549,129.0,148,10_60296002_60299097,5903,Psap,0.8716216216216216
853994,1567,Brain_Non-Myeloid_oligodendrocyte,549,309.0,380,10_60296002_60299097,5903,Psap,0.8131578947368421
853995,1568,Brain_Non-Myeloid_oligodendrocyte,549,146.0,147,10_60296002_60299097,5903,Psap,0.9931972789115646
853996,1569,Brain_Non-Myeloid_oligodendrocyte,549,187.0,215,10_60296002_60299097,5903,Psap,0.8697674418604651
853997,1570,Brain_Non-Myeloid_oligodendrocyte,549,8.0,15,10_60296002_60299097,5903,Psap,0.5333333333333333
853998,1571,Brain_Non-Myeloid_oligodendrocyte,549,362.0,390,10_60296002_60299097,5903,Psap,0.9282051282051282
853999,1572,Brain_Non-Myeloid_oligodendrocyte,549,207.0,360,10_60296002_60299097,5903,Psap,0.575
854000,1573,Brain_Non-Myeloid_oligodendrocyte,549,88.0,91,10_60296002_60299097,5903,Psap,0.967032967032967
854001,1574,Brain_Non-Myeloid_oligodendrocyte,549,39.0,44,10_60296002_60299097,5903,Psap,0.8863636363636364
854002,1575,Brain_Non-Myeloid_oligodendrocyte,549,486.0,654,10_60296002_60299097,5903,Psap,0.7431192660550459
854003,1576,Brain_Non-Myeloid_oligodendrocyte,549,181.0,210,10_60296002_60299097,5903,Psap,0.861904761904762
854004,1577,Brain_Non-Myeloid_oligodendrocyte,549,79.0,291,10_60296002_60299097,5903,Psap,0.27147766323024053
854005,1578,Brain_Non-Myeloid_oligodendrocyte,549,85.0,85,10_60296002_60299097,5903,Psap,1.0
854006,1579,Brain_Non-Myeloid_oligodendrocyte,549,81.0,82,10_60296002_60299097,5903,Psap,0.9878048780487805
854007,1580,Brain_Non-Myeloid_oligodendrocyte,549,169.0,200,10_60296002_60299097,5903,Psap,0.845
854008,1581,Brain_Non-Myeloid_oligodendrocyte,549,52.0,103,10_60296002_60299097,5903,Psap,0.5048543689320388
854009,1582,Brain_Non-Myeloid_oligodendrocyte,549,69.0,82,10_60296002_60299097,5903,Psap,0.8414634146341463
854010,1583,Brain_Non-Myeloid_oligodendrocyte,549,42.0,121,10_60296002_60299097,5903,Psap,0.34710743801652894
854011,1584,Brain_Non-Myeloid_oligodendrocyte,549,222.0,304,10_60296002_60299097,5903,Psap,0.7302631578947368
854012,1585,Brain_Non-Myeloid_oligodendrocyte,549,242.0,279,10_60296002_60299097,5903,Psap,0.8673835125448028
854013,1586,Brain_Non-Myeloid_oligodendrocyte,549,67.0,119,10_60296002_60299097,5903,Psap,0.5630252100840336
854014,1587,Brain_Non-Myeloid_oligodendrocyte,549,91.0,131,10_60296002_60299097,5903,Psap,0.6946564885496184
854015,1588,Brain_Non-Myeloid_oligodendrocyte,549,123.0,130,10_60296002_60299097,5903,Psap,0.9461538461538461
854016,1589,Brain_Non-Myeloid_oligodendrocyte,549,215.0,315,10_60296002_60299097,5903,Psap,0.6825396825396826
854017,1591,Brain_Non-Myeloid_oligodendrocyte,549,112.0,114,10_60296002_60299097,5903,Psap,0.9824561403508771
854018,1592,Brain_Non-Myeloid_oligodendrocyte,549,50.0,50,10_60296002_60299097,5903,Psap,1.0
854019,1593,Brain_Non-Myeloid_oligodendrocyte,549,33.0,34,10_60296002_60299097,5903,Psap,0.9705882352941176
854020,1594,Brain_Non-Myeloid_oligodendrocyte,549,117.0,127,10_60296002_60299097,5903,Psap,0.9212598425196851
854021,1596,Brain_Non-Myeloid_oligodendrocyte,549,22.0,62,10_60296002_60299097,5903,Psap,0.3548387096774194
854022,1597,Brain_Non-Myeloid_oligodendrocyte,549,9.0,21,10_60296002_60299097,5903,Psap,0.42857142857142855
854023,1598,Brain_Non-Myeloid_oligodendrocyte,549,64.0,65,10_60296002_60299097,5903,Psap,0.9846153846153847
854024,1600,Brain_Non-Myeloid_oligodendrocyte,549,213.0,219,10_60296002_60299097,5903,Psap,0.9726027397260274
854025,1601,Brain_Non-Myeloid_oligodendrocyte,549,73.0,85,10_60296002_60299097,5903,Psap,0.8588235294117647
854026,1602,Brain_Non-Myeloid_oligodendrocyte,549,19.0,19,10_60296002_60299097,5903,Psap,1.0
854027,1603,Brain_Non-Myeloid_oligodendrocyte,549,389.0,486,10_60296002_60299097,5903,Psap,0.8004115226337448
854028,1605,Brain_Non-Myeloid_oligodendrocyte,549,250.0,338,10_60296002_60299097,5903,Psap,0.7396449704142012
854029,1606,Brain_Non-Myeloid_oligodendrocyte,549,156.0,160,10_60296002_60299097,5903,Psap,0.975
854030,1607,Brain_Non-Myeloid_oligodendrocyte,549,865.0,886,10_60296002_60299097,5903,Psap,0.9762979683972912
854031,1608,Brain_Non-Myeloid_oligodendrocyte,549,5.0,127,10_60296002_60299097,5903,Psap,0.03937007874015748
854032,1609,Brain_Non-Myeloid_oligodendrocyte,549,36.0,52,10_60296002_60299097,5903,Psap,0.6923076923076923
854033,1610,Brain_Non-Myeloid_oligodendrocyte,549,18.0,18,10_60296002_60299097,5903,Psap,1.0
854034,1611,Brain_Non-Myeloid_oligodendrocyte,549,180.0,208,10_60296002_60299097,5903,Psap,0.8653846153846154
854035,1613,Brain_Non-Myeloid_oligodendrocyte,549,53.0,100,10_60296002_60299097,5903,Psap,0.53
854036,1615,Brain_Non-Myeloid_oligodendrocyte,549,103.0,122,10_60296002_60299097,5903,Psap,0.8442622950819673
854037,1616,Brain_Non-Myeloid_oligodendrocyte,549,1043.0,1139,10_60296002_60299097,5903,Psap,0.9157155399473222
854038,1617,Brain_Non-Myeloid_oligodendrocyte,549,134.0,188,10_60296002_60299097,5903,Psap,0.7127659574468085
854039,1618,Brain_Non-Myeloid_oligodendrocyte,549,169.0,174,10_60296002_60299097,5903,Psap,0.9712643678160919
854040,1619,Brain_Non-Myeloid_oligodendrocyte,549,91.0,92,10_60296002_60299097,5903,Psap,0.9891304347826086
854041,1620,Brain_Non-Myeloid_oligodendrocyte,549,39.0,80,10_60296002_60299097,5903,Psap,0.4875
854042,1621,Brain_Non-Myeloid_oligodendrocyte,549,377.0,433,10_60296002_60299097,5903,Psap,0.8706697459584296
854043,1622,Brain_Non-Myeloid_oligodendrocyte,549,138.0,190,10_60296002_60299097,5903,Psap,0.7263157894736842
854044,1623,Brain_Non-Myeloid_oligodendrocyte,549,14.0,47,10_60296002_60299097,5903,Psap,0.2978723404255319
854045,1624,Brain_Non-Myeloid_oligodendrocyte,549,180.0,209,10_60296002_60299097,5903,Psap,0.861244019138756
854046,1625,Brain_Non-Myeloid_oligodendrocyte,549,13.0,17,10_60296002_60299097,5903,Psap,0.7647058823529411
854047,1626,Brain_Non-Myeloid_oligodendrocyte,549,244.0,333,10_60296002_60299097,5903,Psap,0.7327327327327328
854048,1627,Brain_Non-Myeloid_oligodendrocyte,549,116.0,133,10_60296002_60299097,5903,Psap,0.8721804511278195
854049,1628,Brain_Non-Myeloid_oligodendrocyte,549,1.0,1,10_60296002_60299097,5903,Psap,1.0
854050,1629,Brain_Non-Myeloid_oligodendrocyte,549,180.0,234,10_60296002_60299097,5903,Psap,0.7692307692307693
854051,1630,Brain_Non-Myeloid_oligodendrocyte,549,99.0,130,10_60296002_60299097,5903,Psap,0.7615384615384615
854052,1631,Brain_Non-Myeloid_oligodendrocyte,549,90.0,93,10_60296002_60299097,5903,Psap,0.967741935483871
854053,1632,Brain_Non-Myeloid_oligodendrocyte,549,320.0,544,10_60296002_60299097,5903,Psap,0.5882352941176471
854054,1633,Brain_Non-Myeloid_oligodendrocyte,549,291.0,397,10_60296002_60299097,5903,Psap,0.7329974811083123
854055,1634,Brain_Non-Myeloid_oligodendrocyte,549,52.0,88,10_60296002_60299097,5903,Psap,0.5909090909090909
854056,1635,Brain_Non-Myeloid_oligodendrocyte,549,25.0,25,10_60296002_60299097,5903,Psap,1.0
854057,1636,Brain_Non-Myeloid_oligodendrocyte,549,62.0,67,10_60296002_60299097,5903,Psap,0.9253731343283582
854058,1637,Brain_Non-Myeloid_oligodendrocyte,549,218.0,234,10_60296002_60299097,5903,Psap,0.9316239316239316
854059,1638,Brain_Non-Myeloid_oligodendrocyte,549,166.0,168,10_60296002_60299097,5903,Psap,0.9880952380952381
854060,1639,Brain_Non-Myeloid_oligodendrocyte,549,36.0,58,10_60296002_60299097,5903,Psap,0.6206896551724138
854061,1640,Brain_Non-Myeloid_oligodendrocyte,549,542.0,695,10_60296002_60299097,5903,Psap,0.7798561151079136
854062,1642,Brain_Non-Myeloid_oligodendrocyte,549,127.0,184,10_60296002_60299097,5903,Psap,0.6902173913043478
854063,1643,Brain_Non-Myeloid_oligodendrocyte,549,208.0,368,10_60296002_60299097,5903,Psap,0.5652173913043478
854064,1644,Brain_Non-Myeloid_oligodendrocyte,549,131.0,162,10_60296002_60299097,5903,Psap,0.808641975308642
854065,1645,Brain_Non-Myeloid_oligodendrocyte,549,102.0,154,10_60296002_60299097,5903,Psap,0.6623376623376623
854066,1646,Brain_Non-Myeloid_oligodendrocyte,549,168.0,259,10_60296002_60299097,5903,Psap,0.6486486486486487
854067,1647,Brain_Non-Myeloid_oligodendrocyte,549,92.0,133,10_60296002_60299097,5903,Psap,0.6917293233082706
854068,1648,Brain_Non-Myeloid_oligodendrocyte,549,274.0,312,10_60296002_60299097,5903,Psap,0.8782051282051282
854069,1649,Brain_Non-Myeloid_oligodendrocyte,549,91.0,135,10_60296002_60299097,5903,Psap,0.674074074074074
854070,1650,Brain_Non-Myeloid_oligodendrocyte,549,128.0,197,10_60296002_60299097,5903,Psap,0.649746192893401
854071,1651,Brain_Non-Myeloid_oligodendrocyte,549,713.0,892,10_60296002_60299097,5903,Psap,0.7993273542600897
854072,1652,Brain_Non-Myeloid_oligodendrocyte,549,39.0,39,10_60296002_60299097,5903,Psap,1.0
854073,1653,Brain_Non-Myeloid_oligodendrocyte,549,185.0,263,10_60296002_60299097,5903,Psap,0.7034220532319392
854074,1654,Brain_Non-Myeloid_oligodendrocyte,549,362.0,370,10_60296002_60299097,5903,Psap,0.9783783783783784
854075,1655,Brain_Non-Myeloid_oligodendrocyte,549,9.0,9,10_60296002_60299097,5903,Psap,1.0
854076,1656,Brain_Non-Myeloid_oligodendrocyte,549,10.0,26,10_60296002_60299097,5903,Psap,0.38461538461538464
854077,1657,Brain_Non-Myeloid_oligodendrocyte,549,105.0,109,10_60296002_60299097,5903,Psap,0.963302752293578
854078,1658,Brain_Non-Myeloid_oligodendrocyte,549,199.0,199,10_60296002_60299097,5903,Psap,1.0
854079,1659,Brain_Non-Myeloid_oligodendrocyte,549,79.0,93,10_60296002_60299097,5903,Psap,0.8494623655913979
854080,1660,Brain_Non-Myeloid_oligodendrocyte,549,382.0,440,10_60296002_60299097,5903,Psap,0.8681818181818182
854081,1661,Brain_Non-Myeloid_oligodendrocyte,549,262.0,338,10_60296002_60299097,5903,Psap,0.7751479289940828
854082,1662,Brain_Non-Myeloid_oligodendrocyte,549,803.0,925,10_60296002_60299097,5903,Psap,0.8681081081081081
854083,1663,Brain_Non-Myeloid_oligodendrocyte,549,308.0,312,10_60296002_60299097,5903,Psap,0.9871794871794872
854084,1664,Brain_Non-Myeloid_oligodendrocyte,549,184.0,190,10_60296002_60299097,5903,Psap,0.968421052631579
854085,1665,Brain_Non-Myeloid_oligodendrocyte,549,961.0,1060,10_60296002_60299097,5903,Psap,0.9066037735849056
854086,1666,Brain_Non-Myeloid_oligodendrocyte,549,126.0,143,10_60296002_60299097,5903,Psap,0.8811188811188811
854087,1667,Brain_Non-Myeloid_oligodendrocyte,549,201.0,296,10_60296002_60299097,5903,Psap,0.6790540540540541
854088,1668,Brain_Non-Myeloid_oligodendrocyte,549,25.0,41,10_60296002_60299097,5903,Psap,0.6097560975609756
854089,1669,Brain_Non-Myeloid_oligodendrocyte,549,569.0,755,10_60296002_60299097,5903,Psap,0.7536423841059603
854090,1670,Brain_Non-Myeloid_oligodendrocyte,549,539.0,548,10_60296002_60299097,5903,Psap,0.9835766423357665
854091,1671,Brain_Non-Myeloid_oligodendrocyte,549,238.0,258,10_60296002_60299097,5903,Psap,0.9224806201550387
854092,1672,Brain_Non-Myeloid_oligodendrocyte,549,98.0,140,10_60296002_60299097,5903,Psap,0.7
854093,1673,Brain_Non-Myeloid_oligodendrocyte,549,136.0,171,10_60296002_60299097,5903,Psap,0.7953216374269005
854094,1674,Brain_Non-Myeloid_oligodendrocyte,549,265.0,370,10_60296002_60299097,5903,Psap,0.7162162162162162
854095,1675,Brain_Non-Myeloid_oligodendrocyte,549,306.0,334,10_60296002_60299097,5903,Psap,0.9161676646706587
854096,1676,Brain_Non-Myeloid_oligodendrocyte,549,26.0,44,10_60296002_60299097,5903,Psap,0.5909090909090909
854097,1677,Brain_Non-Myeloid_oligodendrocyte,549,112.0,172,10_60296002_60299097,5903,Psap,0.6511627906976745
854098,1678,Brain_Non-Myeloid_oligodendrocyte,549,269.0,348,10_60296002_60299097,5903,Psap,0.7729885057471264
854099,1679,Brain_Non-Myeloid_oligodendrocyte,549,119.0,130,10_60296002_60299097,5903,Psap,0.9153846153846154
854100,1680,Brain_Non-Myeloid_oligodendrocyte,549,118.0,154,10_60296002_60299097,5903,Psap,0.7662337662337663
854101,1681,Brain_Non-Myeloid_oligodendrocyte,549,41.0,53,10_60296002_60299097,5903,Psap,0.7735849056603774
854102,1682,Brain_Non-Myeloid_oligodendrocyte,549,7.0,25,10_60296002_60299097,5903,Psap,0.28
854103,1683,Brain_Non-Myeloid_oligodendrocyte,549,616.0,721,10_60296002_60299097,5903,Psap,0.8543689320388349
854104,1684,Brain_Non-Myeloid_oligodendrocyte,549,30.0,30,10_60296002_60299097,5903,Psap,1.0
854105,1685,Brain_Non-Myeloid_oligodendrocyte,549,26.0,47,10_60296002_60299097,5903,Psap,0.5531914893617021
854106,1686,Brain_Non-Myeloid_oligodendrocyte,549,179.0,188,10_60296002_60299097,5903,Psap,0.9521276595744681
854107,1687,Brain_Non-Myeloid_oligodendrocyte,549,129.0,170,10_60296002_60299097,5903,Psap,0.7588235294117647
854108,1688,Brain_Non-Myeloid_oligodendrocyte,549,11.0,45,10_60296002_60299097,5903,Psap,0.24444444444444444
854109,1689,Brain_Non-Myeloid_oligodendrocyte,549,71.0,129,10_60296002_60299097,5903,Psap,0.5503875968992248
854110,1690,Brain_Non-Myeloid_oligodendrocyte,549,68.0,95,10_60296002_60299097,5903,Psap,0.7157894736842105
854111,1691,Brain_Non-Myeloid_oligodendrocyte,549,803.0,887,10_60296002_60299097,5903,Psap,0.9052987598647125
854112,1692,Brain_Non-Myeloid_oligodendrocyte,549,43.0,58,10_60296002_60299097,5903,Psap,0.7413793103448276
854113,1693,Brain_Non-Myeloid_oligodendrocyte,549,173.0,233,10_60296002_60299097,5903,Psap,0.7424892703862661
854114,1694,Brain_Non-Myeloid_oligodendrocyte,549,138.0,153,10_60296002_60299097,5903,Psap,0.9019607843137255
854115,1695,Brain_Non-Myeloid_oligodendrocyte,549,354.0,539,10_60296002_60299097,5903,Psap,0.6567717996289425
854116,1696,Brain_Non-Myeloid_oligodendrocyte,549,20.0,23,10_60296002_60299097,5903,Psap,0.8695652173913043
854117,1697,Brain_Non-Myeloid_oligodendrocyte,549,290.0,413,10_60296002_60299097,5903,Psap,0.7021791767554479
854118,1698,Brain_Non-Myeloid_oligodendrocyte,549,193.0,229,10_60296002_60299097,5903,Psap,0.8427947598253275
854119,1699,Brain_Non-Myeloid_oligodendrocyte,549,20.0,21,10_60296002_60299097,5903,Psap,0.9523809523809523
854120,1700,Brain_Non-Myeloid_oligodendrocyte,549,51.0,70,10_60296002_60299097,5903,Psap,0.7285714285714285
854121,1701,Brain_Non-Myeloid_oligodendrocyte,549,100.0,137,10_60296002_60299097,5903,Psap,0.7299270072992701
854122,1702,Brain_Non-Myeloid_oligodendrocyte,549,6.0,6,10_60296002_60299097,5903,Psap,1.0
854123,1706,Brain_Non-Myeloid_oligodendrocyte,549,41.0,41,10_60296002_60299097,5903,Psap,1.0
854124,1707,Brain_Non-Myeloid_oligodendrocyte,549,241.0,291,10_60296002_60299097,5903,Psap,0.8281786941580757
854125,1708,Brain_Non-Myeloid_oligodendrocyte,549,319.0,374,10_60296002_60299097,5903,Psap,0.8529411764705882
854126,1709,Brain_Non-Myeloid_oligodendrocyte,549,298.0,531,10_60296002_60299097,5903,Psap,0.5612052730696798
854127,1710,Brain_Non-Myeloid_oligodendrocyte,549,214.0,296,10_60296002_60299097,5903,Psap,0.722972972972973
854128,1711,Brain_Non-Myeloid_oligodendrocyte,549,63.0,74,10_60296002_60299097,5903,Psap,0.8513513513513513
854129,1712,Brain_Non-Myeloid_oligodendrocyte,549,316.0,372,10_60296002_60299097,5903,Psap,0.8494623655913979
854130,1713,Brain_Non-Myeloid_oligodendrocyte,549,34.0,90,10_60296002_60299097,5903,Psap,0.37777777777777777
854131,1714,Brain_Non-Myeloid_oligodendrocyte,549,80.0,82,10_60296002_60299097,5903,Psap,0.975609756097561
854132,1715,Brain_Non-Myeloid_oligodendrocyte,549,107.0,108,10_60296002_60299097,5903,Psap,0.9907407407407407
854133,1716,Brain_Non-Myeloid_oligodendrocyte,549,172.0,468,10_60296002_60299097,5903,Psap,0.36752136752136755
854134,1717,Brain_Non-Myeloid_oligodendrocyte,549,156.0,174,10_60296002_60299097,5903,Psap,0.896551724137931
854135,1718,Brain_Non-Myeloid_oligodendrocyte,549,60.0,71,10_60296002_60299097,5903,Psap,0.8450704225352113
854136,1719,Brain_Non-Myeloid_oligodendrocyte,549,56.0,188,10_60296002_60299097,5903,Psap,0.2978723404255319
854137,1720,Brain_Non-Myeloid_oligodendrocyte,549,75.0,86,10_60296002_60299097,5903,Psap,0.872093023255814
854138,1721,Brain_Non-Myeloid_oligodendrocyte,549,177.0,246,10_60296002_60299097,5903,Psap,0.7195121951219512
854139,1722,Brain_Non-Myeloid_oligodendrocyte,549,45.0,61,10_60296002_60299097,5903,Psap,0.7377049180327869
854140,1724,Brain_Non-Myeloid_oligodendrocyte,549,69.0,92,10_60296002_60299097,5903,Psap,0.75
854141,1725,Brain_Non-Myeloid_oligodendrocyte,549,51.0,56,10_60296002_60299097,5903,Psap,0.9107142857142857
854142,1726,Brain_Non-Myeloid_oligodendrocyte,549,162.0,253,10_60296002_60299097,5903,Psap,0.6403162055335968
854143,1727,Brain_Non-Myeloid_oligodendrocyte,549,110.0,171,10_60296002_60299097,5903,Psap,0.6432748538011696
854144,1728,Brain_Non-Myeloid_oligodendrocyte,549,292.0,303,10_60296002_60299097,5903,Psap,0.9636963696369637
854145,1729,Brain_Non-Myeloid_oligodendrocyte,549,453.0,575,10_60296002_60299097,5903,Psap,0.7878260869565218
854146,1730,Brain_Non-Myeloid_oligodendrocyte,549,127.0,136,10_60296002_60299097,5903,Psap,0.9338235294117647
854147,1731,Brain_Non-Myeloid_oligodendrocyte,549,23.0,23,10_60296002_60299097,5903,Psap,1.0
854148,1732,Brain_Non-Myeloid_oligodendrocyte,549,188.0,260,10_60296002_60299097,5903,Psap,0.7230769230769231
854149,1733,Brain_Non-Myeloid_oligodendrocyte,549,66.0,93,10_60296002_60299097,5903,Psap,0.7096774193548387
854150,1734,Brain_Non-Myeloid_oligodendrocyte,549,84.0,119,10_60296002_60299097,5903,Psap,0.7058823529411765
854151,1735,Brain_Non-Myeloid_oligodendrocyte,549,26.0,33,10_60296002_60299097,5903,Psap,0.7878787878787878
854152,1736,Brain_Non-Myeloid_oligodendrocyte,549,58.0,61,10_60296002_60299097,5903,Psap,0.9508196721311475
854153,1737,Brain_Non-Myeloid_oligodendrocyte,549,26.0,26,10_60296002_60299097,5903,Psap,1.0
854154,1738,Brain_Non-Myeloid_oligodendrocyte,549,168.0,238,10_60296002_60299097,5903,Psap,0.7058823529411765
854155,1739,Brain_Non-Myeloid_oligodendrocyte,549,63.0,63,10_60296002_60299097,5903,Psap,1.0
854156,1740,Brain_Non-Myeloid_oligodendrocyte,549,338.0,667,10_60296002_60299097,5903,Psap,0.5067466266866567
854157,1741,Brain_Non-Myeloid_oligodendrocyte,549,173.0,192,10_60296002_60299097,5903,Psap,0.9010416666666666
854158,1742,Brain_Non-Myeloid_oligodendrocyte,549,33.0,70,10_60296002_60299097,5903,Psap,0.4714285714285714
854159,1743,Brain_Non-Myeloid_oligodendrocyte,549,70.0,70,10_60296002_60299097,5903,Psap,1.0
854160,1744,Brain_Non-Myeloid_oligodendrocyte,549,576.0,743,10_60296002_60299097,5903,Psap,0.775235531628533
854161,1745,Brain_Non-Myeloid_oligodendrocyte,549,188.0,257,10_60296002_60299097,5903,Psap,0.7315175097276264
854162,1746,Brain_Non-Myeloid_oligodendrocyte,549,193.0,307,10_60296002_60299097,5903,Psap,0.6286644951140065
854163,1747,Brain_Non-Myeloid_oligodendrocyte,549,37.0,37,10_60296002_60299097,5903,Psap,1.0
854164,1748,Brain_Non-Myeloid_oligodendrocyte,549,672.0,761,10_60296002_60299097,5903,Psap,0.8830486202365309
854165,1749,Brain_Non-Myeloid_oligodendrocyte,549,10.0,10,10_60296002_60299097,5903,Psap,1.0
854166,1750,Brain_Non-Myeloid_oligodendrocyte,549,23.0,35,10_60296002_60299097,5903,Psap,0.6571428571428571
854167,1751,Brain_Non-Myeloid_oligodendrocyte,549,142.0,144,10_60296002_60299097,5903,Psap,0.9861111111111112
854168,1752,Brain_Non-Myeloid_oligodendrocyte,549,381.0,386,10_60296002_60299097,5903,Psap,0.9870466321243523
854169,1753,Brain_Non-Myeloid_oligodendrocyte,549,195.0,195,10_60296002_60299097,5903,Psap,1.0
854170,1754,Brain_Non-Myeloid_oligodendrocyte,549,165.0,177,10_60296002_60299097,5903,Psap,0.9322033898305084
854171,1755,Brain_Non-Myeloid_oligodendrocyte,549,57.0,125,10_60296002_60299097,5903,Psap,0.456
854172,1756,Brain_Non-Myeloid_oligodendrocyte,549,60.0,60,10_60296002_60299097,5903,Psap,1.0
854173,1757,Brain_Non-Myeloid_oligodendrocyte,549,251.0,306,10_60296002_60299097,5903,Psap,0.8202614379084967
854174,1758,Brain_Non-Myeloid_oligodendrocyte,549,62.0,71,10_60296002_60299097,5903,Psap,0.8732394366197183
854175,1759,Brain_Non-Myeloid_oligodendrocyte,549,12.0,582,10_60296002_60299097,5903,Psap,0.020618556701030927
854176,1760,Brain_Non-Myeloid_oligodendrocyte,549,507.0,513,10_60296002_60299097,5903,Psap,0.9883040935672515
854177,1761,Brain_Non-Myeloid_oligodendrocyte,549,146.0,148,10_60296002_60299097,5903,Psap,0.9864864864864865
854178,1762,Brain_Non-Myeloid_oligodendrocyte,549,131.0,156,10_60296002_60299097,5903,Psap,0.8397435897435898
854179,1763,Brain_Non-Myeloid_oligodendrocyte,549,64.0,64,10_60296002_60299097,5903,Psap,1.0
854180,1764,Brain_Non-Myeloid_oligodendrocyte,549,115.0,162,10_60296002_60299097,5903,Psap,0.7098765432098766
854181,1765,Brain_Non-Myeloid_oligodendrocyte,549,37.0,63,10_60296002_60299097,5903,Psap,0.5873015873015873
854182,1766,Brain_Non-Myeloid_oligodendrocyte,549,41.0,52,10_60296002_60299097,5903,Psap,0.7884615384615384
854183,1767,Brain_Non-Myeloid_oligodendrocyte,549,116.0,147,10_60296002_60299097,5903,Psap,0.7891156462585034
854184,1769,Brain_Non-Myeloid_oligodendrocyte,549,147.0,147,10_60296002_60299097,5903,Psap,1.0
854185,1770,Brain_Non-Myeloid_oligodendrocyte,549,26.0,37,10_60296002_60299097,5903,Psap,0.7027027027027027
854186,1771,Brain_Non-Myeloid_oligodendrocyte,549,127.0,216,10_60296002_60299097,5903,Psap,0.5879629629629629
854187,1772,Brain_Non-Myeloid_oligodendrocyte,549,241.0,377,10_60296002_60299097,5903,Psap,0.6392572944297082
854188,1773,Brain_Non-Myeloid_oligodendrocyte,549,49.0,85,10_60296002_60299097,5903,Psap,0.5764705882352941
854189,1774,Brain_Non-Myeloid_oligodendrocyte,549,498.0,508,10_60296002_60299097,5903,Psap,0.9803149606299213
854190,1775,Brain_Non-Myeloid_oligodendrocyte,549,49.0,63,10_60296002_60299097,5903,Psap,0.7777777777777778
854191,1776,Brain_Non-Myeloid_oligodendrocyte,549,69.0,70,10_60296002_60299097,5903,Psap,0.9857142857142858
854192,1777,Brain_Non-Myeloid_oligodendrocyte,549,481.0,546,10_60296002_60299097,5903,Psap,0.8809523809523809
854193,1778,Brain_Non-Myeloid_oligodendrocyte,549,166.0,206,10_60296002_60299097,5903,Psap,0.8058252427184466
854194,1779,Brain_Non-Myeloid_oligodendrocyte,549,654.0,769,10_60296002_60299097,5903,Psap,0.8504551365409623
854195,1780,Brain_Non-Myeloid_oligodendrocyte,549,256.0,303,10_60296002_60299097,5903,Psap,0.8448844884488449
854196,1781,Brain_Non-Myeloid_oligodendrocyte,549,416.0,743,10_60296002_60299097,5903,Psap,0.5598923283983849
854197,1782,Brain_Non-Myeloid_oligodendrocyte,549,184.0,201,10_60296002_60299097,5903,Psap,0.9154228855721394
854198,1783,Brain_Non-Myeloid_oligodendrocyte,549,158.0,178,10_60296002_60299097,5903,Psap,0.8876404494382022
854199,1784,Brain_Non-Myeloid_oligodendrocyte,549,85.0,116,10_60296002_60299097,5903,Psap,0.7327586206896551
854200,1785,Brain_Non-Myeloid_oligodendrocyte,549,77.0,94,10_60296002_60299097,5903,Psap,0.8191489361702128
854201,1786,Brain_Non-Myeloid_oligodendrocyte,549,179.0,299,10_60296002_60299097,5903,Psap,0.5986622073578596
854202,1787,Brain_Non-Myeloid_oligodendrocyte,549,151.0,182,10_60296002_60299097,5903,Psap,0.8296703296703297
854203,1788,Brain_Non-Myeloid_oligodendrocyte,549,85.0,98,10_60296002_60299097,5903,Psap,0.8673469387755102
854204,1789,Brain_Non-Myeloid_oligodendrocyte,549,75.0,115,10_60296002_60299097,5903,Psap,0.6521739130434783
854205,1790,Brain_Non-Myeloid_oligodendrocyte,549,198.0,311,10_60296002_60299097,5903,Psap,0.6366559485530546
854206,1791,Brain_Non-Myeloid_oligodendrocyte,549,229.0,308,10_60296002_60299097,5903,Psap,0.7435064935064936
854207,1792,Brain_Non-Myeloid_oligodendrocyte,549,98.0,98,10_60296002_60299097,5903,Psap,1.0
854208,1793,Brain_Non-Myeloid_oligodendrocyte,549,110.0,145,10_60296002_60299097,5903,Psap,0.7586206896551724
854209,1794,Brain_Non-Myeloid_oligodendrocyte,549,142.0,142,10_60296002_60299097,5903,Psap,1.0
854210,1795,Brain_Non-Myeloid_oligodendrocyte,549,16.0,19,10_60296002_60299097,5903,Psap,0.8421052631578947
854211,1796,Brain_Non-Myeloid_oligodendrocyte,549,142.0,146,10_60296002_60299097,5903,Psap,0.9726027397260274
854212,1797,Brain_Non-Myeloid_oligodendrocyte,549,364.0,371,10_60296002_60299097,5903,Psap,0.9811320754716981
854213,1798,Brain_Non-Myeloid_oligodendrocyte,549,270.0,506,10_60296002_60299097,5903,Psap,0.5335968379446641
854214,1799,Brain_Non-Myeloid_oligodendrocyte,549,79.0,100,10_60296002_60299097,5903,Psap,0.79
854215,1800,Brain_Non-Myeloid_oligodendrocyte,549,56.0,78,10_60296002_60299097,5903,Psap,0.717948717948718
854216,1801,Brain_Non-Myeloid_oligodendrocyte,549,178.0,186,10_60296002_60299097,5903,Psap,0.956989247311828
854217,1802,Brain_Non-Myeloid_oligodendrocyte,549,66.0,90,10_60296002_60299097,5903,Psap,0.7333333333333333
854218,1803,Brain_Non-Myeloid_oligodendrocyte,549,790.0,1059,10_60296002_60299097,5903,Psap,0.7459867799811143
854219,1804,Brain_Non-Myeloid_oligodendrocyte,549,12.0,17,10_60296002_60299097,5903,Psap,0.7058823529411765
854220,1805,Brain_Non-Myeloid_oligodendrocyte,549,327.0,362,10_60296002_60299097,5903,Psap,0.9033149171270718
854221,1807,Brain_Non-Myeloid_oligodendrocyte,549,72.0,82,10_60296002_60299097,5903,Psap,0.8780487804878049
854222,1808,Brain_Non-Myeloid_oligodendrocyte,549,110.0,113,10_60296002_60299097,5903,Psap,0.9734513274336283
854223,1809,Brain_Non-Myeloid_oligodendrocyte,549,93.0,103,10_60296002_60299097,5903,Psap,0.9029126213592233
854224,1810,Brain_Non-Myeloid_oligodendrocyte,549,228.0,278,10_60296002_60299097,5903,Psap,0.8201438848920863
854225,1811,Brain_Non-Myeloid_oligodendrocyte,549,180.0,183,10_60296002_60299097,5903,Psap,0.9836065573770492
854226,1812,Brain_Non-Myeloid_oligodendrocyte,549,14.0,24,10_60296002_60299097,5903,Psap,0.5833333333333334
854227,1813,Brain_Non-Myeloid_oligodendrocyte,549,80.0,83,10_60296002_60299097,5903,Psap,0.963855421686747
854228,1814,Brain_Non-Myeloid_oligodendrocyte,549,125.0,135,10_60296002_60299097,5903,Psap,0.9259259259259259
854229,1815,Brain_Non-Myeloid_oligodendrocyte,549,1.0,1,10_60296002_60299097,5903,Psap,1.0
854230,1816,Brain_Non-Myeloid_oligodendrocyte,549,239.0,276,10_60296002_60299097,5903,Psap,0.8659420289855072
854231,1818,Brain_Non-Myeloid_oligodendrocyte,549,93.0,97,10_60296002_60299097,5903,Psap,0.9587628865979382
854232,1819,Brain_Non-Myeloid_oligodendrocyte,549,21.0,29,10_60296002_60299097,5903,Psap,0.7241379310344828
854233,1820,Brain_Non-Myeloid_oligodendrocyte,549,1.0,84,10_60296002_60299097,5903,Psap,0.011904761904761904
854234,1821,Brain_Non-Myeloid_oligodendrocyte,549,2.0,158,10_60296002_60299097,5903,Psap,0.012658227848101266
854235,1822,Brain_Non-Myeloid_oligodendrocyte,549,122.0,150,10_60296002_60299097,5903,Psap,0.8133333333333334
854236,1823,Brain_Non-Myeloid_oligodendrocyte,549,112.0,137,10_60296002_60299097,5903,Psap,0.8175182481751825
854237,1824,Brain_Non-Myeloid_oligodendrocyte,549,452.0,521,10_60296002_60299097,5903,Psap,0.8675623800383877
854238,1827,Brain_Non-Myeloid_oligodendrocyte,549,90.0,90,10_60296002_60299097,5903,Psap,1.0
854239,1828,Brain_Non-Myeloid_oligodendrocyte,549,22.0,68,10_60296002_60299097,5903,Psap,0.3235294117647059
854240,1829,Brain_Non-Myeloid_oligodendrocyte,549,151.0,160,10_60296002_60299097,5903,Psap,0.94375
854241,1830,Brain_Non-Myeloid_oligodendrocyte,549,19.0,20,10_60296002_60299097,5903,Psap,0.95
854242,1831,Brain_Non-Myeloid_oligodendrocyte,549,407.0,411,10_60296002_60299097,5903,Psap,0.9902676399026764
854243,1832,Brain_Non-Myeloid_oligodendrocyte,549,94.0,132,10_60296002_60299097,5903,Psap,0.7121212121212122
854244,1833,Brain_Non-Myeloid_oligodendrocyte,549,276.0,404,10_60296002_60299097,5903,Psap,0.6831683168316832
854245,1834,Brain_Non-Myeloid_oligodendrocyte,549,35.0,44,10_60296002_60299097,5903,Psap,0.7954545454545454
854246,1835,Brain_Non-Myeloid_oligodendrocyte,549,147.0,150,10_60296002_60299097,5903,Psap,0.98
854247,1836,Brain_Non-Myeloid_oligodendrocyte,549,53.0,91,10_60296002_60299097,5903,Psap,0.5824175824175825
854248,1837,Brain_Non-Myeloid_oligodendrocyte,549,9.0,10,10_60296002_60299097,5903,Psap,0.9
854249,1838,Brain_Non-Myeloid_oligodendrocyte,549,18.0,77,10_60296002_60299097,5903,Psap,0.23376623376623376
854250,1839,Brain_Non-Myeloid_oligodendrocyte,549,104.0,128,10_60296002_60299097,5903,Psap,0.8125
854251,1840,Brain_Non-Myeloid_oligodendrocyte,549,187.0,332,10_60296002_60299097,5903,Psap,0.5632530120481928
854252,1841,Brain_Non-Myeloid_oligodendrocyte,549,280.0,417,10_60296002_60299097,5903,Psap,0.6714628297362111
854253,1842,Brain_Non-Myeloid_oligodendrocyte,549,44.0,60,10_60296002_60299097,5903,Psap,0.7333333333333333
854254,1843,Brain_Non-Myeloid_oligodendrocyte,549,167.0,196,10_60296002_60299097,5903,Psap,0.8520408163265306
854255,1844,Brain_Non-Myeloid_oligodendrocyte,549,121.0,162,10_60296002_60299097,5903,Psap,0.7469135802469136
854256,1845,Brain_Non-Myeloid_oligodendrocyte,549,128.0,152,10_60296002_60299097,5903,Psap,0.8421052631578947
854257,1846,Brain_Non-Myeloid_oligodendrocyte,549,380.0,467,10_60296002_60299097,5903,Psap,0.8137044967880086
854258,1847,Brain_Non-Myeloid_oligodendrocyte,549,154.0,229,10_60296002_60299097,5903,Psap,0.6724890829694323
854259,1848,Brain_Non-Myeloid_oligodendrocyte,549,144.0,184,10_60296002_60299097,5903,Psap,0.782608695652174
854260,1849,Brain_Non-Myeloid_oligodendrocyte,549,98.0,122,10_60296002_60299097,5903,Psap,0.8032786885245902
854261,1850,Brain_Non-Myeloid_oligodendrocyte,549,104.0,107,10_60296002_60299097,5903,Psap,0.9719626168224299
854262,1851,Brain_Non-Myeloid_oligodendrocyte,549,75.0,114,10_60296002_60299097,5903,Psap,0.6578947368421053
854263,1852,Brain_Non-Myeloid_oligodendrocyte,549,71.0,106,10_60296002_60299097,5903,Psap,0.6698113207547169
854264,1853,Brain_Non-Myeloid_oligodendrocyte,549,113.0,135,10_60296002_60299097,5903,Psap,0.837037037037037
854265,1854,Brain_Non-Myeloid_oligodendrocyte,549,318.0,358,10_60296002_60299097,5903,Psap,0.888268156424581
854266,1855,Brain_Non-Myeloid_oligodendrocyte,549,45.0,52,10_60296002_60299097,5903,Psap,0.8653846153846154
854267,1856,Brain_Non-Myeloid_oligodendrocyte,549,9.0,9,10_60296002_60299097,5903,Psap,1.0
854268,1857,Brain_Non-Myeloid_oligodendrocyte,549,2.0,148,10_60296002_60299097,5903,Psap,0.013513513513513514
854269,1858,Brain_Non-Myeloid_oligodendrocyte,549,92.0,144,10_60296002_60299097,5903,Psap,0.6388888888888888
854270,1859,Brain_Non-Myeloid_oligodendrocyte,549,25.0,57,10_60296002_60299097,5903,Psap,0.43859649122807015
854271,1860,Brain_Non-Myeloid_oligodendrocyte,549,129.0,141,10_60296002_60299097,5903,Psap,0.9148936170212766
854272,1861,Brain_Non-Myeloid_oligodendrocyte,549,426.0,434,10_60296002_60299097,5903,Psap,0.9815668202764977
854273,1862,Brain_Non-Myeloid_oligodendrocyte,549,133.0,135,10_60296002_60299097,5903,Psap,0.9851851851851852
854274,1863,Brain_Non-Myeloid_oligodendrocyte,549,42.0,51,10_60296002_60299097,5903,Psap,0.8235294117647058
854275,1864,Brain_Non-Myeloid_oligodendrocyte,549,195.0,201,10_60296002_60299097,5903,Psap,0.9701492537313433
854276,1865,Brain_Non-Myeloid_oligodendrocyte,549,167.0,190,10_60296002_60299097,5903,Psap,0.8789473684210526
854277,1866,Brain_Non-Myeloid_oligodendrocyte,549,84.0,107,10_60296002_60299097,5903,Psap,0.7850467289719626
854278,1867,Brain_Non-Myeloid_oligodendrocyte,549,10.0,14,10_60296002_60299097,5903,Psap,0.7142857142857143
854279,1868,Brain_Non-Myeloid_oligodendrocyte,549,249.0,314,10_60296002_60299097,5903,Psap,0.7929936305732485
854280,1870,Brain_Non-Myeloid_oligodendrocyte,549,283.0,334,10_60296002_60299097,5903,Psap,0.8473053892215568
854281,1871,Brain_Non-Myeloid_oligodendrocyte,549,310.0,318,10_60296002_60299097,5903,Psap,0.9748427672955975
854282,1872,Brain_Non-Myeloid_oligodendrocyte,549,223.0,337,10_60296002_60299097,5903,Psap,0.6617210682492581
854283,1873,Brain_Non-Myeloid_oligodendrocyte,549,49.0,82,10_60296002_60299097,5903,Psap,0.5975609756097561
854284,1874,Brain_Non-Myeloid_oligodendrocyte,549,693.0,752,10_60296002_60299097,5903,Psap,0.9215425531914894
854285,1875,Brain_Non-Myeloid_oligodendrocyte,549,75.0,93,10_60296002_60299097,5903,Psap,0.8064516129032258
854286,1876,Brain_Non-Myeloid_oligodendrocyte,549,47.0,112,10_60296002_60299097,5903,Psap,0.41964285714285715
854287,1877,Brain_Non-Myeloid_oligodendrocyte,549,63.0,64,10_60296002_60299097,5903,Psap,0.984375
854288,1878,Brain_Non-Myeloid_oligodendrocyte,549,47.0,53,10_60296002_60299097,5903,Psap,0.8867924528301887
854289,1879,Brain_Non-Myeloid_oligodendrocyte,549,65.0,66,10_60296002_60299097,5903,Psap,0.9848484848484849
854290,1881,Brain_Non-Myeloid_oligodendrocyte,549,950.0,1436,10_60296002_60299097,5903,Psap,0.6615598885793872
854291,1882,Brain_Non-Myeloid_oligodendrocyte,549,192.0,321,10_60296002_60299097,5903,Psap,0.5981308411214953
854292,1883,Brain_Non-Myeloid_oligodendrocyte,549,206.0,223,10_60296002_60299097,5903,Psap,0.9237668161434978
854293,1884,Brain_Non-Myeloid_oligodendrocyte,549,24.0,44,10_60296002_60299097,5903,Psap,0.5454545454545454
854294,1885,Brain_Non-Myeloid_oligodendrocyte,549,742.0,965,10_60296002_60299097,5903,Psap,0.7689119170984456
854295,1886,Brain_Non-Myeloid_oligodendrocyte,549,82.0,154,10_60296002_60299097,5903,Psap,0.5324675324675324
854296,1887,Brain_Non-Myeloid_oligodendrocyte,549,370.0,420,10_60296002_60299097,5903,Psap,0.8809523809523809
854297,1888,Brain_Non-Myeloid_oligodendrocyte,549,33.0,39,10_60296002_60299097,5903,Psap,0.8461538461538461
854298,1889,Brain_Non-Myeloid_oligodendrocyte,549,428.0,434,10_60296002_60299097,5903,Psap,0.9861751152073732
854299,1890,Brain_Non-Myeloid_oligodendrocyte,549,208.0,260,10_60296002_60299097,5903,Psap,0.8
854300,1891,Brain_Non-Myeloid_oligodendrocyte,549,135.0,188,10_60296002_60299097,5903,Psap,0.7180851063829787
854301,1892,Brain_Non-Myeloid_oligodendrocyte,549,33.0,33,10_60296002_60299097,5903,Psap,1.0
854302,1893,Brain_Non-Myeloid_oligodendrocyte,549,51.0,51,10_60296002_60299097,5903,Psap,1.0
854303,1894,Brain_Non-Myeloid_oligodendrocyte,549,218.0,381,10_60296002_60299097,5903,Psap,0.5721784776902887
854304,1895,Brain_Non-Myeloid_oligodendrocyte,549,46.0,46,10_60296002_60299097,5903,Psap,1.0
854305,1896,Brain_Non-Myeloid_oligodendrocyte,549,154.0,180,10_60296002_60299097,5903,Psap,0.8555555555555555
854306,1897,Brain_Non-Myeloid_oligodendrocyte,549,174.0,198,10_60296002_60299097,5903,Psap,0.8787878787878788
854307,1898,Brain_Non-Myeloid_oligodendrocyte,549,152.0,237,10_60296002_60299097,5903,Psap,0.6413502109704642
854308,1899,Brain_Non-Myeloid_oligodendrocyte,549,278.0,314,10_60296002_60299097,5903,Psap,0.8853503184713376
854309,1900,Brain_Non-Myeloid_oligodendrocyte,549,166.0,168,10_60296002_60299097,5903,Psap,0.9880952380952381
854310,1901,Brain_Non-Myeloid_oligodendrocyte,549,205.0,264,10_60296002_60299097,5903,Psap,0.7765151515151515
854311,1902,Brain_Non-Myeloid_oligodendrocyte,549,181.0,191,10_60296002_60299097,5903,Psap,0.9476439790575916
854312,1903,Brain_Non-Myeloid_oligodendrocyte,549,283.0,309,10_60296002_60299097,5903,Psap,0.9158576051779935
854313,1904,Brain_Non-Myeloid_oligodendrocyte,549,29.0,30,10_60296002_60299097,5903,Psap,0.9666666666666667
854314,1905,Brain_Non-Myeloid_oligodendrocyte,549,53.0,54,10_60296002_60299097,5903,Psap,0.9814814814814815
854315,1906,Brain_Non-Myeloid_oligodendrocyte,549,53.0,71,10_60296002_60299097,5903,Psap,0.7464788732394366
854316,1907,Brain_Non-Myeloid_oligodendrocyte,549,1336.0,1622,10_60296002_60299097,5903,Psap,0.8236744759556104
854317,1908,Brain_Non-Myeloid_oligodendrocyte,549,208.0,231,10_60296002_60299097,5903,Psap,0.9004329004329005
854318,1909,Brain_Non-Myeloid_oligodendrocyte,549,80.0,93,10_60296002_60299097,5903,Psap,0.8602150537634409
854319,1910,Brain_Non-Myeloid_oligodendrocyte,549,74.0,93,10_60296002_60299097,5903,Psap,0.7956989247311828
854320,1911,Brain_Non-Myeloid_oligodendrocyte,549,37.0,50,10_60296002_60299097,5903,Psap,0.74
854321,1912,Brain_Non-Myeloid_oligodendrocyte,549,137.0,315,10_60296002_60299097,5903,Psap,0.43492063492063493
854322,1913,Brain_Non-Myeloid_oligodendrocyte,549,109.0,116,10_60296002_60299097,5903,Psap,0.9396551724137931
854323,1914,Brain_Non-Myeloid_oligodendrocyte,549,73.0,86,10_60296002_60299097,5903,Psap,0.8488372093023255
854324,1915,Brain_Non-Myeloid_oligodendrocyte,549,44.0,46,10_60296002_60299097,5903,Psap,0.9565217391304348
854325,1916,Brain_Non-Myeloid_oligodendrocyte,549,134.0,150,10_60296002_60299097,5903,Psap,0.8933333333333333
854326,1917,Brain_Non-Myeloid_oligodendrocyte,549,172.0,192,10_60296002_60299097,5903,Psap,0.8958333333333334
854327,1919,Brain_Non-Myeloid_oligodendrocyte,549,340.0,358,10_60296002_60299097,5903,Psap,0.9497206703910615
854328,1920,Brain_Non-Myeloid_oligodendrocyte,549,218.0,219,10_60296002_60299097,5903,Psap,0.9954337899543378
854329,1921,Brain_Non-Myeloid_oligodendrocyte,549,174.0,254,10_60296002_60299097,5903,Psap,0.6850393700787402
854330,1922,Brain_Non-Myeloid_oligodendrocyte,549,535.0,947,10_60296002_60299097,5903,Psap,0.5649419218585006
854331,1923,Brain_Non-Myeloid_oligodendrocyte,549,241.0,250,10_60296002_60299097,5903,Psap,0.964
854332,1924,Brain_Non-Myeloid_oligodendrocyte,549,285.0,354,10_60296002_60299097,5903,Psap,0.8050847457627118
854333,1925,Brain_Non-Myeloid_oligodendrocyte,549,403.0,903,10_60296002_60299097,5903,Psap,0.44629014396456257
854334,1927,Brain_Non-Myeloid_oligodendrocyte,549,319.0,352,10_60296002_60299097,5903,Psap,0.90625
854335,1928,Brain_Non-Myeloid_oligodendrocyte,549,62.0,68,10_60296002_60299097,5903,Psap,0.9117647058823529
854336,1929,Brain_Non-Myeloid_oligodendrocyte,549,455.0,689,10_60296002_60299097,5903,Psap,0.660377358490566
854337,1930,Brain_Non-Myeloid_oligodendrocyte,549,154.0,177,10_60296002_60299097,5903,Psap,0.8700564971751412
854338,1931,Brain_Non-Myeloid_oligodendrocyte,549,5.0,5,10_60296002_60299097,5903,Psap,1.0
854339,1932,Brain_Non-Myeloid_oligodendrocyte,549,53.0,87,10_60296002_60299097,5903,Psap,0.6091954022988506
854340,1933,Brain_Non-Myeloid_oligodendrocyte,549,18.0,18,10_60296002_60299097,5903,Psap,1.0
854341,1934,Brain_Non-Myeloid_oligodendrocyte,549,103.0,132,10_60296002_60299097,5903,Psap,0.7803030303030303
854342,1935,Brain_Non-Myeloid_oligodendrocyte,549,181.0,326,10_60296002_60299097,5903,Psap,0.5552147239263804
854343,1936,Brain_Non-Myeloid_oligodendrocyte,549,510.0,520,10_60296002_60299097,5903,Psap,0.9807692307692307
854344,1937,Brain_Non-Myeloid_oligodendrocyte,549,17.0,17,10_60296002_60299097,5903,Psap,1.0
854345,1938,Brain_Non-Myeloid_oligodendrocyte,549,17.0,45,10_60296002_60299097,5903,Psap,0.37777777777777777
854346,1939,Brain_Non-Myeloid_oligodendrocyte,549,48.0,155,10_60296002_60299097,5903,Psap,0.3096774193548387
854347,1940,Brain_Non-Myeloid_oligodendrocyte,549,199.0,220,10_60296002_60299097,5903,Psap,0.9045454545454545
854348,1941,Brain_Non-Myeloid_oligodendrocyte,549,103.0,168,10_60296002_60299097,5903,Psap,0.6130952380952381
854349,1942,Brain_Non-Myeloid_oligodendrocyte,549,14.0,14,10_60296002_60299097,5903,Psap,1.0
854350,1943,Brain_Non-Myeloid_oligodendrocyte,549,70.0,105,10_60296002_60299097,5903,Psap,0.6666666666666666
854351,1944,Brain_Non-Myeloid_oligodendrocyte,549,292.0,325,10_60296002_60299097,5903,Psap,0.8984615384615384
854352,1945,Brain_Non-Myeloid_oligodendrocyte,549,136.0,138,10_60296002_60299097,5903,Psap,0.9855072463768116
854353,1946,Brain_Non-Myeloid_oligodendrocyte,549,238.0,246,10_60296002_60299097,5903,Psap,0.967479674796748
854354,1947,Brain_Non-Myeloid_oligodendrocyte,549,57.0,87,10_60296002_60299097,5903,Psap,0.6551724137931034
854355,1948,Brain_Non-Myeloid_oligodendrocyte,549,208.0,268,10_60296002_60299097,5903,Psap,0.7761194029850746
854356,1949,Brain_Non-Myeloid_oligodendrocyte,549,119.0,132,10_60296002_60299097,5903,Psap,0.9015151515151515
854357,1951,Brain_Non-Myeloid_oligodendrocyte,549,45.0,47,10_60296002_60299097,5903,Psap,0.9574468085106383
854358,1952,Brain_Non-Myeloid_oligodendrocyte,549,32.0,38,10_60296002_60299097,5903,Psap,0.8421052631578947
854359,1953,Brain_Non-Myeloid_oligodendrocyte,549,10.0,37,10_60296002_60299097,5903,Psap,0.2702702702702703
854360,1954,Brain_Non-Myeloid_oligodendrocyte,549,137.0,163,10_60296002_60299097,5903,Psap,0.8404907975460123
854361,1955,Brain_Non-Myeloid_oligodendrocyte,549,93.0,117,10_60296002_60299097,5903,Psap,0.7948717948717948
854362,1956,Brain_Non-Myeloid_oligodendrocyte,549,8.0,618,10_60296002_60299097,5903,Psap,0.012944983818770227
854363,1957,Brain_Non-Myeloid_oligodendrocyte,549,109.0,112,10_60296002_60299097,5903,Psap,0.9732142857142857
854364,1958,Brain_Non-Myeloid_oligodendrocyte,549,839.0,1064,10_60296002_60299097,5903,Psap,0.7885338345864662
854365,1959,Brain_Non-Myeloid_oligodendrocyte,549,159.0,210,10_60296002_60299097,5903,Psap,0.7571428571428571
854366,1960,Brain_Non-Myeloid_oligodendrocyte,549,105.0,124,10_60296002_60299097,5903,Psap,0.8467741935483871
854367,1961,Brain_Non-Myeloid_oligodendrocyte,549,119.0,138,10_60296002_60299097,5903,Psap,0.8623188405797102
854368,1962,Brain_Non-Myeloid_oligodendrocyte,549,25.0,88,10_60296002_60299097,5903,Psap,0.2840909090909091
854369,1963,Brain_Non-Myeloid_oligodendrocyte,549,396.0,590,10_60296002_60299097,5903,Psap,0.6711864406779661
854370,1964,Brain_Non-Myeloid_oligodendrocyte,549,21.0,21,10_60296002_60299097,5903,Psap,1.0
854371,1966,Brain_Non-Myeloid_oligodendrocyte,549,272.0,372,10_60296002_60299097,5903,Psap,0.7311827956989247
854372,1967,Brain_Non-Myeloid_oligodendrocyte,549,679.0,728,10_60296002_60299097,5903,Psap,0.9326923076923077
854373,1968,Brain_Non-Myeloid_oligodendrocyte,549,133.0,149,10_60296002_60299097,5903,Psap,0.8926174496644296
854374,1969,Brain_Non-Myeloid_oligodendrocyte,549,196.0,229,10_60296002_60299097,5903,Psap,0.8558951965065502
854375,1970,Brain_Non-Myeloid_oligodendrocyte,549,164.0,202,10_60296002_60299097,5903,Psap,0.8118811881188119
854376,1971,Brain_Non-Myeloid_oligodendrocyte,549,152.0,154,10_60296002_60299097,5903,Psap,0.987012987012987
854377,1973,Brain_Non-Myeloid_oligodendrocyte,549,202.0,310,10_60296002_60299097,5903,Psap,0.6516129032258065
854378,1974,Brain_Non-Myeloid_oligodendrocyte,549,78.0,86,10_60296002_60299097,5903,Psap,0.9069767441860465
854379,1975,Brain_Non-Myeloid_oligodendrocyte,549,99.0,119,10_60296002_60299097,5903,Psap,0.8319327731092437
854380,1976,Brain_Non-Myeloid_oligodendrocyte,549,73.0,76,10_60296002_60299097,5903,Psap,0.9605263157894737
854381,1977,Brain_Non-Myeloid_oligodendrocyte,549,54.0,77,10_60296002_60299097,5903,Psap,0.7012987012987013
854382,1978,Brain_Non-Myeloid_oligodendrocyte,549,62.0,81,10_60296002_60299097,5903,Psap,0.7654320987654321
854383,1979,Brain_Non-Myeloid_oligodendrocyte,549,64.0,64,10_60296002_60299097,5903,Psap,1.0
854384,1980,Brain_Non-Myeloid_oligodendrocyte,549,34.0,34,10_60296002_60299097,5903,Psap,1.0
854385,1981,Brain_Non-Myeloid_oligodendrocyte,549,305.0,471,10_60296002_60299097,5903,Psap,0.6475583864118896
854386,1984,Brain_Non-Myeloid_oligodendrocyte,549,192.0,306,10_60296002_60299097,5903,Psap,0.6274509803921569
854387,1985,Brain_Non-Myeloid_oligodendrocyte,549,45.0,79,10_60296002_60299097,5903,Psap,0.569620253164557
854388,1986,Brain_Non-Myeloid_oligodendrocyte,549,137.0,312,10_60296002_60299097,5903,Psap,0.4391025641025641
854389,1987,Brain_Non-Myeloid_oligodendrocyte,549,121.0,126,10_60296002_60299097,5903,Psap,0.9603174603174603
854390,1988,Brain_Non-Myeloid_oligodendrocyte,549,126.0,224,10_60296002_60299097,5903,Psap,0.5625
854391,1989,Brain_Non-Myeloid_oligodendrocyte,549,68.0,90,10_60296002_60299097,5903,Psap,0.7555555555555555
854392,1990,Brain_Non-Myeloid_oligodendrocyte,549,147.0,150,10_60296002_60299097,5903,Psap,0.98
854393,1991,Brain_Non-Myeloid_oligodendrocyte,549,212.0,217,10_60296002_60299097,5903,Psap,0.9769585253456221
854394,1992,Brain_Non-Myeloid_oligodendrocyte,549,95.0,115,10_60296002_60299097,5903,Psap,0.8260869565217391
854395,1993,Brain_Non-Myeloid_oligodendrocyte,549,632.0,793,10_60296002_60299097,5903,Psap,0.7969735182849937
854396,1994,Brain_Non-Myeloid_oligodendrocyte,549,319.0,459,10_60296002_60299097,5903,Psap,0.6949891067538126
854397,1995,Brain_Non-Myeloid_oligodendrocyte,549,45.0,60,10_60296002_60299097,5903,Psap,0.75
854398,1996,Brain_Non-Myeloid_oligodendrocyte,549,242.0,250,10_60296002_60299097,5903,Psap,0.968
854399,1998,Brain_Non-Myeloid_oligodendrocyte,549,149.0,199,10_60296002_60299097,5903,Psap,0.7487437185929648
854400,1999,Brain_Non-Myeloid_oligodendrocyte,549,76.0,83,10_60296002_60299097,5903,Psap,0.9156626506024096
854401,2000,Brain_Non-Myeloid_oligodendrocyte,549,319.0,411,10_60296002_60299097,5903,Psap,0.7761557177615572
854402,2001,Brain_Non-Myeloid_oligodendrocyte,549,26.0,33,10_60296002_60299097,5903,Psap,0.7878787878787878
854403,2002,Brain_Non-Myeloid_oligodendrocyte,549,52.0,60,10_60296002_60299097,5903,Psap,0.8666666666666667
854404,2003,Brain_Non-Myeloid_oligodendrocyte,549,140.0,162,10_60296002_60299097,5903,Psap,0.8641975308641975
854405,2004,Brain_Non-Myeloid_oligodendrocyte,549,708.0,773,10_60296002_60299097,5903,Psap,0.9159120310478654
854406,2005,Brain_Non-Myeloid_oligodendrocyte,549,171.0,177,10_60296002_60299097,5903,Psap,0.9661016949152542
854407,2006,Brain_Non-Myeloid_oligodendrocyte,549,25.0,25,10_60296002_60299097,5903,Psap,1.0
854408,2007,Brain_Non-Myeloid_oligodendrocyte,549,39.0,49,10_60296002_60299097,5903,Psap,0.7959183673469388
854409,2009,Brain_Non-Myeloid_oligodendrocyte,549,23.0,24,10_60296002_60299097,5903,Psap,0.9583333333333334
854410,2010,Brain_Non-Myeloid_oligodendrocyte,549,99.0,131,10_60296002_60299097,5903,Psap,0.7557251908396947
854411,2012,Brain_Non-Myeloid_oligodendrocyte,549,79.0,79,10_60296002_60299097,5903,Psap,1.0
854412,2013,Brain_Non-Myeloid_oligodendrocyte,549,64.0,85,10_60296002_60299097,5903,Psap,0.7529411764705882
854413,2014,Brain_Non-Myeloid_oligodendrocyte,549,711.0,920,10_60296002_60299097,5903,Psap,0.7728260869565218
854414,2015,Brain_Non-Myeloid_oligodendrocyte,549,54.0,68,10_60296002_60299097,5903,Psap,0.7941176470588235
854415,2017,Brain_Non-Myeloid_oligodendrocyte,549,37.0,54,10_60296002_60299097,5903,Psap,0.6851851851851852
854416,2018,Brain_Non-Myeloid_oligodendrocyte,549,150.0,185,10_60296002_60299097,5903,Psap,0.8108108108108109
854417,2019,Brain_Non-Myeloid_oligodendrocyte,549,438.0,574,10_60296002_60299097,5903,Psap,0.7630662020905923
854418,2021,Brain_Non-Myeloid_oligodendrocyte,549,21.0,21,10_60296002_60299097,5903,Psap,1.0
854419,2022,Brain_Non-Myeloid_oligodendrocyte,549,106.0,155,10_60296002_60299097,5903,Psap,0.6838709677419355
854420,2023,Brain_Non-Myeloid_oligodendrocyte,549,110.0,186,10_60296002_60299097,5903,Psap,0.5913978494623656
854421,2024,Brain_Non-Myeloid_oligodendrocyte,549,152.0,170,10_60296002_60299097,5903,Psap,0.8941176470588236
854422,2025,Brain_Non-Myeloid_oligodendrocyte,549,117.0,152,10_60296002_60299097,5903,Psap,0.7697368421052632
854423,2026,Brain_Non-Myeloid_oligodendrocyte,549,1.0,17,10_60296002_60299097,5903,Psap,0.058823529411764705
854424,2027,Brain_Non-Myeloid_oligodendrocyte,549,23.0,63,10_60296002_60299097,5903,Psap,0.36507936507936506
854425,2028,Brain_Non-Myeloid_oligodendrocyte,549,149.0,227,10_60296002_60299097,5903,Psap,0.6563876651982379
854426,2029,Brain_Non-Myeloid_oligodendrocyte,549,224.0,238,10_60296002_60299097,5903,Psap,0.9411764705882353
854427,2030,Brain_Non-Myeloid_oligodendrocyte,549,292.0,361,10_60296002_60299097,5903,Psap,0.8088642659279779
854428,2031,Brain_Non-Myeloid_oligodendrocyte,549,794.0,863,10_60296002_60299097,5903,Psap,0.9200463499420626
854429,2032,Brain_Non-Myeloid_oligodendrocyte,549,115.0,116,10_60296002_60299097,5903,Psap,0.9913793103448276
854430,2033,Brain_Non-Myeloid_oligodendrocyte,549,113.0,114,10_60296002_60299097,5903,Psap,0.9912280701754386
854431,2035,Brain_Non-Myeloid_oligodendrocyte,549,69.0,84,10_60296002_60299097,5903,Psap,0.8214285714285714
854432,2037,Brain_Non-Myeloid_oligodendrocyte,549,138.0,230,10_60296002_60299097,5903,Psap,0.6
854433,2038,Brain_Non-Myeloid_oligodendrocyte,549,78.0,104,10_60296002_60299097,5903,Psap,0.75
854434,2039,Brain_Non-Myeloid_oligodendrocyte,549,723.0,840,10_60296002_60299097,5903,Psap,0.8607142857142858
854435,2040,Brain_Non-Myeloid_oligodendrocyte,549,37.0,42,10_60296002_60299097,5903,Psap,0.8809523809523809
854436,2042,Brain_Non-Myeloid_oligodendrocyte,549,819.0,928,10_60296002_60299097,5903,Psap,0.8825431034482759
854437,2043,Brain_Non-Myeloid_oligodendrocyte,549,377.0,497,10_60296002_60299097,5903,Psap,0.7585513078470825
854438,2044,Brain_Non-Myeloid_oligodendrocyte,549,109.0,147,10_60296002_60299097,5903,Psap,0.7414965986394558
854439,2045,Brain_Non-Myeloid_oligodendrocyte,549,93.0,120,10_60296002_60299097,5903,Psap,0.775
854440,2046,Brain_Non-Myeloid_oligodendrocyte,549,96.0,130,10_60296002_60299097,5903,Psap,0.7384615384615385
854441,2047,Brain_Non-Myeloid_oligodendrocyte,549,170.0,186,10_60296002_60299097,5903,Psap,0.9139784946236559
854442,2048,Brain_Non-Myeloid_oligodendrocyte,549,201.0,234,10_60296002_60299097,5903,Psap,0.8589743589743589
854443,2049,Brain_Non-Myeloid_oligodendrocyte,549,36.0,39,10_60296002_60299097,5903,Psap,0.9230769230769231
854444,2050,Brain_Non-Myeloid_oligodendrocyte,549,169.0,185,10_60296002_60299097,5903,Psap,0.9135135135135135
854445,2051,Brain_Non-Myeloid_oligodendrocyte,549,139.0,144,10_60296002_60299097,5903,Psap,0.9652777777777778
854446,2052,Brain_Non-Myeloid_oligodendrocyte,549,198.0,243,10_60296002_60299097,5903,Psap,0.8148148148148148
854447,2053,Brain_Non-Myeloid_oligodendrocyte,549,114.0,122,10_60296002_60299097,5903,Psap,0.9344262295081968
854448,2054,Brain_Non-Myeloid_oligodendrocyte,549,165.0,252,10_60296002_60299097,5903,Psap,0.6547619047619048
854449,2055,Brain_Non-Myeloid_oligodendrocyte,549,68.0,70,10_60296002_60299097,5903,Psap,0.9714285714285714
854450,2056,Brain_Non-Myeloid_oligodendrocyte,549,751.0,811,10_60296002_60299097,5903,Psap,0.9260172626387176
854451,2058,Brain_Non-Myeloid_oligodendrocyte,549,172.0,199,10_60296002_60299097,5903,Psap,0.864321608040201
854452,2059,Brain_Non-Myeloid_oligodendrocyte,549,71.0,113,10_60296002_60299097,5903,Psap,0.6283185840707964
854453,2060,Brain_Non-Myeloid_oligodendrocyte,549,158.0,195,10_60296002_60299097,5903,Psap,0.8102564102564103
854454,2061,Brain_Non-Myeloid_oligodendrocyte,549,22.0,30,10_60296002_60299097,5903,Psap,0.7333333333333333
854455,2062,Brain_Non-Myeloid_oligodendrocyte,549,52.0,56,10_60296002_60299097,5903,Psap,0.9285714285714286
854456,2063,Brain_Non-Myeloid_oligodendrocyte,549,1144.0,1384,10_60296002_60299097,5903,Psap,0.8265895953757225
854457,2064,Brain_Non-Myeloid_oligodendrocyte,549,96.0,131,10_60296002_60299097,5903,Psap,0.732824427480916
854458,2065,Brain_Non-Myeloid_oligodendrocyte,549,42.0,59,10_60296002_60299097,5903,Psap,0.711864406779661
854459,2066,Brain_Non-Myeloid_oligodendrocyte,549,112.0,122,10_60296002_60299097,5903,Psap,0.9180327868852459
854460,2067,Brain_Non-Myeloid_oligodendrocyte,549,29.0,67,10_60296002_60299097,5903,Psap,0.43283582089552236
854461,2068,Brain_Non-Myeloid_oligodendrocyte,549,15.0,18,10_60296002_60299097,5903,Psap,0.8333333333333334
854462,2069,Brain_Non-Myeloid_oligodendrocyte,549,150.0,150,10_60296002_60299097,5903,Psap,1.0
854463,2070,Brain_Non-Myeloid_oligodendrocyte,549,104.0,142,10_60296002_60299097,5903,Psap,0.7323943661971831
854464,2071,Brain_Non-Myeloid_oligodendrocyte,549,59.0,68,10_60296002_60299097,5903,Psap,0.8676470588235294
854465,2072,Brain_Non-Myeloid_oligodendrocyte,549,25.0,57,10_60296002_60299097,5903,Psap,0.43859649122807015
854466,2073,Brain_Non-Myeloid_oligodendrocyte,549,18.0,26,10_60296002_60299097,5903,Psap,0.6923076923076923
854467,2074,Brain_Non-Myeloid_oligodendrocyte,549,1032.0,1583,10_60296002_60299097,5903,Psap,0.6519267214150347
854468,2075,Brain_Non-Myeloid_oligodendrocyte,549,4.0,4,10_60296002_60299097,5903,Psap,1.0
854469,2076,Brain_Non-Myeloid_oligodendrocyte,549,170.0,174,10_60296002_60299097,5903,Psap,0.9770114942528736
854470,2077,Brain_Non-Myeloid_oligodendrocyte,549,48.0,62,10_60296002_60299097,5903,Psap,0.7741935483870968
854471,2078,Brain_Non-Myeloid_oligodendrocyte,549,133.0,150,10_60296002_60299097,5903,Psap,0.8866666666666667
854472,2079,Brain_Non-Myeloid_oligodendrocyte,549,8.0,9,10_60296002_60299097,5903,Psap,0.8888888888888888
854473,2080,Brain_Non-Myeloid_oligodendrocyte,549,403.0,691,10_60296002_60299097,5903,Psap,0.5832127351664255
854474,2081,Brain_Non-Myeloid_oligodendrocyte,549,231.0,284,10_60296002_60299097,5903,Psap,0.8133802816901409
854475,2082,Brain_Non-Myeloid_oligodendrocyte,549,120.0,157,10_60296002_60299097,5903,Psap,0.7643312101910829
854476,2083,Brain_Non-Myeloid_oligodendrocyte,549,36.0,54,10_60296002_60299097,5903,Psap,0.6666666666666666
854477,2084,Brain_Non-Myeloid_oligodendrocyte,549,43.0,52,10_60296002_60299097,5903,Psap,0.8269230769230769
854478,2085,Brain_Non-Myeloid_oligodendrocyte,549,5.0,5,10_60296002_60299097,5903,Psap,1.0
854479,2086,Brain_Non-Myeloid_oligodendrocyte,549,70.0,98,10_60296002_60299097,5903,Psap,0.7142857142857143
854480,2087,Brain_Non-Myeloid_oligodendrocyte,549,128.0,130,10_60296002_60299097,5903,Psap,0.9846153846153847
854481,2088,Brain_Non-Myeloid_oligodendrocyte,549,123.0,123,10_60296002_60299097,5903,Psap,1.0
854482,2089,Brain_Non-Myeloid_oligodendrocyte,549,299.0,392,10_60296002_60299097,5903,Psap,0.7627551020408163
854483,2090,Brain_Non-Myeloid_oligodendrocyte,549,37.0,48,10_60296002_60299097,5903,Psap,0.7708333333333334
854484,2091,Brain_Non-Myeloid_oligodendrocyte,549,35.0,35,10_60296002_60299097,5903,Psap,1.0
854485,2092,Brain_Non-Myeloid_oligodendrocyte,549,166.0,195,10_60296002_60299097,5903,Psap,0.8512820512820513
854486,2094,Brain_Non-Myeloid_oligodendrocyte,549,129.0,166,10_60296002_60299097,5903,Psap,0.7771084337349398
854487,2095,Brain_Non-Myeloid_oligodendrocyte,549,806.0,997,10_60296002_60299097,5903,Psap,0.8084252758274825
854488,2096,Brain_Non-Myeloid_oligodendrocyte,549,255.0,259,10_60296002_60299097,5903,Psap,0.9845559845559846
854489,2097,Brain_Non-Myeloid_oligodendrocyte,549,1.0,1,10_60296002_60299097,5903,Psap,1.0
854490,2098,Brain_Non-Myeloid_oligodendrocyte,549,41.0,75,10_60296002_60299097,5903,Psap,0.5466666666666666
854491,2099,Brain_Non-Myeloid_oligodendrocyte,549,141.0,204,10_60296002_60299097,5903,Psap,0.6911764705882353
854492,2100,Brain_Non-Myeloid_oligodendrocyte,549,128.0,305,10_60296002_60299097,5903,Psap,0.419672131147541
854493,2101,Brain_Non-Myeloid_oligodendrocyte,549,123.0,135,10_60296002_60299097,5903,Psap,0.9111111111111111
854494,2102,Brain_Non-Myeloid_oligodendrocyte,549,244.0,269,10_60296002_60299097,5903,Psap,0.9070631970260223
854495,2103,Brain_Non-Myeloid_oligodendrocyte,549,91.0,209,10_60296002_60299097,5903,Psap,0.4354066985645933
854496,2104,Brain_Non-Myeloid_oligodendrocyte,549,81.0,104,10_60296002_60299097,5903,Psap,0.7788461538461539
854497,2105,Brain_Non-Myeloid_oligodendrocyte,549,229.0,235,10_60296002_60299097,5903,Psap,0.9744680851063829
854498,2106,Brain_Non-Myeloid_oligodendrocyte,549,100.0,115,10_60296002_60299097,5903,Psap,0.8695652173913043
854499,2107,Brain_Non-Myeloid_oligodendrocyte,549,308.0,311,10_60296002_60299097,5903,Psap,0.9903536977491961
854500,2108,Brain_Non-Myeloid_oligodendrocyte,549,94.0,105,10_60296002_60299097,5903,Psap,0.8952380952380953
854501,2109,Brain_Non-Myeloid_oligodendrocyte,549,11.0,11,10_60296002_60299097,5903,Psap,1.0
854502,2110,Brain_Non-Myeloid_oligodendrocyte,549,1405.0,1858,10_60296002_60299097,5903,Psap,0.7561894510226049
854503,2111,Brain_Non-Myeloid_oligodendrocyte,549,161.0,194,10_60296002_60299097,5903,Psap,0.8298969072164949
854504,2112,Brain_Non-Myeloid_oligodendrocyte,549,60.0,60,10_60296002_60299097,5903,Psap,1.0
854505,2113,Brain_Non-Myeloid_oligodendrocyte,549,1.0,28,10_60296002_60299097,5903,Psap,0.03571428571428571
854506,2114,Brain_Non-Myeloid_oligodendrocyte,549,71.0,129,10_60296002_60299097,5903,Psap,0.5503875968992248
854507,2115,Brain_Non-Myeloid_oligodendrocyte,549,1145.0,1502,10_60296002_60299097,5903,Psap,0.7623169107856191
854508,2116,Brain_Non-Myeloid_oligodendrocyte,549,161.0,280,10_60296002_60299097,5903,Psap,0.575
854509,2117,Brain_Non-Myeloid_oligodendrocyte,549,352.0,404,10_60296002_60299097,5903,Psap,0.8712871287128713
854510,2118,Brain_Non-Myeloid_oligodendrocyte,549,102.0,203,10_60296002_60299097,5903,Psap,0.5024630541871922
854511,2119,Brain_Non-Myeloid_oligodendrocyte,549,99.0,136,10_60296002_60299097,5903,Psap,0.7279411764705882
854512,2120,Brain_Non-Myeloid_oligodendrocyte,549,266.0,641,10_60296002_60299097,5903,Psap,0.41497659906396256
854513,2121,Brain_Non-Myeloid_oligodendrocyte,549,228.0,274,10_60296002_60299097,5903,Psap,0.8321167883211679
854514,2122,Brain_Non-Myeloid_oligodendrocyte,549,101.0,115,10_60296002_60299097,5903,Psap,0.8782608695652174
854515,2123,Brain_Non-Myeloid_oligodendrocyte,549,5.0,5,10_60296002_60299097,5903,Psap,1.0
854516,2124,Brain_Non-Myeloid_oligodendrocyte,549,17.0,21,10_60296002_60299097,5903,Psap,0.8095238095238095
854517,2125,Brain_Non-Myeloid_oligodendrocyte,549,60.0,87,10_60296002_60299097,5903,Psap,0.6896551724137931
854518,2126,Brain_Non-Myeloid_oligodendrocyte,549,320.0,321,10_60296002_60299097,5903,Psap,0.9968847352024922
854519,2127,Brain_Non-Myeloid_oligodendrocyte,549,48.0,57,10_60296002_60299097,5903,Psap,0.8421052631578947
854520,2128,Brain_Non-Myeloid_oligodendrocyte,549,12.0,13,10_60296002_60299097,5903,Psap,0.9230769230769231
854521,2129,Brain_Non-Myeloid_oligodendrocyte,549,680.0,914,10_60296002_60299097,5903,Psap,0.7439824945295405
854522,2130,Brain_Non-Myeloid_oligodendrocyte,549,63.0,64,10_60296002_60299097,5903,Psap,0.984375
854523,2132,Brain_Non-Myeloid_oligodendrocyte,549,248.0,400,10_60296002_60299097,5903,Psap,0.62
854524,2133,Brain_Non-Myeloid_oligodendrocyte,549,44.0,44,10_60296002_60299097,5903,Psap,1.0
854525,2134,Brain_Non-Myeloid_oligodendrocyte,549,60.0,76,10_60296002_60299097,5903,Psap,0.7894736842105263
854526,2135,Brain_Non-Myeloid_oligodendrocyte,549,793.0,891,10_60296002_60299097,5903,Psap,0.8900112233445566
854527,2136,Brain_Non-Myeloid_oligodendrocyte,549,81.0,110,10_60296002_60299097,5903,Psap,0.7363636363636363
854528,2137,Brain_Non-Myeloid_oligodendrocyte,549,99.0,111,10_60296002_60299097,5903,Psap,0.8918918918918919
854529,2138,Brain_Non-Myeloid_oligodendrocyte,549,177.0,178,10_60296002_60299097,5903,Psap,0.9943820224719101
854530,2140,Brain_Non-Myeloid_oligodendrocyte,549,260.0,288,10_60296002_60299097,5903,Psap,0.9027777777777778
854531,2141,Brain_Non-Myeloid_oligodendrocyte,549,203.0,364,10_60296002_60299097,5903,Psap,0.5576923076923077
854532,2142,Brain_Non-Myeloid_oligodendrocyte,549,57.0,104,10_60296002_60299097,5903,Psap,0.5480769230769231
854533,2143,Brain_Non-Myeloid_oligodendrocyte,549,236.0,371,10_60296002_60299097,5903,Psap,0.6361185983827493
854534,2144,Brain_Non-Myeloid_oligodendrocyte,549,102.0,232,10_60296002_60299097,5903,Psap,0.4396551724137931
854535,2146,Brain_Non-Myeloid_oligodendrocyte,549,9.0,10,10_60296002_60299097,5903,Psap,0.9
854536,2147,Brain_Non-Myeloid_oligodendrocyte,549,209.0,266,10_60296002_60299097,5903,Psap,0.7857142857142857
854537,2148,Brain_Non-Myeloid_oligodendrocyte,549,150.0,193,10_60296002_60299097,5903,Psap,0.7772020725388601
854538,2149,Brain_Non-Myeloid_oligodendrocyte,549,220.0,227,10_60296002_60299097,5903,Psap,0.9691629955947136
854539,2150,Brain_Non-Myeloid_oligodendrocyte,549,48.0,48,10_60296002_60299097,5903,Psap,1.0
854540,2151,Brain_Non-Myeloid_oligodendrocyte,549,73.0,76,10_60296002_60299097,5903,Psap,0.9605263157894737
854541,2152,Brain_Non-Myeloid_oligodendrocyte,549,51.0,55,10_60296002_60299097,5903,Psap,0.9272727272727272
854542,2153,Brain_Non-Myeloid_oligodendrocyte,549,100.0,103,10_60296002_60299097,5903,Psap,0.970873786407767
854543,2154,Brain_Non-Myeloid_oligodendrocyte,549,114.0,166,10_60296002_60299097,5903,Psap,0.6867469879518072
854544,2155,Brain_Non-Myeloid_oligodendrocyte,549,105.0,114,10_60296002_60299097,5903,Psap,0.9210526315789473
854545,2156,Brain_Non-Myeloid_oligodendrocyte,549,205.0,207,10_60296002_60299097,5903,Psap,0.9903381642512077
854546,2157,Brain_Non-Myeloid_oligodendrocyte,549,88.0,109,10_60296002_60299097,5903,Psap,0.8073394495412844
854547,2158,Brain_Non-Myeloid_oligodendrocyte,549,6.0,172,10_60296002_60299097,5903,Psap,0.03488372093023256
854548,2159,Brain_Non-Myeloid_oligodendrocyte,549,169.0,172,10_60296002_60299097,5903,Psap,0.9825581395348837
854549,2160,Brain_Non-Myeloid_oligodendrocyte,549,132.0,135,10_60296002_60299097,5903,Psap,0.9777777777777777
854550,2161,Brain_Non-Myeloid_oligodendrocyte,549,425.0,909,10_60296002_60299097,5903,Psap,0.4675467546754675
854551,2162,Brain_Non-Myeloid_oligodendrocyte,549,180.0,181,10_60296002_60299097,5903,Psap,0.994475138121547
854552,2163,Brain_Non-Myeloid_oligodendrocyte,549,319.0,331,10_60296002_60299097,5903,Psap,0.9637462235649547
854553,2165,Brain_Non-Myeloid_oligodendrocyte,549,23.0,39,10_60296002_60299097,5903,Psap,0.5897435897435898
854554,2166,Brain_Non-Myeloid_oligodendrocyte,549,43.0,43,10_60296002_60299097,5903,Psap,1.0
854555,2167,Brain_Non-Myeloid_oligodendrocyte,549,22.0,27,10_60296002_60299097,5903,Psap,0.8148148148148148
854556,2168,Brain_Non-Myeloid_oligodendrocyte,549,345.0,743,10_60296002_60299097,5903,Psap,0.46433378196500674
854557,2170,Brain_Non-Myeloid_oligodendrocyte,549,207.0,257,10_60296002_60299097,5903,Psap,0.8054474708171206
854558,2171,Brain_Non-Myeloid_oligodendrocyte,549,99.0,145,10_60296002_60299097,5903,Psap,0.6827586206896552
854559,2172,Brain_Non-Myeloid_oligodendrocyte,549,258.0,296,10_60296002_60299097,5903,Psap,0.8716216216216216
854560,2173,Brain_Non-Myeloid_oligodendrocyte,549,91.0,120,10_60296002_60299097,5903,Psap,0.7583333333333333
854561,2174,Brain_Non-Myeloid_oligodendrocyte,549,13.0,22,10_60296002_60299097,5903,Psap,0.5909090909090909
854562,2175,Brain_Non-Myeloid_oligodendrocyte,549,23.0,23,10_60296002_60299097,5903,Psap,1.0
854563,2176,Brain_Non-Myeloid_oligodendrocyte,549,42.0,75,10_60296002_60299097,5903,Psap,0.56
854564,2177,Brain_Non-Myeloid_oligodendrocyte,549,311.0,381,10_60296002_60299097,5903,Psap,0.8162729658792651
854565,2178,Brain_Non-Myeloid_oligodendrocyte,549,228.0,251,10_60296002_60299097,5903,Psap,0.9083665338645418
854566,2179,Brain_Non-Myeloid_oligodendrocyte,549,374.0,392,10_60296002_60299097,5903,Psap,0.9540816326530612
854567,2180,Brain_Non-Myeloid_oligodendrocyte,549,377.0,451,10_60296002_60299097,5903,Psap,0.835920177383592
854568,2181,Brain_Non-Myeloid_oligodendrocyte,549,46.0,48,10_60296002_60299097,5903,Psap,0.9583333333333334
854569,2182,Brain_Non-Myeloid_oligodendrocyte,549,175.0,229,10_60296002_60299097,5903,Psap,0.7641921397379913
854570,2183,Brain_Non-Myeloid_oligodendrocyte,549,13.0,19,10_60296002_60299097,5903,Psap,0.6842105263157895
854571,2184,Brain_Non-Myeloid_oligodendrocyte,549,64.0,68,10_60296002_60299097,5903,Psap,0.9411764705882353
854572,2185,Brain_Non-Myeloid_oligodendrocyte,549,10.0,12,10_60296002_60299097,5903,Psap,0.8333333333333334
854573,2186,Brain_Non-Myeloid_oligodendrocyte,549,50.0,58,10_60296002_60299097,5903,Psap,0.8620689655172413
854574,2187,Brain_Non-Myeloid_oligodendrocyte,549,1288.0,1324,10_60296002_60299097,5903,Psap,0.972809667673716
854575,2188,Brain_Non-Myeloid_oligodendrocyte,549,197.0,198,10_60296002_60299097,5903,Psap,0.9949494949494949
854576,2189,Brain_Non-Myeloid_oligodendrocyte,549,36.0,37,10_60296002_60299097,5903,Psap,0.972972972972973
854577,2190,Brain_Non-Myeloid_oligodendrocyte,549,83.0,135,10_60296002_60299097,5903,Psap,0.6148148148148148
854578,2191,Brain_Non-Myeloid_oligodendrocyte,549,31.0,31,10_60296002_60299097,5903,Psap,1.0
854579,2192,Brain_Non-Myeloid_oligodendrocyte,549,1646.0,1659,10_60296002_60299097,5903,Psap,0.9921639541892706
854580,2193,Brain_Non-Myeloid_oligodendrocyte,549,343.0,385,10_60296002_60299097,5903,Psap,0.8909090909090909
854581,2194,Brain_Non-Myeloid_oligodendrocyte,549,190.0,266,10_60296002_60299097,5903,Psap,0.7142857142857143
854582,2195,Brain_Non-Myeloid_oligodendrocyte,549,1.0,37,10_60296002_60299097,5903,Psap,0.02702702702702703
854583,2196,Brain_Non-Myeloid_oligodendrocyte,549,109.0,156,10_60296002_60299097,5903,Psap,0.6987179487179487
854584,2197,Brain_Non-Myeloid_oligodendrocyte,549,198.0,297,10_60296002_60299097,5903,Psap,0.6666666666666666
854585,2198,Brain_Non-Myeloid_oligodendrocyte,549,202.0,207,10_60296002_60299097,5903,Psap,0.9758454106280193
854586,2199,Brain_Non-Myeloid_oligodendrocyte,549,102.0,140,10_60296002_60299097,5903,Psap,0.7285714285714285
854587,2200,Brain_Non-Myeloid_oligodendrocyte,549,2.0,2,10_60296002_60299097,5903,Psap,1.0
854588,2201,Brain_Non-Myeloid_oligodendrocyte,549,293.0,348,10_60296002_60299097,5903,Psap,0.8419540229885057
854589,2202,Brain_Non-Myeloid_oligodendrocyte,549,156.0,168,10_60296002_60299097,5903,Psap,0.9285714285714286
854590,2203,Brain_Non-Myeloid_oligodendrocyte,549,357.0,396,10_60296002_60299097,5903,Psap,0.9015151515151515
854591,2204,Brain_Non-Myeloid_oligodendrocyte,549,1.0,1,10_60296002_60299097,5903,Psap,1.0
854592,2206,Brain_Non-Myeloid_oligodendrocyte,549,121.0,122,10_60296002_60299097,5903,Psap,0.9918032786885246
854593,2207,Brain_Non-Myeloid_oligodendrocyte,549,48.0,78,10_60296002_60299097,5903,Psap,0.6153846153846154
854594,2208,Brain_Non-Myeloid_oligodendrocyte,549,172.0,218,10_60296002_60299097,5903,Psap,0.7889908256880734
854595,2209,Brain_Non-Myeloid_oligodendrocyte,549,201.0,236,10_60296002_60299097,5903,Psap,0.8516949152542372
854596,2210,Brain_Non-Myeloid_oligodendrocyte,549,513.0,584,10_60296002_60299097,5903,Psap,0.8784246575342466
854597,2211,Brain_Non-Myeloid_oligodendrocyte,549,128.0,129,10_60296002_60299097,5903,Psap,0.9922480620155039
854598,2212,Brain_Non-Myeloid_oligodendrocyte,549,304.0,353,10_60296002_60299097,5903,Psap,0.8611898016997167
854599,2213,Brain_Non-Myeloid_oligodendrocyte,549,70.0,90,10_60296002_60299097,5903,Psap,0.7777777777777778
854600,2214,Brain_Non-Myeloid_oligodendrocyte,549,89.0,147,10_60296002_60299097,5903,Psap,0.6054421768707483
854601,2215,Brain_Non-Myeloid_oligodendrocyte,549,62.0,72,10_60296002_60299097,5903,Psap,0.8611111111111112
854602,2217,Brain_Non-Myeloid_oligodendrocyte,549,240.0,286,10_60296002_60299097,5903,Psap,0.8391608391608392
854603,2219,Brain_Non-Myeloid_oligodendrocyte,549,73.0,74,10_60296002_60299097,5903,Psap,0.9864864864864865
854604,2220,Brain_Non-Myeloid_oligodendrocyte,549,94.0,116,10_60296002_60299097,5903,Psap,0.8103448275862069
854605,2222,Brain_Non-Myeloid_oligodendrocyte,549,33.0,50,10_60296002_60299097,5903,Psap,0.66
854606,2224,Brain_Non-Myeloid_oligodendrocyte,549,33.0,50,10_60296002_60299097,5903,Psap,0.66
854607,2225,Brain_Non-Myeloid_oligodendrocyte,549,36.0,52,10_60296002_60299097,5903,Psap,0.6923076923076923
854608,2226,Brain_Non-Myeloid_oligodendrocyte,549,20.0,32,10_60296002_60299097,5903,Psap,0.625
854609,2228,Brain_Non-Myeloid_oligodendrocyte,549,151.0,171,10_60296002_60299097,5903,Psap,0.8830409356725146
854610,2229,Brain_Non-Myeloid_oligodendrocyte,549,73.0,94,10_60296002_60299097,5903,Psap,0.776595744680851
854611,2230,Brain_Non-Myeloid_oligodendrocyte,549,38.0,196,10_60296002_60299097,5903,Psap,0.19387755102040816
854612,2231,Brain_Non-Myeloid_oligodendrocyte,549,864.0,1056,10_60296002_60299097,5903,Psap,0.8181818181818182
854613,2232,Brain_Non-Myeloid_oligodendrocyte,549,177.0,214,10_60296002_60299097,5903,Psap,0.8271028037383178
854614,2233,Brain_Non-Myeloid_oligodendrocyte,549,156.0,189,10_60296002_60299097,5903,Psap,0.8253968253968254
854615,2234,Brain_Non-Myeloid_oligodendrocyte,549,41.0,41,10_60296002_60299097,5903,Psap,1.0
854616,2235,Brain_Non-Myeloid_oligodendrocyte,549,284.0,286,10_60296002_60299097,5903,Psap,0.993006993006993
854617,2236,Brain_Non-Myeloid_oligodendrocyte,549,116.0,128,10_60296002_60299097,5903,Psap,0.90625
854618,2237,Brain_Non-Myeloid_oligodendrocyte,549,38.0,83,10_60296002_60299097,5903,Psap,0.4578313253012048
854619,2238,Brain_Non-Myeloid_oligodendrocyte,549,18.0,22,10_60296002_60299097,5903,Psap,0.8181818181818182
854620,2239,Brain_Non-Myeloid_oligodendrocyte,549,41.0,41,10_60296002_60299097,5903,Psap,1.0
854621,2241,Brain_Non-Myeloid_oligodendrocyte,549,22.0,26,10_60296002_60299097,5903,Psap,0.8461538461538461
854622,2242,Brain_Non-Myeloid_oligodendrocyte,549,112.0,129,10_60296002_60299097,5903,Psap,0.8682170542635659
854623,2243,Brain_Non-Myeloid_oligodendrocyte,549,306.0,403,10_60296002_60299097,5903,Psap,0.7593052109181141
854624,2244,Brain_Non-Myeloid_oligodendrocyte,549,22.0,22,10_60296002_60299097,5903,Psap,1.0
854625,2246,Brain_Non-Myeloid_oligodendrocyte,549,260.0,384,10_60296002_60299097,5903,Psap,0.6770833333333334
854626,2247,Brain_Non-Myeloid_oligodendrocyte,549,178.0,236,10_60296002_60299097,5903,Psap,0.7542372881355932
854627,2248,Brain_Non-Myeloid_oligodendrocyte,549,20.0,80,10_60296002_60299097,5903,Psap,0.25
854628,2249,Brain_Non-Myeloid_oligodendrocyte,549,48.0,76,10_60296002_60299097,5903,Psap,0.631578947368421
854629,2250,Brain_Non-Myeloid_oligodendrocyte,549,950.0,970,10_60296002_60299097,5903,Psap,0.979381443298969
854630,2251,Brain_Non-Myeloid_oligodendrocyte,549,119.0,120,10_60296002_60299097,5903,Psap,0.9916666666666667
854631,2252,Brain_Non-Myeloid_oligodendrocyte,549,168.0,247,10_60296002_60299097,5903,Psap,0.680161943319838
854632,2253,Brain_Non-Myeloid_oligodendrocyte,549,167.0,169,10_60296002_60299097,5903,Psap,0.9881656804733728
854633,2255,Brain_Non-Myeloid_oligodendrocyte,549,532.0,559,10_60296002_60299097,5903,Psap,0.9516994633273703
854634,2256,Brain_Non-Myeloid_oligodendrocyte,549,83.0,110,10_60296002_60299097,5903,Psap,0.7545454545454545
854635,2257,Brain_Non-Myeloid_oligodendrocyte,549,215.0,220,10_60296002_60299097,5903,Psap,0.9772727272727273
854636,2259,Brain_Non-Myeloid_oligodendrocyte,549,60.0,60,10_60296002_60299097,5903,Psap,1.0
854637,2260,Brain_Non-Myeloid_oligodendrocyte,549,39.0,60,10_60296002_60299097,5903,Psap,0.65
854638,2261,Brain_Non-Myeloid_oligodendrocyte,549,644.0,1012,10_60296002_60299097,5903,Psap,0.6363636363636364
854639,2262,Brain_Non-Myeloid_oligodendrocyte,549,218.0,228,10_60296002_60299097,5903,Psap,0.956140350877193
854640,2263,Brain_Non-Myeloid_oligodendrocyte,549,7.0,7,10_60296002_60299097,5903,Psap,1.0
854641,2264,Brain_Non-Myeloid_oligodendrocyte,549,145.0,181,10_60296002_60299097,5903,Psap,0.8011049723756906
854642,2265,Brain_Non-Myeloid_oligodendrocyte,549,91.0,109,10_60296002_60299097,5903,Psap,0.8348623853211009
854643,2266,Brain_Non-Myeloid_oligodendrocyte,549,88.0,184,10_60296002_60299097,5903,Psap,0.4782608695652174
854644,2267,Brain_Non-Myeloid_oligodendrocyte,549,303.0,371,10_60296002_60299097,5903,Psap,0.816711590296496
854645,2268,Brain_Non-Myeloid_oligodendrocyte,549,130.0,167,10_60296002_60299097,5903,Psap,0.7784431137724551
854646,2269,Brain_Non-Myeloid_oligodendrocyte,549,51.0,54,10_60296002_60299097,5903,Psap,0.9444444444444444
854647,2270,Brain_Non-Myeloid_oligodendrocyte,549,84.0,130,10_60296002_60299097,5903,Psap,0.6461538461538462
854648,2271,Brain_Non-Myeloid_oligodendrocyte,549,147.0,225,10_60296002_60299097,5903,Psap,0.6533333333333333
854649,2272,Brain_Non-Myeloid_oligodendrocyte,549,97.0,125,10_60296002_60299097,5903,Psap,0.776
854650,2273,Brain_Non-Myeloid_oligodendrocyte,549,68.0,103,10_60296002_60299097,5903,Psap,0.6601941747572816
854651,2274,Brain_Non-Myeloid_oligodendrocyte,549,156.0,211,10_60296002_60299097,5903,Psap,0.7393364928909952
854652,2275,Brain_Non-Myeloid_oligodendrocyte,549,10.0,12,10_60296002_60299097,5903,Psap,0.8333333333333334
854653,2276,Brain_Non-Myeloid_oligodendrocyte,549,211.0,288,10_60296002_60299097,5903,Psap,0.7326388888888888
854654,2277,Brain_Non-Myeloid_oligodendrocyte,549,157.0,161,10_60296002_60299097,5903,Psap,0.9751552795031055
854655,2278,Brain_Non-Myeloid_oligodendrocyte,549,277.0,279,10_60296002_60299097,5903,Psap,0.992831541218638
854656,2279,Brain_Non-Myeloid_oligodendrocyte,549,248.0,278,10_60296002_60299097,5903,Psap,0.8920863309352518
854657,2280,Brain_Non-Myeloid_oligodendrocyte,549,66.0,103,10_60296002_60299097,5903,Psap,0.6407766990291263
854658,2281,Brain_Non-Myeloid_oligodendrocyte,549,285.0,404,10_60296002_60299097,5903,Psap,0.7054455445544554
854659,2282,Brain_Non-Myeloid_oligodendrocyte,549,80.0,94,10_60296002_60299097,5903,Psap,0.851063829787234
854660,2283,Brain_Non-Myeloid_oligodendrocyte,549,266.0,299,10_60296002_60299097,5903,Psap,0.8896321070234113
854661,2284,Brain_Non-Myeloid_oligodendrocyte,549,252.0,372,10_60296002_60299097,5903,Psap,0.6774193548387096
854662,2285,Brain_Non-Myeloid_oligodendrocyte,549,922.0,1147,10_60296002_60299097,5903,Psap,0.8038360941586749
854663,2286,Brain_Non-Myeloid_oligodendrocyte,549,229.0,256,10_60296002_60299097,5903,Psap,0.89453125
854664,2287,Brain_Non-Myeloid_oligodendrocyte,549,119.0,120,10_60296002_60299097,5903,Psap,0.9916666666666667
854665,2288,Brain_Non-Myeloid_oligodendrocyte,549,21.0,21,10_60296002_60299097,5903,Psap,1.0
854666,2289,Brain_Non-Myeloid_oligodendrocyte,549,119.0,187,10_60296002_60299097,5903,Psap,0.6363636363636364
854667,2290,Brain_Non-Myeloid_oligodendrocyte,549,56.0,73,10_60296002_60299097,5903,Psap,0.7671232876712328
854668,2291,Brain_Non-Myeloid_oligodendrocyte,549,138.0,149,10_60296002_60299097,5903,Psap,0.9261744966442953
854669,2293,Brain_Non-Myeloid_oligodendrocyte,549,118.0,221,10_60296002_60299097,5903,Psap,0.5339366515837104
854670,2294,Brain_Non-Myeloid_oligodendrocyte,549,113.0,181,10_60296002_60299097,5903,Psap,0.6243093922651933
854671,2295,Brain_Non-Myeloid_oligodendrocyte,549,8.0,10,10_60296002_60299097,5903,Psap,0.8
854672,2296,Brain_Non-Myeloid_oligodendrocyte,549,17.0,25,10_60296002_60299097,5903,Psap,0.68
854673,2297,Brain_Non-Myeloid_oligodendrocyte,549,32.0,35,10_60296002_60299097,5903,Psap,0.9142857142857143
854674,2298,Brain_Non-Myeloid_oligodendrocyte,549,300.0,423,10_60296002_60299097,5903,Psap,0.7092198581560284
854675,2299,Brain_Non-Myeloid_oligodendrocyte,549,98.0,100,10_60296002_60299097,5903,Psap,0.98
854676,2300,Brain_Non-Myeloid_oligodendrocyte,549,28.0,28,10_60296002_60299097,5903,Psap,1.0
854677,2301,Brain_Non-Myeloid_oligodendrocyte,549,198.0,199,10_60296002_60299097,5903,Psap,0.9949748743718593
854678,2302,Brain_Non-Myeloid_oligodendrocyte,549,1062.0,1215,10_60296002_60299097,5903,Psap,0.8740740740740741
854679,2303,Brain_Non-Myeloid_oligodendrocyte,549,14.0,22,10_60296002_60299097,5903,Psap,0.6363636363636364
854680,2304,Brain_Non-Myeloid_oligodendrocyte,549,143.0,178,10_60296002_60299097,5903,Psap,0.8033707865168539
854681,2305,Brain_Non-Myeloid_oligodendrocyte,549,2.0,72,10_60296002_60299097,5903,Psap,0.027777777777777776
854682,2307,Brain_Non-Myeloid_oligodendrocyte,549,4.0,4,10_60296002_60299097,5903,Psap,1.0
854683,2308,Brain_Non-Myeloid_oligodendrocyte,549,106.0,121,10_60296002_60299097,5903,Psap,0.8760330578512396
854684,2309,Brain_Non-Myeloid_oligodendrocyte,549,20.0,76,10_60296002_60299097,5903,Psap,0.2631578947368421
854685,2311,Brain_Non-Myeloid_oligodendrocyte,549,224.0,251,10_60296002_60299097,5903,Psap,0.8924302788844621
854686,2312,Brain_Non-Myeloid_oligodendrocyte,549,79.0,79,10_60296002_60299097,5903,Psap,1.0
854687,2313,Brain_Non-Myeloid_oligodendrocyte,549,36.0,49,10_60296002_60299097,5903,Psap,0.7346938775510204
854688,2314,Brain_Non-Myeloid_oligodendrocyte,549,273.0,320,10_60296002_60299097,5903,Psap,0.853125
854689,2315,Brain_Non-Myeloid_oligodendrocyte,549,3.0,4,10_60296002_60299097,5903,Psap,0.75
854690,2316,Brain_Non-Myeloid_oligodendrocyte,549,90.0,93,10_60296002_60299097,5903,Psap,0.967741935483871
854691,2318,Brain_Non-Myeloid_oligodendrocyte,549,19.0,19,10_60296002_60299097,5903,Psap,1.0
854692,2319,Brain_Non-Myeloid_oligodendrocyte,549,150.0,159,10_60296002_60299097,5903,Psap,0.9433962264150944
854693,2320,Brain_Non-Myeloid_oligodendrocyte,549,290.0,301,10_60296002_60299097,5903,Psap,0.9634551495016611
854694,2321,Brain_Non-Myeloid_oligodendrocyte,549,4.0,4,10_60296002_60299097,5903,Psap,1.0
854695,2322,Brain_Non-Myeloid_oligodendrocyte,549,58.0,58,10_60296002_60299097,5903,Psap,1.0
854696,2323,Brain_Non-Myeloid_oligodendrocyte,549,83.0,109,10_60296002_60299097,5903,Psap,0.7614678899082569
854697,2324,Brain_Non-Myeloid_oligodendrocyte,549,59.0,60,10_60296002_60299097,5903,Psap,0.9833333333333333
854698,2325,Brain_Non-Myeloid_oligodendrocyte,549,205.0,262,10_60296002_60299097,5903,Psap,0.7824427480916031
854699,2326,Brain_Non-Myeloid_oligodendrocyte,549,64.0,65,10_60296002_60299097,5903,Psap,0.9846153846153847
854700,2327,Brain_Non-Myeloid_oligodendrocyte,549,159.0,181,10_60296002_60299097,5903,Psap,0.8784530386740331
854701,2328,Brain_Non-Myeloid_oligodendrocyte,549,321.0,322,10_60296002_60299097,5903,Psap,0.9968944099378882
854702,2329,Brain_Non-Myeloid_oligodendrocyte,549,238.0,247,10_60296002_60299097,5903,Psap,0.9635627530364372
854703,2330,Brain_Non-Myeloid_oligodendrocyte,549,5.0,8,10_60296002_60299097,5903,Psap,0.625
854704,2331,Brain_Non-Myeloid_oligodendrocyte,549,46.0,55,10_60296002_60299097,5903,Psap,0.8363636363636363
854705,2333,Brain_Non-Myeloid_oligodendrocyte,549,291.0,368,10_60296002_60299097,5903,Psap,0.7907608695652174
854706,2334,Brain_Non-Myeloid_oligodendrocyte,549,67.0,67,10_60296002_60299097,5903,Psap,1.0
854707,2335,Brain_Non-Myeloid_oligodendrocyte,549,106.0,166,10_60296002_60299097,5903,Psap,0.6385542168674698
854708,2336,Brain_Non-Myeloid_oligodendrocyte,549,22.0,47,10_60296002_60299097,5903,Psap,0.46808510638297873
854709,2337,Brain_Non-Myeloid_oligodendrocyte,549,7.0,10,10_60296002_60299097,5903,Psap,0.7
854710,2338,Brain_Non-Myeloid_oligodendrocyte,549,29.0,99,10_60296002_60299097,5903,Psap,0.29292929292929293
854711,2340,Brain_Non-Myeloid_oligodendrocyte,549,389.0,448,10_60296002_60299097,5903,Psap,0.8683035714285714
854712,2341,Brain_Non-Myeloid_oligodendrocyte,549,652.0,667,10_60296002_60299097,5903,Psap,0.9775112443778111
854713,2343,Brain_Non-Myeloid_oligodendrocyte,549,19.0,19,10_60296002_60299097,5903,Psap,1.0
854714,2344,Brain_Non-Myeloid_oligodendrocyte,549,180.0,215,10_60296002_60299097,5903,Psap,0.8372093023255814
854715,2345,Brain_Non-Myeloid_oligodendrocyte,549,213.0,316,10_60296002_60299097,5903,Psap,0.6740506329113924
854716,2346,Brain_Non-Myeloid_oligodendrocyte,549,197.0,233,10_60296002_60299097,5903,Psap,0.8454935622317596
854717,2348,Brain_Non-Myeloid_oligodendrocyte,549,117.0,117,10_60296002_60299097,5903,Psap,1.0
854718,2349,Brain_Non-Myeloid_oligodendrocyte,549,132.0,186,10_60296002_60299097,5903,Psap,0.7096774193548387
854719,2350,Brain_Non-Myeloid_oligodendrocyte,549,72.0,82,10_60296002_60299097,5903,Psap,0.8780487804878049
854720,2352,Brain_Non-Myeloid_oligodendrocyte,549,498.0,526,10_60296002_60299097,5903,Psap,0.9467680608365019
854721,2353,Brain_Non-Myeloid_oligodendrocyte,549,25.0,42,10_60296002_60299097,5903,Psap,0.5952380952380952
854722,2354,Brain_Non-Myeloid_oligodendrocyte,549,26.0,118,10_60296002_60299097,5903,Psap,0.22033898305084745
854723,2355,Brain_Non-Myeloid_oligodendrocyte,549,194.0,198,10_60296002_60299097,5903,Psap,0.9797979797979798
854724,2356,Brain_Non-Myeloid_oligodendrocyte,549,86.0,99,10_60296002_60299097,5903,Psap,0.8686868686868687
854725,2357,Brain_Non-Myeloid_oligodendrocyte,549,154.0,177,10_60296002_60299097,5903,Psap,0.8700564971751412
854726,2358,Brain_Non-Myeloid_oligodendrocyte,549,87.0,96,10_60296002_60299097,5903,Psap,0.90625
854727,2360,Brain_Non-Myeloid_oligodendrocyte,549,246.0,283,10_60296002_60299097,5903,Psap,0.8692579505300353
854728,2361,Brain_Non-Myeloid_oligodendrocyte,549,1.0,1,10_60296002_60299097,5903,Psap,1.0
854729,2363,Brain_Non-Myeloid_oligodendrocyte,549,98.0,127,10_60296002_60299097,5903,Psap,0.7716535433070866
854730,2364,Brain_Non-Myeloid_oligodendrocyte,549,77.0,98,10_60296002_60299097,5903,Psap,0.7857142857142857
854731,2365,Brain_Non-Myeloid_oligodendrocyte,549,71.0,79,10_60296002_60299097,5903,Psap,0.8987341772151899
854732,2366,Brain_Non-Myeloid_oligodendrocyte,549,78.0,79,10_60296002_60299097,5903,Psap,0.9873417721518988
854733,2367,Brain_Non-Myeloid_oligodendrocyte,549,16.0,39,10_60296002_60299097,5903,Psap,0.41025641025641024
854734,2368,Brain_Non-Myeloid_oligodendrocyte,549,213.0,247,10_60296002_60299097,5903,Psap,0.8623481781376519
854735,2369,Brain_Non-Myeloid_oligodendrocyte,549,140.0,146,10_60296002_60299097,5903,Psap,0.958904109589041
854736,2370,Brain_Non-Myeloid_oligodendrocyte,549,174.0,176,10_60296002_60299097,5903,Psap,0.9886363636363636
854737,2371,Brain_Non-Myeloid_oligodendrocyte,549,259.0,278,10_60296002_60299097,5903,Psap,0.9316546762589928
854738,2372,Brain_Non-Myeloid_oligodendrocyte,549,114.0,208,10_60296002_60299097,5903,Psap,0.5480769230769231
854739,2373,Brain_Non-Myeloid_oligodendrocyte,549,196.0,255,10_60296002_60299097,5903,Psap,0.7686274509803922
854740,2374,Brain_Non-Myeloid_oligodendrocyte,549,932.0,949,10_60296002_60299097,5903,Psap,0.982086406743941
854741,2375,Brain_Non-Myeloid_oligodendrocyte,549,45.0,45,10_60296002_60299097,5903,Psap,1.0
854742,2376,Brain_Non-Myeloid_oligodendrocyte,549,100.0,159,10_60296002_60299097,5903,Psap,0.6289308176100629
854743,2377,Brain_Non-Myeloid_oligodendrocyte,549,12.0,23,10_60296002_60299097,5903,Psap,0.5217391304347826
854744,2378,Brain_Non-Myeloid_oligodendrocyte,549,67.0,81,10_60296002_60299097,5903,Psap,0.8271604938271605
854745,2379,Brain_Non-Myeloid_oligodendrocyte,549,139.0,166,10_60296002_60299097,5903,Psap,0.8373493975903614
854746,2380,Brain_Non-Myeloid_oligodendrocyte,549,57.0,97,10_60296002_60299097,5903,Psap,0.5876288659793815
854747,2382,Brain_Non-Myeloid_oligodendrocyte,549,41.0,50,10_60296002_60299097,5903,Psap,0.82
854748,2383,Brain_Non-Myeloid_oligodendrocyte,549,168.0,342,10_60296002_60299097,5903,Psap,0.49122807017543857
854749,2384,Brain_Non-Myeloid_oligodendrocyte,549,15.0,30,10_60296002_60299097,5903,Psap,0.5
854750,2385,Brain_Non-Myeloid_oligodendrocyte,549,489.0,568,10_60296002_60299097,5903,Psap,0.8609154929577465
854751,2386,Brain_Non-Myeloid_oligodendrocyte,549,31.0,38,10_60296002_60299097,5903,Psap,0.8157894736842105
854752,2387,Brain_Non-Myeloid_oligodendrocyte,549,140.0,143,10_60296002_60299097,5903,Psap,0.9790209790209791
854753,2388,Brain_Non-Myeloid_oligodendrocyte,549,191.0,245,10_60296002_60299097,5903,Psap,0.7795918367346939
854754,2389,Brain_Non-Myeloid_oligodendrocyte,549,32.0,36,10_60296002_60299097,5903,Psap,0.8888888888888888
854755,2390,Brain_Non-Myeloid_oligodendrocyte,549,135.0,171,10_60296002_60299097,5903,Psap,0.7894736842105263
854756,2391,Brain_Non-Myeloid_oligodendrocyte,549,74.0,87,10_60296002_60299097,5903,Psap,0.8505747126436781
854757,2393,Brain_Non-Myeloid_oligodendrocyte,549,92.0,123,10_60296002_60299097,5903,Psap,0.7479674796747967
854758,2394,Brain_Non-Myeloid_oligodendrocyte,549,49.0,58,10_60296002_60299097,5903,Psap,0.8448275862068966
854759,2395,Brain_Non-Myeloid_oligodendrocyte,549,89.0,99,10_60296002_60299097,5903,Psap,0.898989898989899
854760,2396,Brain_Non-Myeloid_oligodendrocyte,549,87.0,110,10_60296002_60299097,5903,Psap,0.7909090909090909
854761,2397,Brain_Non-Myeloid_oligodendrocyte,549,241.0,255,10_60296002_60299097,5903,Psap,0.9450980392156862
854762,2398,Brain_Non-Myeloid_oligodendrocyte,549,14.0,47,10_60296002_60299097,5903,Psap,0.2978723404255319
854763,2399,Brain_Non-Myeloid_oligodendrocyte,549,3.0,74,10_60296002_60299097,5903,Psap,0.04054054054054054
854764,2400,Brain_Non-Myeloid_oligodendrocyte,549,210.0,215,10_60296002_60299097,5903,Psap,0.9767441860465116
854765,2401,Brain_Non-Myeloid_oligodendrocyte,549,180.0,201,10_60296002_60299097,5903,Psap,0.8955223880597015
854766,2402,Brain_Non-Myeloid_oligodendrocyte,549,144.0,165,10_60296002_60299097,5903,Psap,0.8727272727272727
854767,2404,Brain_Non-Myeloid_oligodendrocyte,549,25.0,99,10_60296002_60299097,5903,Psap,0.25252525252525254
854768,2405,Brain_Non-Myeloid_oligodendrocyte,549,83.0,89,10_60296002_60299097,5903,Psap,0.9325842696629213
854769,2406,Brain_Non-Myeloid_oligodendrocyte,549,160.0,372,10_60296002_60299097,5903,Psap,0.43010752688172044
854770,2407,Brain_Non-Myeloid_oligodendrocyte,549,12.0,12,10_60296002_60299097,5903,Psap,1.0
854771,2408,Brain_Non-Myeloid_oligodendrocyte,549,103.0,115,10_60296002_60299097,5903,Psap,0.8956521739130435
854772,2409,Brain_Non-Myeloid_oligodendrocyte,549,59.0,101,10_60296002_60299097,5903,Psap,0.5841584158415841
854773,2410,Brain_Non-Myeloid_oligodendrocyte,549,440.0,567,10_60296002_60299097,5903,Psap,0.7760141093474426
854774,2411,Brain_Non-Myeloid_oligodendrocyte,549,242.0,250,10_60296002_60299097,5903,Psap,0.968
854775,2412,Brain_Non-Myeloid_oligodendrocyte,549,380.0,383,10_60296002_60299097,5903,Psap,0.9921671018276762
854776,2413,Brain_Non-Myeloid_oligodendrocyte,549,47.0,47,10_60296002_60299097,5903,Psap,1.0
854777,2415,Brain_Non-Myeloid_oligodendrocyte,549,118.0,124,10_60296002_60299097,5903,Psap,0.9516129032258065
854778,2416,Brain_Non-Myeloid_oligodendrocyte,549,19.0,523,10_60296002_60299097,5903,Psap,0.036328871892925434
854779,2417,Brain_Non-Myeloid_oligodendrocyte,549,15.0,15,10_60296002_60299097,5903,Psap,1.0
854780,2418,Brain_Non-Myeloid_oligodendrocyte,549,148.0,278,10_60296002_60299097,5903,Psap,0.5323741007194245
854781,2419,Brain_Non-Myeloid_oligodendrocyte,549,30.0,35,10_60296002_60299097,5903,Psap,0.8571428571428571
854782,2420,Brain_Non-Myeloid_oligodendrocyte,549,86.0,103,10_60296002_60299097,5903,Psap,0.8349514563106796
854783,2421,Brain_Non-Myeloid_oligodendrocyte,549,1778.0,2636,10_60296002_60299097,5903,Psap,0.6745068285280729
854784,2422,Brain_Non-Myeloid_oligodendrocyte,549,2.0,2,10_60296002_60299097,5903,Psap,1.0
854785,2423,Brain_Non-Myeloid_oligodendrocyte,549,22.0,28,10_60296002_60299097,5903,Psap,0.7857142857142857
854786,2424,Brain_Non-Myeloid_oligodendrocyte,549,101.0,815,10_60296002_60299097,5903,Psap,0.12392638036809817
854787,2425,Brain_Non-Myeloid_oligodendrocyte,549,75.0,78,10_60296002_60299097,5903,Psap,0.9615384615384616
854788,2426,Brain_Non-Myeloid_oligodendrocyte,549,4388.0,4463,10_60296002_60299097,5903,Psap,0.9831951602061394
854789,2427,Brain_Non-Myeloid_oligodendrocyte,549,31.0,293,10_60296002_60299097,5903,Psap,0.10580204778156997
854790,2428,Brain_Non-Myeloid_oligodendrocyte,549,16.0,27,10_60296002_60299097,5903,Psap,0.5925925925925926
854791,2429,Brain_Non-Myeloid_oligodendrocyte,549,1.0,200,10_60296002_60299097,5903,Psap,0.005
854792,2431,Brain_Non-Myeloid_oligodendrocyte,549,240.0,246,10_60296002_60299097,5903,Psap,0.975609756097561
854793,2432,Brain_Non-Myeloid_oligodendrocyte,549,59.0,62,10_60296002_60299097,5903,Psap,0.9516129032258065
854794,2433,Brain_Non-Myeloid_oligodendrocyte,549,217.0,266,10_60296002_60299097,5903,Psap,0.8157894736842105
854795,2434,Brain_Non-Myeloid_oligodendrocyte,549,160.0,177,10_60296002_60299097,5903,Psap,0.903954802259887
854796,2435,Brain_Non-Myeloid_oligodendrocyte,549,1.0,2,10_60296002_60299097,5903,Psap,0.5
854797,2436,Brain_Non-Myeloid_oligodendrocyte,549,149.0,194,10_60296002_60299097,5903,Psap,0.7680412371134021
854798,2437,Brain_Non-Myeloid_oligodendrocyte,549,69.0,101,10_60296002_60299097,5903,Psap,0.6831683168316832
854799,2438,Brain_Non-Myeloid_oligodendrocyte,549,384.0,387,10_60296002_60299097,5903,Psap,0.9922480620155039
854800,2439,Brain_Non-Myeloid_oligodendrocyte,549,637.0,648,10_60296002_60299097,5903,Psap,0.9830246913580247
854801,2440,Brain_Non-Myeloid_oligodendrocyte,549,23.0,26,10_60296002_60299097,5903,Psap,0.8846153846153846
854802,2441,Brain_Non-Myeloid_oligodendrocyte,549,134.0,147,10_60296002_60299097,5903,Psap,0.9115646258503401
854803,2442,Brain_Non-Myeloid_oligodendrocyte,549,275.0,366,10_60296002_60299097,5903,Psap,0.7513661202185792
854804,2443,Brain_Non-Myeloid_oligodendrocyte,549,80.0,80,10_60296002_60299097,5903,Psap,1.0
854805,2444,Brain_Non-Myeloid_oligodendrocyte,549,112.0,168,10_60296002_60299097,5903,Psap,0.6666666666666666
854806,2445,Brain_Non-Myeloid_oligodendrocyte,549,198.0,226,10_60296002_60299097,5903,Psap,0.8761061946902655
854807,2446,Brain_Non-Myeloid_oligodendrocyte,549,366.0,398,10_60296002_60299097,5903,Psap,0.9195979899497487
854808,2447,Brain_Non-Myeloid_oligodendrocyte,549,31.0,57,10_60296002_60299097,5903,Psap,0.543859649122807
854809,2448,Brain_Non-Myeloid_oligodendrocyte,549,205.0,232,10_60296002_60299097,5903,Psap,0.8836206896551724
854810,2449,Brain_Non-Myeloid_oligodendrocyte,549,57.0,168,10_60296002_60299097,5903,Psap,0.3392857142857143
854811,2450,Brain_Non-Myeloid_oligodendrocyte,549,163.0,310,10_60296002_60299097,5903,Psap,0.5258064516129032
854812,2452,Brain_Non-Myeloid_oligodendrocyte,549,70.0,111,10_60296002_60299097,5903,Psap,0.6306306306306306
854813,2453,Brain_Non-Myeloid_oligodendrocyte,549,81.0,82,10_60296002_60299097,5903,Psap,0.9878048780487805
854814,2454,Brain_Non-Myeloid_oligodendrocyte,549,42.0,43,10_60296002_60299097,5903,Psap,0.9767441860465116
854815,2455,Brain_Non-Myeloid_oligodendrocyte,549,135.0,225,10_60296002_60299097,5903,Psap,0.6
854816,2456,Brain_Non-Myeloid_oligodendrocyte,549,212.0,216,10_60296002_60299097,5903,Psap,0.9814814814814815
854817,2458,Brain_Non-Myeloid_oligodendrocyte,549,24.0,24,10_60296002_60299097,5903,Psap,1.0
854818,2459,Brain_Non-Myeloid_oligodendrocyte,549,21.0,21,10_60296002_60299097,5903,Psap,1.0
854819,2460,Brain_Non-Myeloid_oligodendrocyte,549,42.0,72,10_60296002_60299097,5903,Psap,0.5833333333333334
854820,2461,Brain_Non-Myeloid_oligodendrocyte,549,45.0,48,10_60296002_60299097,5903,Psap,0.9375
854821,2462,Brain_Non-Myeloid_oligodendrocyte,549,505.0,617,10_60296002_60299097,5903,Psap,0.8184764991896273
854822,2464,Brain_Non-Myeloid_oligodendrocyte,549,585.0,694,10_60296002_60299097,5903,Psap,0.8429394812680115
854823,2465,Brain_Non-Myeloid_oligodendrocyte,549,358.0,460,10_60296002_60299097,5903,Psap,0.7782608695652173
854824,2466,Brain_Non-Myeloid_oligodendrocyte,549,268.0,383,10_60296002_60299097,5903,Psap,0.6997389033942559
854825,2468,Brain_Non-Myeloid_oligodendrocyte,549,100.0,167,10_60296002_60299097,5903,Psap,0.5988023952095808
854826,2469,Brain_Non-Myeloid_oligodendrocyte,549,66.0,109,10_60296002_60299097,5903,Psap,0.6055045871559633
854827,2470,Brain_Non-Myeloid_oligodendrocyte,549,85.0,102,10_60296002_60299097,5903,Psap,0.8333333333333334
854828,2471,Brain_Non-Myeloid_oligodendrocyte,549,47.0,51,10_60296002_60299097,5903,Psap,0.9215686274509803
854829,2472,Brain_Non-Myeloid_oligodendrocyte,549,140.0,179,10_60296002_60299097,5903,Psap,0.7821229050279329
854830,2473,Brain_Non-Myeloid_oligodendrocyte,549,135.0,204,10_60296002_60299097,5903,Psap,0.6617647058823529
854831,2474,Brain_Non-Myeloid_oligodendrocyte,549,45.0,45,10_60296002_60299097,5903,Psap,1.0
854832,2475,Brain_Non-Myeloid_oligodendrocyte,549,57.0,60,10_60296002_60299097,5903,Psap,0.95
854833,2476,Brain_Non-Myeloid_oligodendrocyte,549,122.0,124,10_60296002_60299097,5903,Psap,0.9838709677419355
854834,2477,Brain_Non-Myeloid_oligodendrocyte,549,9.0,9,10_60296002_60299097,5903,Psap,1.0
854835,2478,Brain_Non-Myeloid_oligodendrocyte,549,123.0,158,10_60296002_60299097,5903,Psap,0.7784810126582279
854836,2479,Brain_Non-Myeloid_oligodendrocyte,549,90.0,165,10_60296002_60299097,5903,Psap,0.5454545454545454
854837,2480,Brain_Non-Myeloid_oligodendrocyte,549,241.0,323,10_60296002_60299097,5903,Psap,0.7461300309597523
854838,2481,Brain_Non-Myeloid_oligodendrocyte,549,45.0,137,10_60296002_60299097,5903,Psap,0.3284671532846715
854839,2484,Brain_Non-Myeloid_oligodendrocyte,549,88.0,135,10_60296002_60299097,5903,Psap,0.6518518518518519
854840,2485,Brain_Non-Myeloid_oligodendrocyte,549,80.0,91,10_60296002_60299097,5903,Psap,0.8791208791208791
854841,2486,Brain_Non-Myeloid_oligodendrocyte,549,386.0,630,10_60296002_60299097,5903,Psap,0.6126984126984127
854842,2487,Brain_Non-Myeloid_oligodendrocyte,549,169.0,208,10_60296002_60299097,5903,Psap,0.8125
854843,2488,Brain_Non-Myeloid_oligodendrocyte,549,7.0,7,10_60296002_60299097,5903,Psap,1.0
854844,2489,Brain_Non-Myeloid_oligodendrocyte,549,200.0,235,10_60296002_60299097,5903,Psap,0.851063829787234
854845,2490,Brain_Non-Myeloid_oligodendrocyte,549,195.0,212,10_60296002_60299097,5903,Psap,0.9198113207547169
854846,2491,Brain_Non-Myeloid_oligodendrocyte,549,175.0,189,10_60296002_60299097,5903,Psap,0.9259259259259259
854847,2492,Brain_Non-Myeloid_oligodendrocyte,549,225.0,354,10_60296002_60299097,5903,Psap,0.635593220338983
854848,2493,Brain_Non-Myeloid_oligodendrocyte,549,185.0,208,10_60296002_60299097,5903,Psap,0.8894230769230769
854849,2494,Brain_Non-Myeloid_oligodendrocyte,549,41.0,46,10_60296002_60299097,5903,Psap,0.8913043478260869
854850,2495,Brain_Non-Myeloid_oligodendrocyte,549,6.0,6,10_60296002_60299097,5903,Psap,1.0
854851,2496,Brain_Non-Myeloid_oligodendrocyte,549,59.0,73,10_60296002_60299097,5903,Psap,0.8082191780821918
854852,2497,Brain_Non-Myeloid_oligodendrocyte,549,59.0,62,10_60296002_60299097,5903,Psap,0.9516129032258065
854853,2498,Brain_Non-Myeloid_oligodendrocyte,549,128.0,129,10_60296002_60299097,5903,Psap,0.9922480620155039
854854,2499,Brain_Non-Myeloid_oligodendrocyte,549,268.0,272,10_60296002_60299097,5903,Psap,0.9852941176470589
854855,2500,Brain_Non-Myeloid_oligodendrocyte,549,47.0,47,10_60296002_60299097,5903,Psap,1.0
854856,2501,Brain_Non-Myeloid_oligodendrocyte,549,7.0,21,10_60296002_60299097,5903,Psap,0.3333333333333333
854857,2502,Brain_Non-Myeloid_oligodendrocyte,549,129.0,133,10_60296002_60299097,5903,Psap,0.9699248120300752
854858,2504,Brain_Non-Myeloid_oligodendrocyte,549,325.0,331,10_60296002_60299097,5903,Psap,0.9818731117824774
854859,2505,Brain_Non-Myeloid_oligodendrocyte,549,10.0,10,10_60296002_60299097,5903,Psap,1.0
854860,2506,Brain_Non-Myeloid_oligodendrocyte,549,220.0,283,10_60296002_60299097,5903,Psap,0.7773851590106007
854861,2507,Brain_Non-Myeloid_oligodendrocyte,549,27.0,64,10_60296002_60299097,5903,Psap,0.421875
854862,2508,Brain_Non-Myeloid_oligodendrocyte,549,214.0,230,10_60296002_60299097,5903,Psap,0.9304347826086956
854863,2509,Brain_Non-Myeloid_oligodendrocyte,549,142.0,179,10_60296002_60299097,5903,Psap,0.7932960893854749
854864,2510,Brain_Non-Myeloid_oligodendrocyte,549,24.0,26,10_60296002_60299097,5903,Psap,0.9230769230769231
854865,2511,Brain_Non-Myeloid_oligodendrocyte,549,214.0,276,10_60296002_60299097,5903,Psap,0.7753623188405797
854866,2512,Brain_Non-Myeloid_oligodendrocyte,549,169.0,173,10_60296002_60299097,5903,Psap,0.976878612716763
854867,2513,Brain_Non-Myeloid_oligodendrocyte,549,293.0,333,10_60296002_60299097,5903,Psap,0.8798798798798799
854868,2514,Brain_Non-Myeloid_oligodendrocyte,549,4.0,7,10_60296002_60299097,5903,Psap,0.5714285714285714
854869,2515,Brain_Non-Myeloid_oligodendrocyte,549,124.0,125,10_60296002_60299097,5903,Psap,0.992
854870,2516,Brain_Non-Myeloid_oligodendrocyte,549,37.0,40,10_60296002_60299097,5903,Psap,0.925
854871,2517,Brain_Non-Myeloid_oligodendrocyte,549,1.0,2,10_60296002_60299097,5903,Psap,0.5
854872,2518,Brain_Non-Myeloid_oligodendrocyte,549,60.0,96,10_60296002_60299097,5903,Psap,0.625
854873,2519,Brain_Non-Myeloid_oligodendrocyte,549,31.0,32,10_60296002_60299097,5903,Psap,0.96875
854874,2520,Brain_Non-Myeloid_oligodendrocyte,549,64.0,127,10_60296002_60299097,5903,Psap,0.5039370078740157
854875,2521,Brain_Non-Myeloid_oligodendrocyte,549,23.0,25,10_60296002_60299097,5903,Psap,0.92
854876,2522,Brain_Non-Myeloid_oligodendrocyte,549,131.0,164,10_60296002_60299097,5903,Psap,0.7987804878048781
854877,2523,Brain_Non-Myeloid_oligodendrocyte,549,424.0,490,10_60296002_60299097,5903,Psap,0.8653061224489796
854878,2524,Brain_Non-Myeloid_oligodendrocyte,549,130.0,144,10_60296002_60299097,5903,Psap,0.9027777777777778
854879,2525,Brain_Non-Myeloid_oligodendrocyte,549,131.0,154,10_60296002_60299097,5903,Psap,0.8506493506493507
854880,2526,Brain_Non-Myeloid_oligodendrocyte,549,313.0,343,10_60296002_60299097,5903,Psap,0.9125364431486881
854881,2528,Brain_Non-Myeloid_oligodendrocyte,549,71.0,77,10_60296002_60299097,5903,Psap,0.922077922077922
854882,2529,Brain_Non-Myeloid_oligodendrocyte,549,61.0,62,10_60296002_60299097,5903,Psap,0.9838709677419355
854883,2530,Brain_Non-Myeloid_oligodendrocyte,549,633.0,823,10_60296002_60299097,5903,Psap,0.7691373025516404
854884,2531,Brain_Non-Myeloid_oligodendrocyte,549,197.0,247,10_60296002_60299097,5903,Psap,0.7975708502024291
854885,2532,Brain_Non-Myeloid_oligodendrocyte,549,124.0,157,10_60296002_60299097,5903,Psap,0.7898089171974523
854886,2533,Brain_Non-Myeloid_oligodendrocyte,549,104.0,110,10_60296002_60299097,5903,Psap,0.9454545454545454
854887,2534,Brain_Non-Myeloid_oligodendrocyte,549,138.0,268,10_60296002_60299097,5903,Psap,0.5149253731343284
854888,2535,Brain_Non-Myeloid_oligodendrocyte,549,86.0,87,10_60296002_60299097,5903,Psap,0.9885057471264368
854889,2536,Brain_Non-Myeloid_oligodendrocyte,549,215.0,269,10_60296002_60299097,5903,Psap,0.7992565055762082
854890,2537,Brain_Non-Myeloid_oligodendrocyte,549,54.0,54,10_60296002_60299097,5903,Psap,1.0
854891,2538,Brain_Non-Myeloid_oligodendrocyte,549,134.0,143,10_60296002_60299097,5903,Psap,0.9370629370629371
854892,2539,Brain_Non-Myeloid_oligodendrocyte,549,16.0,21,10_60296002_60299097,5903,Psap,0.7619047619047619
854893,2540,Brain_Non-Myeloid_oligodendrocyte,549,128.0,156,10_60296002_60299097,5903,Psap,0.8205128205128205
854894,2541,Brain_Non-Myeloid_oligodendrocyte,549,128.0,152,10_60296002_60299097,5903,Psap,0.8421052631578947
854895,2544,Brain_Non-Myeloid_oligodendrocyte,549,130.0,152,10_60296002_60299097,5903,Psap,0.8552631578947368
854896,2545,Brain_Non-Myeloid_oligodendrocyte,549,4.0,4,10_60296002_60299097,5903,Psap,1.0
854897,2546,Brain_Non-Myeloid_oligodendrocyte,549,75.0,101,10_60296002_60299097,5903,Psap,0.7425742574257426
854898,2547,Brain_Non-Myeloid_oligodendrocyte,549,247.0,247,10_60296002_60299097,5903,Psap,1.0
854899,2548,Brain_Non-Myeloid_oligodendrocyte,549,68.0,155,10_60296002_60299097,5903,Psap,0.43870967741935485
854900,2549,Brain_Non-Myeloid_oligodendrocyte,549,6.0,135,10_60296002_60299097,5903,Psap,0.044444444444444446
854901,2550,Brain_Non-Myeloid_oligodendrocyte,549,542.0,840,10_60296002_60299097,5903,Psap,0.6452380952380953
854902,2551,Brain_Non-Myeloid_oligodendrocyte,549,232.0,237,10_60296002_60299097,5903,Psap,0.9789029535864979
854903,2552,Brain_Non-Myeloid_oligodendrocyte,549,184.0,184,10_60296002_60299097,5903,Psap,1.0
854904,2553,Brain_Non-Myeloid_oligodendrocyte,549,15.0,53,10_60296002_60299097,5903,Psap,0.2830188679245283
854905,2554,Brain_Non-Myeloid_oligodendrocyte,549,70.0,102,10_60296002_60299097,5903,Psap,0.6862745098039216
854906,2555,Brain_Non-Myeloid_oligodendrocyte,549,94.0,97,10_60296002_60299097,5903,Psap,0.9690721649484536
854907,2556,Brain_Non-Myeloid_oligodendrocyte,549,49.0,55,10_60296002_60299097,5903,Psap,0.8909090909090909
854908,2557,Brain_Non-Myeloid_oligodendrocyte,549,24.0,63,10_60296002_60299097,5903,Psap,0.38095238095238093
854909,2558,Brain_Non-Myeloid_oligodendrocyte,549,42.0,51,10_60296002_60299097,5903,Psap,0.8235294117647058
854910,2559,Brain_Non-Myeloid_oligodendrocyte,549,45.0,77,10_60296002_60299097,5903,Psap,0.5844155844155844
854911,2560,Brain_Non-Myeloid_oligodendrocyte,549,83.0,86,10_60296002_60299097,5903,Psap,0.9651162790697675
854912,2561,Brain_Non-Myeloid_oligodendrocyte,549,152.0,191,10_60296002_60299097,5903,Psap,0.7958115183246073
854913,2562,Brain_Non-Myeloid_oligodendrocyte,549,1.0,3,10_60296002_60299097,5903,Psap,0.3333333333333333
854914,2563,Brain_Non-Myeloid_oligodendrocyte,549,35.0,40,10_60296002_60299097,5903,Psap,0.875
854915,2564,Brain_Non-Myeloid_oligodendrocyte,549,425.0,536,10_60296002_60299097,5903,Psap,0.792910447761194
854916,2565,Brain_Non-Myeloid_oligodendrocyte,549,48.0,54,10_60296002_60299097,5903,Psap,0.8888888888888888
854917,2566,Brain_Non-Myeloid_oligodendrocyte,549,205.0,211,10_60296002_60299097,5903,Psap,0.9715639810426541
854918,2567,Brain_Non-Myeloid_oligodendrocyte,549,1.0,3,10_60296002_60299097,5903,Psap,0.3333333333333333
854919,2568,Brain_Non-Myeloid_oligodendrocyte,549,26.0,27,10_60296002_60299097,5903,Psap,0.9629629629629629
854920,2569,Brain_Non-Myeloid_oligodendrocyte,549,2.0,8,10_60296002_60299097,5903,Psap,0.25
854921,2570,Brain_Non-Myeloid_oligodendrocyte,549,91.0,91,10_60296002_60299097,5903,Psap,1.0
854922,2571,Brain_Non-Myeloid_oligodendrocyte,549,6.0,6,10_60296002_60299097,5903,Psap,1.0
854923,2572,Brain_Non-Myeloid_oligodendrocyte,549,51.0,135,10_60296002_60299097,5903,Psap,0.37777777777777777
854924,2573,Brain_Non-Myeloid_oligodendrocyte,549,304.0,305,10_60296002_60299097,5903,Psap,0.9967213114754099
854925,2574,Brain_Non-Myeloid_oligodendrocyte,549,30.0,48,10_60296002_60299097,5903,Psap,0.625
854926,2575,Brain_Non-Myeloid_oligodendrocyte,549,61.0,83,10_60296002_60299097,5903,Psap,0.7349397590361446
854927,2576,Brain_Non-Myeloid_oligodendrocyte,549,230.0,292,10_60296002_60299097,5903,Psap,0.7876712328767124
854928,2577,Brain_Non-Myeloid_oligodendrocyte,549,5.0,7,10_60296002_60299097,5903,Psap,0.7142857142857143
854929,2578,Brain_Non-Myeloid_oligodendrocyte,549,22.0,28,10_60296002_60299097,5903,Psap,0.7857142857142857
854930,2579,Brain_Non-Myeloid_oligodendrocyte,549,54.0,61,10_60296002_60299097,5903,Psap,0.8852459016393442
854931,2580,Brain_Non-Myeloid_oligodendrocyte,549,44.0,44,10_60296002_60299097,5903,Psap,1.0
854932,2581,Brain_Non-Myeloid_oligodendrocyte,549,28.0,34,10_60296002_60299097,5903,Psap,0.8235294117647058
854933,2582,Brain_Non-Myeloid_oligodendrocyte,549,3.0,5,10_60296002_60299097,5903,Psap,0.6
854934,2583,Brain_Non-Myeloid_oligodendrocyte,549,24.0,26,10_60296002_60299097,5903,Psap,0.9230769230769231
854935,2584,Brain_Non-Myeloid_oligodendrocyte,549,80.0,95,10_60296002_60299097,5903,Psap,0.8421052631578947
854936,2585,Brain_Non-Myeloid_oligodendrocyte,549,49.0,67,10_60296002_60299097,5903,Psap,0.7313432835820896
854937,2586,Brain_Non-Myeloid_oligodendrocyte,549,49.0,61,10_60296002_60299097,5903,Psap,0.8032786885245902
854938,2588,Brain_Non-Myeloid_oligodendrocyte,549,14.0,14,10_60296002_60299097,5903,Psap,1.0
854939,2589,Brain_Non-Myeloid_oligodendrocyte,549,281.0,544,10_60296002_60299097,5903,Psap,0.5165441176470589
854940,2590,Brain_Non-Myeloid_oligodendrocyte,549,78.0,103,10_60296002_60299097,5903,Psap,0.7572815533980582
854941,2591,Brain_Non-Myeloid_oligodendrocyte,549,75.0,101,10_60296002_60299097,5903,Psap,0.7425742574257426
854942,2592,Brain_Non-Myeloid_oligodendrocyte,549,25.0,32,10_60296002_60299097,5903,Psap,0.78125
854943,2593,Brain_Non-Myeloid_oligodendrocyte,549,49.0,50,10_60296002_60299097,5903,Psap,0.98
854944,2594,Brain_Non-Myeloid_oligodendrocyte,549,71.0,71,10_60296002_60299097,5903,Psap,1.0
854945,2595,Brain_Non-Myeloid_oligodendrocyte,549,27.0,35,10_60296002_60299097,5903,Psap,0.7714285714285715
854946,2596,Brain_Non-Myeloid_oligodendrocyte,549,113.0,158,10_60296002_60299097,5903,Psap,0.7151898734177216
854947,2597,Brain_Non-Myeloid_oligodendrocyte,549,9.0,11,10_60296002_60299097,5903,Psap,0.8181818181818182
854948,2598,Brain_Non-Myeloid_oligodendrocyte,549,674.0,770,10_60296002_60299097,5903,Psap,0.8753246753246753
854949,2599,Brain_Non-Myeloid_oligodendrocyte,549,24.0,32,10_60296002_60299097,5903,Psap,0.75
854950,2600,Brain_Non-Myeloid_oligodendrocyte,549,162.0,194,10_60296002_60299097,5903,Psap,0.8350515463917526
854951,2601,Brain_Non-Myeloid_oligodendrocyte,549,48.0,52,10_60296002_60299097,5903,Psap,0.9230769230769231
854952,2602,Brain_Non-Myeloid_oligodendrocyte,549,402.0,454,10_60296002_60299097,5903,Psap,0.8854625550660793
854953,2603,Brain_Non-Myeloid_oligodendrocyte,549,174.0,181,10_60296002_60299097,5903,Psap,0.9613259668508287
854954,2605,Brain_Non-Myeloid_oligodendrocyte,549,183.0,189,10_60296002_60299097,5903,Psap,0.9682539682539683
854955,2606,Brain_Non-Myeloid_oligodendrocyte,549,190.0,206,10_60296002_60299097,5903,Psap,0.9223300970873787
854956,2607,Brain_Non-Myeloid_oligodendrocyte,549,25.0,25,10_60296002_60299097,5903,Psap,1.0
854957,2608,Brain_Non-Myeloid_oligodendrocyte,549,2.0,6,10_60296002_60299097,5903,Psap,0.3333333333333333
854958,2609,Brain_Non-Myeloid_oligodendrocyte,549,115.0,131,10_60296002_60299097,5903,Psap,0.8778625954198473
854959,2610,Brain_Non-Myeloid_oligodendrocyte,549,89.0,200,10_60296002_60299097,5903,Psap,0.445
854960,2611,Brain_Non-Myeloid_oligodendrocyte,549,164.0,166,10_60296002_60299097,5903,Psap,0.9879518072289156
854961,2613,Brain_Non-Myeloid_oligodendrocyte,549,47.0,47,10_60296002_60299097,5903,Psap,1.0
854962,2614,Brain_Non-Myeloid_oligodendrocyte,549,154.0,215,10_60296002_60299097,5903,Psap,0.7162790697674418
854963,2615,Brain_Non-Myeloid_oligodendrocyte,549,10.0,10,10_60296002_60299097,5903,Psap,1.0
854964,2616,Brain_Non-Myeloid_oligodendrocyte,549,15.0,25,10_60296002_60299097,5903,Psap,0.6
854965,2617,Brain_Non-Myeloid_oligodendrocyte,549,5.0,217,10_60296002_60299097,5903,Psap,0.02304147465437788
854966,2618,Brain_Non-Myeloid_oligodendrocyte,549,164.0,181,10_60296002_60299097,5903,Psap,0.9060773480662984
854967,2619,Brain_Non-Myeloid_oligodendrocyte,549,21.0,29,10_60296002_60299097,5903,Psap,0.7241379310344828
854968,2620,Brain_Non-Myeloid_oligodendrocyte,549,85.0,165,10_60296002_60299097,5903,Psap,0.5151515151515151
854969,2621,Brain_Non-Myeloid_oligodendrocyte,549,391.0,468,10_60296002_60299097,5903,Psap,0.8354700854700855
854970,2622,Brain_Non-Myeloid_oligodendrocyte,549,142.0,176,10_60296002_60299097,5903,Psap,0.8068181818181818
854971,2623,Brain_Non-Myeloid_oligodendrocyte,549,44.0,59,10_60296002_60299097,5903,Psap,0.7457627118644068
854972,2624,Brain_Non-Myeloid_oligodendrocyte,549,180.0,247,10_60296002_60299097,5903,Psap,0.728744939271255
854973,2625,Brain_Non-Myeloid_oligodendrocyte,549,343.0,414,10_60296002_60299097,5903,Psap,0.8285024154589372
854974,2626,Brain_Non-Myeloid_oligodendrocyte,549,64.0,75,10_60296002_60299097,5903,Psap,0.8533333333333334
854975,2627,Brain_Non-Myeloid_oligodendrocyte,549,106.0,160,10_60296002_60299097,5903,Psap,0.6625
854976,2628,Brain_Non-Myeloid_oligodendrocyte,549,26.0,26,10_60296002_60299097,5903,Psap,1.0
854977,2629,Brain_Non-Myeloid_oligodendrocyte,549,8.0,8,10_60296002_60299097,5903,Psap,1.0
854978,2631,Brain_Non-Myeloid_oligodendrocyte,549,111.0,136,10_60296002_60299097,5903,Psap,0.8161764705882353
854979,2634,Brain_Non-Myeloid_oligodendrocyte,549,154.0,201,10_60296002_60299097,5903,Psap,0.7661691542288557
854980,2635,Brain_Non-Myeloid_oligodendrocyte,549,73.0,114,10_60296002_60299097,5903,Psap,0.6403508771929824
854981,2637,Brain_Non-Myeloid_oligodendrocyte,549,596.0,609,10_60296002_60299097,5903,Psap,0.9786535303776683
854982,2639,Brain_Non-Myeloid_oligodendrocyte,549,32.0,45,10_60296002_60299097,5903,Psap,0.7111111111111111
854983,2640,Brain_Non-Myeloid_oligodendrocyte,549,97.0,108,10_60296002_60299097,5903,Psap,0.8981481481481481
854984,2641,Brain_Non-Myeloid_oligodendrocyte,549,30.0,90,10_60296002_60299097,5903,Psap,0.3333333333333333
854985,2642,Brain_Non-Myeloid_oligodendrocyte,549,101.0,143,10_60296002_60299097,5903,Psap,0.7062937062937062
854986,2643,Brain_Non-Myeloid_oligodendrocyte,549,8.0,11,10_60296002_60299097,5903,Psap,0.7272727272727273
854987,2644,Brain_Non-Myeloid_oligodendrocyte,549,125.0,125,10_60296002_60299097,5903,Psap,1.0
854988,2645,Brain_Non-Myeloid_oligodendrocyte,549,22.0,34,10_60296002_60299097,5903,Psap,0.6470588235294118
854989,2646,Brain_Non-Myeloid_oligodendrocyte,549,121.0,121,10_60296002_60299097,5903,Psap,1.0
854990,2647,Brain_Non-Myeloid_oligodendrocyte,549,46.0,69,10_60296002_60299097,5903,Psap,0.6666666666666666
854991,2649,Brain_Non-Myeloid_neuron,549,2.0,39,10_60296002_60299097,5903,Psap,0.05128205128205128
854992,2650,Brain_Non-Myeloid_neuron,549,1.0,15,10_60296002_60299097,5903,Psap,0.06666666666666667
854993,2651,Brain_Non-Myeloid_neuron,549,3.0,156,10_60296002_60299097,5903,Psap,0.019230769230769232
854994,2652,Brain_Non-Myeloid_neuron,549,8.0,172,10_60296002_60299097,5903,Psap,0.046511627906976744
854995,2653,Brain_Non-Myeloid_neuron,549,19.0,62,10_60296002_60299097,5903,Psap,0.3064516129032258
854996,2654,Brain_Non-Myeloid_neuron,549,21.0,45,10_60296002_60299097,5903,Psap,0.4666666666666667
854997,2655,Brain_Non-Myeloid_neuron,549,3.0,48,10_60296002_60299097,5903,Psap,0.0625
854998,2656,Brain_Non-Myeloid_neuron,549,9.0,46,10_60296002_60299097,5903,Psap,0.1956521739130435
854999,2657,Brain_Non-Myeloid_neuron,549,238.0,592,10_60296002_60299097,5903,Psap,0.40202702702702703
855000,2658,Brain_Non-Myeloid_neuron,549,165.0,209,10_60296002_60299097,5903,Psap,0.7894736842105263
855001,2659,Brain_Non-Myeloid_neuron,549,2.0,25,10_60296002_60299097,5903,Psap,0.08
855002,2660,Brain_Non-Myeloid_neuron,549,88.0,303,10_60296002_60299097,5903,Psap,0.29042904290429045
855003,2661,Brain_Non-Myeloid_neuron,549,5.0,28,10_60296002_60299097,5903,Psap,0.17857142857142858
855004,2662,Brain_Non-Myeloid_neuron,549,25.0,93,10_60296002_60299097,5903,Psap,0.26881720430107525
855005,2663,Brain_Non-Myeloid_neuron,549,101.0,539,10_60296002_60299097,5903,Psap,0.18738404452690166
855006,2664,Brain_Non-Myeloid_neuron,549,5.0,136,10_60296002_60299097,5903,Psap,0.03676470588235294
855007,2666,Brain_Non-Myeloid_neuron,549,4.0,50,10_60296002_60299097,5903,Psap,0.08
855008,2667,Brain_Non-Myeloid_neuron,549,202.0,875,10_60296002_60299097,5903,Psap,0.23085714285714284
855009,2668,Brain_Non-Myeloid_neuron,549,14.0,206,10_60296002_60299097,5903,Psap,0.06796116504854369
855010,2670,Brain_Non-Myeloid_neuron,549,15.0,78,10_60296002_60299097,5903,Psap,0.19230769230769232
855011,2674,Brain_Non-Myeloid_neuron,549,112.0,325,10_60296002_60299097,5903,Psap,0.3446153846153846
855012,2676,Brain_Non-Myeloid_neuron,549,14.0,59,10_60296002_60299097,5903,Psap,0.23728813559322035
855013,2677,Brain_Non-Myeloid_neuron,549,47.0,218,10_60296002_60299097,5903,Psap,0.21559633027522937
855014,2678,Brain_Non-Myeloid_neuron,549,7.0,217,10_60296002_60299097,5903,Psap,0.03225806451612903
855015,2679,Brain_Non-Myeloid_neuron,549,75.0,439,10_60296002_60299097,5903,Psap,0.17084282460136674
855016,2680,Brain_Non-Myeloid_neuron,549,5.0,98,10_60296002_60299097,5903,Psap,0.05102040816326531
855017,2681,Brain_Non-Myeloid_neuron,549,10.0,255,10_60296002_60299097,5903,Psap,0.0392156862745098
855018,2682,Brain_Non-Myeloid_neuron,549,4.0,33,10_60296002_60299097,5903,Psap,0.12121212121212122
855019,2683,Brain_Non-Myeloid_neuron,549,7.0,194,10_60296002_60299097,5903,Psap,0.03608247422680412
855020,2684,Brain_Non-Myeloid_neuron,549,5.0,62,10_60296002_60299097,5903,Psap,0.08064516129032258
855021,2685,Brain_Non-Myeloid_neuron,549,20.0,65,10_60296002_60299097,5903,Psap,0.3076923076923077
855022,2686,Brain_Non-Myeloid_neuron,549,1.0,34,10_60296002_60299097,5903,Psap,0.029411764705882353
855023,2687,Brain_Non-Myeloid_neuron,549,4.0,178,10_60296002_60299097,5903,Psap,0.02247191011235955
855024,2688,Brain_Non-Myeloid_neuron,549,9.0,22,10_60296002_60299097,5903,Psap,0.4090909090909091
855025,2692,Brain_Non-Myeloid_neuron,549,6.0,70,10_60296002_60299097,5903,Psap,0.08571428571428572
855026,2693,Brain_Non-Myeloid_neuron,549,1.0,82,10_60296002_60299097,5903,Psap,0.012195121951219513
855027,2694,Brain_Non-Myeloid_neuron,549,3.0,207,10_60296002_60299097,5903,Psap,0.014492753623188406
855028,2695,Brain_Non-Myeloid_neuron,549,4.0,130,10_60296002_60299097,5903,Psap,0.03076923076923077
855029,2696,Brain_Non-Myeloid_neuron,549,44.0,102,10_60296002_60299097,5903,Psap,0.43137254901960786
855030,2697,Brain_Non-Myeloid_neuron,549,7.0,7,10_60296002_60299097,5903,Psap,1.0
855031,2698,Brain_Non-Myeloid_neuron,549,5.0,25,10_60296002_60299097,5903,Psap,0.2
855032,2699,Brain_Non-Myeloid_neuron,549,1.0,35,10_60296002_60299097,5903,Psap,0.02857142857142857
855033,2701,Brain_Non-Myeloid_neuron,549,1.0,18,10_60296002_60299097,5903,Psap,0.05555555555555555
855034,2702,Brain_Non-Myeloid_neuron,549,2.0,12,10_60296002_60299097,5903,Psap,0.16666666666666666
855035,2703,Brain_Non-Myeloid_neuron,549,2.0,14,10_60296002_60299097,5903,Psap,0.14285714285714285
855036,2704,Brain_Non-Myeloid_neuron,549,36.0,131,10_60296002_60299097,5903,Psap,0.2748091603053435
855037,2705,Brain_Non-Myeloid_neuron,549,2.0,21,10_60296002_60299097,5903,Psap,0.09523809523809523
855038,2706,Brain_Non-Myeloid_neuron,549,56.0,187,10_60296002_60299097,5903,Psap,0.2994652406417112
855039,2707,Brain_Non-Myeloid_neuron,549,14.0,48,10_60296002_60299097,5903,Psap,0.2916666666666667
855040,2708,Brain_Non-Myeloid_neuron,549,2.0,83,10_60296002_60299097,5903,Psap,0.024096385542168676
855041,2710,Brain_Non-Myeloid_neuron,549,1.0,22,10_60296002_60299097,5903,Psap,0.045454545454545456
855042,2711,Brain_Non-Myeloid_neuron,549,13.0,19,10_60296002_60299097,5903,Psap,0.6842105263157895
855043,2712,Brain_Non-Myeloid_neuron,549,8.0,214,10_60296002_60299097,5903,Psap,0.037383177570093455
855044,2713,Brain_Non-Myeloid_neuron,549,4.0,16,10_60296002_60299097,5903,Psap,0.25
855045,2714,Brain_Non-Myeloid_neuron,549,2.0,70,10_60296002_60299097,5903,Psap,0.02857142857142857
855046,2715,Brain_Non-Myeloid_neuron,549,117.0,153,10_60296002_60299097,5903,Psap,0.7647058823529411
855047,2716,Brain_Non-Myeloid_neuron,549,59.0,162,10_60296002_60299097,5903,Psap,0.36419753086419754
855048,2717,Brain_Non-Myeloid_neuron,549,30.0,187,10_60296002_60299097,5903,Psap,0.16042780748663102
855049,2718,Brain_Non-Myeloid_neuron,549,2.0,44,10_60296002_60299097,5903,Psap,0.045454545454545456
855050,2719,Brain_Non-Myeloid_neuron,549,36.0,120,10_60296002_60299097,5903,Psap,0.3
855051,2720,Brain_Non-Myeloid_neuron,549,124.0,402,10_60296002_60299097,5903,Psap,0.30845771144278605
855052,2721,Brain_Non-Myeloid_neuron,549,1.0,34,10_60296002_60299097,5903,Psap,0.029411764705882353
855053,2722,Brain_Non-Myeloid_neuron,549,8.0,17,10_60296002_60299097,5903,Psap,0.47058823529411764
855054,2723,Brain_Non-Myeloid_neuron,549,1.0,14,10_60296002_60299097,5903,Psap,0.07142857142857142
855055,2724,Brain_Non-Myeloid_neuron,549,4.0,219,10_60296002_60299097,5903,Psap,0.0182648401826484
855056,2725,Brain_Non-Myeloid_neuron,549,1.0,84,10_60296002_60299097,5903,Psap,0.011904761904761904
855057,2726,Brain_Non-Myeloid_neuron,549,16.0,527,10_60296002_60299097,5903,Psap,0.030360531309297913
855058,2727,Brain_Non-Myeloid_neuron,549,3.0,72,10_60296002_60299097,5903,Psap,0.041666666666666664
855059,2728,Brain_Non-Myeloid_neuron,549,25.0,26,10_60296002_60299097,5903,Psap,0.9615384615384616
855060,2729,Brain_Non-Myeloid_neuron,549,86.0,387,10_60296002_60299097,5903,Psap,0.2222222222222222
855061,2731,Brain_Non-Myeloid_neuron,549,2.0,20,10_60296002_60299097,5903,Psap,0.1
855062,2733,Brain_Non-Myeloid_neuron,549,1.0,97,10_60296002_60299097,5903,Psap,0.010309278350515464
855063,2735,Brain_Non-Myeloid_neuron,549,6.0,198,10_60296002_60299097,5903,Psap,0.030303030303030304
855064,2736,Brain_Non-Myeloid_neuron,549,13.0,17,10_60296002_60299097,5903,Psap,0.7647058823529411
855065,2737,Brain_Non-Myeloid_neuron,549,6.0,89,10_60296002_60299097,5903,Psap,0.06741573033707865
855066,2739,Brain_Non-Myeloid_neuron,549,108.0,541,10_60296002_60299097,5903,Psap,0.19963031423290203
855067,2740,Brain_Non-Myeloid_neuron,549,2.0,49,10_60296002_60299097,5903,Psap,0.04081632653061224
855068,2742,Brain_Non-Myeloid_neuron,549,14.0,135,10_60296002_60299097,5903,Psap,0.1037037037037037
855069,2743,Brain_Non-Myeloid_neuron,549,174.0,513,10_60296002_60299097,5903,Psap,0.3391812865497076
855070,2744,Brain_Non-Myeloid_neuron,549,189.0,649,10_60296002_60299097,5903,Psap,0.29121725731895226
855071,2745,Brain_Non-Myeloid_neuron,549,2.0,110,10_60296002_60299097,5903,Psap,0.01818181818181818
855072,2746,Brain_Non-Myeloid_neuron,549,5.0,41,10_60296002_60299097,5903,Psap,0.12195121951219512
855073,2748,Brain_Non-Myeloid_neuron,549,214.0,422,10_60296002_60299097,5903,Psap,0.5071090047393365
855074,2750,Brain_Non-Myeloid_neuron,549,10.0,214,10_60296002_60299097,5903,Psap,0.04672897196261682
855075,2751,Brain_Non-Myeloid_neuron,549,2.0,77,10_60296002_60299097,5903,Psap,0.025974025974025976
855076,2753,Brain_Non-Myeloid_neuron,549,3.0,20,10_60296002_60299097,5903,Psap,0.15
855077,2754,Brain_Non-Myeloid_neuron,549,3.0,176,10_60296002_60299097,5903,Psap,0.017045454545454544
855078,2757,Brain_Non-Myeloid_neuron,549,2.0,100,10_60296002_60299097,5903,Psap,0.02
855079,2760,Brain_Non-Myeloid_neuron,549,3.0,127,10_60296002_60299097,5903,Psap,0.023622047244094488
855080,2761,Brain_Non-Myeloid_neuron,549,4.0,143,10_60296002_60299097,5903,Psap,0.027972027972027972
855081,2763,Brain_Non-Myeloid_neuron,549,2.0,44,10_60296002_60299097,5903,Psap,0.045454545454545456
855082,2768,Brain_Non-Myeloid_neuron,549,2.0,60,10_60296002_60299097,5903,Psap,0.03333333333333333
855083,2769,Brain_Non-Myeloid_neuron,549,1.0,1,10_60296002_60299097,5903,Psap,1.0
855084,2770,Brain_Non-Myeloid_neuron,549,1.0,4,10_60296002_60299097,5903,Psap,0.25
855085,2773,Brain_Non-Myeloid_neuron,549,5.0,70,10_60296002_60299097,5903,Psap,0.07142857142857142
855086,2774,Brain_Non-Myeloid_neuron,549,18.0,19,10_60296002_60299097,5903,Psap,0.9473684210526315
855087,2775,Brain_Non-Myeloid_neuron,549,46.0,361,10_60296002_60299097,5903,Psap,0.12742382271468145
855088,2778,Brain_Non-Myeloid_neuron,549,84.0,161,10_60296002_60299097,5903,Psap,0.5217391304347826
855089,2779,Brain_Non-Myeloid_neuron,549,1.0,190,10_60296002_60299097,5903,Psap,0.005263157894736842
855090,2780,Brain_Non-Myeloid_neuron,549,9.0,24,10_60296002_60299097,5903,Psap,0.375
855091,2781,Brain_Non-Myeloid_neuron,549,17.0,17,10_60296002_60299097,5903,Psap,1.0
855092,2782,Brain_Non-Myeloid_neuron,549,1.0,106,10_60296002_60299097,5903,Psap,0.009433962264150943
855093,2783,Brain_Non-Myeloid_neuron,549,18.0,67,10_60296002_60299097,5903,Psap,0.26865671641791045
855094,2787,Brain_Non-Myeloid_neuron,549,2.0,30,10_60296002_60299097,5903,Psap,0.06666666666666667
855095,2789,Brain_Non-Myeloid_neuron,549,6.0,163,10_60296002_60299097,5903,Psap,0.03680981595092025
855096,2790,Brain_Non-Myeloid_neuron,549,27.0,368,10_60296002_60299097,5903,Psap,0.07336956521739131
855097,2792,Brain_Non-Myeloid_neuron,549,1.0,31,10_60296002_60299097,5903,Psap,0.03225806451612903
855098,2793,Brain_Non-Myeloid_neuron,549,68.0,319,10_60296002_60299097,5903,Psap,0.21316614420062696
855099,2795,Brain_Non-Myeloid_neuron,549,17.0,26,10_60296002_60299097,5903,Psap,0.6538461538461539
855100,2796,Brain_Non-Myeloid_neuron,549,1.0,66,10_60296002_60299097,5903,Psap,0.015151515151515152
855101,2797,Brain_Non-Myeloid_neuron,549,1.0,41,10_60296002_60299097,5903,Psap,0.024390243902439025
855102,2798,Brain_Non-Myeloid_neuron,549,79.0,570,10_60296002_60299097,5903,Psap,0.13859649122807016
855103,2799,Brain_Non-Myeloid_neuron,549,3.0,233,10_60296002_60299097,5903,Psap,0.012875536480686695
855104,2800,Brain_Non-Myeloid_neuron,549,1.0,39,10_60296002_60299097,5903,Psap,0.02564102564102564
855105,2801,Brain_Non-Myeloid_neuron,549,40.0,321,10_60296002_60299097,5903,Psap,0.12461059190031153
855106,2805,Brain_Non-Myeloid_neuron,549,16.0,93,10_60296002_60299097,5903,Psap,0.17204301075268819
855107,2806,Brain_Non-Myeloid_neuron,549,15.0,332,10_60296002_60299097,5903,Psap,0.045180722891566265
855108,2807,Brain_Non-Myeloid_neuron,549,1.0,1,10_60296002_60299097,5903,Psap,1.0
855109,2808,Brain_Non-Myeloid_neuron,549,6.0,260,10_60296002_60299097,5903,Psap,0.023076923076923078
855110,2809,Brain_Non-Myeloid_neuron,549,60.0,60,10_60296002_60299097,5903,Psap,1.0
855111,2810,Brain_Non-Myeloid_neuron,549,168.0,822,10_60296002_60299097,5903,Psap,0.20437956204379562
855112,2812,Brain_Non-Myeloid_neuron,549,1.0,126,10_60296002_60299097,5903,Psap,0.007936507936507936
855113,2813,Brain_Non-Myeloid_neuron,549,7.0,34,10_60296002_60299097,5903,Psap,0.20588235294117646
855114,2814,Brain_Non-Myeloid_neuron,549,86.0,476,10_60296002_60299097,5903,Psap,0.18067226890756302
855115,2817,Brain_Non-Myeloid_neuron,549,16.0,39,10_60296002_60299097,5903,Psap,0.41025641025641024
855116,2818,Brain_Non-Myeloid_neuron,549,84.0,429,10_60296002_60299097,5903,Psap,0.1958041958041958
855117,2821,Brain_Non-Myeloid_neuron,549,52.0,63,10_60296002_60299097,5903,Psap,0.8253968253968254
855118,2822,Brain_Non-Myeloid_neuron,549,184.0,643,10_60296002_60299097,5903,Psap,0.28615863141524106
855119,2825,Brain_Non-Myeloid_neuron,549,2.0,11,10_60296002_60299097,5903,Psap,0.18181818181818182
855120,2826,Brain_Non-Myeloid_neuron,549,46.0,99,10_60296002_60299097,5903,Psap,0.46464646464646464
855121,2827,Brain_Non-Myeloid_neuron,549,5.0,77,10_60296002_60299097,5903,Psap,0.06493506493506493
855122,2828,Brain_Non-Myeloid_neuron,549,2.0,3,10_60296002_60299097,5903,Psap,0.6666666666666666
855123,2829,Brain_Non-Myeloid_neuron,549,18.0,83,10_60296002_60299097,5903,Psap,0.21686746987951808
855124,2830,Brain_Non-Myeloid_neuron,549,14.0,60,10_60296002_60299097,5903,Psap,0.23333333333333334
855125,2831,Brain_Non-Myeloid_neuron,549,48.0,102,10_60296002_60299097,5903,Psap,0.47058823529411764
855126,2832,Brain_Non-Myeloid_neuron,549,32.0,102,10_60296002_60299097,5903,Psap,0.3137254901960784
855127,2833,Brain_Non-Myeloid_neuron,549,9.0,315,10_60296002_60299097,5903,Psap,0.02857142857142857
855128,2834,Brain_Non-Myeloid_neuron,549,7.0,254,10_60296002_60299097,5903,Psap,0.027559055118110236
855129,2835,Brain_Non-Myeloid_neuron,549,2.0,7,10_60296002_60299097,5903,Psap,0.2857142857142857
855130,2837,Brain_Non-Myeloid_neuron,549,20.0,658,10_60296002_60299097,5903,Psap,0.030395136778115502
855131,2838,Brain_Non-Myeloid_neuron,549,10.0,336,10_60296002_60299097,5903,Psap,0.02976190476190476
855132,2839,Brain_Non-Myeloid_neuron,549,5.0,132,10_60296002_60299097,5903,Psap,0.03787878787878788
855133,2842,Brain_Non-Myeloid_neuron,549,4.0,160,10_60296002_60299097,5903,Psap,0.025
855134,2844,Brain_Non-Myeloid_neuron,549,3.0,114,10_60296002_60299097,5903,Psap,0.02631578947368421
855135,2845,Brain_Non-Myeloid_neuron,549,33.0,58,10_60296002_60299097,5903,Psap,0.5689655172413793
855136,2846,Brain_Non-Myeloid_neuron,549,55.0,192,10_60296002_60299097,5903,Psap,0.2864583333333333
855137,2848,Brain_Non-Myeloid_neuron,549,1.0,13,10_60296002_60299097,5903,Psap,0.07692307692307693
855138,2849,Brain_Non-Myeloid_neuron,549,4.0,65,10_60296002_60299097,5903,Psap,0.06153846153846154
855139,2850,Brain_Non-Myeloid_neuron,549,28.0,67,10_60296002_60299097,5903,Psap,0.417910447761194
855140,2851,Brain_Non-Myeloid_neuron,549,61.0,113,10_60296002_60299097,5903,Psap,0.5398230088495575
855141,2852,Brain_Non-Myeloid_neuron,549,5.0,64,10_60296002_60299097,5903,Psap,0.078125
855142,2853,Brain_Non-Myeloid_neuron,549,3.0,5,10_60296002_60299097,5903,Psap,0.6
855143,2855,Brain_Non-Myeloid_neuron,549,2.0,62,10_60296002_60299097,5903,Psap,0.03225806451612903
855144,2856,Brain_Non-Myeloid_neuron,549,43.0,120,10_60296002_60299097,5903,Psap,0.35833333333333334
855145,2857,Brain_Non-Myeloid_neuron,549,425.0,434,10_60296002_60299097,5903,Psap,0.9792626728110599
855146,2858,Brain_Non-Myeloid_neuron,549,3.0,112,10_60296002_60299097,5903,Psap,0.026785714285714284
855147,2859,Brain_Non-Myeloid_neuron,549,154.0,487,10_60296002_60299097,5903,Psap,0.3162217659137577
855148,2862,Brain_Non-Myeloid_neuron,549,9.0,238,10_60296002_60299097,5903,Psap,0.037815126050420166
855149,2863,Brain_Non-Myeloid_neuron,549,1.0,3,10_60296002_60299097,5903,Psap,0.3333333333333333
855150,2864,Brain_Non-Myeloid_neuron,549,26.0,266,10_60296002_60299097,5903,Psap,0.09774436090225563
855151,2866,Brain_Non-Myeloid_neuron,549,2.0,21,10_60296002_60299097,5903,Psap,0.09523809523809523
855152,2868,Brain_Non-Myeloid_neuron,549,14.0,303,10_60296002_60299097,5903,Psap,0.0462046204620462
855153,2869,Brain_Non-Myeloid_neuron,549,6.0,203,10_60296002_60299097,5903,Psap,0.029556650246305417
855154,2870,Brain_Non-Myeloid_neuron,549,21.0,148,10_60296002_60299097,5903,Psap,0.14189189189189189
855155,2871,Brain_Non-Myeloid_neuron,549,2.0,93,10_60296002_60299097,5903,Psap,0.021505376344086023
855156,2872,Brain_Non-Myeloid_neuron,549,19.0,30,10_60296002_60299097,5903,Psap,0.6333333333333333
855157,2873,Brain_Non-Myeloid_neuron,549,19.0,910,10_60296002_60299097,5903,Psap,0.020879120879120878
855158,2875,Brain_Non-Myeloid_neuron,549,120.0,438,10_60296002_60299097,5903,Psap,0.273972602739726
855159,2876,Brain_Non-Myeloid_neuron,549,3.0,48,10_60296002_60299097,5903,Psap,0.0625
855160,2877,Brain_Non-Myeloid_neuron,549,2.0,4,10_60296002_60299097,5903,Psap,0.5
855161,2879,Brain_Non-Myeloid_neuron,549,6.0,218,10_60296002_60299097,5903,Psap,0.027522935779816515
855162,2881,Brain_Non-Myeloid_neuron,549,1.0,6,10_60296002_60299097,5903,Psap,0.16666666666666666
855163,2882,Brain_Non-Myeloid_neuron,549,29.0,95,10_60296002_60299097,5903,Psap,0.30526315789473685
855164,2884,Brain_Non-Myeloid_neuron,549,2.0,79,10_60296002_60299097,5903,Psap,0.02531645569620253
855165,2885,Brain_Non-Myeloid_neuron,549,3.0,48,10_60296002_60299097,5903,Psap,0.0625
855166,2886,Brain_Non-Myeloid_neuron,549,5.0,13,10_60296002_60299097,5903,Psap,0.38461538461538464
855167,2887,Brain_Non-Myeloid_neuron,549,98.0,155,10_60296002_60299097,5903,Psap,0.632258064516129
855168,2889,Brain_Non-Myeloid_neuron,549,42.0,164,10_60296002_60299097,5903,Psap,0.25609756097560976
855169,2891,Brain_Non-Myeloid_neuron,549,8.0,75,10_60296002_60299097,5903,Psap,0.10666666666666667
855170,2892,Brain_Non-Myeloid_neuron,549,1.0,82,10_60296002_60299097,5903,Psap,0.012195121951219513
855171,2893,Brain_Non-Myeloid_neuron,549,11.0,401,10_60296002_60299097,5903,Psap,0.02743142144638404
855172,2897,Brain_Non-Myeloid_neuron,549,4.0,110,10_60296002_60299097,5903,Psap,0.03636363636363636
855173,2898,Brain_Non-Myeloid_neuron,549,35.0,39,10_60296002_60299097,5903,Psap,0.8974358974358975
855174,2900,Brain_Non-Myeloid_neuron,549,11.0,280,10_60296002_60299097,5903,Psap,0.039285714285714285
855175,2901,Brain_Non-Myeloid_neuron,549,18.0,158,10_60296002_60299097,5903,Psap,0.11392405063291139
855176,2902,Brain_Non-Myeloid_neuron,549,11.0,206,10_60296002_60299097,5903,Psap,0.05339805825242718
855177,2903,Brain_Non-Myeloid_neuron,549,1.0,7,10_60296002_60299097,5903,Psap,0.14285714285714285
855178,2904,Brain_Non-Myeloid_neuron,549,4.0,48,10_60296002_60299097,5903,Psap,0.08333333333333333
855179,2906,Brain_Non-Myeloid_neuron,549,3.0,68,10_60296002_60299097,5903,Psap,0.04411764705882353
855180,2908,Brain_Non-Myeloid_neuron,549,29.0,244,10_60296002_60299097,5903,Psap,0.11885245901639344
855181,2909,Brain_Non-Myeloid_neuron,549,51.0,93,10_60296002_60299097,5903,Psap,0.5483870967741935
855182,2910,Brain_Non-Myeloid_neuron,549,11.0,50,10_60296002_60299097,5903,Psap,0.22
855183,2911,Brain_Non-Myeloid_neuron,549,12.0,306,10_60296002_60299097,5903,Psap,0.0392156862745098
855184,2912,Brain_Non-Myeloid_neuron,549,47.0,316,10_60296002_60299097,5903,Psap,0.14873417721518986
855185,2913,Brain_Non-Myeloid_neuron,549,1.0,17,10_60296002_60299097,5903,Psap,0.058823529411764705
855186,2915,Brain_Non-Myeloid_neuron,549,7.0,11,10_60296002_60299097,5903,Psap,0.6363636363636364
855187,2917,Brain_Non-Myeloid_neuron,549,1.0,13,10_60296002_60299097,5903,Psap,0.07692307692307693
855188,2918,Brain_Non-Myeloid_neuron,549,28.0,316,10_60296002_60299097,5903,Psap,0.08860759493670886
855189,2919,Brain_Non-Myeloid_neuron,549,1.0,82,10_60296002_60299097,5903,Psap,0.012195121951219513
855190,2920,Brain_Non-Myeloid_neuron,549,9.0,422,10_60296002_60299097,5903,Psap,0.02132701421800948
855191,2921,Brain_Non-Myeloid_neuron,549,1.0,3,10_60296002_60299097,5903,Psap,0.3333333333333333
855192,2922,Brain_Non-Myeloid_neuron,549,143.0,748,10_60296002_60299097,5903,Psap,0.19117647058823528
855193,2923,Brain_Non-Myeloid_neuron,549,8.0,204,10_60296002_60299097,5903,Psap,0.0392156862745098
855194,2927,Brain_Non-Myeloid_neuron,549,10.0,91,10_60296002_60299097,5903,Psap,0.10989010989010989
855195,2928,Brain_Non-Myeloid_neuron,549,7.0,142,10_60296002_60299097,5903,Psap,0.04929577464788732
855196,2929,Brain_Myeloid_macrophage,549,275.0,275,10_60296002_60299097,5903,Psap,1.0
855197,2930,Brain_Myeloid_macrophage,549,164.0,164,10_60296002_60299097,5903,Psap,1.0
855198,2931,Brain_Myeloid_macrophage,549,1046.0,1046,10_60296002_60299097,5903,Psap,1.0
855199,2932,Brain_Myeloid_macrophage,549,435.0,435,10_60296002_60299097,5903,Psap,1.0
855200,2933,Brain_Myeloid_macrophage,549,258.0,258,10_60296002_60299097,5903,Psap,1.0
855201,2934,Brain_Myeloid_macrophage,549,216.0,216,10_60296002_60299097,5903,Psap,1.0
855202,2935,Brain_Myeloid_macrophage,549,148.0,148,10_60296002_60299097,5903,Psap,1.0
855203,2937,Brain_Myeloid_macrophage,549,800.0,800,10_60296002_60299097,5903,Psap,1.0
855204,2938,Brain_Myeloid_macrophage,549,375.0,375,10_60296002_60299097,5903,Psap,1.0
855205,2939,Brain_Myeloid_macrophage,549,13.0,13,10_60296002_60299097,5903,Psap,1.0
855206,2940,Brain_Myeloid_macrophage,549,404.0,404,10_60296002_60299097,5903,Psap,1.0
855207,2941,Brain_Myeloid_macrophage,549,566.0,566,10_60296002_60299097,5903,Psap,1.0
855208,2942,Brain_Myeloid_macrophage,549,136.0,136,10_60296002_60299097,5903,Psap,1.0
855209,2943,Brain_Myeloid_macrophage,549,526.0,526,10_60296002_60299097,5903,Psap,1.0
855210,2944,Brain_Myeloid_macrophage,549,2532.0,2532,10_60296002_60299097,5903,Psap,1.0
855211,2945,Brain_Myeloid_macrophage,549,247.0,247,10_60296002_60299097,5903,Psap,1.0
855212,2946,Brain_Myeloid_macrophage,549,85.0,85,10_60296002_60299097,5903,Psap,1.0
855213,2947,Brain_Myeloid_macrophage,549,177.0,177,10_60296002_60299097,5903,Psap,1.0
855214,2948,Brain_Myeloid_macrophage,549,490.0,490,10_60296002_60299097,5903,Psap,1.0
855215,2949,Brain_Myeloid_macrophage,549,271.0,271,10_60296002_60299097,5903,Psap,1.0
855216,2950,Brain_Myeloid_macrophage,549,214.0,214,10_60296002_60299097,5903,Psap,1.0
855217,2951,Brain_Myeloid_macrophage,549,519.0,519,10_60296002_60299097,5903,Psap,1.0
855218,2952,Brain_Myeloid_macrophage,549,193.0,193,10_60296002_60299097,5903,Psap,1.0
855219,2953,Brain_Myeloid_macrophage,549,834.0,834,10_60296002_60299097,5903,Psap,1.0
855220,2955,Brain_Myeloid_macrophage,549,264.0,264,10_60296002_60299097,5903,Psap,1.0
855221,2956,Brain_Myeloid_macrophage,549,646.0,646,10_60296002_60299097,5903,Psap,1.0
855222,2957,Brain_Myeloid_macrophage,549,314.0,314,10_60296002_60299097,5903,Psap,1.0
855223,2958,Brain_Myeloid_macrophage,549,1625.0,1625,10_60296002_60299097,5903,Psap,1.0
855224,2959,Brain_Myeloid_macrophage,549,807.0,807,10_60296002_60299097,5903,Psap,1.0
855225,2960,Brain_Myeloid_macrophage,549,230.0,230,10_60296002_60299097,5903,Psap,1.0
855226,2961,Brain_Myeloid_macrophage,549,616.0,616,10_60296002_60299097,5903,Psap,1.0
855227,2963,Brain_Myeloid_macrophage,549,204.0,204,10_60296002_60299097,5903,Psap,1.0
855228,2964,Brain_Myeloid_macrophage,549,144.0,144,10_60296002_60299097,5903,Psap,1.0
855229,2965,Brain_Myeloid_macrophage,549,551.0,551,10_60296002_60299097,5903,Psap,1.0
855230,2966,Brain_Myeloid_macrophage,549,1418.0,1418,10_60296002_60299097,5903,Psap,1.0
855231,2967,Brain_Myeloid_macrophage,549,522.0,522,10_60296002_60299097,5903,Psap,1.0
855232,2968,Brain_Myeloid_macrophage,549,1180.0,1180,10_60296002_60299097,5903,Psap,1.0
855233,2969,Brain_Myeloid_macrophage,549,1437.0,1437,10_60296002_60299097,5903,Psap,1.0
855234,2970,Brain_Myeloid_macrophage,549,63.0,63,10_60296002_60299097,5903,Psap,1.0
855235,2971,Brain_Myeloid_macrophage,549,1370.0,1370,10_60296002_60299097,5903,Psap,1.0
855236,2972,Brain_Myeloid_macrophage,549,2223.0,2223,10_60296002_60299097,5903,Psap,1.0
855237,2973,Brain_Myeloid_macrophage,549,453.0,453,10_60296002_60299097,5903,Psap,1.0
855238,2974,Brain_Myeloid_macrophage,549,672.0,672,10_60296002_60299097,5903,Psap,1.0
855239,2975,Brain_Myeloid_macrophage,549,251.0,251,10_60296002_60299097,5903,Psap,1.0
855240,2976,Brain_Myeloid_macrophage,549,331.0,331,10_60296002_60299097,5903,Psap,1.0
855241,2977,Brain_Myeloid_macrophage,549,27.0,27,10_60296002_60299097,5903,Psap,1.0
855242,2978,Brain_Myeloid_macrophage,549,181.0,181,10_60296002_60299097,5903,Psap,1.0
855243,2979,Brain_Myeloid_macrophage,549,99.0,99,10_60296002_60299097,5903,Psap,1.0
855244,2980,Brain_Myeloid_macrophage,549,778.0,778,10_60296002_60299097,5903,Psap,1.0
855245,2981,Brain_Myeloid_macrophage,549,1533.0,1533,10_60296002_60299097,5903,Psap,1.0
855246,2982,Brain_Myeloid_macrophage,549,341.0,341,10_60296002_60299097,5903,Psap,1.0
855247,2983,Brain_Myeloid_macrophage,549,49.0,49,10_60296002_60299097,5903,Psap,1.0
855248,2984,Brain_Myeloid_macrophage,549,1360.0,1360,10_60296002_60299097,5903,Psap,1.0
855249,2985,Brain_Myeloid_macrophage,549,400.0,400,10_60296002_60299097,5903,Psap,1.0
855250,2987,Brain_Myeloid_macrophage,549,1.0,1,10_60296002_60299097,5903,Psap,1.0
855251,2988,Brain_Myeloid_macrophage,549,97.0,97,10_60296002_60299097,5903,Psap,1.0
855252,2989,Brain_Myeloid_macrophage,549,377.0,377,10_60296002_60299097,5903,Psap,1.0
855253,2990,Brain_Myeloid_microglial_cell,549,108.0,108,10_60296002_60299097,5903,Psap,1.0
855254,2991,Brain_Myeloid_microglial_cell,549,744.0,744,10_60296002_60299097,5903,Psap,1.0
855255,2992,Brain_Myeloid_microglial_cell,549,10.0,10,10_60296002_60299097,5903,Psap,1.0
855256,2993,Brain_Myeloid_microglial_cell,549,56.0,56,10_60296002_60299097,5903,Psap,1.0
855257,2994,Brain_Myeloid_microglial_cell,549,137.0,137,10_60296002_60299097,5903,Psap,1.0
855258,2995,Brain_Myeloid_microglial_cell,549,175.0,175,10_60296002_60299097,5903,Psap,1.0
855259,2996,Brain_Myeloid_microglial_cell,549,29.0,29,10_60296002_60299097,5903,Psap,1.0
855260,2998,Brain_Myeloid_microglial_cell,549,125.0,125,10_60296002_60299097,5903,Psap,1.0
855261,2999,Brain_Myeloid_microglial_cell,549,82.0,82,10_60296002_60299097,5903,Psap,1.0
855262,3000,Brain_Myeloid_microglial_cell,549,5.0,5,10_60296002_60299097,5903,Psap,1.0
855263,3001,Brain_Myeloid_microglial_cell,549,633.0,633,10_60296002_60299097,5903,Psap,1.0
855264,3002,Brain_Myeloid_microglial_cell,549,295.0,295,10_60296002_60299097,5903,Psap,1.0
855265,3003,Brain_Myeloid_microglial_cell,549,295.0,295,10_60296002_60299097,5903,Psap,1.0
855266,3004,Brain_Myeloid_microglial_cell,549,140.0,140,10_60296002_60299097,5903,Psap,1.0
855267,3005,Brain_Myeloid_microglial_cell,549,1585.0,1585,10_60296002_60299097,5903,Psap,1.0
855268,3006,Brain_Myeloid_microglial_cell,549,560.0,560,10_60296002_60299097,5903,Psap,1.0
855269,3007,Brain_Myeloid_microglial_cell,549,169.0,169,10_60296002_60299097,5903,Psap,1.0
855270,3008,Brain_Myeloid_microglial_cell,549,124.0,124,10_60296002_60299097,5903,Psap,1.0
855271,3009,Brain_Myeloid_microglial_cell,549,16.0,16,10_60296002_60299097,5903,Psap,1.0
855272,3010,Brain_Myeloid_microglial_cell,549,173.0,173,10_60296002_60299097,5903,Psap,1.0
855273,3011,Brain_Myeloid_microglial_cell,549,552.0,552,10_60296002_60299097,5903,Psap,1.0
855274,3012,Brain_Myeloid_microglial_cell,549,329.0,329,10_60296002_60299097,5903,Psap,1.0
855275,3014,Brain_Myeloid_microglial_cell,549,79.0,90,10_60296002_60299097,5903,Psap,0.8777777777777778
855276,3015,Brain_Myeloid_microglial_cell,549,482.0,482,10_60296002_60299097,5903,Psap,1.0
855277,3016,Brain_Myeloid_microglial_cell,549,178.0,178,10_60296002_60299097,5903,Psap,1.0
855278,3018,Brain_Myeloid_microglial_cell,549,298.0,298,10_60296002_60299097,5903,Psap,1.0
855279,3019,Brain_Myeloid_microglial_cell,549,74.0,74,10_60296002_60299097,5903,Psap,1.0
855280,3020,Brain_Myeloid_microglial_cell,549,169.0,169,10_60296002_60299097,5903,Psap,1.0
855281,3021,Brain_Myeloid_microglial_cell,549,262.0,262,10_60296002_60299097,5903,Psap,1.0
855282,3022,Brain_Myeloid_microglial_cell,549,502.0,502,10_60296002_60299097,5903,Psap,1.0
855283,3023,Brain_Myeloid_microglial_cell,549,86.0,86,10_60296002_60299097,5903,Psap,1.0
855284,3024,Brain_Myeloid_microglial_cell,549,66.0,66,10_60296002_60299097,5903,Psap,1.0
855285,3025,Brain_Myeloid_microglial_cell,549,1279.0,1297,10_60296002_60299097,5903,Psap,0.9861218195836546
855286,3026,Brain_Myeloid_microglial_cell,549,95.0,95,10_60296002_60299097,5903,Psap,1.0
855287,3027,Brain_Myeloid_microglial_cell,549,1.0,1,10_60296002_60299097,5903,Psap,1.0
855288,3028,Brain_Myeloid_microglial_cell,549,47.0,47,10_60296002_60299097,5903,Psap,1.0
855289,3029,Brain_Myeloid_microglial_cell,549,423.0,423,10_60296002_60299097,5903,Psap,1.0
855290,3030,Brain_Myeloid_microglial_cell,549,342.0,342,10_60296002_60299097,5903,Psap,1.0
855291,3031,Brain_Myeloid_microglial_cell,549,127.0,127,10_60296002_60299097,5903,Psap,1.0
855292,3032,Brain_Myeloid_microglial_cell,549,284.0,284,10_60296002_60299097,5903,Psap,1.0
855293,3033,Brain_Myeloid_microglial_cell,549,758.0,758,10_60296002_60299097,5903,Psap,1.0
855294,3034,Brain_Myeloid_microglial_cell,549,38.0,38,10_60296002_60299097,5903,Psap,1.0
855295,3035,Brain_Myeloid_microglial_cell,549,10.0,10,10_60296002_60299097,5903,Psap,1.0
855296,3036,Brain_Myeloid_microglial_cell,549,148.0,148,10_60296002_60299097,5903,Psap,1.0
855297,3037,Brain_Myeloid_microglial_cell,549,181.0,181,10_60296002_60299097,5903,Psap,1.0
855298,3038,Brain_Myeloid_microglial_cell,549,541.0,541,10_60296002_60299097,5903,Psap,1.0
855299,3039,Brain_Myeloid_microglial_cell,549,166.0,166,10_60296002_60299097,5903,Psap,1.0
855300,3040,Brain_Myeloid_microglial_cell,549,5.0,5,10_60296002_60299097,5903,Psap,1.0
855301,3041,Brain_Myeloid_microglial_cell,549,202.0,202,10_60296002_60299097,5903,Psap,1.0
855302,3042,Brain_Myeloid_microglial_cell,549,494.0,494,10_60296002_60299097,5903,Psap,1.0
855303,3043,Brain_Myeloid_microglial_cell,549,125.0,125,10_60296002_60299097,5903,Psap,1.0
855304,3044,Brain_Myeloid_microglial_cell,549,328.0,328,10_60296002_60299097,5903,Psap,1.0
855305,3045,Brain_Myeloid_microglial_cell,549,661.0,661,10_60296002_60299097,5903,Psap,1.0
855306,3046,Brain_Myeloid_microglial_cell,549,79.0,79,10_60296002_60299097,5903,Psap,1.0
855307,3047,Brain_Myeloid_microglial_cell,549,312.0,312,10_60296002_60299097,5903,Psap,1.0
855308,3048,Brain_Myeloid_microglial_cell,549,177.0,177,10_60296002_60299097,5903,Psap,1.0
855309,3049,Brain_Myeloid_microglial_cell,549,5.0,5,10_60296002_60299097,5903,Psap,1.0
855310,3050,Brain_Myeloid_microglial_cell,549,12.0,12,10_60296002_60299097,5903,Psap,1.0
855311,3051,Brain_Myeloid_microglial_cell,549,504.0,504,10_60296002_60299097,5903,Psap,1.0
855312,3052,Brain_Myeloid_microglial_cell,549,105.0,105,10_60296002_60299097,5903,Psap,1.0
855313,3053,Brain_Myeloid_microglial_cell,549,38.0,38,10_60296002_60299097,5903,Psap,1.0
855314,3054,Brain_Myeloid_microglial_cell,549,151.0,151,10_60296002_60299097,5903,Psap,1.0
855315,3055,Brain_Myeloid_microglial_cell,549,679.0,679,10_60296002_60299097,5903,Psap,1.0
855316,3056,Brain_Myeloid_microglial_cell,549,135.0,135,10_60296002_60299097,5903,Psap,1.0
855317,3057,Brain_Myeloid_microglial_cell,549,202.0,202,10_60296002_60299097,5903,Psap,1.0
855318,3058,Brain_Myeloid_microglial_cell,549,240.0,240,10_60296002_60299097,5903,Psap,1.0
855319,3059,Brain_Myeloid_microglial_cell,549,385.0,385,10_60296002_60299097,5903,Psap,1.0
855320,3060,Brain_Myeloid_microglial_cell,549,271.0,271,10_60296002_60299097,5903,Psap,1.0
855321,3062,Brain_Myeloid_microglial_cell,549,85.0,85,10_60296002_60299097,5903,Psap,1.0
855322,3063,Brain_Myeloid_microglial_cell,549,431.0,431,10_60296002_60299097,5903,Psap,1.0
855323,3064,Brain_Myeloid_microglial_cell,549,159.0,159,10_60296002_60299097,5903,Psap,1.0
855324,3065,Brain_Myeloid_microglial_cell,549,219.0,219,10_60296002_60299097,5903,Psap,1.0
855325,3066,Brain_Myeloid_microglial_cell,549,77.0,77,10_60296002_60299097,5903,Psap,1.0
855326,3067,Brain_Myeloid_microglial_cell,549,226.0,226,10_60296002_60299097,5903,Psap,1.0
855327,3068,Brain_Myeloid_microglial_cell,549,65.0,65,10_60296002_60299097,5903,Psap,1.0
855328,3070,Brain_Myeloid_microglial_cell,549,45.0,45,10_60296002_60299097,5903,Psap,1.0
855329,3071,Brain_Myeloid_microglial_cell,549,81.0,81,10_60296002_60299097,5903,Psap,1.0
855330,3072,Brain_Myeloid_microglial_cell,549,15.0,15,10_60296002_60299097,5903,Psap,1.0
855331,3073,Brain_Myeloid_microglial_cell,549,99.0,99,10_60296002_60299097,5903,Psap,1.0
855332,3074,Brain_Myeloid_microglial_cell,549,52.0,52,10_60296002_60299097,5903,Psap,1.0
855333,3075,Brain_Myeloid_microglial_cell,549,15.0,15,10_60296002_60299097,5903,Psap,1.0
855334,3076,Brain_Myeloid_microglial_cell,549,207.0,207,10_60296002_60299097,5903,Psap,1.0
855335,3077,Brain_Myeloid_microglial_cell,549,315.0,315,10_60296002_60299097,5903,Psap,1.0
855336,3078,Brain_Myeloid_microglial_cell,549,351.0,351,10_60296002_60299097,5903,Psap,1.0
855337,3080,Brain_Myeloid_microglial_cell,549,432.0,432,10_60296002_60299097,5903,Psap,1.0
855338,3081,Brain_Myeloid_microglial_cell,549,160.0,160,10_60296002_60299097,5903,Psap,1.0
855339,3082,Brain_Myeloid_microglial_cell,549,248.0,248,10_60296002_60299097,5903,Psap,1.0
855340,3083,Brain_Myeloid_microglial_cell,549,562.0,583,10_60296002_60299097,5903,Psap,0.9639794168096055
855341,3084,Brain_Myeloid_microglial_cell,549,289.0,289,10_60296002_60299097,5903,Psap,1.0
855342,3085,Brain_Myeloid_microglial_cell,549,267.0,267,10_60296002_60299097,5903,Psap,1.0
855343,3086,Brain_Myeloid_microglial_cell,549,135.0,136,10_60296002_60299097,5903,Psap,0.9926470588235294
855344,3087,Brain_Myeloid_microglial_cell,549,63.0,63,10_60296002_60299097,5903,Psap,1.0
855345,3088,Brain_Myeloid_microglial_cell,549,191.0,191,10_60296002_60299097,5903,Psap,1.0
855346,3089,Brain_Myeloid_microglial_cell,549,137.0,137,10_60296002_60299097,5903,Psap,1.0
855347,3090,Brain_Myeloid_microglial_cell,549,543.0,543,10_60296002_60299097,5903,Psap,1.0
855348,3092,Brain_Myeloid_microglial_cell,549,192.0,192,10_60296002_60299097,5903,Psap,1.0
855349,3093,Brain_Myeloid_microglial_cell,549,705.0,705,10_60296002_60299097,5903,Psap,1.0
855350,3094,Brain_Myeloid_microglial_cell,549,34.0,34,10_60296002_60299097,5903,Psap,1.0
855351,3095,Brain_Myeloid_microglial_cell,549,110.0,110,10_60296002_60299097,5903,Psap,1.0
855352,3096,Brain_Myeloid_microglial_cell,549,144.0,144,10_60296002_60299097,5903,Psap,1.0
855353,3097,Brain_Myeloid_microglial_cell,549,998.0,998,10_60296002_60299097,5903,Psap,1.0
855354,3098,Brain_Myeloid_microglial_cell,549,793.0,793,10_60296002_60299097,5903,Psap,1.0
855355,3099,Brain_Myeloid_microglial_cell,549,20.0,20,10_60296002_60299097,5903,Psap,1.0
855356,3100,Brain_Myeloid_microglial_cell,549,113.0,113,10_60296002_60299097,5903,Psap,1.0
855357,3101,Brain_Myeloid_microglial_cell,549,167.0,167,10_60296002_60299097,5903,Psap,1.0
855358,3102,Brain_Myeloid_microglial_cell,549,50.0,50,10_60296002_60299097,5903,Psap,1.0
855359,3103,Brain_Myeloid_microglial_cell,549,287.0,287,10_60296002_60299097,5903,Psap,1.0
855360,3104,Brain_Myeloid_microglial_cell,549,1947.0,1947,10_60296002_60299097,5903,Psap,1.0
855361,3105,Brain_Myeloid_microglial_cell,549,368.0,368,10_60296002_60299097,5903,Psap,1.0
855362,3106,Brain_Myeloid_microglial_cell,549,58.0,58,10_60296002_60299097,5903,Psap,1.0
855363,3107,Brain_Myeloid_microglial_cell,549,260.0,260,10_60296002_60299097,5903,Psap,1.0
855364,3108,Brain_Myeloid_microglial_cell,549,138.0,138,10_60296002_60299097,5903,Psap,1.0
855365,3109,Brain_Myeloid_microglial_cell,549,1430.0,1430,10_60296002_60299097,5903,Psap,1.0
855366,3110,Brain_Myeloid_microglial_cell,549,746.0,746,10_60296002_60299097,5903,Psap,1.0
855367,3111,Brain_Myeloid_microglial_cell,549,173.0,173,10_60296002_60299097,5903,Psap,1.0
855368,3112,Brain_Myeloid_microglial_cell,549,198.0,198,10_60296002_60299097,5903,Psap,1.0
855369,3113,Brain_Myeloid_microglial_cell,549,33.0,33,10_60296002_60299097,5903,Psap,1.0
855370,3114,Brain_Myeloid_microglial_cell,549,308.0,308,10_60296002_60299097,5903,Psap,1.0
855371,3115,Brain_Myeloid_microglial_cell,549,413.0,413,10_60296002_60299097,5903,Psap,1.0
855372,3117,Brain_Myeloid_microglial_cell,549,152.0,152,10_60296002_60299097,5903,Psap,1.0
855373,3118,Brain_Myeloid_microglial_cell,549,51.0,51,10_60296002_60299097,5903,Psap,1.0
855374,3119,Brain_Myeloid_microglial_cell,549,149.0,149,10_60296002_60299097,5903,Psap,1.0
855375,3120,Brain_Myeloid_microglial_cell,549,632.0,632,10_60296002_60299097,5903,Psap,1.0
855376,3121,Brain_Myeloid_microglial_cell,549,1381.0,1381,10_60296002_60299097,5903,Psap,1.0
855377,3122,Brain_Myeloid_microglial_cell,549,170.0,170,10_60296002_60299097,5903,Psap,1.0
855378,3123,Brain_Myeloid_microglial_cell,549,656.0,656,10_60296002_60299097,5903,Psap,1.0
855379,3124,Brain_Myeloid_microglial_cell,549,143.0,143,10_60296002_60299097,5903,Psap,1.0
855380,3125,Brain_Myeloid_microglial_cell,549,393.0,393,10_60296002_60299097,5903,Psap,1.0
855381,3126,Brain_Myeloid_microglial_cell,549,100.0,100,10_60296002_60299097,5903,Psap,1.0
855382,3127,Brain_Myeloid_microglial_cell,549,246.0,246,10_60296002_60299097,5903,Psap,1.0
855383,3128,Brain_Myeloid_microglial_cell,549,370.0,370,10_60296002_60299097,5903,Psap,1.0
855384,3129,Brain_Myeloid_microglial_cell,549,254.0,254,10_60296002_60299097,5903,Psap,1.0
855385,3130,Brain_Myeloid_microglial_cell,549,394.0,394,10_60296002_60299097,5903,Psap,1.0
855386,3131,Brain_Myeloid_microglial_cell,549,42.0,42,10_60296002_60299097,5903,Psap,1.0
855387,3132,Brain_Myeloid_microglial_cell,549,228.0,228,10_60296002_60299097,5903,Psap,1.0
855388,3133,Brain_Myeloid_microglial_cell,549,243.0,243,10_60296002_60299097,5903,Psap,1.0
855389,3134,Brain_Myeloid_microglial_cell,549,335.0,335,10_60296002_60299097,5903,Psap,1.0
855390,3135,Brain_Myeloid_microglial_cell,549,138.0,138,10_60296002_60299097,5903,Psap,1.0
855391,3136,Brain_Myeloid_microglial_cell,549,208.0,208,10_60296002_60299097,5903,Psap,1.0
855392,3137,Brain_Myeloid_microglial_cell,549,546.0,546,10_60296002_60299097,5903,Psap,1.0
855393,3138,Brain_Myeloid_microglial_cell,549,120.0,120,10_60296002_60299097,5903,Psap,1.0
855394,3139,Brain_Myeloid_microglial_cell,549,307.0,307,10_60296002_60299097,5903,Psap,1.0
855395,3140,Brain_Myeloid_microglial_cell,549,539.0,539,10_60296002_60299097,5903,Psap,1.0
855396,3141,Brain_Myeloid_microglial_cell,549,462.0,462,10_60296002_60299097,5903,Psap,1.0
855397,3142,Brain_Myeloid_microglial_cell,549,118.0,118,10_60296002_60299097,5903,Psap,1.0
855398,3143,Brain_Myeloid_microglial_cell,549,19.0,19,10_60296002_60299097,5903,Psap,1.0
855399,3144,Brain_Myeloid_microglial_cell,549,368.0,368,10_60296002_60299097,5903,Psap,1.0
855400,3145,Brain_Myeloid_microglial_cell,549,676.0,676,10_60296002_60299097,5903,Psap,1.0
855401,3146,Brain_Myeloid_microglial_cell,549,1629.0,1629,10_60296002_60299097,5903,Psap,1.0
855402,3147,Brain_Myeloid_microglial_cell,549,54.0,54,10_60296002_60299097,5903,Psap,1.0
855403,3148,Brain_Myeloid_microglial_cell,549,321.0,321,10_60296002_60299097,5903,Psap,1.0
855404,3149,Brain_Myeloid_microglial_cell,549,355.0,355,10_60296002_60299097,5903,Psap,1.0
855405,3150,Brain_Myeloid_microglial_cell,549,207.0,207,10_60296002_60299097,5903,Psap,1.0
855406,3151,Brain_Myeloid_microglial_cell,549,659.0,659,10_60296002_60299097,5903,Psap,1.0
855407,3152,Brain_Myeloid_microglial_cell,549,172.0,172,10_60296002_60299097,5903,Psap,1.0
855408,3153,Brain_Myeloid_microglial_cell,549,125.0,125,10_60296002_60299097,5903,Psap,1.0
855409,3154,Brain_Myeloid_microglial_cell,549,642.0,642,10_60296002_60299097,5903,Psap,1.0
855410,3155,Brain_Myeloid_microglial_cell,549,90.0,90,10_60296002_60299097,5903,Psap,1.0
855411,3156,Brain_Myeloid_microglial_cell,549,462.0,462,10_60296002_60299097,5903,Psap,1.0
855412,3157,Brain_Myeloid_microglial_cell,549,149.0,149,10_60296002_60299097,5903,Psap,1.0
855413,3158,Brain_Myeloid_microglial_cell,549,213.0,213,10_60296002_60299097,5903,Psap,1.0
855414,3159,Brain_Myeloid_microglial_cell,549,140.0,140,10_60296002_60299097,5903,Psap,1.0
855415,3161,Brain_Myeloid_microglial_cell,549,224.0,224,10_60296002_60299097,5903,Psap,1.0
855416,3162,Brain_Myeloid_microglial_cell,549,93.0,93,10_60296002_60299097,5903,Psap,1.0
855417,3163,Brain_Myeloid_microglial_cell,549,1.0,1,10_60296002_60299097,5903,Psap,1.0
855418,3164,Brain_Myeloid_microglial_cell,549,41.0,41,10_60296002_60299097,5903,Psap,1.0
855419,3165,Brain_Myeloid_microglial_cell,549,282.0,282,10_60296002_60299097,5903,Psap,1.0
855420,3166,Brain_Myeloid_microglial_cell,549,148.0,148,10_60296002_60299097,5903,Psap,1.0
855421,3167,Brain_Myeloid_microglial_cell,549,260.0,260,10_60296002_60299097,5903,Psap,1.0
855422,3168,Brain_Myeloid_microglial_cell,549,18.0,18,10_60296002_60299097,5903,Psap,1.0
855423,3169,Brain_Myeloid_microglial_cell,549,77.0,77,10_60296002_60299097,5903,Psap,1.0
855424,3170,Brain_Myeloid_microglial_cell,549,294.0,294,10_60296002_60299097,5903,Psap,1.0
855425,3171,Brain_Myeloid_microglial_cell,549,350.0,350,10_60296002_60299097,5903,Psap,1.0
855426,3172,Brain_Myeloid_microglial_cell,549,54.0,54,10_60296002_60299097,5903,Psap,1.0
855427,3173,Brain_Myeloid_microglial_cell,549,823.0,823,10_60296002_60299097,5903,Psap,1.0
855428,3174,Brain_Myeloid_microglial_cell,549,10.0,10,10_60296002_60299097,5903,Psap,1.0
855429,3175,Brain_Myeloid_microglial_cell,549,57.0,57,10_60296002_60299097,5903,Psap,1.0
855430,3176,Brain_Myeloid_microglial_cell,549,438.0,438,10_60296002_60299097,5903,Psap,1.0
855431,3177,Brain_Myeloid_microglial_cell,549,155.0,155,10_60296002_60299097,5903,Psap,1.0
855432,3178,Brain_Myeloid_microglial_cell,549,528.0,528,10_60296002_60299097,5903,Psap,1.0
855433,3179,Brain_Myeloid_microglial_cell,549,59.0,59,10_60296002_60299097,5903,Psap,1.0
855434,3180,Brain_Myeloid_microglial_cell,549,247.0,247,10_60296002_60299097,5903,Psap,1.0
855435,3181,Brain_Myeloid_microglial_cell,549,301.0,301,10_60296002_60299097,5903,Psap,1.0
855436,3182,Brain_Myeloid_microglial_cell,549,34.0,34,10_60296002_60299097,5903,Psap,1.0
855437,3183,Brain_Myeloid_microglial_cell,549,191.0,191,10_60296002_60299097,5903,Psap,1.0
855438,3184,Brain_Myeloid_microglial_cell,549,27.0,27,10_60296002_60299097,5903,Psap,1.0
855439,3185,Brain_Myeloid_microglial_cell,549,18.0,18,10_60296002_60299097,5903,Psap,1.0
855440,3186,Brain_Myeloid_microglial_cell,549,30.0,30,10_60296002_60299097,5903,Psap,1.0
855441,3187,Brain_Myeloid_microglial_cell,549,106.0,106,10_60296002_60299097,5903,Psap,1.0
855442,3188,Brain_Myeloid_microglial_cell,549,26.0,26,10_60296002_60299097,5903,Psap,1.0
855443,3189,Brain_Myeloid_microglial_cell,549,604.0,604,10_60296002_60299097,5903,Psap,1.0
855444,3190,Brain_Myeloid_microglial_cell,549,55.0,55,10_60296002_60299097,5903,Psap,1.0
855445,3191,Brain_Myeloid_microglial_cell,549,8.0,8,10_60296002_60299097,5903,Psap,1.0
855446,3192,Brain_Myeloid_microglial_cell,549,256.0,256,10_60296002_60299097,5903,Psap,1.0
855447,3193,Brain_Myeloid_microglial_cell,549,67.0,67,10_60296002_60299097,5903,Psap,1.0
855448,3194,Brain_Myeloid_microglial_cell,549,487.0,487,10_60296002_60299097,5903,Psap,1.0
855449,3195,Brain_Myeloid_microglial_cell,549,230.0,230,10_60296002_60299097,5903,Psap,1.0
855450,3196,Brain_Myeloid_microglial_cell,549,105.0,105,10_60296002_60299097,5903,Psap,1.0
855451,3197,Brain_Myeloid_microglial_cell,549,34.0,34,10_60296002_60299097,5903,Psap,1.0
855452,3198,Brain_Myeloid_microglial_cell,549,166.0,166,10_60296002_60299097,5903,Psap,1.0
855453,3199,Brain_Myeloid_microglial_cell,549,410.0,410,10_60296002_60299097,5903,Psap,1.0
855454,3200,Brain_Myeloid_microglial_cell,549,76.0,76,10_60296002_60299097,5903,Psap,1.0
855455,3201,Brain_Myeloid_microglial_cell,549,145.0,145,10_60296002_60299097,5903,Psap,1.0
855456,3202,Brain_Myeloid_microglial_cell,549,24.0,24,10_60296002_60299097,5903,Psap,1.0
855457,3203,Brain_Myeloid_microglial_cell,549,743.0,743,10_60296002_60299097,5903,Psap,1.0
855458,3204,Brain_Myeloid_microglial_cell,549,102.0,102,10_60296002_60299097,5903,Psap,1.0
855459,3205,Brain_Myeloid_microglial_cell,549,72.0,72,10_60296002_60299097,5903,Psap,1.0
855460,3206,Brain_Myeloid_microglial_cell,549,213.0,213,10_60296002_60299097,5903,Psap,1.0
855461,3207,Brain_Myeloid_microglial_cell,549,32.0,32,10_60296002_60299097,5903,Psap,1.0
855462,3208,Brain_Myeloid_microglial_cell,549,433.0,433,10_60296002_60299097,5903,Psap,1.0
855463,3209,Brain_Myeloid_microglial_cell,549,301.0,301,10_60296002_60299097,5903,Psap,1.0
855464,3210,Brain_Myeloid_microglial_cell,549,79.0,79,10_60296002_60299097,5903,Psap,1.0
855465,3211,Brain_Myeloid_microglial_cell,549,306.0,306,10_60296002_60299097,5903,Psap,1.0
855466,3212,Brain_Myeloid_microglial_cell,549,202.0,202,10_60296002_60299097,5903,Psap,1.0
855467,3213,Brain_Myeloid_microglial_cell,549,173.0,173,10_60296002_60299097,5903,Psap,1.0
855468,3214,Brain_Myeloid_microglial_cell,549,35.0,35,10_60296002_60299097,5903,Psap,1.0
855469,3215,Brain_Myeloid_microglial_cell,549,200.0,200,10_60296002_60299097,5903,Psap,1.0
855470,3216,Brain_Myeloid_microglial_cell,549,253.0,253,10_60296002_60299097,5903,Psap,1.0
855471,3217,Brain_Myeloid_microglial_cell,549,340.0,340,10_60296002_60299097,5903,Psap,1.0
855472,3218,Brain_Myeloid_microglial_cell,549,45.0,45,10_60296002_60299097,5903,Psap,1.0
855473,3219,Brain_Myeloid_microglial_cell,549,277.0,277,10_60296002_60299097,5903,Psap,1.0
855474,3220,Brain_Myeloid_microglial_cell,549,65.0,65,10_60296002_60299097,5903,Psap,1.0
855475,3221,Brain_Myeloid_microglial_cell,549,259.0,259,10_60296002_60299097,5903,Psap,1.0
855476,3222,Brain_Myeloid_microglial_cell,549,88.0,88,10_60296002_60299097,5903,Psap,1.0
855477,3223,Brain_Myeloid_microglial_cell,549,55.0,55,10_60296002_60299097,5903,Psap,1.0
855478,3224,Brain_Myeloid_microglial_cell,549,88.0,88,10_60296002_60299097,5903,Psap,1.0
855479,3225,Brain_Myeloid_microglial_cell,549,313.0,313,10_60296002_60299097,5903,Psap,1.0
855480,3226,Brain_Myeloid_microglial_cell,549,2.0,2,10_60296002_60299097,5903,Psap,1.0
855481,3227,Brain_Myeloid_microglial_cell,549,92.0,92,10_60296002_60299097,5903,Psap,1.0
855482,3229,Brain_Myeloid_microglial_cell,549,184.0,184,10_60296002_60299097,5903,Psap,1.0
855483,3230,Brain_Myeloid_microglial_cell,549,146.0,146,10_60296002_60299097,5903,Psap,1.0
855484,3231,Brain_Myeloid_microglial_cell,549,58.0,58,10_60296002_60299097,5903,Psap,1.0
855485,3232,Brain_Myeloid_microglial_cell,549,312.0,312,10_60296002_60299097,5903,Psap,1.0
855486,3233,Brain_Myeloid_microglial_cell,549,449.0,449,10_60296002_60299097,5903,Psap,1.0
855487,3235,Brain_Myeloid_microglial_cell,549,151.0,151,10_60296002_60299097,5903,Psap,1.0
855488,3236,Brain_Myeloid_microglial_cell,549,16.0,16,10_60296002_60299097,5903,Psap,1.0
855489,3237,Brain_Myeloid_microglial_cell,549,73.0,73,10_60296002_60299097,5903,Psap,1.0
855490,3238,Brain_Myeloid_microglial_cell,549,338.0,338,10_60296002_60299097,5903,Psap,1.0
855491,3239,Brain_Myeloid_microglial_cell,549,2.0,2,10_60296002_60299097,5903,Psap,1.0
855492,3240,Brain_Myeloid_microglial_cell,549,182.0,182,10_60296002_60299097,5903,Psap,1.0
855493,3241,Brain_Myeloid_microglial_cell,549,172.0,172,10_60296002_60299097,5903,Psap,1.0
855494,3242,Brain_Myeloid_microglial_cell,549,1046.0,1046,10_60296002_60299097,5903,Psap,1.0
855495,3243,Brain_Myeloid_microglial_cell,549,178.0,178,10_60296002_60299097,5903,Psap,1.0
855496,3244,Brain_Myeloid_microglial_cell,549,22.0,22,10_60296002_60299097,5903,Psap,1.0
855497,3245,Brain_Myeloid_microglial_cell,549,146.0,146,10_60296002_60299097,5903,Psap,1.0
855498,3246,Brain_Myeloid_microglial_cell,549,630.0,630,10_60296002_60299097,5903,Psap,1.0
855499,3247,Brain_Myeloid_microglial_cell,549,194.0,194,10_60296002_60299097,5903,Psap,1.0
855500,3248,Brain_Myeloid_microglial_cell,549,183.0,183,10_60296002_60299097,5903,Psap,1.0
855501,3249,Brain_Myeloid_microglial_cell,549,75.0,75,10_60296002_60299097,5903,Psap,1.0
855502,3250,Brain_Myeloid_microglial_cell,549,479.0,479,10_60296002_60299097,5903,Psap,1.0
855503,3251,Brain_Myeloid_microglial_cell,549,157.0,157,10_60296002_60299097,5903,Psap,1.0
855504,3252,Brain_Myeloid_microglial_cell,549,5.0,5,10_60296002_60299097,5903,Psap,1.0
855505,3253,Brain_Myeloid_microglial_cell,549,70.0,70,10_60296002_60299097,5903,Psap,1.0
855506,3254,Brain_Myeloid_microglial_cell,549,499.0,499,10_60296002_60299097,5903,Psap,1.0
855507,3255,Brain_Myeloid_microglial_cell,549,444.0,444,10_60296002_60299097,5903,Psap,1.0
855508,3256,Brain_Myeloid_microglial_cell,549,101.0,101,10_60296002_60299097,5903,Psap,1.0
855509,3257,Brain_Myeloid_microglial_cell,549,264.0,264,10_60296002_60299097,5903,Psap,1.0
855510,3258,Brain_Myeloid_microglial_cell,549,124.0,124,10_60296002_60299097,5903,Psap,1.0
855511,3259,Brain_Myeloid_microglial_cell,549,316.0,316,10_60296002_60299097,5903,Psap,1.0
855512,3260,Brain_Myeloid_microglial_cell,549,201.0,201,10_60296002_60299097,5903,Psap,1.0
855513,3261,Brain_Myeloid_microglial_cell,549,36.0,36,10_60296002_60299097,5903,Psap,1.0
855514,3262,Brain_Myeloid_microglial_cell,549,73.0,73,10_60296002_60299097,5903,Psap,1.0
855515,3263,Brain_Myeloid_microglial_cell,549,179.0,179,10_60296002_60299097,5903,Psap,1.0
855516,3264,Brain_Myeloid_microglial_cell,549,64.0,64,10_60296002_60299097,5903,Psap,1.0
855517,3265,Brain_Myeloid_microglial_cell,549,183.0,183,10_60296002_60299097,5903,Psap,1.0
855518,3266,Brain_Myeloid_microglial_cell,549,247.0,247,10_60296002_60299097,5903,Psap,1.0
855519,3267,Brain_Myeloid_microglial_cell,549,561.0,561,10_60296002_60299097,5903,Psap,1.0
855520,3268,Brain_Myeloid_microglial_cell,549,363.0,363,10_60296002_60299097,5903,Psap,1.0
855521,3269,Brain_Myeloid_microglial_cell,549,331.0,331,10_60296002_60299097,5903,Psap,1.0
855522,3270,Brain_Myeloid_microglial_cell,549,266.0,266,10_60296002_60299097,5903,Psap,1.0
855523,3271,Brain_Myeloid_microglial_cell,549,1494.0,1494,10_60296002_60299097,5903,Psap,1.0
855524,3272,Brain_Myeloid_microglial_cell,549,754.0,754,10_60296002_60299097,5903,Psap,1.0
855525,3273,Brain_Myeloid_microglial_cell,549,53.0,53,10_60296002_60299097,5903,Psap,1.0
855526,3274,Brain_Myeloid_microglial_cell,549,141.0,141,10_60296002_60299097,5903,Psap,1.0
855527,3275,Brain_Myeloid_microglial_cell,549,423.0,423,10_60296002_60299097,5903,Psap,1.0
855528,3276,Brain_Myeloid_microglial_cell,549,237.0,237,10_60296002_60299097,5903,Psap,1.0
855529,3277,Brain_Myeloid_microglial_cell,549,79.0,79,10_60296002_60299097,5903,Psap,1.0
855530,3278,Brain_Myeloid_microglial_cell,549,247.0,247,10_60296002_60299097,5903,Psap,1.0
855531,3279,Brain_Myeloid_microglial_cell,549,246.0,246,10_60296002_60299097,5903,Psap,1.0
855532,3280,Brain_Myeloid_microglial_cell,549,158.0,158,10_60296002_60299097,5903,Psap,1.0
855533,3281,Brain_Myeloid_microglial_cell,549,341.0,341,10_60296002_60299097,5903,Psap,1.0
855534,3282,Brain_Myeloid_microglial_cell,549,516.0,516,10_60296002_60299097,5903,Psap,1.0
855535,3283,Brain_Myeloid_microglial_cell,549,41.0,41,10_60296002_60299097,5903,Psap,1.0
855536,3284,Brain_Myeloid_microglial_cell,549,75.0,76,10_60296002_60299097,5903,Psap,0.9868421052631579
855537,3285,Brain_Myeloid_microglial_cell,549,55.0,55,10_60296002_60299097,5903,Psap,1.0
855538,3286,Brain_Myeloid_microglial_cell,549,63.0,63,10_60296002_60299097,5903,Psap,1.0
855539,3287,Brain_Myeloid_microglial_cell,549,216.0,216,10_60296002_60299097,5903,Psap,1.0
855540,3288,Brain_Myeloid_microglial_cell,549,280.0,280,10_60296002_60299097,5903,Psap,1.0
855541,3289,Brain_Myeloid_microglial_cell,549,259.0,259,10_60296002_60299097,5903,Psap,1.0
855542,3290,Brain_Myeloid_microglial_cell,549,175.0,175,10_60296002_60299097,5903,Psap,1.0
855543,3291,Brain_Myeloid_microglial_cell,549,99.0,99,10_60296002_60299097,5903,Psap,1.0
855544,3292,Brain_Myeloid_microglial_cell,549,200.0,200,10_60296002_60299097,5903,Psap,1.0
855545,3293,Brain_Myeloid_microglial_cell,549,258.0,258,10_60296002_60299097,5903,Psap,1.0
855546,3294,Brain_Myeloid_microglial_cell,549,635.0,635,10_60296002_60299097,5903,Psap,1.0
855547,3295,Brain_Myeloid_microglial_cell,549,98.0,98,10_60296002_60299097,5903,Psap,1.0
855548,3296,Brain_Myeloid_microglial_cell,549,313.0,313,10_60296002_60299097,5903,Psap,1.0
855549,3297,Brain_Myeloid_microglial_cell,549,50.0,50,10_60296002_60299097,5903,Psap,1.0
855550,3298,Brain_Myeloid_microglial_cell,549,52.0,52,10_60296002_60299097,5903,Psap,1.0
855551,3299,Brain_Myeloid_microglial_cell,549,204.0,204,10_60296002_60299097,5903,Psap,1.0
855552,3300,Brain_Myeloid_microglial_cell,549,570.0,570,10_60296002_60299097,5903,Psap,1.0
855553,3301,Brain_Myeloid_microglial_cell,549,455.0,455,10_60296002_60299097,5903,Psap,1.0
855554,3302,Brain_Myeloid_microglial_cell,549,49.0,49,10_60296002_60299097,5903,Psap,1.0
855555,3303,Brain_Myeloid_microglial_cell,549,491.0,491,10_60296002_60299097,5903,Psap,1.0
855556,3304,Brain_Myeloid_microglial_cell,549,289.0,289,10_60296002_60299097,5903,Psap,1.0
855557,3305,Brain_Myeloid_microglial_cell,549,313.0,313,10_60296002_60299097,5903,Psap,1.0
855558,3306,Brain_Myeloid_microglial_cell,549,295.0,295,10_60296002_60299097,5903,Psap,1.0
855559,3307,Brain_Myeloid_microglial_cell,549,88.0,88,10_60296002_60299097,5903,Psap,1.0
855560,3308,Brain_Myeloid_microglial_cell,549,97.0,97,10_60296002_60299097,5903,Psap,1.0
855561,3309,Brain_Myeloid_microglial_cell,549,573.0,573,10_60296002_60299097,5903,Psap,1.0
855562,3310,Brain_Myeloid_microglial_cell,549,168.0,168,10_60296002_60299097,5903,Psap,1.0
855563,3311,Brain_Myeloid_microglial_cell,549,559.0,559,10_60296002_60299097,5903,Psap,1.0
855564,3312,Brain_Myeloid_microglial_cell,549,261.0,261,10_60296002_60299097,5903,Psap,1.0
855565,3313,Brain_Myeloid_microglial_cell,549,338.0,338,10_60296002_60299097,5903,Psap,1.0
855566,3314,Brain_Myeloid_microglial_cell,549,197.0,197,10_60296002_60299097,5903,Psap,1.0
855567,3315,Brain_Myeloid_microglial_cell,549,289.0,289,10_60296002_60299097,5903,Psap,1.0
855568,3316,Brain_Myeloid_microglial_cell,549,480.0,480,10_60296002_60299097,5903,Psap,1.0
855569,3317,Brain_Myeloid_microglial_cell,549,162.0,162,10_60296002_60299097,5903,Psap,1.0
855570,3318,Brain_Myeloid_microglial_cell,549,147.0,147,10_60296002_60299097,5903,Psap,1.0
855571,3319,Brain_Myeloid_microglial_cell,549,290.0,290,10_60296002_60299097,5903,Psap,1.0
855572,3320,Brain_Myeloid_microglial_cell,549,64.0,64,10_60296002_60299097,5903,Psap,1.0
855573,3321,Brain_Myeloid_microglial_cell,549,119.0,119,10_60296002_60299097,5903,Psap,1.0
855574,3322,Brain_Myeloid_microglial_cell,549,454.0,454,10_60296002_60299097,5903,Psap,1.0
855575,3323,Brain_Myeloid_microglial_cell,549,943.0,943,10_60296002_60299097,5903,Psap,1.0
855576,3324,Brain_Myeloid_microglial_cell,549,451.0,451,10_60296002_60299097,5903,Psap,1.0
855577,3325,Brain_Myeloid_microglial_cell,549,465.0,465,10_60296002_60299097,5903,Psap,1.0
855578,3326,Brain_Myeloid_microglial_cell,549,141.0,141,10_60296002_60299097,5903,Psap,1.0
855579,3327,Brain_Myeloid_microglial_cell,549,231.0,231,10_60296002_60299097,5903,Psap,1.0
855580,3328,Brain_Myeloid_microglial_cell,549,203.0,203,10_60296002_60299097,5903,Psap,1.0
855581,3329,Brain_Myeloid_microglial_cell,549,87.0,87,10_60296002_60299097,5903,Psap,1.0
855582,3330,Brain_Myeloid_microglial_cell,549,754.0,754,10_60296002_60299097,5903,Psap,1.0
855583,3331,Brain_Myeloid_microglial_cell,549,233.0,233,10_60296002_60299097,5903,Psap,1.0
855584,3332,Brain_Myeloid_microglial_cell,549,231.0,231,10_60296002_60299097,5903,Psap,1.0
855585,3333,Brain_Myeloid_microglial_cell,549,329.0,329,10_60296002_60299097,5903,Psap,1.0
855586,3334,Brain_Myeloid_microglial_cell,549,314.0,314,10_60296002_60299097,5903,Psap,1.0
855587,3335,Brain_Myeloid_microglial_cell,549,275.0,275,10_60296002_60299097,5903,Psap,1.0
855588,3336,Brain_Myeloid_microglial_cell,549,135.0,135,10_60296002_60299097,5903,Psap,1.0
855589,3337,Brain_Myeloid_microglial_cell,549,184.0,184,10_60296002_60299097,5903,Psap,1.0
855590,3338,Brain_Myeloid_microglial_cell,549,618.0,618,10_60296002_60299097,5903,Psap,1.0
855591,3339,Brain_Myeloid_microglial_cell,549,1101.0,1101,10_60296002_60299097,5903,Psap,1.0
855592,3340,Brain_Myeloid_microglial_cell,549,20.0,20,10_60296002_60299097,5903,Psap,1.0
855593,3341,Brain_Myeloid_microglial_cell,549,76.0,76,10_60296002_60299097,5903,Psap,1.0
855594,3342,Brain_Myeloid_microglial_cell,549,181.0,181,10_60296002_60299097,5903,Psap,1.0
855595,3343,Brain_Myeloid_microglial_cell,549,84.0,84,10_60296002_60299097,5903,Psap,1.0
855596,3345,Brain_Myeloid_microglial_cell,549,216.0,216,10_60296002_60299097,5903,Psap,1.0
855597,3346,Brain_Myeloid_microglial_cell,549,213.0,213,10_60296002_60299097,5903,Psap,1.0
855598,3347,Brain_Myeloid_microglial_cell,549,406.0,406,10_60296002_60299097,5903,Psap,1.0
855599,3348,Brain_Myeloid_microglial_cell,549,652.0,652,10_60296002_60299097,5903,Psap,1.0
855600,3349,Brain_Myeloid_microglial_cell,549,402.0,402,10_60296002_60299097,5903,Psap,1.0
855601,3350,Brain_Myeloid_microglial_cell,549,111.0,111,10_60296002_60299097,5903,Psap,1.0
855602,3351,Brain_Myeloid_microglial_cell,549,240.0,240,10_60296002_60299097,5903,Psap,1.0
855603,3352,Brain_Myeloid_microglial_cell,549,72.0,72,10_60296002_60299097,5903,Psap,1.0
855604,3353,Brain_Myeloid_microglial_cell,549,450.0,450,10_60296002_60299097,5903,Psap,1.0
855605,3354,Brain_Myeloid_microglial_cell,549,837.0,837,10_60296002_60299097,5903,Psap,1.0
855606,3355,Brain_Myeloid_microglial_cell,549,280.0,280,10_60296002_60299097,5903,Psap,1.0
855607,3356,Brain_Myeloid_microglial_cell,549,136.0,136,10_60296002_60299097,5903,Psap,1.0
855608,3357,Brain_Myeloid_microglial_cell,549,768.0,768,10_60296002_60299097,5903,Psap,1.0
855609,3358,Brain_Myeloid_microglial_cell,549,26.0,26,10_60296002_60299097,5903,Psap,1.0
855610,3359,Brain_Myeloid_microglial_cell,549,141.0,141,10_60296002_60299097,5903,Psap,1.0
855611,3360,Brain_Myeloid_microglial_cell,549,490.0,490,10_60296002_60299097,5903,Psap,1.0
855612,3361,Brain_Myeloid_microglial_cell,549,80.0,80,10_60296002_60299097,5903,Psap,1.0
855613,3362,Brain_Myeloid_microglial_cell,549,52.0,52,10_60296002_60299097,5903,Psap,1.0
855614,3363,Brain_Myeloid_microglial_cell,549,269.0,269,10_60296002_60299097,5903,Psap,1.0
855615,3364,Brain_Myeloid_microglial_cell,549,59.0,59,10_60296002_60299097,5903,Psap,1.0
855616,3365,Brain_Myeloid_microglial_cell,549,1776.0,1776,10_60296002_60299097,5903,Psap,1.0
855617,3366,Brain_Myeloid_microglial_cell,549,484.0,484,10_60296002_60299097,5903,Psap,1.0
855618,3367,Brain_Myeloid_microglial_cell,549,59.0,59,10_60296002_60299097,5903,Psap,1.0
855619,3368,Brain_Myeloid_microglial_cell,549,263.0,268,10_60296002_60299097,5903,Psap,0.9813432835820896
855620,3369,Brain_Myeloid_microglial_cell,549,241.0,241,10_60296002_60299097,5903,Psap,1.0
855621,3370,Brain_Myeloid_microglial_cell,549,108.0,108,10_60296002_60299097,5903,Psap,1.0
855622,3371,Brain_Myeloid_microglial_cell,549,580.0,580,10_60296002_60299097,5903,Psap,1.0
855623,3372,Brain_Myeloid_microglial_cell,549,343.0,343,10_60296002_60299097,5903,Psap,1.0
855624,3373,Brain_Myeloid_microglial_cell,549,277.0,277,10_60296002_60299097,5903,Psap,1.0
855625,3374,Brain_Myeloid_microglial_cell,549,114.0,114,10_60296002_60299097,5903,Psap,1.0
855626,3375,Brain_Myeloid_microglial_cell,549,533.0,533,10_60296002_60299097,5903,Psap,1.0
855627,3376,Brain_Myeloid_microglial_cell,549,133.0,133,10_60296002_60299097,5903,Psap,1.0
855628,3377,Brain_Myeloid_microglial_cell,549,1790.0,1790,10_60296002_60299097,5903,Psap,1.0
855629,3378,Brain_Myeloid_microglial_cell,549,260.0,260,10_60296002_60299097,5903,Psap,1.0
855630,3379,Brain_Myeloid_microglial_cell,549,110.0,110,10_60296002_60299097,5903,Psap,1.0
855631,3380,Brain_Myeloid_microglial_cell,549,942.0,942,10_60296002_60299097,5903,Psap,1.0
855632,3381,Brain_Myeloid_microglial_cell,549,405.0,405,10_60296002_60299097,5903,Psap,1.0
855633,3382,Brain_Myeloid_microglial_cell,549,270.0,270,10_60296002_60299097,5903,Psap,1.0
855634,3383,Brain_Myeloid_microglial_cell,549,145.0,145,10_60296002_60299097,5903,Psap,1.0
855635,3384,Brain_Myeloid_microglial_cell,549,449.0,456,10_60296002_60299097,5903,Psap,0.9846491228070176
855636,3385,Brain_Myeloid_microglial_cell,549,128.0,128,10_60296002_60299097,5903,Psap,1.0
855637,3386,Brain_Myeloid_microglial_cell,549,390.0,390,10_60296002_60299097,5903,Psap,1.0
855638,3387,Brain_Myeloid_microglial_cell,549,516.0,516,10_60296002_60299097,5903,Psap,1.0
855639,3388,Brain_Myeloid_microglial_cell,549,95.0,95,10_60296002_60299097,5903,Psap,1.0
855640,3389,Brain_Myeloid_microglial_cell,549,35.0,35,10_60296002_60299097,5903,Psap,1.0
855641,3390,Brain_Myeloid_microglial_cell,549,664.0,664,10_60296002_60299097,5903,Psap,1.0
855642,3391,Brain_Myeloid_microglial_cell,549,160.0,160,10_60296002_60299097,5903,Psap,1.0
855643,3392,Brain_Myeloid_microglial_cell,549,194.0,194,10_60296002_60299097,5903,Psap,1.0
855644,3393,Brain_Myeloid_microglial_cell,549,62.0,62,10_60296002_60299097,5903,Psap,1.0
855645,3394,Brain_Myeloid_microglial_cell,549,345.0,345,10_60296002_60299097,5903,Psap,1.0
855646,3395,Brain_Myeloid_microglial_cell,549,249.0,249,10_60296002_60299097,5903,Psap,1.0
855647,3396,Brain_Myeloid_microglial_cell,549,376.0,376,10_60296002_60299097,5903,Psap,1.0
855648,3397,Brain_Myeloid_microglial_cell,549,51.0,51,10_60296002_60299097,5903,Psap,1.0
855649,3398,Brain_Myeloid_microglial_cell,549,251.0,251,10_60296002_60299097,5903,Psap,1.0
855650,3399,Brain_Myeloid_microglial_cell,549,1815.0,1815,10_60296002_60299097,5903,Psap,1.0
855651,3400,Brain_Myeloid_microglial_cell,549,420.0,420,10_60296002_60299097,5903,Psap,1.0
855652,3401,Brain_Myeloid_microglial_cell,549,143.0,143,10_60296002_60299097,5903,Psap,1.0
855653,3402,Brain_Myeloid_microglial_cell,549,220.0,220,10_60296002_60299097,5903,Psap,1.0
855654,3403,Brain_Myeloid_microglial_cell,549,114.0,114,10_60296002_60299097,5903,Psap,1.0
855655,3404,Brain_Myeloid_microglial_cell,549,1493.0,1493,10_60296002_60299097,5903,Psap,1.0
855656,3405,Brain_Myeloid_microglial_cell,549,125.0,125,10_60296002_60299097,5903,Psap,1.0
855657,3406,Brain_Myeloid_microglial_cell,549,544.0,544,10_60296002_60299097,5903,Psap,1.0
855658,3407,Brain_Myeloid_microglial_cell,549,153.0,153,10_60296002_60299097,5903,Psap,1.0
855659,3408,Brain_Myeloid_microglial_cell,549,443.0,443,10_60296002_60299097,5903,Psap,1.0
855660,3409,Brain_Myeloid_microglial_cell,549,641.0,641,10_60296002_60299097,5903,Psap,1.0
855661,3410,Brain_Myeloid_microglial_cell,549,201.0,201,10_60296002_60299097,5903,Psap,1.0
855662,3411,Brain_Myeloid_microglial_cell,549,721.0,721,10_60296002_60299097,5903,Psap,1.0
855663,3412,Brain_Myeloid_microglial_cell,549,1059.0,1059,10_60296002_60299097,5903,Psap,1.0
855664,3413,Brain_Myeloid_microglial_cell,549,272.0,272,10_60296002_60299097,5903,Psap,1.0
855665,3414,Brain_Myeloid_microglial_cell,549,226.0,226,10_60296002_60299097,5903,Psap,1.0
855666,3415,Brain_Myeloid_microglial_cell,549,252.0,252,10_60296002_60299097,5903,Psap,1.0
855667,3416,Brain_Myeloid_microglial_cell,549,255.0,255,10_60296002_60299097,5903,Psap,1.0
855668,3417,Brain_Myeloid_microglial_cell,549,565.0,565,10_60296002_60299097,5903,Psap,1.0
855669,3418,Brain_Myeloid_microglial_cell,549,25.0,25,10_60296002_60299097,5903,Psap,1.0
855670,3419,Brain_Myeloid_microglial_cell,549,360.0,360,10_60296002_60299097,5903,Psap,1.0
855671,3421,Brain_Myeloid_microglial_cell,549,309.0,309,10_60296002_60299097,5903,Psap,1.0
855672,3422,Brain_Myeloid_microglial_cell,549,141.0,141,10_60296002_60299097,5903,Psap,1.0
855673,3423,Brain_Myeloid_microglial_cell,549,90.0,90,10_60296002_60299097,5903,Psap,1.0
855674,3424,Brain_Myeloid_microglial_cell,549,214.0,214,10_60296002_60299097,5903,Psap,1.0
855675,3426,Brain_Myeloid_microglial_cell,549,483.0,483,10_60296002_60299097,5903,Psap,1.0
855676,3427,Brain_Myeloid_microglial_cell,549,241.0,241,10_60296002_60299097,5903,Psap,1.0
855677,3428,Brain_Myeloid_microglial_cell,549,3.0,3,10_60296002_60299097,5903,Psap,1.0
855678,3430,Brain_Myeloid_microglial_cell,549,722.0,722,10_60296002_60299097,5903,Psap,1.0
855679,3431,Brain_Myeloid_microglial_cell,549,144.0,144,10_60296002_60299097,5903,Psap,1.0
855680,3432,Brain_Myeloid_microglial_cell,549,215.0,215,10_60296002_60299097,5903,Psap,1.0
855681,3433,Brain_Myeloid_microglial_cell,549,324.0,324,10_60296002_60299097,5903,Psap,1.0
855682,3434,Brain_Myeloid_microglial_cell,549,138.0,138,10_60296002_60299097,5903,Psap,1.0
855683,3435,Brain_Myeloid_microglial_cell,549,730.0,730,10_60296002_60299097,5903,Psap,1.0
855684,3436,Brain_Myeloid_microglial_cell,549,221.0,221,10_60296002_60299097,5903,Psap,1.0
855685,3437,Brain_Myeloid_microglial_cell,549,291.0,291,10_60296002_60299097,5903,Psap,1.0
855686,3438,Brain_Myeloid_microglial_cell,549,156.0,156,10_60296002_60299097,5903,Psap,1.0
855687,3439,Brain_Myeloid_microglial_cell,549,388.0,388,10_60296002_60299097,5903,Psap,1.0
855688,3440,Brain_Myeloid_microglial_cell,549,413.0,413,10_60296002_60299097,5903,Psap,1.0
855689,3441,Brain_Myeloid_microglial_cell,549,211.0,211,10_60296002_60299097,5903,Psap,1.0
855690,3442,Brain_Myeloid_microglial_cell,549,193.0,193,10_60296002_60299097,5903,Psap,1.0
855691,3443,Brain_Myeloid_microglial_cell,549,41.0,41,10_60296002_60299097,5903,Psap,1.0
855692,3444,Brain_Myeloid_microglial_cell,549,52.0,52,10_60296002_60299097,5903,Psap,1.0
855693,3445,Brain_Myeloid_microglial_cell,549,318.0,318,10_60296002_60299097,5903,Psap,1.0
855694,3446,Brain_Myeloid_microglial_cell,549,194.0,194,10_60296002_60299097,5903,Psap,1.0
855695,3447,Brain_Myeloid_microglial_cell,549,276.0,276,10_60296002_60299097,5903,Psap,1.0
855696,3448,Brain_Myeloid_microglial_cell,549,42.0,42,10_60296002_60299097,5903,Psap,1.0
855697,3449,Brain_Myeloid_microglial_cell,549,262.0,262,10_60296002_60299097,5903,Psap,1.0
855698,3450,Brain_Myeloid_microglial_cell,549,193.0,193,10_60296002_60299097,5903,Psap,1.0
855699,3451,Brain_Myeloid_microglial_cell,549,196.0,196,10_60296002_60299097,5903,Psap,1.0
855700,3452,Brain_Myeloid_microglial_cell,549,215.0,215,10_60296002_60299097,5903,Psap,1.0
855701,3453,Brain_Myeloid_microglial_cell,549,417.0,417,10_60296002_60299097,5903,Psap,1.0
855702,3454,Brain_Myeloid_microglial_cell,549,110.0,110,10_60296002_60299097,5903,Psap,1.0
855703,3455,Brain_Myeloid_microglial_cell,549,43.0,43,10_60296002_60299097,5903,Psap,1.0
855704,3456,Brain_Myeloid_microglial_cell,549,527.0,527,10_60296002_60299097,5903,Psap,1.0
855705,3457,Brain_Myeloid_microglial_cell,549,127.0,127,10_60296002_60299097,5903,Psap,1.0
855706,3458,Brain_Myeloid_microglial_cell,549,314.0,314,10_60296002_60299097,5903,Psap,1.0
855707,3459,Brain_Myeloid_microglial_cell,549,332.0,332,10_60296002_60299097,5903,Psap,1.0
855708,3460,Brain_Myeloid_microglial_cell,549,66.0,66,10_60296002_60299097,5903,Psap,1.0
855709,3461,Brain_Myeloid_microglial_cell,549,184.0,184,10_60296002_60299097,5903,Psap,1.0
855710,3462,Brain_Myeloid_microglial_cell,549,109.0,109,10_60296002_60299097,5903,Psap,1.0
855711,3463,Brain_Myeloid_microglial_cell,549,362.0,362,10_60296002_60299097,5903,Psap,1.0
855712,3464,Brain_Myeloid_microglial_cell,549,889.0,889,10_60296002_60299097,5903,Psap,1.0
855713,3465,Brain_Myeloid_microglial_cell,549,321.0,321,10_60296002_60299097,5903,Psap,1.0
855714,3466,Brain_Myeloid_microglial_cell,549,29.0,29,10_60296002_60299097,5903,Psap,1.0
855715,3467,Brain_Myeloid_microglial_cell,549,257.0,257,10_60296002_60299097,5903,Psap,1.0
855716,3468,Brain_Myeloid_microglial_cell,549,95.0,95,10_60296002_60299097,5903,Psap,1.0
855717,3469,Brain_Myeloid_microglial_cell,549,329.0,329,10_60296002_60299097,5903,Psap,1.0
855718,3470,Brain_Myeloid_microglial_cell,549,51.0,51,10_60296002_60299097,5903,Psap,1.0
855719,3471,Brain_Myeloid_microglial_cell,549,132.0,132,10_60296002_60299097,5903,Psap,1.0
855720,3472,Brain_Myeloid_microglial_cell,549,372.0,372,10_60296002_60299097,5903,Psap,1.0
855721,3473,Brain_Myeloid_microglial_cell,549,77.0,77,10_60296002_60299097,5903,Psap,1.0
855722,3474,Brain_Myeloid_microglial_cell,549,403.0,403,10_60296002_60299097,5903,Psap,1.0
855723,3475,Brain_Myeloid_microglial_cell,549,134.0,134,10_60296002_60299097,5903,Psap,1.0
855724,3476,Brain_Myeloid_microglial_cell,549,378.0,378,10_60296002_60299097,5903,Psap,1.0
855725,3477,Brain_Myeloid_microglial_cell,549,166.0,166,10_60296002_60299097,5903,Psap,1.0
855726,3479,Brain_Myeloid_microglial_cell,549,153.0,153,10_60296002_60299097,5903,Psap,1.0
855727,3480,Brain_Myeloid_microglial_cell,549,163.0,163,10_60296002_60299097,5903,Psap,1.0
855728,3481,Brain_Myeloid_microglial_cell,549,67.0,67,10_60296002_60299097,5903,Psap,1.0
855729,3482,Brain_Myeloid_microglial_cell,549,84.0,84,10_60296002_60299097,5903,Psap,1.0
855730,3483,Brain_Myeloid_microglial_cell,549,204.0,204,10_60296002_60299097,5903,Psap,1.0
855731,3484,Brain_Myeloid_microglial_cell,549,135.0,135,10_60296002_60299097,5903,Psap,1.0
855732,3485,Brain_Myeloid_microglial_cell,549,121.0,121,10_60296002_60299097,5903,Psap,1.0
855733,3486,Brain_Myeloid_microglial_cell,549,406.0,406,10_60296002_60299097,5903,Psap,1.0
855734,3487,Brain_Myeloid_microglial_cell,549,383.0,383,10_60296002_60299097,5903,Psap,1.0
855735,3488,Brain_Myeloid_microglial_cell,549,1164.0,1164,10_60296002_60299097,5903,Psap,1.0
855736,3489,Brain_Myeloid_microglial_cell,549,426.0,426,10_60296002_60299097,5903,Psap,1.0
855737,3490,Brain_Myeloid_microglial_cell,549,129.0,129,10_60296002_60299097,5903,Psap,1.0
855738,3491,Brain_Myeloid_microglial_cell,549,46.0,46,10_60296002_60299097,5903,Psap,1.0
855739,3492,Brain_Myeloid_microglial_cell,549,341.0,341,10_60296002_60299097,5903,Psap,1.0
855740,3493,Brain_Myeloid_microglial_cell,549,142.0,142,10_60296002_60299097,5903,Psap,1.0
855741,3494,Brain_Myeloid_microglial_cell,549,501.0,501,10_60296002_60299097,5903,Psap,1.0
855742,3495,Brain_Myeloid_microglial_cell,549,186.0,186,10_60296002_60299097,5903,Psap,1.0
855743,3496,Brain_Myeloid_microglial_cell,549,158.0,158,10_60296002_60299097,5903,Psap,1.0
855744,3497,Brain_Myeloid_microglial_cell,549,599.0,599,10_60296002_60299097,5903,Psap,1.0
855745,3498,Brain_Myeloid_microglial_cell,549,16.0,16,10_60296002_60299097,5903,Psap,1.0
855746,3499,Brain_Myeloid_microglial_cell,549,134.0,134,10_60296002_60299097,5903,Psap,1.0
855747,3500,Brain_Myeloid_microglial_cell,549,508.0,508,10_60296002_60299097,5903,Psap,1.0
855748,3501,Brain_Myeloid_microglial_cell,549,159.0,159,10_60296002_60299097,5903,Psap,1.0
855749,3502,Brain_Myeloid_microglial_cell,549,90.0,90,10_60296002_60299097,5903,Psap,1.0
855750,3503,Brain_Myeloid_microglial_cell,549,20.0,20,10_60296002_60299097,5903,Psap,1.0
855751,3504,Brain_Myeloid_microglial_cell,549,605.0,605,10_60296002_60299097,5903,Psap,1.0
855752,3505,Brain_Myeloid_microglial_cell,549,1.0,1,10_60296002_60299097,5903,Psap,1.0
855753,3506,Brain_Myeloid_microglial_cell,549,72.0,72,10_60296002_60299097,5903,Psap,1.0
855754,3507,Brain_Myeloid_microglial_cell,549,44.0,44,10_60296002_60299097,5903,Psap,1.0
855755,3508,Brain_Myeloid_microglial_cell,549,169.0,169,10_60296002_60299097,5903,Psap,1.0
855756,3509,Brain_Myeloid_microglial_cell,549,385.0,385,10_60296002_60299097,5903,Psap,1.0
855757,3510,Brain_Myeloid_microglial_cell,549,392.0,392,10_60296002_60299097,5903,Psap,1.0
855758,3511,Brain_Myeloid_microglial_cell,549,599.0,599,10_60296002_60299097,5903,Psap,1.0
855759,3512,Brain_Myeloid_microglial_cell,549,64.0,64,10_60296002_60299097,5903,Psap,1.0
855760,3513,Brain_Myeloid_microglial_cell,549,424.0,424,10_60296002_60299097,5903,Psap,1.0
855761,3514,Brain_Myeloid_microglial_cell,549,104.0,104,10_60296002_60299097,5903,Psap,1.0
855762,3515,Brain_Myeloid_microglial_cell,549,417.0,417,10_60296002_60299097,5903,Psap,1.0
855763,3516,Brain_Myeloid_microglial_cell,549,227.0,227,10_60296002_60299097,5903,Psap,1.0
855764,3517,Brain_Myeloid_microglial_cell,549,205.0,205,10_60296002_60299097,5903,Psap,1.0
855765,3518,Brain_Myeloid_microglial_cell,549,865.0,865,10_60296002_60299097,5903,Psap,1.0
855766,3519,Brain_Myeloid_microglial_cell,549,137.0,137,10_60296002_60299097,5903,Psap,1.0
855767,3520,Brain_Myeloid_microglial_cell,549,420.0,420,10_60296002_60299097,5903,Psap,1.0
855768,3521,Brain_Myeloid_microglial_cell,549,230.0,230,10_60296002_60299097,5903,Psap,1.0
855769,3522,Brain_Myeloid_microglial_cell,549,197.0,197,10_60296002_60299097,5903,Psap,1.0
855770,3523,Brain_Myeloid_microglial_cell,549,589.0,589,10_60296002_60299097,5903,Psap,1.0
855771,3524,Brain_Myeloid_microglial_cell,549,86.0,86,10_60296002_60299097,5903,Psap,1.0
855772,3525,Brain_Myeloid_microglial_cell,549,61.0,61,10_60296002_60299097,5903,Psap,1.0
855773,3526,Brain_Myeloid_microglial_cell,549,152.0,152,10_60296002_60299097,5903,Psap,1.0
855774,3527,Brain_Myeloid_microglial_cell,549,219.0,219,10_60296002_60299097,5903,Psap,1.0
855775,3528,Brain_Myeloid_microglial_cell,549,421.0,421,10_60296002_60299097,5903,Psap,1.0
855776,3529,Brain_Myeloid_microglial_cell,549,437.0,437,10_60296002_60299097,5903,Psap,1.0
855777,3530,Brain_Myeloid_microglial_cell,549,191.0,191,10_60296002_60299097,5903,Psap,1.0
855778,3531,Brain_Myeloid_microglial_cell,549,241.0,241,10_60296002_60299097,5903,Psap,1.0
855779,3532,Brain_Myeloid_microglial_cell,549,125.0,125,10_60296002_60299097,5903,Psap,1.0
855780,3533,Brain_Myeloid_microglial_cell,549,495.0,495,10_60296002_60299097,5903,Psap,1.0
855781,3534,Brain_Myeloid_microglial_cell,549,344.0,344,10_60296002_60299097,5903,Psap,1.0
855782,3535,Brain_Myeloid_microglial_cell,549,205.0,205,10_60296002_60299097,5903,Psap,1.0
855783,3536,Brain_Myeloid_microglial_cell,549,102.0,102,10_60296002_60299097,5903,Psap,1.0
855784,3537,Brain_Myeloid_microglial_cell,549,264.0,264,10_60296002_60299097,5903,Psap,1.0
855785,3538,Brain_Myeloid_microglial_cell,549,259.0,259,10_60296002_60299097,5903,Psap,1.0
855786,3539,Brain_Myeloid_microglial_cell,549,279.0,279,10_60296002_60299097,5903,Psap,1.0
855787,3540,Brain_Myeloid_microglial_cell,549,227.0,227,10_60296002_60299097,5903,Psap,1.0
855788,3541,Brain_Myeloid_microglial_cell,549,99.0,99,10_60296002_60299097,5903,Psap,1.0
855789,3542,Brain_Myeloid_microglial_cell,549,502.0,502,10_60296002_60299097,5903,Psap,1.0
855790,3543,Brain_Myeloid_microglial_cell,549,476.0,476,10_60296002_60299097,5903,Psap,1.0
855791,3544,Brain_Myeloid_microglial_cell,549,503.0,503,10_60296002_60299097,5903,Psap,1.0
855792,3545,Brain_Myeloid_microglial_cell,549,123.0,123,10_60296002_60299097,5903,Psap,1.0
855793,3546,Brain_Myeloid_microglial_cell,549,363.0,363,10_60296002_60299097,5903,Psap,1.0
855794,3547,Brain_Myeloid_microglial_cell,549,201.0,201,10_60296002_60299097,5903,Psap,1.0
855795,3548,Brain_Myeloid_microglial_cell,549,56.0,56,10_60296002_60299097,5903,Psap,1.0
855796,3549,Brain_Myeloid_microglial_cell,549,472.0,472,10_60296002_60299097,5903,Psap,1.0
855797,3550,Brain_Myeloid_microglial_cell,549,556.0,556,10_60296002_60299097,5903,Psap,1.0
855798,3552,Brain_Myeloid_microglial_cell,549,255.0,255,10_60296002_60299097,5903,Psap,1.0
855799,3553,Brain_Myeloid_microglial_cell,549,594.0,594,10_60296002_60299097,5903,Psap,1.0
855800,3554,Brain_Myeloid_microglial_cell,549,329.0,329,10_60296002_60299097,5903,Psap,1.0
855801,3555,Brain_Myeloid_microglial_cell,549,330.0,330,10_60296002_60299097,5903,Psap,1.0
855802,3556,Brain_Myeloid_microglial_cell,549,270.0,270,10_60296002_60299097,5903,Psap,1.0
855803,3557,Brain_Myeloid_microglial_cell,549,301.0,301,10_60296002_60299097,5903,Psap,1.0
855804,3558,Brain_Myeloid_microglial_cell,549,762.0,762,10_60296002_60299097,5903,Psap,1.0
855805,3559,Brain_Myeloid_microglial_cell,549,220.0,220,10_60296002_60299097,5903,Psap,1.0
855806,3560,Brain_Myeloid_microglial_cell,549,445.0,445,10_60296002_60299097,5903,Psap,1.0
855807,3561,Brain_Myeloid_microglial_cell,549,91.0,91,10_60296002_60299097,5903,Psap,1.0
855808,3562,Brain_Myeloid_microglial_cell,549,989.0,989,10_60296002_60299097,5903,Psap,1.0
855809,3563,Brain_Myeloid_microglial_cell,549,1220.0,1220,10_60296002_60299097,5903,Psap,1.0
855810,3564,Brain_Myeloid_microglial_cell,549,583.0,583,10_60296002_60299097,5903,Psap,1.0
855811,3565,Brain_Myeloid_microglial_cell,549,2.0,2,10_60296002_60299097,5903,Psap,1.0
855812,3566,Brain_Myeloid_microglial_cell,549,185.0,185,10_60296002_60299097,5903,Psap,1.0
855813,3567,Brain_Myeloid_microglial_cell,549,237.0,237,10_60296002_60299097,5903,Psap,1.0
855814,3568,Brain_Myeloid_microglial_cell,549,287.0,287,10_60296002_60299097,5903,Psap,1.0
855815,3569,Brain_Myeloid_microglial_cell,549,116.0,116,10_60296002_60299097,5903,Psap,1.0
855816,3570,Brain_Myeloid_microglial_cell,549,421.0,421,10_60296002_60299097,5903,Psap,1.0
855817,3571,Brain_Myeloid_microglial_cell,549,458.0,458,10_60296002_60299097,5903,Psap,1.0
855818,3572,Brain_Myeloid_microglial_cell,549,577.0,577,10_60296002_60299097,5903,Psap,1.0
855819,3573,Brain_Myeloid_microglial_cell,549,170.0,170,10_60296002_60299097,5903,Psap,1.0
855820,3574,Brain_Myeloid_microglial_cell,549,335.0,335,10_60296002_60299097,5903,Psap,1.0
855821,3575,Brain_Myeloid_microglial_cell,549,570.0,570,10_60296002_60299097,5903,Psap,1.0
855822,3576,Brain_Myeloid_microglial_cell,549,286.0,286,10_60296002_60299097,5903,Psap,1.0
855823,3577,Brain_Myeloid_microglial_cell,549,112.0,112,10_60296002_60299097,5903,Psap,1.0
855824,3578,Brain_Myeloid_microglial_cell,549,217.0,217,10_60296002_60299097,5903,Psap,1.0
855825,3579,Brain_Myeloid_microglial_cell,549,329.0,329,10_60296002_60299097,5903,Psap,1.0
855826,3580,Brain_Myeloid_microglial_cell,549,8.0,8,10_60296002_60299097,5903,Psap,1.0
855827,3581,Brain_Myeloid_microglial_cell,549,170.0,174,10_60296002_60299097,5903,Psap,0.9770114942528736
855828,3582,Brain_Myeloid_microglial_cell,549,201.0,201,10_60296002_60299097,5903,Psap,1.0
855829,3583,Brain_Myeloid_microglial_cell,549,330.0,332,10_60296002_60299097,5903,Psap,0.9939759036144579
855830,3584,Brain_Myeloid_microglial_cell,549,297.0,297,10_60296002_60299097,5903,Psap,1.0
855831,3585,Brain_Myeloid_microglial_cell,549,287.0,287,10_60296002_60299097,5903,Psap,1.0
855832,3586,Brain_Myeloid_microglial_cell,549,8.0,8,10_60296002_60299097,5903,Psap,1.0
855833,3587,Brain_Myeloid_microglial_cell,549,1115.0,1115,10_60296002_60299097,5903,Psap,1.0
855834,3588,Brain_Myeloid_microglial_cell,549,97.0,97,10_60296002_60299097,5903,Psap,1.0
855835,3589,Brain_Myeloid_microglial_cell,549,612.0,612,10_60296002_60299097,5903,Psap,1.0
855836,3590,Brain_Myeloid_microglial_cell,549,300.0,305,10_60296002_60299097,5903,Psap,0.9836065573770492
855837,3591,Brain_Myeloid_microglial_cell,549,261.0,261,10_60296002_60299097,5903,Psap,1.0
855838,3592,Brain_Myeloid_microglial_cell,549,727.0,727,10_60296002_60299097,5903,Psap,1.0
855839,3593,Brain_Myeloid_microglial_cell,549,18.0,18,10_60296002_60299097,5903,Psap,1.0
855840,3594,Brain_Myeloid_microglial_cell,549,771.0,771,10_60296002_60299097,5903,Psap,1.0
855841,3595,Brain_Myeloid_microglial_cell,549,1202.0,1202,10_60296002_60299097,5903,Psap,1.0
855842,3596,Brain_Myeloid_microglial_cell,549,146.0,146,10_60296002_60299097,5903,Psap,1.0
855843,3597,Brain_Myeloid_microglial_cell,549,108.0,108,10_60296002_60299097,5903,Psap,1.0
855844,3598,Brain_Myeloid_microglial_cell,549,80.0,80,10_60296002_60299097,5903,Psap,1.0
855845,3599,Brain_Myeloid_microglial_cell,549,631.0,631,10_60296002_60299097,5903,Psap,1.0
855846,3600,Brain_Myeloid_microglial_cell,549,176.0,176,10_60296002_60299097,5903,Psap,1.0
855847,3601,Brain_Myeloid_microglial_cell,549,665.0,679,10_60296002_60299097,5903,Psap,0.979381443298969
855848,3602,Brain_Myeloid_microglial_cell,549,1198.0,1198,10_60296002_60299097,5903,Psap,1.0
855849,3603,Brain_Myeloid_microglial_cell,549,343.0,343,10_60296002_60299097,5903,Psap,1.0
855850,3604,Brain_Myeloid_microglial_cell,549,197.0,197,10_60296002_60299097,5903,Psap,1.0
855851,3605,Brain_Myeloid_microglial_cell,549,283.0,283,10_60296002_60299097,5903,Psap,1.0
855852,3606,Brain_Myeloid_microglial_cell,549,513.0,513,10_60296002_60299097,5903,Psap,1.0
855853,3607,Brain_Myeloid_microglial_cell,549,64.0,64,10_60296002_60299097,5903,Psap,1.0
855854,3608,Brain_Myeloid_microglial_cell,549,78.0,78,10_60296002_60299097,5903,Psap,1.0
855855,3609,Brain_Myeloid_microglial_cell,549,250.0,250,10_60296002_60299097,5903,Psap,1.0
855856,3610,Brain_Myeloid_microglial_cell,549,804.0,804,10_60296002_60299097,5903,Psap,1.0
855857,3611,Brain_Myeloid_microglial_cell,549,2702.0,2702,10_60296002_60299097,5903,Psap,1.0
855858,3612,Brain_Myeloid_microglial_cell,549,68.0,68,10_60296002_60299097,5903,Psap,1.0
855859,3613,Brain_Myeloid_microglial_cell,549,934.0,934,10_60296002_60299097,5903,Psap,1.0
855860,3614,Brain_Myeloid_microglial_cell,549,164.0,164,10_60296002_60299097,5903,Psap,1.0
855861,3615,Brain_Myeloid_microglial_cell,549,158.0,158,10_60296002_60299097,5903,Psap,1.0
855862,3616,Brain_Myeloid_microglial_cell,549,459.0,459,10_60296002_60299097,5903,Psap,1.0
855863,3617,Brain_Myeloid_microglial_cell,549,256.0,256,10_60296002_60299097,5903,Psap,1.0
855864,3618,Brain_Myeloid_microglial_cell,549,126.0,126,10_60296002_60299097,5903,Psap,1.0
855865,3619,Brain_Myeloid_microglial_cell,549,103.0,103,10_60296002_60299097,5903,Psap,1.0
855866,3620,Brain_Myeloid_microglial_cell,549,125.0,137,10_60296002_60299097,5903,Psap,0.9124087591240876
855867,3621,Brain_Myeloid_microglial_cell,549,129.0,129,10_60296002_60299097,5903,Psap,1.0
855868,3622,Brain_Myeloid_microglial_cell,549,699.0,699,10_60296002_60299097,5903,Psap,1.0
855869,3623,Brain_Myeloid_microglial_cell,549,1215.0,1215,10_60296002_60299097,5903,Psap,1.0
855870,3624,Brain_Myeloid_microglial_cell,549,33.0,33,10_60296002_60299097,5903,Psap,1.0
855871,3625,Brain_Myeloid_microglial_cell,549,76.0,76,10_60296002_60299097,5903,Psap,1.0
855872,3626,Brain_Myeloid_microglial_cell,549,915.0,915,10_60296002_60299097,5903,Psap,1.0
855873,3627,Brain_Myeloid_microglial_cell,549,467.0,467,10_60296002_60299097,5903,Psap,1.0
855874,3628,Brain_Myeloid_microglial_cell,549,155.0,155,10_60296002_60299097,5903,Psap,1.0
855875,3629,Brain_Myeloid_microglial_cell,549,280.0,280,10_60296002_60299097,5903,Psap,1.0
855876,3630,Brain_Myeloid_microglial_cell,549,555.0,555,10_60296002_60299097,5903,Psap,1.0
855877,3631,Brain_Myeloid_microglial_cell,549,463.0,463,10_60296002_60299097,5903,Psap,1.0
855878,3632,Brain_Myeloid_microglial_cell,549,151.0,151,10_60296002_60299097,5903,Psap,1.0
855879,3633,Brain_Myeloid_microglial_cell,549,314.0,314,10_60296002_60299097,5903,Psap,1.0
855880,3634,Brain_Myeloid_microglial_cell,549,83.0,83,10_60296002_60299097,5903,Psap,1.0
855881,3635,Brain_Myeloid_microglial_cell,549,511.0,511,10_60296002_60299097,5903,Psap,1.0
855882,3636,Brain_Myeloid_microglial_cell,549,22.0,22,10_60296002_60299097,5903,Psap,1.0
855883,3637,Brain_Myeloid_microglial_cell,549,44.0,44,10_60296002_60299097,5903,Psap,1.0
855884,3638,Brain_Myeloid_microglial_cell,549,507.0,507,10_60296002_60299097,5903,Psap,1.0
855885,3639,Brain_Myeloid_microglial_cell,549,132.0,132,10_60296002_60299097,5903,Psap,1.0
855886,3640,Brain_Myeloid_microglial_cell,549,127.0,127,10_60296002_60299097,5903,Psap,1.0
855887,3641,Brain_Myeloid_microglial_cell,549,619.0,619,10_60296002_60299097,5903,Psap,1.0
855888,3642,Brain_Myeloid_microglial_cell,549,422.0,422,10_60296002_60299097,5903,Psap,1.0
855889,3643,Brain_Myeloid_microglial_cell,549,341.0,341,10_60296002_60299097,5903,Psap,1.0
855890,3644,Brain_Myeloid_microglial_cell,549,237.0,237,10_60296002_60299097,5903,Psap,1.0
855891,3645,Brain_Myeloid_microglial_cell,549,689.0,689,10_60296002_60299097,5903,Psap,1.0
855892,3646,Brain_Myeloid_microglial_cell,549,137.0,137,10_60296002_60299097,5903,Psap,1.0
855893,3647,Brain_Myeloid_microglial_cell,549,506.0,506,10_60296002_60299097,5903,Psap,1.0
855894,3648,Brain_Myeloid_microglial_cell,549,324.0,324,10_60296002_60299097,5903,Psap,1.0
855895,3649,Brain_Myeloid_microglial_cell,549,62.0,62,10_60296002_60299097,5903,Psap,1.0
855896,3650,Brain_Myeloid_microglial_cell,549,488.0,488,10_60296002_60299097,5903,Psap,1.0
855897,3651,Brain_Myeloid_microglial_cell,549,616.0,616,10_60296002_60299097,5903,Psap,1.0
855898,3652,Brain_Myeloid_microglial_cell,549,206.0,206,10_60296002_60299097,5903,Psap,1.0
855899,3653,Brain_Myeloid_microglial_cell,549,253.0,253,10_60296002_60299097,5903,Psap,1.0
855900,3654,Brain_Myeloid_microglial_cell,549,554.0,554,10_60296002_60299097,5903,Psap,1.0
855901,3655,Brain_Myeloid_microglial_cell,549,481.0,481,10_60296002_60299097,5903,Psap,1.0
855902,3656,Brain_Myeloid_microglial_cell,549,786.0,786,10_60296002_60299097,5903,Psap,1.0
855903,3657,Brain_Myeloid_microglial_cell,549,23.0,23,10_60296002_60299097,5903,Psap,1.0
855904,3658,Brain_Myeloid_microglial_cell,549,223.0,223,10_60296002_60299097,5903,Psap,1.0
855905,3659,Brain_Myeloid_microglial_cell,549,895.0,895,10_60296002_60299097,5903,Psap,1.0
855906,3660,Brain_Myeloid_microglial_cell,549,256.0,256,10_60296002_60299097,5903,Psap,1.0
855907,3661,Brain_Myeloid_microglial_cell,549,397.0,397,10_60296002_60299097,5903,Psap,1.0
855908,3662,Brain_Myeloid_microglial_cell,549,456.0,456,10_60296002_60299097,5903,Psap,1.0
855909,3664,Brain_Myeloid_microglial_cell,549,286.0,286,10_60296002_60299097,5903,Psap,1.0
855910,3665,Brain_Myeloid_microglial_cell,549,271.0,271,10_60296002_60299097,5903,Psap,1.0
855911,3666,Brain_Myeloid_microglial_cell,549,96.0,96,10_60296002_60299097,5903,Psap,1.0
855912,3667,Brain_Myeloid_microglial_cell,549,145.0,145,10_60296002_60299097,5903,Psap,1.0
855913,3668,Brain_Myeloid_microglial_cell,549,96.0,96,10_60296002_60299097,5903,Psap,1.0
855914,3669,Brain_Myeloid_microglial_cell,549,356.0,356,10_60296002_60299097,5903,Psap,1.0
855915,3670,Brain_Myeloid_microglial_cell,549,210.0,210,10_60296002_60299097,5903,Psap,1.0
855916,3671,Brain_Myeloid_microglial_cell,549,101.0,101,10_60296002_60299097,5903,Psap,1.0
855917,3672,Brain_Myeloid_microglial_cell,549,41.0,41,10_60296002_60299097,5903,Psap,1.0
855918,3673,Brain_Myeloid_microglial_cell,549,404.0,404,10_60296002_60299097,5903,Psap,1.0
855919,3674,Brain_Myeloid_microglial_cell,549,224.0,224,10_60296002_60299097,5903,Psap,1.0
855920,3675,Brain_Myeloid_microglial_cell,549,352.0,352,10_60296002_60299097,5903,Psap,1.0
855921,3676,Brain_Myeloid_microglial_cell,549,18.0,18,10_60296002_60299097,5903,Psap,1.0
855922,3677,Brain_Myeloid_microglial_cell,549,18.0,18,10_60296002_60299097,5903,Psap,1.0
855923,3678,Brain_Myeloid_microglial_cell,549,736.0,736,10_60296002_60299097,5903,Psap,1.0
855924,3679,Brain_Myeloid_microglial_cell,549,65.0,65,10_60296002_60299097,5903,Psap,1.0
855925,3680,Brain_Myeloid_microglial_cell,549,192.0,196,10_60296002_60299097,5903,Psap,0.9795918367346939
855926,3681,Brain_Myeloid_microglial_cell,549,160.0,160,10_60296002_60299097,5903,Psap,1.0
855927,3682,Brain_Myeloid_microglial_cell,549,164.0,164,10_60296002_60299097,5903,Psap,1.0
855928,3683,Brain_Myeloid_microglial_cell,549,133.0,136,10_60296002_60299097,5903,Psap,0.9779411764705882
855929,3684,Brain_Myeloid_microglial_cell,549,67.0,67,10_60296002_60299097,5903,Psap,1.0
855930,3685,Brain_Myeloid_microglial_cell,549,80.0,80,10_60296002_60299097,5903,Psap,1.0
855931,3686,Brain_Myeloid_microglial_cell,549,227.0,227,10_60296002_60299097,5903,Psap,1.0
855932,3687,Brain_Myeloid_microglial_cell,549,165.0,165,10_60296002_60299097,5903,Psap,1.0
855933,3688,Brain_Myeloid_microglial_cell,549,490.0,490,10_60296002_60299097,5903,Psap,1.0
855934,3689,Brain_Myeloid_microglial_cell,549,89.0,89,10_60296002_60299097,5903,Psap,1.0
855935,3690,Brain_Myeloid_microglial_cell,549,97.0,97,10_60296002_60299097,5903,Psap,1.0
855936,3691,Brain_Myeloid_microglial_cell,549,485.0,485,10_60296002_60299097,5903,Psap,1.0
855937,3692,Brain_Myeloid_microglial_cell,549,206.0,206,10_60296002_60299097,5903,Psap,1.0
855938,3693,Brain_Myeloid_microglial_cell,549,680.0,689,10_60296002_60299097,5903,Psap,0.9869375907111756
855939,3694,Brain_Myeloid_microglial_cell,549,388.0,388,10_60296002_60299097,5903,Psap,1.0
855940,3695,Brain_Myeloid_microglial_cell,549,774.0,774,10_60296002_60299097,5903,Psap,1.0
855941,3696,Brain_Myeloid_microglial_cell,549,87.0,87,10_60296002_60299097,5903,Psap,1.0
855942,3697,Brain_Myeloid_microglial_cell,549,655.0,655,10_60296002_60299097,5903,Psap,1.0
855943,3698,Brain_Myeloid_microglial_cell,549,858.0,992,10_60296002_60299097,5903,Psap,0.8649193548387096
855944,3699,Brain_Myeloid_microglial_cell,549,102.0,102,10_60296002_60299097,5903,Psap,1.0
855945,3700,Brain_Myeloid_microglial_cell,549,5.0,5,10_60296002_60299097,5903,Psap,1.0
855946,3701,Brain_Myeloid_microglial_cell,549,738.0,738,10_60296002_60299097,5903,Psap,1.0
855947,3702,Brain_Myeloid_microglial_cell,549,126.0,126,10_60296002_60299097,5903,Psap,1.0
855948,3703,Brain_Myeloid_microglial_cell,549,149.0,149,10_60296002_60299097,5903,Psap,1.0
855949,3704,Brain_Myeloid_microglial_cell,549,239.0,239,10_60296002_60299097,5903,Psap,1.0
855950,3705,Brain_Myeloid_microglial_cell,549,171.0,174,10_60296002_60299097,5903,Psap,0.9827586206896551
855951,3706,Brain_Myeloid_microglial_cell,549,390.0,390,10_60296002_60299097,5903,Psap,1.0
855952,3707,Brain_Myeloid_microglial_cell,549,273.0,273,10_60296002_60299097,5903,Psap,1.0
855953,3708,Brain_Myeloid_microglial_cell,549,944.0,944,10_60296002_60299097,5903,Psap,1.0
855954,3709,Brain_Myeloid_microglial_cell,549,827.0,827,10_60296002_60299097,5903,Psap,1.0
855955,3710,Brain_Myeloid_microglial_cell,549,17.0,17,10_60296002_60299097,5903,Psap,1.0
855956,3711,Brain_Myeloid_microglial_cell,549,475.0,475,10_60296002_60299097,5903,Psap,1.0
855957,3712,Brain_Myeloid_microglial_cell,549,132.0,132,10_60296002_60299097,5903,Psap,1.0
855958,3713,Brain_Myeloid_microglial_cell,549,213.0,213,10_60296002_60299097,5903,Psap,1.0
855959,3714,Brain_Myeloid_microglial_cell,549,290.0,290,10_60296002_60299097,5903,Psap,1.0
855960,3715,Brain_Myeloid_microglial_cell,549,89.0,89,10_60296002_60299097,5903,Psap,1.0
855961,3716,Brain_Myeloid_microglial_cell,549,233.0,233,10_60296002_60299097,5903,Psap,1.0
855962,3717,Brain_Myeloid_microglial_cell,549,179.0,179,10_60296002_60299097,5903,Psap,1.0
855963,3718,Brain_Myeloid_microglial_cell,549,266.0,266,10_60296002_60299097,5903,Psap,1.0
855964,3719,Brain_Myeloid_microglial_cell,549,60.0,60,10_60296002_60299097,5903,Psap,1.0
855965,3720,Brain_Myeloid_microglial_cell,549,259.0,259,10_60296002_60299097,5903,Psap,1.0
855966,3721,Brain_Myeloid_microglial_cell,549,397.0,397,10_60296002_60299097,5903,Psap,1.0
855967,3722,Brain_Myeloid_microglial_cell,549,194.0,194,10_60296002_60299097,5903,Psap,1.0
855968,3723,Brain_Myeloid_microglial_cell,549,73.0,73,10_60296002_60299097,5903,Psap,1.0
855969,3724,Brain_Myeloid_microglial_cell,549,202.0,202,10_60296002_60299097,5903,Psap,1.0
855970,3725,Brain_Myeloid_microglial_cell,549,91.0,91,10_60296002_60299097,5903,Psap,1.0
855971,3726,Brain_Myeloid_microglial_cell,549,148.0,148,10_60296002_60299097,5903,Psap,1.0
855972,3727,Brain_Myeloid_microglial_cell,549,217.0,217,10_60296002_60299097,5903,Psap,1.0
855973,3728,Brain_Myeloid_microglial_cell,549,1079.0,1079,10_60296002_60299097,5903,Psap,1.0
855974,3729,Brain_Myeloid_microglial_cell,549,36.0,36,10_60296002_60299097,5903,Psap,1.0
855975,3730,Brain_Myeloid_microglial_cell,549,358.0,358,10_60296002_60299097,5903,Psap,1.0
855976,3731,Brain_Myeloid_microglial_cell,549,292.0,292,10_60296002_60299097,5903,Psap,1.0
855977,3732,Brain_Myeloid_microglial_cell,549,22.0,22,10_60296002_60299097,5903,Psap,1.0
855978,3733,Brain_Myeloid_microglial_cell,549,356.0,356,10_60296002_60299097,5903,Psap,1.0
855979,3734,Brain_Myeloid_microglial_cell,549,174.0,174,10_60296002_60299097,5903,Psap,1.0
855980,3735,Brain_Myeloid_microglial_cell,549,289.0,289,10_60296002_60299097,5903,Psap,1.0
855981,3736,Brain_Myeloid_microglial_cell,549,106.0,106,10_60296002_60299097,5903,Psap,1.0
855982,3737,Brain_Myeloid_microglial_cell,549,348.0,348,10_60296002_60299097,5903,Psap,1.0
855983,3738,Brain_Myeloid_microglial_cell,549,304.0,304,10_60296002_60299097,5903,Psap,1.0
855984,3739,Brain_Myeloid_microglial_cell,549,314.0,314,10_60296002_60299097,5903,Psap,1.0
855985,3740,Brain_Myeloid_microglial_cell,549,373.0,373,10_60296002_60299097,5903,Psap,1.0
855986,3741,Brain_Myeloid_microglial_cell,549,730.0,730,10_60296002_60299097,5903,Psap,1.0
855987,3742,Brain_Myeloid_microglial_cell,549,903.0,903,10_60296002_60299097,5903,Psap,1.0
855988,3743,Brain_Myeloid_microglial_cell,549,348.0,348,10_60296002_60299097,5903,Psap,1.0
855989,3744,Brain_Myeloid_microglial_cell,549,430.0,430,10_60296002_60299097,5903,Psap,1.0
855990,3745,Brain_Myeloid_microglial_cell,549,273.0,273,10_60296002_60299097,5903,Psap,1.0
855991,3746,Brain_Myeloid_microglial_cell,549,35.0,35,10_60296002_60299097,5903,Psap,1.0
855992,3747,Brain_Myeloid_microglial_cell,549,169.0,169,10_60296002_60299097,5903,Psap,1.0
855993,3748,Brain_Myeloid_microglial_cell,549,184.0,184,10_60296002_60299097,5903,Psap,1.0
855994,3749,Brain_Myeloid_microglial_cell,549,36.0,36,10_60296002_60299097,5903,Psap,1.0
855995,3750,Brain_Myeloid_microglial_cell,549,81.0,81,10_60296002_60299097,5903,Psap,1.0
855996,3751,Brain_Myeloid_microglial_cell,549,114.0,114,10_60296002_60299097,5903,Psap,1.0
855997,3752,Brain_Myeloid_microglial_cell,549,211.0,211,10_60296002_60299097,5903,Psap,1.0
855998,3753,Brain_Myeloid_microglial_cell,549,588.0,588,10_60296002_60299097,5903,Psap,1.0
855999,3754,Brain_Myeloid_microglial_cell,549,161.0,161,10_60296002_60299097,5903,Psap,1.0
856000,3755,Brain_Myeloid_microglial_cell,549,700.0,700,10_60296002_60299097,5903,Psap,1.0
856001,3756,Brain_Myeloid_microglial_cell,549,47.0,47,10_60296002_60299097,5903,Psap,1.0
856002,3757,Brain_Myeloid_microglial_cell,549,141.0,141,10_60296002_60299097,5903,Psap,1.0
856003,3758,Brain_Myeloid_microglial_cell,549,110.0,110,10_60296002_60299097,5903,Psap,1.0
856004,3759,Brain_Myeloid_microglial_cell,549,407.0,407,10_60296002_60299097,5903,Psap,1.0
856005,3760,Brain_Myeloid_microglial_cell,549,317.0,317,10_60296002_60299097,5903,Psap,1.0
856006,3761,Brain_Myeloid_microglial_cell,549,208.0,208,10_60296002_60299097,5903,Psap,1.0
856007,3762,Brain_Myeloid_microglial_cell,549,418.0,418,10_60296002_60299097,5903,Psap,1.0
856008,3763,Brain_Myeloid_microglial_cell,549,190.0,190,10_60296002_60299097,5903,Psap,1.0
856009,3764,Brain_Myeloid_microglial_cell,549,162.0,162,10_60296002_60299097,5903,Psap,1.0
856010,3765,Brain_Myeloid_microglial_cell,549,384.0,384,10_60296002_60299097,5903,Psap,1.0
856011,3766,Brain_Myeloid_microglial_cell,549,259.0,259,10_60296002_60299097,5903,Psap,1.0
856012,3767,Brain_Myeloid_microglial_cell,549,1245.0,1245,10_60296002_60299097,5903,Psap,1.0
856013,3768,Brain_Myeloid_microglial_cell,549,487.0,487,10_60296002_60299097,5903,Psap,1.0
856014,3769,Brain_Myeloid_microglial_cell,549,800.0,800,10_60296002_60299097,5903,Psap,1.0
856015,3770,Brain_Myeloid_microglial_cell,549,129.0,129,10_60296002_60299097,5903,Psap,1.0
856016,3771,Brain_Myeloid_microglial_cell,549,430.0,430,10_60296002_60299097,5903,Psap,1.0
856017,3772,Brain_Myeloid_microglial_cell,549,127.0,127,10_60296002_60299097,5903,Psap,1.0
856018,3773,Brain_Myeloid_microglial_cell,549,351.0,351,10_60296002_60299097,5903,Psap,1.0
856019,3774,Brain_Myeloid_microglial_cell,549,154.0,155,10_60296002_60299097,5903,Psap,0.9935483870967742
856020,3775,Brain_Myeloid_microglial_cell,549,180.0,184,10_60296002_60299097,5903,Psap,0.9782608695652174
856021,3776,Brain_Myeloid_microglial_cell,549,272.0,272,10_60296002_60299097,5903,Psap,1.0
856022,3777,Brain_Myeloid_microglial_cell,549,251.0,259,10_60296002_60299097,5903,Psap,0.9691119691119691
856023,3778,Brain_Myeloid_microglial_cell,549,138.0,138,10_60296002_60299097,5903,Psap,1.0
856024,3779,Brain_Myeloid_microglial_cell,549,81.0,82,10_60296002_60299097,5903,Psap,0.9878048780487805
856025,3780,Brain_Myeloid_microglial_cell,549,126.0,126,10_60296002_60299097,5903,Psap,1.0
856026,3781,Brain_Myeloid_microglial_cell,549,269.0,269,10_60296002_60299097,5903,Psap,1.0
856027,3782,Brain_Myeloid_microglial_cell,549,387.0,387,10_60296002_60299097,5903,Psap,1.0
856028,3783,Brain_Myeloid_microglial_cell,549,113.0,114,10_60296002_60299097,5903,Psap,0.9912280701754386
856029,3784,Brain_Myeloid_microglial_cell,549,544.0,544,10_60296002_60299097,5903,Psap,1.0
856030,3785,Brain_Myeloid_microglial_cell,549,195.0,195,10_60296002_60299097,5903,Psap,1.0
856031,3786,Brain_Myeloid_microglial_cell,549,1920.0,1920,10_60296002_60299097,5903,Psap,1.0
856032,3787,Brain_Myeloid_microglial_cell,549,237.0,237,10_60296002_60299097,5903,Psap,1.0
856033,3788,Brain_Myeloid_microglial_cell,549,747.0,747,10_60296002_60299097,5903,Psap,1.0
856034,3789,Brain_Myeloid_microglial_cell,549,287.0,290,10_60296002_60299097,5903,Psap,0.9896551724137931
856035,3790,Brain_Myeloid_microglial_cell,549,140.0,140,10_60296002_60299097,5903,Psap,1.0
856036,3791,Brain_Myeloid_microglial_cell,549,144.0,144,10_60296002_60299097,5903,Psap,1.0
856037,3792,Brain_Myeloid_microglial_cell,549,582.0,582,10_60296002_60299097,5903,Psap,1.0
856038,3793,Brain_Myeloid_microglial_cell,549,101.0,101,10_60296002_60299097,5903,Psap,1.0
856039,3794,Brain_Myeloid_microglial_cell,549,213.0,213,10_60296002_60299097,5903,Psap,1.0
856040,3795,Brain_Myeloid_microglial_cell,549,979.0,986,10_60296002_60299097,5903,Psap,0.9929006085192698
856041,3796,Brain_Myeloid_microglial_cell,549,140.0,140,10_60296002_60299097,5903,Psap,1.0
856042,3797,Brain_Myeloid_microglial_cell,549,716.0,716,10_60296002_60299097,5903,Psap,1.0
856043,3798,Brain_Myeloid_microglial_cell,549,186.0,186,10_60296002_60299097,5903,Psap,1.0
856044,3799,Brain_Myeloid_microglial_cell,549,377.0,377,10_60296002_60299097,5903,Psap,1.0
856045,3800,Brain_Myeloid_microglial_cell,549,336.0,336,10_60296002_60299097,5903,Psap,1.0
856046,3801,Brain_Myeloid_microglial_cell,549,301.0,301,10_60296002_60299097,5903,Psap,1.0
856047,3802,Brain_Myeloid_microglial_cell,549,705.0,705,10_60296002_60299097,5903,Psap,1.0
856048,3803,Brain_Myeloid_microglial_cell,549,447.0,447,10_60296002_60299097,5903,Psap,1.0
856049,3804,Brain_Myeloid_microglial_cell,549,722.0,722,10_60296002_60299097,5903,Psap,1.0
856050,3805,Brain_Myeloid_microglial_cell,549,412.0,414,10_60296002_60299097,5903,Psap,0.9951690821256038
856051,3807,Brain_Myeloid_microglial_cell,549,267.0,267,10_60296002_60299097,5903,Psap,1.0
856052,3808,Brain_Myeloid_microglial_cell,549,442.0,442,10_60296002_60299097,5903,Psap,1.0
856053,3809,Brain_Myeloid_microglial_cell,549,320.0,320,10_60296002_60299097,5903,Psap,1.0
856054,3810,Brain_Myeloid_microglial_cell,549,286.0,286,10_60296002_60299097,5903,Psap,1.0
856055,3811,Brain_Myeloid_microglial_cell,549,29.0,29,10_60296002_60299097,5903,Psap,1.0
856056,3812,Brain_Myeloid_microglial_cell,549,314.0,314,10_60296002_60299097,5903,Psap,1.0
856057,3813,Brain_Myeloid_microglial_cell,549,286.0,286,10_60296002_60299097,5903,Psap,1.0
856058,3814,Brain_Myeloid_microglial_cell,549,236.0,236,10_60296002_60299097,5903,Psap,1.0
856059,3815,Brain_Myeloid_microglial_cell,549,357.0,357,10_60296002_60299097,5903,Psap,1.0
856060,3816,Brain_Myeloid_microglial_cell,549,546.0,557,10_60296002_60299097,5903,Psap,0.9802513464991023
856061,3817,Brain_Myeloid_microglial_cell,549,446.0,446,10_60296002_60299097,5903,Psap,1.0
856062,3818,Brain_Myeloid_microglial_cell,549,54.0,54,10_60296002_60299097,5903,Psap,1.0
856063,3819,Brain_Myeloid_microglial_cell,549,1443.0,1443,10_60296002_60299097,5903,Psap,1.0
856064,3820,Brain_Myeloid_microglial_cell,549,219.0,219,10_60296002_60299097,5903,Psap,1.0
856065,3821,Brain_Myeloid_microglial_cell,549,285.0,285,10_60296002_60299097,5903,Psap,1.0
856066,3822,Brain_Myeloid_microglial_cell,549,334.0,334,10_60296002_60299097,5903,Psap,1.0
856067,3823,Brain_Myeloid_microglial_cell,549,659.0,659,10_60296002_60299097,5903,Psap,1.0
856068,3824,Brain_Myeloid_microglial_cell,549,114.0,114,10_60296002_60299097,5903,Psap,1.0
856069,3825,Brain_Myeloid_microglial_cell,549,380.0,380,10_60296002_60299097,5903,Psap,1.0
856070,3826,Brain_Myeloid_microglial_cell,549,172.0,172,10_60296002_60299097,5903,Psap,1.0
856071,3827,Brain_Myeloid_microglial_cell,549,461.0,472,10_60296002_60299097,5903,Psap,0.9766949152542372
856072,3828,Brain_Myeloid_microglial_cell,549,258.0,258,10_60296002_60299097,5903,Psap,1.0
856073,3829,Brain_Myeloid_microglial_cell,549,251.0,251,10_60296002_60299097,5903,Psap,1.0
856074,3830,Brain_Myeloid_microglial_cell,549,147.0,147,10_60296002_60299097,5903,Psap,1.0
856075,3831,Brain_Myeloid_microglial_cell,549,79.0,79,10_60296002_60299097,5903,Psap,1.0
856076,3832,Brain_Myeloid_microglial_cell,549,302.0,302,10_60296002_60299097,5903,Psap,1.0
856077,3833,Brain_Myeloid_microglial_cell,549,413.0,413,10_60296002_60299097,5903,Psap,1.0
856078,3834,Brain_Myeloid_microglial_cell,549,622.0,622,10_60296002_60299097,5903,Psap,1.0
856079,3835,Brain_Myeloid_microglial_cell,549,470.0,470,10_60296002_60299097,5903,Psap,1.0
856080,3836,Brain_Myeloid_microglial_cell,549,319.0,319,10_60296002_60299097,5903,Psap,1.0
856081,3837,Brain_Myeloid_microglial_cell,549,96.0,96,10_60296002_60299097,5903,Psap,1.0
856082,3838,Brain_Myeloid_microglial_cell,549,573.0,581,10_60296002_60299097,5903,Psap,0.9862306368330465
856083,3839,Brain_Myeloid_microglial_cell,549,726.0,726,10_60296002_60299097,5903,Psap,1.0
856084,3840,Brain_Myeloid_microglial_cell,549,874.0,874,10_60296002_60299097,5903,Psap,1.0
856085,3841,Brain_Myeloid_microglial_cell,549,703.0,703,10_60296002_60299097,5903,Psap,1.0
856086,3842,Brain_Myeloid_microglial_cell,549,342.0,342,10_60296002_60299097,5903,Psap,1.0
856087,3843,Brain_Myeloid_microglial_cell,549,148.0,148,10_60296002_60299097,5903,Psap,1.0
856088,3844,Brain_Myeloid_microglial_cell,549,252.0,252,10_60296002_60299097,5903,Psap,1.0
856089,3845,Brain_Myeloid_microglial_cell,549,212.0,212,10_60296002_60299097,5903,Psap,1.0
856090,3846,Brain_Myeloid_microglial_cell,549,362.0,362,10_60296002_60299097,5903,Psap,1.0
856091,3847,Brain_Myeloid_microglial_cell,549,276.0,276,10_60296002_60299097,5903,Psap,1.0
856092,3848,Brain_Myeloid_microglial_cell,549,908.0,908,10_60296002_60299097,5903,Psap,1.0
856093,3849,Brain_Myeloid_microglial_cell,549,228.0,234,10_60296002_60299097,5903,Psap,0.9743589743589743
856094,3850,Brain_Myeloid_microglial_cell,549,378.0,378,10_60296002_60299097,5903,Psap,1.0
856095,3851,Brain_Myeloid_microglial_cell,549,367.0,367,10_60296002_60299097,5903,Psap,1.0
856096,3852,Brain_Myeloid_microglial_cell,549,773.0,773,10_60296002_60299097,5903,Psap,1.0
856097,3853,Brain_Myeloid_microglial_cell,549,206.0,206,10_60296002_60299097,5903,Psap,1.0
856098,3854,Brain_Myeloid_microglial_cell,549,140.0,140,10_60296002_60299097,5903,Psap,1.0
856099,3855,Brain_Myeloid_microglial_cell,549,150.0,150,10_60296002_60299097,5903,Psap,1.0
856100,3856,Brain_Myeloid_microglial_cell,549,12.0,12,10_60296002_60299097,5903,Psap,1.0
856101,3857,Brain_Myeloid_microglial_cell,549,389.0,389,10_60296002_60299097,5903,Psap,1.0
856102,3858,Brain_Myeloid_microglial_cell,549,1065.0,1065,10_60296002_60299097,5903,Psap,1.0
856103,3859,Brain_Myeloid_microglial_cell,549,452.0,452,10_60296002_60299097,5903,Psap,1.0
856104,3860,Brain_Myeloid_microglial_cell,549,145.0,145,10_60296002_60299097,5903,Psap,1.0
856105,3861,Brain_Myeloid_microglial_cell,549,680.0,693,10_60296002_60299097,5903,Psap,0.9812409812409812
856106,3862,Brain_Myeloid_microglial_cell,549,607.0,607,10_60296002_60299097,5903,Psap,1.0
856107,3863,Brain_Myeloid_microglial_cell,549,810.0,822,10_60296002_60299097,5903,Psap,0.9854014598540146
856108,3864,Brain_Myeloid_microglial_cell,549,293.0,293,10_60296002_60299097,5903,Psap,1.0
856109,3865,Brain_Myeloid_microglial_cell,549,171.0,171,10_60296002_60299097,5903,Psap,1.0
856110,3866,Brain_Myeloid_microglial_cell,549,402.0,402,10_60296002_60299097,5903,Psap,1.0
856111,3867,Brain_Myeloid_microglial_cell,549,380.0,380,10_60296002_60299097,5903,Psap,1.0
856112,3868,Brain_Myeloid_microglial_cell,549,42.0,42,10_60296002_60299097,5903,Psap,1.0
856113,3869,Brain_Myeloid_microglial_cell,549,409.0,409,10_60296002_60299097,5903,Psap,1.0
856114,3870,Brain_Myeloid_microglial_cell,549,1173.0,1173,10_60296002_60299097,5903,Psap,1.0
856115,3871,Brain_Myeloid_microglial_cell,549,2079.0,2079,10_60296002_60299097,5903,Psap,1.0
856116,3872,Brain_Myeloid_microglial_cell,549,12.0,12,10_60296002_60299097,5903,Psap,1.0
856117,3873,Brain_Myeloid_microglial_cell,549,195.0,195,10_60296002_60299097,5903,Psap,1.0
856118,3874,Brain_Myeloid_microglial_cell,549,848.0,848,10_60296002_60299097,5903,Psap,1.0
856119,3875,Brain_Myeloid_microglial_cell,549,500.0,500,10_60296002_60299097,5903,Psap,1.0
856120,3876,Brain_Myeloid_microglial_cell,549,569.0,569,10_60296002_60299097,5903,Psap,1.0
856121,3877,Brain_Myeloid_microglial_cell,549,490.0,490,10_60296002_60299097,5903,Psap,1.0
856122,3878,Brain_Myeloid_microglial_cell,549,463.0,463,10_60296002_60299097,5903,Psap,1.0
856123,3879,Brain_Myeloid_microglial_cell,549,544.0,544,10_60296002_60299097,5903,Psap,1.0
856124,3880,Brain_Myeloid_microglial_cell,549,47.0,47,10_60296002_60299097,5903,Psap,1.0
856125,3881,Brain_Myeloid_microglial_cell,549,242.0,242,10_60296002_60299097,5903,Psap,1.0
856126,3882,Brain_Myeloid_microglial_cell,549,65.0,65,10_60296002_60299097,5903,Psap,1.0
856127,3883,Brain_Myeloid_microglial_cell,549,393.0,393,10_60296002_60299097,5903,Psap,1.0
856128,3884,Brain_Myeloid_microglial_cell,549,80.0,83,10_60296002_60299097,5903,Psap,0.963855421686747
856129,3885,Brain_Myeloid_microglial_cell,549,242.0,242,10_60296002_60299097,5903,Psap,1.0
856130,3886,Brain_Myeloid_microglial_cell,549,98.0,98,10_60296002_60299097,5903,Psap,1.0
856131,3887,Brain_Myeloid_microglial_cell,549,405.0,405,10_60296002_60299097,5903,Psap,1.0
856132,3888,Brain_Myeloid_microglial_cell,549,584.0,584,10_60296002_60299097,5903,Psap,1.0
856133,3889,Brain_Myeloid_microglial_cell,549,136.0,136,10_60296002_60299097,5903,Psap,1.0
856134,3890,Brain_Myeloid_microglial_cell,549,439.0,439,10_60296002_60299097,5903,Psap,1.0
856135,3891,Brain_Myeloid_microglial_cell,549,299.0,299,10_60296002_60299097,5903,Psap,1.0
856136,3892,Brain_Myeloid_microglial_cell,549,689.0,689,10_60296002_60299097,5903,Psap,1.0
856137,3893,Brain_Myeloid_microglial_cell,549,134.0,134,10_60296002_60299097,5903,Psap,1.0
856138,3894,Brain_Myeloid_microglial_cell,549,1238.0,1238,10_60296002_60299097,5903,Psap,1.0
856139,3895,Brain_Myeloid_microglial_cell,549,292.0,297,10_60296002_60299097,5903,Psap,0.9831649831649831
856140,3896,Brain_Myeloid_microglial_cell,549,348.0,348,10_60296002_60299097,5903,Psap,1.0
856141,3897,Brain_Myeloid_microglial_cell,549,600.0,600,10_60296002_60299097,5903,Psap,1.0
856142,3898,Brain_Myeloid_microglial_cell,549,336.0,336,10_60296002_60299097,5903,Psap,1.0
856143,3899,Brain_Myeloid_microglial_cell,549,120.0,120,10_60296002_60299097,5903,Psap,1.0
856144,3900,Brain_Myeloid_microglial_cell,549,298.0,298,10_60296002_60299097,5903,Psap,1.0
856145,3901,Brain_Myeloid_microglial_cell,549,382.0,382,10_60296002_60299097,5903,Psap,1.0
856146,3902,Brain_Myeloid_microglial_cell,549,30.0,30,10_60296002_60299097,5903,Psap,1.0
856147,3903,Brain_Myeloid_microglial_cell,549,165.0,165,10_60296002_60299097,5903,Psap,1.0
856148,3904,Brain_Myeloid_microglial_cell,549,182.0,182,10_60296002_60299097,5903,Psap,1.0
856149,3905,Brain_Myeloid_microglial_cell,549,612.0,612,10_60296002_60299097,5903,Psap,1.0
856150,3906,Brain_Myeloid_microglial_cell,549,454.0,454,10_60296002_60299097,5903,Psap,1.0
856151,3907,Brain_Myeloid_microglial_cell,549,884.0,884,10_60296002_60299097,5903,Psap,1.0
856152,3908,Brain_Myeloid_microglial_cell,549,90.0,90,10_60296002_60299097,5903,Psap,1.0
856153,3909,Brain_Myeloid_microglial_cell,549,610.0,610,10_60296002_60299097,5903,Psap,1.0
856154,3910,Brain_Myeloid_microglial_cell,549,918.0,918,10_60296002_60299097,5903,Psap,1.0
856155,3911,Brain_Myeloid_microglial_cell,549,58.0,58,10_60296002_60299097,5903,Psap,1.0
856156,3912,Brain_Myeloid_microglial_cell,549,459.0,484,10_60296002_60299097,5903,Psap,0.9483471074380165
856157,3913,Brain_Myeloid_microglial_cell,549,330.0,330,10_60296002_60299097,5903,Psap,1.0
856158,3914,Brain_Myeloid_microglial_cell,549,2.0,2,10_60296002_60299097,5903,Psap,1.0
856159,3916,Brain_Myeloid_microglial_cell,549,377.0,377,10_60296002_60299097,5903,Psap,1.0
856160,3917,Brain_Myeloid_microglial_cell,549,236.0,236,10_60296002_60299097,5903,Psap,1.0
856161,3918,Brain_Myeloid_microglial_cell,549,240.0,240,10_60296002_60299097,5903,Psap,1.0
856162,3919,Brain_Myeloid_microglial_cell,549,534.0,534,10_60296002_60299097,5903,Psap,1.0
856163,3920,Brain_Myeloid_microglial_cell,549,183.0,183,10_60296002_60299097,5903,Psap,1.0
856164,3921,Brain_Myeloid_microglial_cell,549,1392.0,1392,10_60296002_60299097,5903,Psap,1.0
856165,3923,Brain_Myeloid_microglial_cell,549,179.0,179,10_60296002_60299097,5903,Psap,1.0
856166,3924,Brain_Myeloid_microglial_cell,549,57.0,57,10_60296002_60299097,5903,Psap,1.0
856167,3925,Brain_Myeloid_microglial_cell,549,120.0,120,10_60296002_60299097,5903,Psap,1.0
856168,3926,Brain_Myeloid_microglial_cell,549,308.0,308,10_60296002_60299097,5903,Psap,1.0
856169,3927,Brain_Myeloid_microglial_cell,549,121.0,121,10_60296002_60299097,5903,Psap,1.0
856170,3928,Brain_Myeloid_microglial_cell,549,199.0,199,10_60296002_60299097,5903,Psap,1.0
856171,3929,Brain_Myeloid_microglial_cell,549,189.0,189,10_60296002_60299097,5903,Psap,1.0
856172,3930,Brain_Myeloid_microglial_cell,549,405.0,405,10_60296002_60299097,5903,Psap,1.0
856173,3931,Brain_Myeloid_microglial_cell,549,450.0,450,10_60296002_60299097,5903,Psap,1.0
856174,3932,Brain_Myeloid_microglial_cell,549,131.0,131,10_60296002_60299097,5903,Psap,1.0
856175,3933,Brain_Myeloid_microglial_cell,549,685.0,685,10_60296002_60299097,5903,Psap,1.0
856176,3934,Brain_Myeloid_microglial_cell,549,256.0,256,10_60296002_60299097,5903,Psap,1.0
856177,3935,Brain_Myeloid_microglial_cell,549,103.0,103,10_60296002_60299097,5903,Psap,1.0
856178,3936,Brain_Myeloid_microglial_cell,549,184.0,184,10_60296002_60299097,5903,Psap,1.0
856179,3937,Brain_Myeloid_microglial_cell,549,118.0,118,10_60296002_60299097,5903,Psap,1.0
856180,3938,Brain_Myeloid_microglial_cell,549,157.0,157,10_60296002_60299097,5903,Psap,1.0
856181,3939,Brain_Myeloid_microglial_cell,549,113.0,113,10_60296002_60299097,5903,Psap,1.0
856182,3940,Brain_Myeloid_microglial_cell,549,237.0,237,10_60296002_60299097,5903,Psap,1.0
856183,3941,Brain_Myeloid_microglial_cell,549,291.0,291,10_60296002_60299097,5903,Psap,1.0
856184,3942,Brain_Myeloid_microglial_cell,549,347.0,347,10_60296002_60299097,5903,Psap,1.0
856185,3943,Brain_Myeloid_microglial_cell,549,754.0,754,10_60296002_60299097,5903,Psap,1.0
856186,3944,Brain_Myeloid_microglial_cell,549,90.0,90,10_60296002_60299097,5903,Psap,1.0
856187,3945,Brain_Myeloid_microglial_cell,549,523.0,523,10_60296002_60299097,5903,Psap,1.0
856188,3946,Brain_Myeloid_microglial_cell,549,559.0,559,10_60296002_60299097,5903,Psap,1.0
856189,3947,Brain_Myeloid_microglial_cell,549,360.0,360,10_60296002_60299097,5903,Psap,1.0
856190,3948,Brain_Myeloid_microglial_cell,549,24.0,24,10_60296002_60299097,5903,Psap,1.0
856191,3949,Brain_Myeloid_microglial_cell,549,208.0,208,10_60296002_60299097,5903,Psap,1.0
856192,3950,Brain_Myeloid_microglial_cell,549,297.0,297,10_60296002_60299097,5903,Psap,1.0
856193,3951,Brain_Myeloid_microglial_cell,549,3.0,3,10_60296002_60299097,5903,Psap,1.0
856194,3952,Brain_Myeloid_microglial_cell,549,230.0,230,10_60296002_60299097,5903,Psap,1.0
856195,3953,Brain_Myeloid_microglial_cell,549,449.0,449,10_60296002_60299097,5903,Psap,1.0
856196,3954,Brain_Myeloid_microglial_cell,549,308.0,308,10_60296002_60299097,5903,Psap,1.0
856197,3955,Brain_Myeloid_microglial_cell,549,517.0,517,10_60296002_60299097,5903,Psap,1.0
856198,3956,Brain_Myeloid_microglial_cell,549,536.0,553,10_60296002_60299097,5903,Psap,0.969258589511754
856199,3957,Brain_Myeloid_microglial_cell,549,375.0,375,10_60296002_60299097,5903,Psap,1.0
856200,3958,Brain_Myeloid_microglial_cell,549,298.0,298,10_60296002_60299097,5903,Psap,1.0
856201,3959,Brain_Myeloid_microglial_cell,549,355.0,355,10_60296002_60299097,5903,Psap,1.0
856202,3960,Brain_Myeloid_microglial_cell,549,1528.0,1528,10_60296002_60299097,5903,Psap,1.0
856203,3961,Brain_Myeloid_microglial_cell,549,131.0,131,10_60296002_60299097,5903,Psap,1.0
856204,3962,Brain_Myeloid_microglial_cell,549,93.0,93,10_60296002_60299097,5903,Psap,1.0
856205,3963,Brain_Myeloid_microglial_cell,549,72.0,72,10_60296002_60299097,5903,Psap,1.0
856206,3964,Brain_Myeloid_microglial_cell,549,220.0,220,10_60296002_60299097,5903,Psap,1.0
856207,3965,Brain_Myeloid_microglial_cell,549,159.0,159,10_60296002_60299097,5903,Psap,1.0
856208,3966,Brain_Myeloid_microglial_cell,549,188.0,188,10_60296002_60299097,5903,Psap,1.0
856209,3967,Brain_Myeloid_microglial_cell,549,93.0,93,10_60296002_60299097,5903,Psap,1.0
856210,3968,Brain_Myeloid_microglial_cell,549,507.0,507,10_60296002_60299097,5903,Psap,1.0
856211,3969,Brain_Myeloid_microglial_cell,549,391.0,391,10_60296002_60299097,5903,Psap,1.0
856212,3970,Brain_Myeloid_microglial_cell,549,488.0,488,10_60296002_60299097,5903,Psap,1.0
856213,3971,Brain_Myeloid_microglial_cell,549,286.0,286,10_60296002_60299097,5903,Psap,1.0
856214,3972,Brain_Myeloid_microglial_cell,549,202.0,202,10_60296002_60299097,5903,Psap,1.0
856215,3973,Brain_Myeloid_microglial_cell,549,275.0,275,10_60296002_60299097,5903,Psap,1.0
856216,3974,Brain_Myeloid_microglial_cell,549,17.0,17,10_60296002_60299097,5903,Psap,1.0
856217,3975,Brain_Myeloid_microglial_cell,549,142.0,145,10_60296002_60299097,5903,Psap,0.9793103448275862
856218,3976,Brain_Myeloid_microglial_cell,549,226.0,226,10_60296002_60299097,5903,Psap,1.0
856219,3977,Brain_Myeloid_microglial_cell,549,214.0,214,10_60296002_60299097,5903,Psap,1.0
856220,3978,Brain_Myeloid_microglial_cell,549,324.0,324,10_60296002_60299097,5903,Psap,1.0
856221,3979,Brain_Myeloid_microglial_cell,549,388.0,388,10_60296002_60299097,5903,Psap,1.0
856222,3980,Brain_Myeloid_microglial_cell,549,58.0,58,10_60296002_60299097,5903,Psap,1.0
856223,3981,Brain_Myeloid_microglial_cell,549,694.0,694,10_60296002_60299097,5903,Psap,1.0
856224,3982,Brain_Myeloid_microglial_cell,549,176.0,176,10_60296002_60299097,5903,Psap,1.0
856225,3983,Brain_Myeloid_microglial_cell,549,557.0,557,10_60296002_60299097,5903,Psap,1.0
856226,3984,Brain_Myeloid_microglial_cell,549,668.0,668,10_60296002_60299097,5903,Psap,1.0
856227,3985,Brain_Myeloid_microglial_cell,549,1400.0,1400,10_60296002_60299097,5903,Psap,1.0
856228,3986,Brain_Myeloid_microglial_cell,549,458.0,458,10_60296002_60299097,5903,Psap,1.0
856229,3987,Brain_Myeloid_microglial_cell,549,326.0,326,10_60296002_60299097,5903,Psap,1.0
856230,3988,Brain_Myeloid_microglial_cell,549,3418.0,3418,10_60296002_60299097,5903,Psap,1.0
856231,3989,Brain_Myeloid_microglial_cell,549,173.0,173,10_60296002_60299097,5903,Psap,1.0
856232,3990,Brain_Myeloid_microglial_cell,549,104.0,104,10_60296002_60299097,5903,Psap,1.0
856233,3991,Brain_Myeloid_microglial_cell,549,189.0,189,10_60296002_60299097,5903,Psap,1.0
856234,3992,Brain_Myeloid_microglial_cell,549,136.0,136,10_60296002_60299097,5903,Psap,1.0
856235,3993,Brain_Myeloid_microglial_cell,549,379.0,379,10_60296002_60299097,5903,Psap,1.0
856236,3994,Brain_Myeloid_microglial_cell,549,479.0,479,10_60296002_60299097,5903,Psap,1.0
856237,3995,Brain_Myeloid_microglial_cell,549,508.0,508,10_60296002_60299097,5903,Psap,1.0
856238,3996,Brain_Myeloid_microglial_cell,549,127.0,127,10_60296002_60299097,5903,Psap,1.0
856239,3997,Brain_Myeloid_microglial_cell,549,1252.0,1252,10_60296002_60299097,5903,Psap,1.0
856240,3998,Brain_Myeloid_microglial_cell,549,191.0,191,10_60296002_60299097,5903,Psap,1.0
856241,3999,Brain_Myeloid_microglial_cell,549,56.0,56,10_60296002_60299097,5903,Psap,1.0
856242,4000,Brain_Myeloid_microglial_cell,549,152.0,152,10_60296002_60299097,5903,Psap,1.0
856243,4001,Brain_Myeloid_microglial_cell,549,181.0,181,10_60296002_60299097,5903,Psap,1.0
856244,4002,Brain_Myeloid_microglial_cell,549,103.0,103,10_60296002_60299097,5903,Psap,1.0
856245,4003,Brain_Myeloid_microglial_cell,549,37.0,37,10_60296002_60299097,5903,Psap,1.0
856246,4004,Brain_Myeloid_microglial_cell,549,436.0,436,10_60296002_60299097,5903,Psap,1.0
856247,4005,Brain_Myeloid_microglial_cell,549,151.0,151,10_60296002_60299097,5903,Psap,1.0
856248,4006,Brain_Myeloid_microglial_cell,549,69.0,69,10_60296002_60299097,5903,Psap,1.0
856249,4007,Brain_Myeloid_microglial_cell,549,39.0,39,10_60296002_60299097,5903,Psap,1.0
856250,4008,Brain_Myeloid_microglial_cell,549,351.0,351,10_60296002_60299097,5903,Psap,1.0
856251,4009,Brain_Myeloid_microglial_cell,549,104.0,109,10_60296002_60299097,5903,Psap,0.9541284403669725
856252,4010,Brain_Myeloid_microglial_cell,549,101.0,101,10_60296002_60299097,5903,Psap,1.0
856253,4011,Brain_Myeloid_microglial_cell,549,354.0,354,10_60296002_60299097,5903,Psap,1.0
856254,4012,Brain_Myeloid_microglial_cell,549,198.0,198,10_60296002_60299097,5903,Psap,1.0
856255,4014,Brain_Myeloid_microglial_cell,549,224.0,224,10_60296002_60299097,5903,Psap,1.0
856256,4015,Brain_Myeloid_microglial_cell,549,106.0,106,10_60296002_60299097,5903,Psap,1.0
856257,4016,Brain_Myeloid_microglial_cell,549,262.0,262,10_60296002_60299097,5903,Psap,1.0
856258,4017,Brain_Myeloid_microglial_cell,549,106.0,106,10_60296002_60299097,5903,Psap,1.0
856259,4018,Brain_Myeloid_microglial_cell,549,378.0,378,10_60296002_60299097,5903,Psap,1.0
856260,4019,Brain_Myeloid_microglial_cell,549,126.0,126,10_60296002_60299097,5903,Psap,1.0
856261,4020,Brain_Myeloid_microglial_cell,549,1181.0,1276,10_60296002_60299097,5903,Psap,0.9255485893416928
856262,4021,Brain_Myeloid_microglial_cell,549,400.0,400,10_60296002_60299097,5903,Psap,1.0
856263,4022,Brain_Myeloid_microglial_cell,549,396.0,396,10_60296002_60299097,5903,Psap,1.0
856264,4023,Brain_Myeloid_microglial_cell,549,346.0,346,10_60296002_60299097,5903,Psap,1.0
856265,4024,Brain_Myeloid_microglial_cell,549,302.0,302,10_60296002_60299097,5903,Psap,1.0
856266,4025,Brain_Myeloid_microglial_cell,549,143.0,143,10_60296002_60299097,5903,Psap,1.0
856267,4026,Brain_Myeloid_microglial_cell,549,563.0,563,10_60296002_60299097,5903,Psap,1.0
856268,4027,Brain_Myeloid_microglial_cell,549,42.0,42,10_60296002_60299097,5903,Psap,1.0
856269,4028,Brain_Myeloid_microglial_cell,549,233.0,233,10_60296002_60299097,5903,Psap,1.0
856270,4029,Brain_Myeloid_microglial_cell,549,896.0,896,10_60296002_60299097,5903,Psap,1.0
856271,4030,Brain_Myeloid_microglial_cell,549,250.0,250,10_60296002_60299097,5903,Psap,1.0
856272,4032,Brain_Myeloid_microglial_cell,549,365.0,372,10_60296002_60299097,5903,Psap,0.9811827956989247
856273,4033,Brain_Myeloid_microglial_cell,549,340.0,340,10_60296002_60299097,5903,Psap,1.0
856274,4034,Brain_Myeloid_microglial_cell,549,232.0,232,10_60296002_60299097,5903,Psap,1.0
856275,4035,Brain_Myeloid_microglial_cell,549,215.0,215,10_60296002_60299097,5903,Psap,1.0
856276,4036,Brain_Myeloid_microglial_cell,549,473.0,473,10_60296002_60299097,5903,Psap,1.0
856277,4037,Brain_Myeloid_microglial_cell,549,411.0,411,10_60296002_60299097,5903,Psap,1.0
856278,4038,Brain_Myeloid_microglial_cell,549,421.0,421,10_60296002_60299097,5903,Psap,1.0
856279,4039,Brain_Myeloid_microglial_cell,549,41.0,41,10_60296002_60299097,5903,Psap,1.0
856280,4040,Brain_Myeloid_microglial_cell,549,165.0,165,10_60296002_60299097,5903,Psap,1.0
856281,4041,Brain_Myeloid_microglial_cell,549,304.0,304,10_60296002_60299097,5903,Psap,1.0
856282,4042,Brain_Myeloid_microglial_cell,549,178.0,178,10_60296002_60299097,5903,Psap,1.0
856283,4043,Brain_Myeloid_microglial_cell,549,671.0,671,10_60296002_60299097,5903,Psap,1.0
856284,4044,Brain_Myeloid_microglial_cell,549,238.0,238,10_60296002_60299097,5903,Psap,1.0
856285,4045,Brain_Myeloid_microglial_cell,549,814.0,814,10_60296002_60299097,5903,Psap,1.0
856286,4046,Brain_Myeloid_microglial_cell,549,136.0,136,10_60296002_60299097,5903,Psap,1.0
856287,4047,Brain_Myeloid_microglial_cell,549,120.0,120,10_60296002_60299097,5903,Psap,1.0
856288,4048,Brain_Myeloid_microglial_cell,549,231.0,231,10_60296002_60299097,5903,Psap,1.0
856289,4049,Brain_Myeloid_microglial_cell,549,156.0,156,10_60296002_60299097,5903,Psap,1.0
856290,4050,Brain_Myeloid_microglial_cell,549,237.0,237,10_60296002_60299097,5903,Psap,1.0
856291,4051,Brain_Myeloid_microglial_cell,549,224.0,224,10_60296002_60299097,5903,Psap,1.0
856292,4052,Brain_Myeloid_microglial_cell,549,422.0,422,10_60296002_60299097,5903,Psap,1.0
856293,4053,Brain_Myeloid_microglial_cell,549,341.0,341,10_60296002_60299097,5903,Psap,1.0
856294,4054,Brain_Myeloid_microglial_cell,549,79.0,79,10_60296002_60299097,5903,Psap,1.0
856295,4055,Brain_Myeloid_microglial_cell,549,123.0,123,10_60296002_60299097,5903,Psap,1.0
856296,4056,Brain_Myeloid_microglial_cell,549,480.0,480,10_60296002_60299097,5903,Psap,1.0
856297,4057,Brain_Myeloid_microglial_cell,549,407.0,407,10_60296002_60299097,5903,Psap,1.0
856298,4058,Brain_Myeloid_microglial_cell,549,227.0,227,10_60296002_60299097,5903,Psap,1.0
856299,4059,Brain_Myeloid_microglial_cell,549,183.0,183,10_60296002_60299097,5903,Psap,1.0
856300,4060,Brain_Myeloid_microglial_cell,549,280.0,280,10_60296002_60299097,5903,Psap,1.0
856301,4061,Brain_Myeloid_microglial_cell,549,130.0,130,10_60296002_60299097,5903,Psap,1.0
856302,4062,Brain_Myeloid_microglial_cell,549,506.0,506,10_60296002_60299097,5903,Psap,1.0
856303,4063,Brain_Myeloid_microglial_cell,549,256.0,256,10_60296002_60299097,5903,Psap,1.0
856304,4064,Brain_Myeloid_microglial_cell,549,276.0,276,10_60296002_60299097,5903,Psap,1.0
856305,4065,Brain_Myeloid_microglial_cell,549,1121.0,1140,10_60296002_60299097,5903,Psap,0.9833333333333333
856306,4066,Brain_Myeloid_microglial_cell,549,431.0,431,10_60296002_60299097,5903,Psap,1.0
856307,4067,Brain_Myeloid_microglial_cell,549,498.0,498,10_60296002_60299097,5903,Psap,1.0
856308,4068,Brain_Myeloid_microglial_cell,549,516.0,516,10_60296002_60299097,5903,Psap,1.0
856309,4069,Brain_Myeloid_microglial_cell,549,142.0,142,10_60296002_60299097,5903,Psap,1.0
856310,4070,Brain_Myeloid_microglial_cell,549,414.0,414,10_60296002_60299097,5903,Psap,1.0
856311,4071,Brain_Myeloid_microglial_cell,549,351.0,351,10_60296002_60299097,5903,Psap,1.0
856312,4072,Brain_Myeloid_microglial_cell,549,1135.0,1135,10_60296002_60299097,5903,Psap,1.0
856313,4073,Brain_Myeloid_microglial_cell,549,156.0,159,10_60296002_60299097,5903,Psap,0.9811320754716981
856314,4074,Brain_Myeloid_microglial_cell,549,383.0,383,10_60296002_60299097,5903,Psap,1.0
856315,4075,Brain_Myeloid_microglial_cell,549,442.0,442,10_60296002_60299097,5903,Psap,1.0
856316,4076,Brain_Myeloid_microglial_cell,549,657.0,657,10_60296002_60299097,5903,Psap,1.0
856317,4077,Brain_Myeloid_microglial_cell,549,349.0,349,10_60296002_60299097,5903,Psap,1.0
856318,4078,Brain_Myeloid_microglial_cell,549,168.0,168,10_60296002_60299097,5903,Psap,1.0
856319,4079,Brain_Myeloid_microglial_cell,549,575.0,575,10_60296002_60299097,5903,Psap,1.0
856320,4080,Brain_Myeloid_microglial_cell,549,474.0,474,10_60296002_60299097,5903,Psap,1.0
856321,4081,Brain_Myeloid_microglial_cell,549,305.0,305,10_60296002_60299097,5903,Psap,1.0
856322,4082,Brain_Myeloid_microglial_cell,549,1170.0,1170,10_60296002_60299097,5903,Psap,1.0
856323,4083,Brain_Myeloid_microglial_cell,549,851.0,851,10_60296002_60299097,5903,Psap,1.0
856324,4084,Brain_Myeloid_microglial_cell,549,52.0,52,10_60296002_60299097,5903,Psap,1.0
856325,4085,Brain_Myeloid_microglial_cell,549,412.0,412,10_60296002_60299097,5903,Psap,1.0
856326,4086,Brain_Myeloid_microglial_cell,549,258.0,258,10_60296002_60299097,5903,Psap,1.0
856327,4087,Brain_Myeloid_microglial_cell,549,337.0,337,10_60296002_60299097,5903,Psap,1.0
856328,4088,Brain_Myeloid_microglial_cell,549,383.0,383,10_60296002_60299097,5903,Psap,1.0
856329,4089,Brain_Myeloid_microglial_cell,549,1108.0,1108,10_60296002_60299097,5903,Psap,1.0
856330,4090,Brain_Myeloid_microglial_cell,549,369.0,369,10_60296002_60299097,5903,Psap,1.0
856331,4091,Brain_Myeloid_microglial_cell,549,597.0,597,10_60296002_60299097,5903,Psap,1.0
856332,4092,Brain_Myeloid_microglial_cell,549,204.0,204,10_60296002_60299097,5903,Psap,1.0
856333,4093,Brain_Myeloid_microglial_cell,549,187.0,187,10_60296002_60299097,5903,Psap,1.0
856334,4094,Brain_Myeloid_microglial_cell,549,1628.0,1628,10_60296002_60299097,5903,Psap,1.0
856335,4095,Brain_Myeloid_microglial_cell,549,156.0,156,10_60296002_60299097,5903,Psap,1.0
856336,4096,Brain_Myeloid_microglial_cell,549,1029.0,1029,10_60296002_60299097,5903,Psap,1.0
856337,4097,Brain_Myeloid_microglial_cell,549,388.0,388,10_60296002_60299097,5903,Psap,1.0
856338,4098,Brain_Myeloid_microglial_cell,549,53.0,53,10_60296002_60299097,5903,Psap,1.0
856339,4099,Brain_Myeloid_microglial_cell,549,138.0,138,10_60296002_60299097,5903,Psap,1.0
856340,4100,Brain_Myeloid_microglial_cell,549,436.0,436,10_60296002_60299097,5903,Psap,1.0
856341,4101,Brain_Myeloid_microglial_cell,549,425.0,425,10_60296002_60299097,5903,Psap,1.0
856342,4102,Brain_Myeloid_microglial_cell,549,260.0,260,10_60296002_60299097,5903,Psap,1.0
856343,4103,Brain_Myeloid_microglial_cell,549,1130.0,1130,10_60296002_60299097,5903,Psap,1.0
856344,4104,Brain_Myeloid_microglial_cell,549,230.0,230,10_60296002_60299097,5903,Psap,1.0
856345,4105,Brain_Myeloid_microglial_cell,549,245.0,245,10_60296002_60299097,5903,Psap,1.0
856346,4106,Brain_Myeloid_microglial_cell,549,338.0,338,10_60296002_60299097,5903,Psap,1.0
856347,4107,Brain_Myeloid_microglial_cell,549,259.0,259,10_60296002_60299097,5903,Psap,1.0
856348,4108,Brain_Myeloid_microglial_cell,549,104.0,104,10_60296002_60299097,5903,Psap,1.0
856349,4109,Brain_Myeloid_microglial_cell,549,233.0,233,10_60296002_60299097,5903,Psap,1.0
856350,4110,Brain_Myeloid_microglial_cell,549,255.0,255,10_60296002_60299097,5903,Psap,1.0
856351,4111,Brain_Myeloid_microglial_cell,549,83.0,83,10_60296002_60299097,5903,Psap,1.0
856352,4112,Brain_Myeloid_microglial_cell,549,57.0,57,10_60296002_60299097,5903,Psap,1.0
856353,4113,Brain_Myeloid_microglial_cell,549,250.0,250,10_60296002_60299097,5903,Psap,1.0
856354,4114,Brain_Myeloid_microglial_cell,549,81.0,81,10_60296002_60299097,5903,Psap,1.0
856355,4115,Brain_Myeloid_microglial_cell,549,218.0,218,10_60296002_60299097,5903,Psap,1.0
856356,4116,Brain_Myeloid_microglial_cell,549,532.0,532,10_60296002_60299097,5903,Psap,1.0
856357,4117,Brain_Myeloid_microglial_cell,549,1032.0,1032,10_60296002_60299097,5903,Psap,1.0
856358,4118,Brain_Myeloid_microglial_cell,549,670.0,670,10_60296002_60299097,5903,Psap,1.0
856359,4119,Brain_Myeloid_microglial_cell,549,259.0,259,10_60296002_60299097,5903,Psap,1.0
856360,4120,Brain_Myeloid_microglial_cell,549,224.0,224,10_60296002_60299097,5903,Psap,1.0
856361,4121,Brain_Myeloid_microglial_cell,549,455.0,455,10_60296002_60299097,5903,Psap,1.0
856362,4122,Brain_Myeloid_microglial_cell,549,114.0,114,10_60296002_60299097,5903,Psap,1.0
856363,4123,Brain_Myeloid_microglial_cell,549,190.0,190,10_60296002_60299097,5903,Psap,1.0
856364,4124,Brain_Myeloid_microglial_cell,549,238.0,238,10_60296002_60299097,5903,Psap,1.0
856365,4125,Brain_Myeloid_microglial_cell,549,990.0,990,10_60296002_60299097,5903,Psap,1.0
856366,4126,Brain_Myeloid_microglial_cell,549,302.0,302,10_60296002_60299097,5903,Psap,1.0
856367,4127,Brain_Myeloid_microglial_cell,549,412.0,412,10_60296002_60299097,5903,Psap,1.0
856368,4128,Brain_Myeloid_microglial_cell,549,313.0,313,10_60296002_60299097,5903,Psap,1.0
856369,4129,Brain_Myeloid_microglial_cell,549,262.0,262,10_60296002_60299097,5903,Psap,1.0
856370,4130,Brain_Myeloid_microglial_cell,549,252.0,252,10_60296002_60299097,5903,Psap,1.0
856371,4131,Brain_Myeloid_microglial_cell,549,233.0,233,10_60296002_60299097,5903,Psap,1.0
856372,4132,Brain_Myeloid_microglial_cell,549,280.0,280,10_60296002_60299097,5903,Psap,1.0
856373,4133,Brain_Myeloid_microglial_cell,549,294.0,294,10_60296002_60299097,5903,Psap,1.0
856374,4134,Brain_Myeloid_microglial_cell,549,362.0,362,10_60296002_60299097,5903,Psap,1.0
856375,4135,Brain_Myeloid_microglial_cell,549,1974.0,1974,10_60296002_60299097,5903,Psap,1.0
856376,4136,Brain_Myeloid_microglial_cell,549,335.0,335,10_60296002_60299097,5903,Psap,1.0
856377,4137,Brain_Myeloid_microglial_cell,549,292.0,292,10_60296002_60299097,5903,Psap,1.0
856378,4138,Brain_Myeloid_microglial_cell,549,406.0,406,10_60296002_60299097,5903,Psap,1.0
856379,4139,Brain_Myeloid_microglial_cell,549,173.0,173,10_60296002_60299097,5903,Psap,1.0
856380,4140,Brain_Myeloid_microglial_cell,549,284.0,284,10_60296002_60299097,5903,Psap,1.0
856381,4141,Brain_Myeloid_microglial_cell,549,113.0,113,10_60296002_60299097,5903,Psap,1.0
856382,4142,Brain_Myeloid_microglial_cell,549,262.0,262,10_60296002_60299097,5903,Psap,1.0
856383,4143,Brain_Myeloid_microglial_cell,549,74.0,74,10_60296002_60299097,5903,Psap,1.0
856384,4144,Brain_Myeloid_microglial_cell,549,427.0,427,10_60296002_60299097,5903,Psap,1.0
856385,4145,Brain_Myeloid_microglial_cell,549,231.0,231,10_60296002_60299097,5903,Psap,1.0
856386,4146,Brain_Myeloid_microglial_cell,549,209.0,209,10_60296002_60299097,5903,Psap,1.0
856387,4147,Brain_Myeloid_microglial_cell,549,387.0,387,10_60296002_60299097,5903,Psap,1.0
856388,4148,Brain_Myeloid_microglial_cell,549,206.0,206,10_60296002_60299097,5903,Psap,1.0
856389,4149,Brain_Myeloid_microglial_cell,549,517.0,517,10_60296002_60299097,5903,Psap,1.0
856390,4150,Brain_Myeloid_microglial_cell,549,440.0,440,10_60296002_60299097,5903,Psap,1.0
856391,4151,Brain_Myeloid_microglial_cell,549,171.0,171,10_60296002_60299097,5903,Psap,1.0
856392,4152,Brain_Myeloid_microglial_cell,549,234.0,234,10_60296002_60299097,5903,Psap,1.0
856393,4153,Brain_Myeloid_microglial_cell,549,142.0,142,10_60296002_60299097,5903,Psap,1.0
856394,4154,Brain_Myeloid_microglial_cell,549,92.0,92,10_60296002_60299097,5903,Psap,1.0
856395,4155,Brain_Myeloid_microglial_cell,549,163.0,163,10_60296002_60299097,5903,Psap,1.0
856396,4156,Brain_Myeloid_microglial_cell,549,118.0,118,10_60296002_60299097,5903,Psap,1.0
856397,4157,Brain_Myeloid_microglial_cell,549,191.0,191,10_60296002_60299097,5903,Psap,1.0
856398,4158,Brain_Myeloid_microglial_cell,549,438.0,438,10_60296002_60299097,5903,Psap,1.0
856399,4159,Brain_Myeloid_microglial_cell,549,201.0,201,10_60296002_60299097,5903,Psap,1.0
856400,4160,Brain_Myeloid_microglial_cell,549,244.0,244,10_60296002_60299097,5903,Psap,1.0
856401,4162,Brain_Myeloid_microglial_cell,549,135.0,135,10_60296002_60299097,5903,Psap,1.0
856402,4163,Brain_Myeloid_microglial_cell,549,677.0,677,10_60296002_60299097,5903,Psap,1.0
856403,4164,Brain_Myeloid_microglial_cell,549,71.0,71,10_60296002_60299097,5903,Psap,1.0
856404,4165,Brain_Myeloid_microglial_cell,549,151.0,151,10_60296002_60299097,5903,Psap,1.0
856405,4166,Brain_Myeloid_microglial_cell,549,291.0,291,10_60296002_60299097,5903,Psap,1.0
856406,4167,Brain_Myeloid_microglial_cell,549,346.0,346,10_60296002_60299097,5903,Psap,1.0
856407,4168,Brain_Myeloid_microglial_cell,549,396.0,396,10_60296002_60299097,5903,Psap,1.0
856408,4169,Brain_Myeloid_microglial_cell,549,129.0,129,10_60296002_60299097,5903,Psap,1.0
856409,4170,Brain_Myeloid_microglial_cell,549,594.0,594,10_60296002_60299097,5903,Psap,1.0
856410,4171,Brain_Myeloid_microglial_cell,549,1161.0,1161,10_60296002_60299097,5903,Psap,1.0
856411,4172,Brain_Myeloid_microglial_cell,549,331.0,331,10_60296002_60299097,5903,Psap,1.0
856412,4173,Brain_Myeloid_microglial_cell,549,345.0,345,10_60296002_60299097,5903,Psap,1.0
856413,4174,Brain_Myeloid_microglial_cell,549,94.0,94,10_60296002_60299097,5903,Psap,1.0
856414,4175,Brain_Myeloid_microglial_cell,549,148.0,148,10_60296002_60299097,5903,Psap,1.0
856415,4176,Brain_Myeloid_microglial_cell,549,135.0,135,10_60296002_60299097,5903,Psap,1.0
856416,4177,Brain_Myeloid_microglial_cell,549,210.0,210,10_60296002_60299097,5903,Psap,1.0
856417,4178,Brain_Myeloid_microglial_cell,549,311.0,406,10_60296002_60299097,5903,Psap,0.7660098522167488
856418,4179,Brain_Myeloid_microglial_cell,549,211.0,211,10_60296002_60299097,5903,Psap,1.0
856419,4180,Brain_Myeloid_microglial_cell,549,268.0,268,10_60296002_60299097,5903,Psap,1.0
856420,4181,Brain_Myeloid_microglial_cell,549,219.0,219,10_60296002_60299097,5903,Psap,1.0
856421,4182,Brain_Myeloid_microglial_cell,549,562.0,562,10_60296002_60299097,5903,Psap,1.0
856422,4183,Brain_Myeloid_microglial_cell,549,169.0,169,10_60296002_60299097,5903,Psap,1.0
856423,4184,Brain_Myeloid_microglial_cell,549,229.0,229,10_60296002_60299097,5903,Psap,1.0
856424,4185,Brain_Myeloid_microglial_cell,549,231.0,231,10_60296002_60299097,5903,Psap,1.0
856425,4186,Brain_Myeloid_microglial_cell,549,316.0,316,10_60296002_60299097,5903,Psap,1.0
856426,4187,Brain_Myeloid_microglial_cell,549,28.0,28,10_60296002_60299097,5903,Psap,1.0
856427,4188,Brain_Myeloid_microglial_cell,549,405.0,405,10_60296002_60299097,5903,Psap,1.0
856428,4189,Brain_Myeloid_microglial_cell,549,276.0,276,10_60296002_60299097,5903,Psap,1.0
856429,4190,Brain_Myeloid_microglial_cell,549,214.0,214,10_60296002_60299097,5903,Psap,1.0
856430,4191,Brain_Myeloid_microglial_cell,549,254.0,254,10_60296002_60299097,5903,Psap,1.0
856431,4192,Brain_Myeloid_microglial_cell,549,302.0,302,10_60296002_60299097,5903,Psap,1.0
856432,4193,Brain_Myeloid_microglial_cell,549,215.0,215,10_60296002_60299097,5903,Psap,1.0
856433,4194,Brain_Myeloid_microglial_cell,549,96.0,96,10_60296002_60299097,5903,Psap,1.0
856434,4195,Brain_Myeloid_microglial_cell,549,173.0,173,10_60296002_60299097,5903,Psap,1.0
856435,4196,Brain_Myeloid_microglial_cell,549,191.0,191,10_60296002_60299097,5903,Psap,1.0
856436,4197,Brain_Myeloid_microglial_cell,549,51.0,51,10_60296002_60299097,5903,Psap,1.0
856437,4198,Brain_Myeloid_microglial_cell,549,362.0,362,10_60296002_60299097,5903,Psap,1.0
856438,4199,Brain_Myeloid_microglial_cell,549,411.0,411,10_60296002_60299097,5903,Psap,1.0
856439,4200,Brain_Myeloid_microglial_cell,549,437.0,437,10_60296002_60299097,5903,Psap,1.0
856440,4201,Brain_Myeloid_microglial_cell,549,1351.0,1351,10_60296002_60299097,5903,Psap,1.0
856441,4202,Brain_Myeloid_microglial_cell,549,157.0,157,10_60296002_60299097,5903,Psap,1.0
856442,4203,Brain_Myeloid_microglial_cell,549,33.0,33,10_60296002_60299097,5903,Psap,1.0
856443,4204,Brain_Myeloid_microglial_cell,549,266.0,266,10_60296002_60299097,5903,Psap,1.0
856444,4205,Brain_Myeloid_microglial_cell,549,373.0,373,10_60296002_60299097,5903,Psap,1.0
856445,4206,Brain_Myeloid_microglial_cell,549,186.0,186,10_60296002_60299097,5903,Psap,1.0
856446,4207,Brain_Myeloid_microglial_cell,549,249.0,249,10_60296002_60299097,5903,Psap,1.0
856447,4208,Brain_Myeloid_microglial_cell,549,789.0,789,10_60296002_60299097,5903,Psap,1.0
856448,4209,Brain_Myeloid_microglial_cell,549,54.0,54,10_60296002_60299097,5903,Psap,1.0
856449,4210,Brain_Myeloid_microglial_cell,549,906.0,906,10_60296002_60299097,5903,Psap,1.0
856450,4211,Brain_Myeloid_microglial_cell,549,236.0,236,10_60296002_60299097,5903,Psap,1.0
856451,4212,Brain_Myeloid_microglial_cell,549,9.0,9,10_60296002_60299097,5903,Psap,1.0
856452,4213,Brain_Myeloid_microglial_cell,549,38.0,38,10_60296002_60299097,5903,Psap,1.0
856453,4214,Brain_Myeloid_microglial_cell,549,272.0,272,10_60296002_60299097,5903,Psap,1.0
856454,4215,Brain_Myeloid_microglial_cell,549,197.0,197,10_60296002_60299097,5903,Psap,1.0
856455,4216,Brain_Myeloid_microglial_cell,549,115.0,115,10_60296002_60299097,5903,Psap,1.0
856456,4217,Brain_Myeloid_microglial_cell,549,156.0,156,10_60296002_60299097,5903,Psap,1.0
856457,4218,Brain_Myeloid_microglial_cell,549,602.0,602,10_60296002_60299097,5903,Psap,1.0
856458,4219,Brain_Myeloid_microglial_cell,549,379.0,379,10_60296002_60299097,5903,Psap,1.0
856459,4220,Brain_Myeloid_microglial_cell,549,384.0,384,10_60296002_60299097,5903,Psap,1.0
856460,4221,Brain_Myeloid_microglial_cell,549,409.0,409,10_60296002_60299097,5903,Psap,1.0
856461,4222,Brain_Myeloid_microglial_cell,549,134.0,134,10_60296002_60299097,5903,Psap,1.0
856462,4223,Brain_Myeloid_microglial_cell,549,6.0,6,10_60296002_60299097,5903,Psap,1.0
856463,4224,Brain_Myeloid_microglial_cell,549,118.0,118,10_60296002_60299097,5903,Psap,1.0
856464,4225,Brain_Myeloid_microglial_cell,549,26.0,26,10_60296002_60299097,5903,Psap,1.0
856465,4226,Brain_Myeloid_microglial_cell,549,303.0,303,10_60296002_60299097,5903,Psap,1.0
856466,4227,Brain_Myeloid_microglial_cell,549,187.0,187,10_60296002_60299097,5903,Psap,1.0
856467,4228,Brain_Myeloid_microglial_cell,549,451.0,451,10_60296002_60299097,5903,Psap,1.0
856468,4229,Brain_Myeloid_microglial_cell,549,266.0,266,10_60296002_60299097,5903,Psap,1.0
856469,4230,Brain_Myeloid_microglial_cell,549,425.0,425,10_60296002_60299097,5903,Psap,1.0
856470,4231,Brain_Myeloid_microglial_cell,549,92.0,92,10_60296002_60299097,5903,Psap,1.0
856471,4232,Brain_Myeloid_microglial_cell,549,905.0,905,10_60296002_60299097,5903,Psap,1.0
856472,4233,Brain_Myeloid_microglial_cell,549,253.0,253,10_60296002_60299097,5903,Psap,1.0
856473,4234,Brain_Myeloid_microglial_cell,549,159.0,159,10_60296002_60299097,5903,Psap,1.0
856474,4235,Brain_Myeloid_microglial_cell,549,142.0,142,10_60296002_60299097,5903,Psap,1.0
856475,4236,Brain_Myeloid_microglial_cell,549,727.0,727,10_60296002_60299097,5903,Psap,1.0
856476,4237,Brain_Myeloid_microglial_cell,549,511.0,511,10_60296002_60299097,5903,Psap,1.0
856477,4238,Brain_Myeloid_microglial_cell,549,619.0,619,10_60296002_60299097,5903,Psap,1.0
856478,4239,Brain_Myeloid_microglial_cell,549,689.0,689,10_60296002_60299097,5903,Psap,1.0
856479,4240,Brain_Myeloid_microglial_cell,549,188.0,188,10_60296002_60299097,5903,Psap,1.0
856480,4241,Brain_Myeloid_microglial_cell,549,619.0,619,10_60296002_60299097,5903,Psap,1.0
856481,4242,Brain_Myeloid_microglial_cell,549,159.0,159,10_60296002_60299097,5903,Psap,1.0
856482,4243,Brain_Myeloid_microglial_cell,549,45.0,45,10_60296002_60299097,5903,Psap,1.0
856483,4244,Brain_Myeloid_microglial_cell,549,316.0,316,10_60296002_60299097,5903,Psap,1.0
856484,4245,Brain_Myeloid_microglial_cell,549,414.0,414,10_60296002_60299097,5903,Psap,1.0
856485,4246,Brain_Myeloid_microglial_cell,549,140.0,140,10_60296002_60299097,5903,Psap,1.0
856486,4247,Brain_Myeloid_microglial_cell,549,212.0,212,10_60296002_60299097,5903,Psap,1.0
856487,4248,Brain_Myeloid_microglial_cell,549,426.0,426,10_60296002_60299097,5903,Psap,1.0
856488,4249,Brain_Myeloid_microglial_cell,549,655.0,655,10_60296002_60299097,5903,Psap,1.0
856489,4250,Brain_Myeloid_microglial_cell,549,375.0,375,10_60296002_60299097,5903,Psap,1.0
856490,4251,Brain_Myeloid_microglial_cell,549,101.0,101,10_60296002_60299097,5903,Psap,1.0
856491,4252,Brain_Myeloid_microglial_cell,549,336.0,336,10_60296002_60299097,5903,Psap,1.0
856492,4253,Brain_Myeloid_microglial_cell,549,203.0,203,10_60296002_60299097,5903,Psap,1.0
856493,4254,Brain_Myeloid_microglial_cell,549,214.0,214,10_60296002_60299097,5903,Psap,1.0
856494,4255,Brain_Myeloid_microglial_cell,549,224.0,224,10_60296002_60299097,5903,Psap,1.0
856495,4256,Brain_Myeloid_microglial_cell,549,78.0,78,10_60296002_60299097,5903,Psap,1.0
856496,4257,Brain_Myeloid_microglial_cell,549,274.0,274,10_60296002_60299097,5903,Psap,1.0
856497,4258,Brain_Myeloid_microglial_cell,549,499.0,499,10_60296002_60299097,5903,Psap,1.0
856498,4259,Brain_Myeloid_microglial_cell,549,607.0,607,10_60296002_60299097,5903,Psap,1.0
856499,4260,Brain_Myeloid_microglial_cell,549,397.0,397,10_60296002_60299097,5903,Psap,1.0
856500,4261,Brain_Myeloid_microglial_cell,549,195.0,195,10_60296002_60299097,5903,Psap,1.0
856501,4262,Brain_Myeloid_microglial_cell,549,505.0,505,10_60296002_60299097,5903,Psap,1.0
856502,4263,Brain_Myeloid_microglial_cell,549,257.0,257,10_60296002_60299097,5903,Psap,1.0
856503,4264,Brain_Myeloid_microglial_cell,549,166.0,166,10_60296002_60299097,5903,Psap,1.0
856504,4265,Brain_Myeloid_microglial_cell,549,554.0,554,10_60296002_60299097,5903,Psap,1.0
856505,4266,Brain_Myeloid_microglial_cell,549,283.0,283,10_60296002_60299097,5903,Psap,1.0
856506,4267,Brain_Myeloid_microglial_cell,549,385.0,385,10_60296002_60299097,5903,Psap,1.0
856507,4268,Brain_Myeloid_microglial_cell,549,134.0,134,10_60296002_60299097,5903,Psap,1.0
856508,4269,Brain_Myeloid_microglial_cell,549,716.0,716,10_60296002_60299097,5903,Psap,1.0
856509,4270,Brain_Myeloid_microglial_cell,549,176.0,176,10_60296002_60299097,5903,Psap,1.0
856510,4271,Brain_Myeloid_microglial_cell,549,59.0,59,10_60296002_60299097,5903,Psap,1.0
856511,4272,Brain_Myeloid_microglial_cell,549,535.0,543,10_60296002_60299097,5903,Psap,0.9852670349907919
856512,4273,Brain_Myeloid_microglial_cell,549,366.0,366,10_60296002_60299097,5903,Psap,1.0
856513,4274,Brain_Myeloid_microglial_cell,549,48.0,48,10_60296002_60299097,5903,Psap,1.0
856514,4275,Brain_Myeloid_microglial_cell,549,250.0,250,10_60296002_60299097,5903,Psap,1.0
856515,4276,Brain_Myeloid_microglial_cell,549,398.0,398,10_60296002_60299097,5903,Psap,1.0
856516,4277,Brain_Myeloid_microglial_cell,549,153.0,153,10_60296002_60299097,5903,Psap,1.0
856517,4278,Brain_Myeloid_microglial_cell,549,238.0,238,10_60296002_60299097,5903,Psap,1.0
856518,4279,Brain_Myeloid_microglial_cell,549,606.0,606,10_60296002_60299097,5903,Psap,1.0
856519,4280,Brain_Myeloid_microglial_cell,549,89.0,89,10_60296002_60299097,5903,Psap,1.0
856520,4281,Brain_Myeloid_microglial_cell,549,673.0,673,10_60296002_60299097,5903,Psap,1.0
856521,4282,Brain_Myeloid_microglial_cell,549,396.0,396,10_60296002_60299097,5903,Psap,1.0
856522,4283,Brain_Myeloid_microglial_cell,549,171.0,171,10_60296002_60299097,5903,Psap,1.0
856523,4284,Brain_Myeloid_microglial_cell,549,184.0,184,10_60296002_60299097,5903,Psap,1.0
856524,4285,Brain_Myeloid_microglial_cell,549,259.0,259,10_60296002_60299097,5903,Psap,1.0
856525,4286,Brain_Myeloid_microglial_cell,549,632.0,632,10_60296002_60299097,5903,Psap,1.0
856526,4287,Brain_Myeloid_microglial_cell,549,145.0,145,10_60296002_60299097,5903,Psap,1.0
856527,4288,Brain_Myeloid_microglial_cell,549,625.0,625,10_60296002_60299097,5903,Psap,1.0
856528,4289,Brain_Myeloid_microglial_cell,549,97.0,97,10_60296002_60299097,5903,Psap,1.0
856529,4290,Brain_Myeloid_microglial_cell,549,276.0,276,10_60296002_60299097,5903,Psap,1.0
856530,4291,Brain_Myeloid_microglial_cell,549,322.0,322,10_60296002_60299097,5903,Psap,1.0
856531,4292,Brain_Myeloid_microglial_cell,549,416.0,416,10_60296002_60299097,5903,Psap,1.0
856532,4293,Brain_Myeloid_microglial_cell,549,154.0,154,10_60296002_60299097,5903,Psap,1.0
856533,4294,Brain_Myeloid_microglial_cell,549,192.0,192,10_60296002_60299097,5903,Psap,1.0
856534,4295,Brain_Myeloid_microglial_cell,549,382.0,382,10_60296002_60299097,5903,Psap,1.0
856535,4296,Brain_Myeloid_microglial_cell,549,276.0,276,10_60296002_60299097,5903,Psap,1.0
856536,4297,Brain_Myeloid_microglial_cell,549,418.0,418,10_60296002_60299097,5903,Psap,1.0
856537,4298,Brain_Myeloid_microglial_cell,549,210.0,210,10_60296002_60299097,5903,Psap,1.0
856538,4299,Brain_Myeloid_microglial_cell,549,173.0,173,10_60296002_60299097,5903,Psap,1.0
856539,4300,Brain_Myeloid_microglial_cell,549,46.0,46,10_60296002_60299097,5903,Psap,1.0
856540,4301,Brain_Myeloid_microglial_cell,549,274.0,274,10_60296002_60299097,5903,Psap,1.0
856541,4302,Brain_Myeloid_microglial_cell,549,300.0,300,10_60296002_60299097,5903,Psap,1.0
856542,4303,Brain_Myeloid_microglial_cell,549,558.0,558,10_60296002_60299097,5903,Psap,1.0
856543,4304,Brain_Myeloid_microglial_cell,549,420.0,420,10_60296002_60299097,5903,Psap,1.0
856544,4305,Brain_Myeloid_microglial_cell,549,508.0,508,10_60296002_60299097,5903,Psap,1.0
856545,4306,Brain_Myeloid_microglial_cell,549,446.0,446,10_60296002_60299097,5903,Psap,1.0
856546,4307,Brain_Myeloid_microglial_cell,549,714.0,714,10_60296002_60299097,5903,Psap,1.0
856547,4308,Brain_Myeloid_microglial_cell,549,247.0,247,10_60296002_60299097,5903,Psap,1.0
856548,4309,Brain_Myeloid_microglial_cell,549,453.0,453,10_60296002_60299097,5903,Psap,1.0
856549,4310,Brain_Myeloid_microglial_cell,549,1386.0,1386,10_60296002_60299097,5903,Psap,1.0
856550,4311,Brain_Myeloid_microglial_cell,549,167.0,167,10_60296002_60299097,5903,Psap,1.0
856551,4312,Brain_Myeloid_microglial_cell,549,636.0,636,10_60296002_60299097,5903,Psap,1.0
856552,4313,Brain_Myeloid_microglial_cell,549,532.0,532,10_60296002_60299097,5903,Psap,1.0
856553,4314,Brain_Myeloid_microglial_cell,549,366.0,366,10_60296002_60299097,5903,Psap,1.0
856554,4315,Brain_Myeloid_microglial_cell,549,1503.0,1503,10_60296002_60299097,5903,Psap,1.0
856555,4316,Brain_Myeloid_microglial_cell,549,65.0,65,10_60296002_60299097,5903,Psap,1.0
856556,4317,Brain_Myeloid_microglial_cell,549,943.0,943,10_60296002_60299097,5903,Psap,1.0
856557,4318,Brain_Myeloid_microglial_cell,549,566.0,566,10_60296002_60299097,5903,Psap,1.0
856558,4319,Brain_Myeloid_microglial_cell,549,48.0,48,10_60296002_60299097,5903,Psap,1.0
856559,4320,Brain_Myeloid_microglial_cell,549,89.0,89,10_60296002_60299097,5903,Psap,1.0
856560,4321,Brain_Myeloid_microglial_cell,549,927.0,927,10_60296002_60299097,5903,Psap,1.0
856561,4322,Brain_Myeloid_microglial_cell,549,286.0,286,10_60296002_60299097,5903,Psap,1.0
856562,4323,Brain_Myeloid_microglial_cell,549,278.0,278,10_60296002_60299097,5903,Psap,1.0
856563,4324,Brain_Myeloid_microglial_cell,549,1150.0,1150,10_60296002_60299097,5903,Psap,1.0
856564,4325,Brain_Myeloid_microglial_cell,549,2338.0,2338,10_60296002_60299097,5903,Psap,1.0
856565,4326,Brain_Myeloid_microglial_cell,549,211.0,211,10_60296002_60299097,5903,Psap,1.0
856566,4327,Brain_Myeloid_microglial_cell,549,603.0,603,10_60296002_60299097,5903,Psap,1.0
856567,4328,Brain_Myeloid_microglial_cell,549,246.0,246,10_60296002_60299097,5903,Psap,1.0
856568,4329,Brain_Myeloid_microglial_cell,549,341.0,341,10_60296002_60299097,5903,Psap,1.0
856569,4330,Brain_Myeloid_microglial_cell,549,276.0,276,10_60296002_60299097,5903,Psap,1.0
856570,4331,Brain_Myeloid_microglial_cell,549,463.0,463,10_60296002_60299097,5903,Psap,1.0
856571,4332,Brain_Myeloid_microglial_cell,549,553.0,553,10_60296002_60299097,5903,Psap,1.0
856572,4333,Brain_Myeloid_microglial_cell,549,476.0,476,10_60296002_60299097,5903,Psap,1.0
856573,4334,Brain_Myeloid_microglial_cell,549,147.0,147,10_60296002_60299097,5903,Psap,1.0
856574,4335,Brain_Myeloid_microglial_cell,549,185.0,185,10_60296002_60299097,5903,Psap,1.0
856575,4336,Brain_Myeloid_microglial_cell,549,573.0,573,10_60296002_60299097,5903,Psap,1.0
856576,4337,Brain_Myeloid_microglial_cell,549,312.0,312,10_60296002_60299097,5903,Psap,1.0
856577,4338,Brain_Myeloid_microglial_cell,549,687.0,687,10_60296002_60299097,5903,Psap,1.0
856578,4339,Brain_Myeloid_microglial_cell,549,214.0,214,10_60296002_60299097,5903,Psap,1.0
856579,4340,Brain_Myeloid_microglial_cell,549,219.0,219,10_60296002_60299097,5903,Psap,1.0
856580,4341,Brain_Myeloid_microglial_cell,549,124.0,124,10_60296002_60299097,5903,Psap,1.0
856581,4342,Brain_Myeloid_microglial_cell,549,1338.0,1338,10_60296002_60299097,5903,Psap,1.0
856582,4343,Brain_Myeloid_microglial_cell,549,246.0,246,10_60296002_60299097,5903,Psap,1.0
856583,4346,Brain_Myeloid_microglial_cell,549,129.0,129,10_60296002_60299097,5903,Psap,1.0
856584,4347,Brain_Myeloid_microglial_cell,549,483.0,483,10_60296002_60299097,5903,Psap,1.0
856585,4348,Brain_Myeloid_microglial_cell,549,307.0,307,10_60296002_60299097,5903,Psap,1.0
856586,4349,Brain_Myeloid_microglial_cell,549,984.0,984,10_60296002_60299097,5903,Psap,1.0
856587,4350,Brain_Myeloid_microglial_cell,549,1280.0,1280,10_60296002_60299097,5903,Psap,1.0
856588,4351,Brain_Myeloid_microglial_cell,549,308.0,308,10_60296002_60299097,5903,Psap,1.0
856589,4352,Brain_Myeloid_microglial_cell,549,240.0,240,10_60296002_60299097,5903,Psap,1.0
856590,4353,Brain_Myeloid_microglial_cell,549,495.0,495,10_60296002_60299097,5903,Psap,1.0
856591,4354,Brain_Myeloid_microglial_cell,549,133.0,133,10_60296002_60299097,5903,Psap,1.0
856592,4355,Brain_Myeloid_microglial_cell,549,71.0,71,10_60296002_60299097,5903,Psap,1.0
856593,4356,Brain_Myeloid_microglial_cell,549,493.0,493,10_60296002_60299097,5903,Psap,1.0
856594,4357,Brain_Myeloid_microglial_cell,549,401.0,401,10_60296002_60299097,5903,Psap,1.0
856595,4358,Brain_Myeloid_microglial_cell,549,260.0,260,10_60296002_60299097,5903,Psap,1.0
856596,4359,Brain_Myeloid_microglial_cell,549,159.0,159,10_60296002_60299097,5903,Psap,1.0
856597,4360,Brain_Myeloid_microglial_cell,549,54.0,54,10_60296002_60299097,5903,Psap,1.0
856598,4361,Brain_Myeloid_microglial_cell,549,292.0,292,10_60296002_60299097,5903,Psap,1.0
856599,4362,Brain_Myeloid_microglial_cell,549,202.0,202,10_60296002_60299097,5903,Psap,1.0
856600,4363,Brain_Myeloid_microglial_cell,549,357.0,357,10_60296002_60299097,5903,Psap,1.0
856601,4364,Brain_Myeloid_microglial_cell,549,272.0,272,10_60296002_60299097,5903,Psap,1.0
856602,4365,Brain_Myeloid_microglial_cell,549,496.0,496,10_60296002_60299097,5903,Psap,1.0
856603,4366,Brain_Myeloid_microglial_cell,549,698.0,698,10_60296002_60299097,5903,Psap,1.0
856604,4367,Brain_Myeloid_microglial_cell,549,134.0,134,10_60296002_60299097,5903,Psap,1.0
856605,4368,Brain_Myeloid_microglial_cell,549,138.0,138,10_60296002_60299097,5903,Psap,1.0
856606,4369,Brain_Myeloid_microglial_cell,549,769.0,769,10_60296002_60299097,5903,Psap,1.0
856607,4370,Brain_Myeloid_microglial_cell,549,298.0,303,10_60296002_60299097,5903,Psap,0.9834983498349835
856608,4371,Brain_Myeloid_microglial_cell,549,855.0,855,10_60296002_60299097,5903,Psap,1.0
856609,4372,Brain_Myeloid_microglial_cell,549,188.0,188,10_60296002_60299097,5903,Psap,1.0
856610,4373,Brain_Myeloid_microglial_cell,549,93.0,94,10_60296002_60299097,5903,Psap,0.9893617021276596
856611,4374,Brain_Myeloid_microglial_cell,549,308.0,308,10_60296002_60299097,5903,Psap,1.0
856612,4375,Brain_Myeloid_microglial_cell,549,461.0,461,10_60296002_60299097,5903,Psap,1.0
856613,4376,Brain_Myeloid_microglial_cell,549,398.0,411,10_60296002_60299097,5903,Psap,0.9683698296836983
856614,4377,Brain_Myeloid_microglial_cell,549,197.0,197,10_60296002_60299097,5903,Psap,1.0
856615,4378,Brain_Myeloid_microglial_cell,549,134.0,134,10_60296002_60299097,5903,Psap,1.0
856616,4379,Brain_Myeloid_microglial_cell,549,121.0,121,10_60296002_60299097,5903,Psap,1.0
856617,4380,Brain_Myeloid_microglial_cell,549,535.0,535,10_60296002_60299097,5903,Psap,1.0
856618,4381,Brain_Myeloid_microglial_cell,549,98.0,98,10_60296002_60299097,5903,Psap,1.0
856619,4382,Brain_Myeloid_microglial_cell,549,79.0,79,10_60296002_60299097,5903,Psap,1.0
856620,4383,Brain_Myeloid_microglial_cell,549,133.0,133,10_60296002_60299097,5903,Psap,1.0
856621,4384,Brain_Myeloid_microglial_cell,549,264.0,264,10_60296002_60299097,5903,Psap,1.0
856622,4385,Brain_Myeloid_microglial_cell,549,595.0,595,10_60296002_60299097,5903,Psap,1.0
856623,4386,Brain_Myeloid_microglial_cell,549,486.0,486,10_60296002_60299097,5903,Psap,1.0
856624,4387,Brain_Myeloid_microglial_cell,549,365.0,365,10_60296002_60299097,5903,Psap,1.0
856625,4388,Brain_Myeloid_microglial_cell,549,274.0,274,10_60296002_60299097,5903,Psap,1.0
856626,4389,Brain_Myeloid_microglial_cell,549,51.0,51,10_60296002_60299097,5903,Psap,1.0
856627,4390,Brain_Myeloid_microglial_cell,549,112.0,112,10_60296002_60299097,5903,Psap,1.0
856628,4391,Brain_Myeloid_microglial_cell,549,303.0,303,10_60296002_60299097,5903,Psap,1.0
856629,4392,Brain_Myeloid_microglial_cell,549,53.0,53,10_60296002_60299097,5903,Psap,1.0
856630,4393,Brain_Myeloid_microglial_cell,549,189.0,189,10_60296002_60299097,5903,Psap,1.0
856631,4394,Brain_Myeloid_microglial_cell,549,68.0,68,10_60296002_60299097,5903,Psap,1.0
856632,4395,Brain_Myeloid_microglial_cell,549,222.0,222,10_60296002_60299097,5903,Psap,1.0
856633,4396,Brain_Myeloid_microglial_cell,549,438.0,438,10_60296002_60299097,5903,Psap,1.0
856634,4397,Brain_Myeloid_microglial_cell,549,349.0,349,10_60296002_60299097,5903,Psap,1.0
856635,4398,Brain_Myeloid_microglial_cell,549,277.0,277,10_60296002_60299097,5903,Psap,1.0
856636,4399,Brain_Myeloid_microglial_cell,549,308.0,308,10_60296002_60299097,5903,Psap,1.0
856637,4400,Brain_Myeloid_microglial_cell,549,236.0,236,10_60296002_60299097,5903,Psap,1.0
856638,4401,Brain_Myeloid_microglial_cell,549,84.0,84,10_60296002_60299097,5903,Psap,1.0
856639,4402,Brain_Myeloid_microglial_cell,549,167.0,167,10_60296002_60299097,5903,Psap,1.0
856640,4403,Brain_Myeloid_microglial_cell,549,191.0,191,10_60296002_60299097,5903,Psap,1.0
856641,4404,Brain_Myeloid_microglial_cell,549,205.0,205,10_60296002_60299097,5903,Psap,1.0
856642,4406,Brain_Myeloid_microglial_cell,549,211.0,211,10_60296002_60299097,5903,Psap,1.0
856643,4407,Brain_Myeloid_microglial_cell,549,489.0,489,10_60296002_60299097,5903,Psap,1.0
856644,4408,Brain_Myeloid_microglial_cell,549,278.0,278,10_60296002_60299097,5903,Psap,1.0
856645,4409,Brain_Myeloid_microglial_cell,549,404.0,404,10_60296002_60299097,5903,Psap,1.0
856646,4410,Brain_Myeloid_microglial_cell,549,350.0,350,10_60296002_60299097,5903,Psap,1.0
856647,4411,Brain_Myeloid_microglial_cell,549,364.0,364,10_60296002_60299097,5903,Psap,1.0
856648,4412,Brain_Myeloid_microglial_cell,549,396.0,396,10_60296002_60299097,5903,Psap,1.0
856649,4413,Brain_Myeloid_microglial_cell,549,323.0,323,10_60296002_60299097,5903,Psap,1.0
856650,4414,Brain_Myeloid_microglial_cell,549,148.0,148,10_60296002_60299097,5903,Psap,1.0
856651,4415,Brain_Myeloid_microglial_cell,549,848.0,848,10_60296002_60299097,5903,Psap,1.0
856652,4416,Brain_Myeloid_microglial_cell,549,230.0,230,10_60296002_60299097,5903,Psap,1.0
856653,4417,Brain_Myeloid_microglial_cell,549,271.0,271,10_60296002_60299097,5903,Psap,1.0
856654,4418,Brain_Myeloid_microglial_cell,549,589.0,589,10_60296002_60299097,5903,Psap,1.0
856655,4419,Brain_Myeloid_microglial_cell,549,239.0,239,10_60296002_60299097,5903,Psap,1.0
856656,4420,Brain_Myeloid_microglial_cell,549,327.0,327,10_60296002_60299097,5903,Psap,1.0
856657,4421,Brain_Myeloid_microglial_cell,549,335.0,335,10_60296002_60299097,5903,Psap,1.0
856658,4422,Brain_Myeloid_microglial_cell,549,237.0,237,10_60296002_60299097,5903,Psap,1.0
856659,4423,Brain_Myeloid_microglial_cell,549,217.0,217,10_60296002_60299097,5903,Psap,1.0
856660,4424,Brain_Myeloid_microglial_cell,549,701.0,701,10_60296002_60299097,5903,Psap,1.0
856661,4425,Brain_Myeloid_microglial_cell,549,148.0,148,10_60296002_60299097,5903,Psap,1.0
856662,4426,Brain_Myeloid_microglial_cell,549,369.0,369,10_60296002_60299097,5903,Psap,1.0
856663,4427,Brain_Myeloid_microglial_cell,549,1040.0,1040,10_60296002_60299097,5903,Psap,1.0
856664,4428,Brain_Myeloid_microglial_cell,549,218.0,218,10_60296002_60299097,5903,Psap,1.0
856665,4429,Brain_Myeloid_microglial_cell,549,102.0,102,10_60296002_60299097,5903,Psap,1.0
856666,4430,Brain_Myeloid_microglial_cell,549,868.0,868,10_60296002_60299097,5903,Psap,1.0
856667,4431,Brain_Myeloid_microglial_cell,549,197.0,197,10_60296002_60299097,5903,Psap,1.0
856668,4432,Brain_Myeloid_microglial_cell,549,200.0,200,10_60296002_60299097,5903,Psap,1.0
856669,4433,Brain_Myeloid_microglial_cell,549,294.0,294,10_60296002_60299097,5903,Psap,1.0
856670,4434,Brain_Myeloid_microglial_cell,549,629.0,629,10_60296002_60299097,5903,Psap,1.0
856671,4435,Brain_Myeloid_microglial_cell,549,271.0,271,10_60296002_60299097,5903,Psap,1.0
856672,4436,Brain_Myeloid_microglial_cell,549,348.0,348,10_60296002_60299097,5903,Psap,1.0
856673,4437,Brain_Myeloid_microglial_cell,549,479.0,479,10_60296002_60299097,5903,Psap,1.0
856674,4438,Brain_Myeloid_microglial_cell,549,122.0,122,10_60296002_60299097,5903,Psap,1.0
856675,4439,Brain_Myeloid_microglial_cell,549,11.0,11,10_60296002_60299097,5903,Psap,1.0
856676,4440,Brain_Myeloid_microglial_cell,549,272.0,272,10_60296002_60299097,5903,Psap,1.0
856677,4441,Brain_Myeloid_microglial_cell,549,94.0,94,10_60296002_60299097,5903,Psap,1.0
856678,4442,Brain_Myeloid_microglial_cell,549,66.0,66,10_60296002_60299097,5903,Psap,1.0
856679,4443,Brain_Myeloid_microglial_cell,549,318.0,318,10_60296002_60299097,5903,Psap,1.0
856680,4444,Brain_Myeloid_microglial_cell,549,41.0,41,10_60296002_60299097,5903,Psap,1.0
856681,4445,Brain_Myeloid_microglial_cell,549,262.0,262,10_60296002_60299097,5903,Psap,1.0
856682,4446,Brain_Myeloid_microglial_cell,549,292.0,292,10_60296002_60299097,5903,Psap,1.0
856683,4447,Brain_Myeloid_microglial_cell,549,433.0,433,10_60296002_60299097,5903,Psap,1.0
856684,4448,Brain_Myeloid_microglial_cell,549,437.0,437,10_60296002_60299097,5903,Psap,1.0
856685,4449,Brain_Myeloid_microglial_cell,549,196.0,196,10_60296002_60299097,5903,Psap,1.0
856686,4450,Brain_Myeloid_microglial_cell,549,248.0,248,10_60296002_60299097,5903,Psap,1.0
856687,4451,Brain_Myeloid_microglial_cell,549,651.0,651,10_60296002_60299097,5903,Psap,1.0
856688,4452,Brain_Myeloid_microglial_cell,549,564.0,564,10_60296002_60299097,5903,Psap,1.0
856689,4453,Brain_Myeloid_microglial_cell,549,67.0,67,10_60296002_60299097,5903,Psap,1.0
856690,4454,Brain_Myeloid_microglial_cell,549,254.0,254,10_60296002_60299097,5903,Psap,1.0
856691,4455,Brain_Myeloid_microglial_cell,549,313.0,313,10_60296002_60299097,5903,Psap,1.0
856692,4456,Brain_Myeloid_microglial_cell,549,611.0,611,10_60296002_60299097,5903,Psap,1.0
856693,4457,Brain_Myeloid_microglial_cell,549,352.0,352,10_60296002_60299097,5903,Psap,1.0
856694,4458,Brain_Myeloid_microglial_cell,549,446.0,446,10_60296002_60299097,5903,Psap,1.0
856695,4459,Brain_Myeloid_microglial_cell,549,197.0,197,10_60296002_60299097,5903,Psap,1.0
856696,4460,Brain_Myeloid_microglial_cell,549,1210.0,1210,10_60296002_60299097,5903,Psap,1.0
856697,4461,Brain_Myeloid_microglial_cell,549,121.0,121,10_60296002_60299097,5903,Psap,1.0
856698,4462,Brain_Myeloid_microglial_cell,549,546.0,546,10_60296002_60299097,5903,Psap,1.0
856699,4463,Brain_Myeloid_microglial_cell,549,161.0,161,10_60296002_60299097,5903,Psap,1.0
856700,4464,Brain_Myeloid_microglial_cell,549,659.0,670,10_60296002_60299097,5903,Psap,0.9835820895522388
856701,4465,Brain_Myeloid_microglial_cell,549,196.0,196,10_60296002_60299097,5903,Psap,1.0
856702,4466,Brain_Myeloid_microglial_cell,549,76.0,76,10_60296002_60299097,5903,Psap,1.0
856703,4467,Brain_Myeloid_microglial_cell,549,94.0,94,10_60296002_60299097,5903,Psap,1.0
856704,4468,Brain_Myeloid_microglial_cell,549,477.0,477,10_60296002_60299097,5903,Psap,1.0
856705,4469,Brain_Myeloid_microglial_cell,549,669.0,683,10_60296002_60299097,5903,Psap,0.9795021961932651
856706,4470,Brain_Myeloid_microglial_cell,549,1065.0,1065,10_60296002_60299097,5903,Psap,1.0
856707,4471,Brain_Myeloid_microglial_cell,549,412.0,412,10_60296002_60299097,5903,Psap,1.0
856708,4472,Brain_Myeloid_microglial_cell,549,329.0,334,10_60296002_60299097,5903,Psap,0.9850299401197605
856709,4473,Brain_Myeloid_microglial_cell,549,164.0,164,10_60296002_60299097,5903,Psap,1.0
856710,4474,Brain_Myeloid_microglial_cell,549,52.0,52,10_60296002_60299097,5903,Psap,1.0
856711,4475,Brain_Myeloid_microglial_cell,549,207.0,207,10_60296002_60299097,5903,Psap,1.0
856712,4476,Brain_Myeloid_microglial_cell,549,894.0,894,10_60296002_60299097,5903,Psap,1.0
856713,4477,Brain_Myeloid_microglial_cell,549,262.0,262,10_60296002_60299097,5903,Psap,1.0
856714,4478,Brain_Myeloid_microglial_cell,549,461.0,461,10_60296002_60299097,5903,Psap,1.0
856715,4479,Brain_Myeloid_microglial_cell,549,562.0,562,10_60296002_60299097,5903,Psap,1.0
856716,4480,Brain_Myeloid_microglial_cell,549,507.0,507,10_60296002_60299097,5903,Psap,1.0
856717,4481,Brain_Myeloid_microglial_cell,549,1010.0,1010,10_60296002_60299097,5903,Psap,1.0
856718,4482,Brain_Myeloid_microglial_cell,549,287.0,287,10_60296002_60299097,5903,Psap,1.0
856719,4483,Brain_Myeloid_microglial_cell,549,102.0,102,10_60296002_60299097,5903,Psap,1.0
856720,4484,Brain_Myeloid_microglial_cell,549,264.0,264,10_60296002_60299097,5903,Psap,1.0
856721,4485,Brain_Myeloid_microglial_cell,549,474.0,474,10_60296002_60299097,5903,Psap,1.0
856722,4486,Brain_Myeloid_microglial_cell,549,291.0,291,10_60296002_60299097,5903,Psap,1.0
856723,4487,Brain_Myeloid_microglial_cell,549,600.0,600,10_60296002_60299097,5903,Psap,1.0
856724,4488,Brain_Myeloid_microglial_cell,549,278.0,278,10_60296002_60299097,5903,Psap,1.0
856725,4489,Brain_Myeloid_microglial_cell,549,967.0,967,10_60296002_60299097,5903,Psap,1.0
856726,4490,Brain_Myeloid_microglial_cell,549,514.0,514,10_60296002_60299097,5903,Psap,1.0
856727,4491,Brain_Myeloid_microglial_cell,549,138.0,138,10_60296002_60299097,5903,Psap,1.0
856728,4492,Brain_Myeloid_microglial_cell,549,741.0,741,10_60296002_60299097,5903,Psap,1.0
856729,4493,Brain_Myeloid_microglial_cell,549,44.0,44,10_60296002_60299097,5903,Psap,1.0
856730,4494,Brain_Myeloid_microglial_cell,549,286.0,286,10_60296002_60299097,5903,Psap,1.0
856731,4495,Brain_Myeloid_microglial_cell,549,429.0,429,10_60296002_60299097,5903,Psap,1.0
856732,4496,Brain_Myeloid_microglial_cell,549,560.0,560,10_60296002_60299097,5903,Psap,1.0
856733,4497,Brain_Myeloid_microglial_cell,549,288.0,288,10_60296002_60299097,5903,Psap,1.0
856734,4498,Brain_Myeloid_microglial_cell,549,303.0,303,10_60296002_60299097,5903,Psap,1.0
856735,4499,Brain_Myeloid_microglial_cell,549,758.0,758,10_60296002_60299097,5903,Psap,1.0
856736,4500,Brain_Myeloid_microglial_cell,549,718.0,718,10_60296002_60299097,5903,Psap,1.0
856737,4501,Brain_Myeloid_microglial_cell,549,76.0,76,10_60296002_60299097,5903,Psap,1.0
856738,4502,Brain_Myeloid_microglial_cell,549,1600.0,1600,10_60296002_60299097,5903,Psap,1.0
856739,4503,Brain_Myeloid_microglial_cell,549,76.0,76,10_60296002_60299097,5903,Psap,1.0
856740,4504,Brain_Myeloid_microglial_cell,549,288.0,288,10_60296002_60299097,5903,Psap,1.0
856741,4505,Brain_Myeloid_microglial_cell,549,101.0,101,10_60296002_60299097,5903,Psap,1.0
856742,4506,Brain_Myeloid_microglial_cell,549,173.0,173,10_60296002_60299097,5903,Psap,1.0
856743,4507,Brain_Myeloid_microglial_cell,549,18.0,18,10_60296002_60299097,5903,Psap,1.0
856744,4508,Brain_Myeloid_microglial_cell,549,396.0,396,10_60296002_60299097,5903,Psap,1.0
856745,4509,Brain_Myeloid_microglial_cell,549,392.0,392,10_60296002_60299097,5903,Psap,1.0
856746,4510,Brain_Myeloid_microglial_cell,549,243.0,243,10_60296002_60299097,5903,Psap,1.0
856747,4511,Brain_Myeloid_microglial_cell,549,603.0,603,10_60296002_60299097,5903,Psap,1.0
856748,4512,Brain_Myeloid_microglial_cell,549,893.0,893,10_60296002_60299097,5903,Psap,1.0
856749,4513,Brain_Myeloid_microglial_cell,549,219.0,219,10_60296002_60299097,5903,Psap,1.0
856750,4514,Brain_Myeloid_microglial_cell,549,1056.0,1056,10_60296002_60299097,5903,Psap,1.0
856751,4515,Brain_Myeloid_microglial_cell,549,437.0,437,10_60296002_60299097,5903,Psap,1.0
856752,4516,Brain_Myeloid_microglial_cell,549,103.0,103,10_60296002_60299097,5903,Psap,1.0
856753,4517,Brain_Myeloid_microglial_cell,549,690.0,690,10_60296002_60299097,5903,Psap,1.0
856754,4518,Brain_Myeloid_microglial_cell,549,937.0,937,10_60296002_60299097,5903,Psap,1.0
856755,4519,Brain_Myeloid_microglial_cell,549,155.0,155,10_60296002_60299097,5903,Psap,1.0
856756,4520,Brain_Myeloid_microglial_cell,549,455.0,455,10_60296002_60299097,5903,Psap,1.0
856757,4521,Brain_Myeloid_microglial_cell,549,1249.0,1249,10_60296002_60299097,5903,Psap,1.0
856758,4522,Brain_Myeloid_microglial_cell,549,802.0,802,10_60296002_60299097,5903,Psap,1.0
856759,4523,Brain_Myeloid_microglial_cell,549,95.0,95,10_60296002_60299097,5903,Psap,1.0
856760,4524,Brain_Myeloid_microglial_cell,549,351.0,351,10_60296002_60299097,5903,Psap,1.0
856761,4525,Brain_Myeloid_microglial_cell,549,314.0,314,10_60296002_60299097,5903,Psap,1.0
856762,4526,Brain_Myeloid_microglial_cell,549,300.0,300,10_60296002_60299097,5903,Psap,1.0
856763,4527,Brain_Myeloid_microglial_cell,549,1347.0,1347,10_60296002_60299097,5903,Psap,1.0
856764,4528,Brain_Myeloid_microglial_cell,549,786.0,786,10_60296002_60299097,5903,Psap,1.0
856765,4529,Brain_Myeloid_microglial_cell,549,109.0,109,10_60296002_60299097,5903,Psap,1.0
856766,4530,Brain_Myeloid_microglial_cell,549,109.0,109,10_60296002_60299097,5903,Psap,1.0
856767,4531,Brain_Myeloid_microglial_cell,549,1049.0,1049,10_60296002_60299097,5903,Psap,1.0
856768,4532,Brain_Myeloid_microglial_cell,549,409.0,409,10_60296002_60299097,5903,Psap,1.0
856769,4533,Brain_Myeloid_microglial_cell,549,490.0,490,10_60296002_60299097,5903,Psap,1.0
856770,4534,Brain_Myeloid_microglial_cell,549,3240.0,3240,10_60296002_60299097,5903,Psap,1.0
856771,4535,Brain_Myeloid_microglial_cell,549,330.0,330,10_60296002_60299097,5903,Psap,1.0
856772,4536,Brain_Myeloid_microglial_cell,549,649.0,649,10_60296002_60299097,5903,Psap,1.0
856773,4537,Brain_Myeloid_microglial_cell,549,306.0,306,10_60296002_60299097,5903,Psap,1.0
856774,4539,Brain_Myeloid_microglial_cell,549,281.0,281,10_60296002_60299097,5903,Psap,1.0
856775,4540,Brain_Myeloid_microglial_cell,549,183.0,183,10_60296002_60299097,5903,Psap,1.0
856776,4541,Brain_Myeloid_microglial_cell,549,193.0,193,10_60296002_60299097,5903,Psap,1.0
856777,4542,Brain_Myeloid_microglial_cell,549,159.0,159,10_60296002_60299097,5903,Psap,1.0
856778,4543,Brain_Myeloid_microglial_cell,549,282.0,282,10_60296002_60299097,5903,Psap,1.0
856779,4544,Brain_Myeloid_microglial_cell,549,329.0,329,10_60296002_60299097,5903,Psap,1.0
856780,4545,Brain_Myeloid_microglial_cell,549,2450.0,2450,10_60296002_60299097,5903,Psap,1.0
856781,4546,Brain_Myeloid_microglial_cell,549,175.0,175,10_60296002_60299097,5903,Psap,1.0
856782,4547,Brain_Myeloid_microglial_cell,549,557.0,557,10_60296002_60299097,5903,Psap,1.0
856783,4548,Brain_Myeloid_microglial_cell,549,298.0,298,10_60296002_60299097,5903,Psap,1.0
856784,4549,Brain_Myeloid_microglial_cell,549,522.0,522,10_60296002_60299097,5903,Psap,1.0
856785,4550,Brain_Myeloid_microglial_cell,549,101.0,101,10_60296002_60299097,5903,Psap,1.0
856786,4551,Brain_Myeloid_microglial_cell,549,332.0,332,10_60296002_60299097,5903,Psap,1.0
856787,4552,Brain_Myeloid_microglial_cell,549,277.0,277,10_60296002_60299097,5903,Psap,1.0
856788,4553,Brain_Myeloid_microglial_cell,549,478.0,478,10_60296002_60299097,5903,Psap,1.0
856789,4554,Brain_Myeloid_microglial_cell,549,88.0,88,10_60296002_60299097,5903,Psap,1.0
856790,4555,Brain_Myeloid_microglial_cell,549,10.0,10,10_60296002_60299097,5903,Psap,1.0
856791,4556,Brain_Myeloid_microglial_cell,549,181.0,181,10_60296002_60299097,5903,Psap,1.0
856792,4557,Brain_Myeloid_microglial_cell,549,173.0,173,10_60296002_60299097,5903,Psap,1.0
856793,4558,Brain_Myeloid_microglial_cell,549,31.0,31,10_60296002_60299097,5903,Psap,1.0
856794,4559,Brain_Myeloid_microglial_cell,549,224.0,224,10_60296002_60299097,5903,Psap,1.0
856795,4560,Brain_Myeloid_microglial_cell,549,189.0,189,10_60296002_60299097,5903,Psap,1.0
856796,4561,Brain_Myeloid_microglial_cell,549,947.0,947,10_60296002_60299097,5903,Psap,1.0
856797,4562,Brain_Myeloid_microglial_cell,549,476.0,476,10_60296002_60299097,5903,Psap,1.0
856798,4563,Brain_Myeloid_microglial_cell,549,789.0,800,10_60296002_60299097,5903,Psap,0.98625
856799,4564,Brain_Myeloid_microglial_cell,549,319.0,319,10_60296002_60299097,5903,Psap,1.0
856800,4565,Brain_Myeloid_microglial_cell,549,163.0,163,10_60296002_60299097,5903,Psap,1.0
856801,4566,Brain_Myeloid_microglial_cell,549,183.0,184,10_60296002_60299097,5903,Psap,0.9945652173913043
856802,4567,Brain_Myeloid_microglial_cell,549,598.0,598,10_60296002_60299097,5903,Psap,1.0
856803,4568,Brain_Myeloid_microglial_cell,549,2140.0,2140,10_60296002_60299097,5903,Psap,1.0
856804,4569,Brain_Myeloid_microglial_cell,549,240.0,240,10_60296002_60299097,5903,Psap,1.0
856805,4570,Brain_Myeloid_microglial_cell,549,2099.0,2099,10_60296002_60299097,5903,Psap,1.0
856806,4571,Brain_Myeloid_microglial_cell,549,619.0,619,10_60296002_60299097,5903,Psap,1.0
856807,4572,Brain_Myeloid_microglial_cell,549,214.0,214,10_60296002_60299097,5903,Psap,1.0
856808,4573,Brain_Myeloid_microglial_cell,549,420.0,420,10_60296002_60299097,5903,Psap,1.0
856809,4574,Brain_Myeloid_microglial_cell,549,173.0,173,10_60296002_60299097,5903,Psap,1.0
856810,4575,Brain_Myeloid_microglial_cell,549,106.0,106,10_60296002_60299097,5903,Psap,1.0
856811,4576,Brain_Myeloid_microglial_cell,549,39.0,39,10_60296002_60299097,5903,Psap,1.0
856812,4577,Brain_Myeloid_microglial_cell,549,280.0,280,10_60296002_60299097,5903,Psap,1.0
856813,4578,Brain_Myeloid_microglial_cell,549,632.0,632,10_60296002_60299097,5903,Psap,1.0
856814,4579,Brain_Myeloid_microglial_cell,549,754.0,754,10_60296002_60299097,5903,Psap,1.0
856815,4580,Brain_Myeloid_microglial_cell,549,704.0,704,10_60296002_60299097,5903,Psap,1.0
856816,4581,Brain_Myeloid_microglial_cell,549,69.0,69,10_60296002_60299097,5903,Psap,1.0
856817,4582,Brain_Myeloid_microglial_cell,549,466.0,466,10_60296002_60299097,5903,Psap,1.0
856818,4583,Brain_Myeloid_microglial_cell,549,126.0,126,10_60296002_60299097,5903,Psap,1.0
856819,4584,Brain_Myeloid_microglial_cell,549,312.0,312,10_60296002_60299097,5903,Psap,1.0
856820,4586,Brain_Myeloid_microglial_cell,549,134.0,134,10_60296002_60299097,5903,Psap,1.0
856821,4587,Brain_Myeloid_microglial_cell,549,636.0,636,10_60296002_60299097,5903,Psap,1.0
856822,4588,Brain_Myeloid_microglial_cell,549,49.0,49,10_60296002_60299097,5903,Psap,1.0
856823,4589,Brain_Myeloid_microglial_cell,549,1873.0,1873,10_60296002_60299097,5903,Psap,1.0
856824,4590,Brain_Myeloid_microglial_cell,549,125.0,125,10_60296002_60299097,5903,Psap,1.0
856825,4591,Brain_Myeloid_microglial_cell,549,127.0,127,10_60296002_60299097,5903,Psap,1.0
856826,4592,Brain_Myeloid_microglial_cell,549,391.0,391,10_60296002_60299097,5903,Psap,1.0
856827,4593,Brain_Myeloid_microglial_cell,549,558.0,558,10_60296002_60299097,5903,Psap,1.0
856828,4594,Brain_Myeloid_microglial_cell,549,672.0,672,10_60296002_60299097,5903,Psap,1.0
856829,4596,Brain_Myeloid_microglial_cell,549,295.0,295,10_60296002_60299097,5903,Psap,1.0
856830,4597,Brain_Myeloid_microglial_cell,549,670.0,670,10_60296002_60299097,5903,Psap,1.0
856831,4598,Brain_Myeloid_microglial_cell,549,218.0,218,10_60296002_60299097,5903,Psap,1.0
856832,4599,Brain_Myeloid_microglial_cell,549,384.0,384,10_60296002_60299097,5903,Psap,1.0
856833,4600,Brain_Myeloid_microglial_cell,549,14.0,14,10_60296002_60299097,5903,Psap,1.0
856834,4601,Brain_Myeloid_microglial_cell,549,788.0,788,10_60296002_60299097,5903,Psap,1.0
856835,4602,Brain_Myeloid_microglial_cell,549,132.0,132,10_60296002_60299097,5903,Psap,1.0
856836,4603,Brain_Myeloid_microglial_cell,549,325.0,325,10_60296002_60299097,5903,Psap,1.0
856837,4604,Brain_Myeloid_microglial_cell,549,86.0,86,10_60296002_60299097,5903,Psap,1.0
856838,4605,Brain_Myeloid_microglial_cell,549,136.0,136,10_60296002_60299097,5903,Psap,1.0
856839,4606,Brain_Myeloid_microglial_cell,549,167.0,167,10_60296002_60299097,5903,Psap,1.0
856840,4607,Brain_Myeloid_microglial_cell,549,154.0,154,10_60296002_60299097,5903,Psap,1.0
856841,4608,Brain_Myeloid_microglial_cell,549,303.0,303,10_60296002_60299097,5903,Psap,1.0
856842,4609,Brain_Myeloid_microglial_cell,549,428.0,428,10_60296002_60299097,5903,Psap,1.0
856843,4610,Brain_Myeloid_microglial_cell,549,363.0,363,10_60296002_60299097,5903,Psap,1.0
856844,4611,Brain_Myeloid_microglial_cell,549,365.0,365,10_60296002_60299097,5903,Psap,1.0
856845,4612,Brain_Myeloid_microglial_cell,549,109.0,109,10_60296002_60299097,5903,Psap,1.0
856846,4613,Brain_Myeloid_microglial_cell,549,537.0,537,10_60296002_60299097,5903,Psap,1.0
856847,4614,Brain_Myeloid_microglial_cell,549,43.0,43,10_60296002_60299097,5903,Psap,1.0
856848,4615,Brain_Myeloid_microglial_cell,549,641.0,641,10_60296002_60299097,5903,Psap,1.0
856849,4616,Brain_Myeloid_microglial_cell,549,74.0,74,10_60296002_60299097,5903,Psap,1.0
856850,4617,Brain_Myeloid_microglial_cell,549,463.0,463,10_60296002_60299097,5903,Psap,1.0
856851,4618,Brain_Myeloid_microglial_cell,549,297.0,297,10_60296002_60299097,5903,Psap,1.0
856852,4619,Brain_Myeloid_microglial_cell,549,210.0,210,10_60296002_60299097,5903,Psap,1.0
856853,4620,Brain_Myeloid_microglial_cell,549,247.0,247,10_60296002_60299097,5903,Psap,1.0
856854,4621,Brain_Myeloid_microglial_cell,549,307.0,307,10_60296002_60299097,5903,Psap,1.0
856855,4622,Brain_Myeloid_microglial_cell,549,362.0,362,10_60296002_60299097,5903,Psap,1.0
856856,4623,Brain_Myeloid_microglial_cell,549,563.0,563,10_60296002_60299097,5903,Psap,1.0
856857,4624,Brain_Myeloid_microglial_cell,549,618.0,618,10_60296002_60299097,5903,Psap,1.0
856858,4625,Brain_Myeloid_microglial_cell,549,161.0,161,10_60296002_60299097,5903,Psap,1.0
856859,4626,Brain_Myeloid_microglial_cell,549,533.0,533,10_60296002_60299097,5903,Psap,1.0
856860,4627,Brain_Myeloid_microglial_cell,549,411.0,411,10_60296002_60299097,5903,Psap,1.0
856861,4628,Brain_Myeloid_microglial_cell,549,777.0,777,10_60296002_60299097,5903,Psap,1.0
856862,4629,Brain_Myeloid_microglial_cell,549,693.0,693,10_60296002_60299097,5903,Psap,1.0
856863,4630,Brain_Myeloid_microglial_cell,549,49.0,49,10_60296002_60299097,5903,Psap,1.0
856864,4631,Brain_Myeloid_microglial_cell,549,339.0,339,10_60296002_60299097,5903,Psap,1.0
856865,4632,Brain_Myeloid_microglial_cell,549,797.0,797,10_60296002_60299097,5903,Psap,1.0
856866,4633,Brain_Myeloid_microglial_cell,549,155.0,155,10_60296002_60299097,5903,Psap,1.0
856867,4634,Brain_Myeloid_microglial_cell,549,1133.0,1133,10_60296002_60299097,5903,Psap,1.0
856868,4635,Brain_Myeloid_microglial_cell,549,125.0,125,10_60296002_60299097,5903,Psap,1.0
856869,4636,Brain_Myeloid_microglial_cell,549,79.0,79,10_60296002_60299097,5903,Psap,1.0
856870,4637,Brain_Myeloid_microglial_cell,549,135.0,135,10_60296002_60299097,5903,Psap,1.0
856871,4638,Brain_Myeloid_microglial_cell,549,244.0,244,10_60296002_60299097,5903,Psap,1.0
856872,4639,Brain_Myeloid_microglial_cell,549,699.0,699,10_60296002_60299097,5903,Psap,1.0
856873,4640,Brain_Myeloid_microglial_cell,549,539.0,539,10_60296002_60299097,5903,Psap,1.0
856874,4641,Brain_Myeloid_microglial_cell,549,129.0,129,10_60296002_60299097,5903,Psap,1.0
856875,4642,Brain_Myeloid_microglial_cell,549,113.0,113,10_60296002_60299097,5903,Psap,1.0
856876,4643,Brain_Myeloid_microglial_cell,549,207.0,207,10_60296002_60299097,5903,Psap,1.0
856877,4644,Brain_Myeloid_microglial_cell,549,309.0,309,10_60296002_60299097,5903,Psap,1.0
856878,4645,Brain_Myeloid_microglial_cell,549,163.0,163,10_60296002_60299097,5903,Psap,1.0
856879,4646,Brain_Myeloid_microglial_cell,549,328.0,328,10_60296002_60299097,5903,Psap,1.0
856880,4647,Brain_Myeloid_microglial_cell,549,394.0,394,10_60296002_60299097,5903,Psap,1.0
856881,4649,Brain_Myeloid_microglial_cell,549,330.0,330,10_60296002_60299097,5903,Psap,1.0
856882,4650,Brain_Myeloid_microglial_cell,549,268.0,268,10_60296002_60299097,5903,Psap,1.0
856883,4651,Brain_Myeloid_microglial_cell,549,357.0,357,10_60296002_60299097,5903,Psap,1.0
856884,4652,Brain_Myeloid_microglial_cell,549,234.0,234,10_60296002_60299097,5903,Psap,1.0
856885,4653,Brain_Myeloid_microglial_cell,549,811.0,811,10_60296002_60299097,5903,Psap,1.0
856886,4654,Brain_Myeloid_microglial_cell,549,226.0,226,10_60296002_60299097,5903,Psap,1.0
856887,4655,Brain_Myeloid_microglial_cell,549,26.0,26,10_60296002_60299097,5903,Psap,1.0
856888,4656,Brain_Myeloid_microglial_cell,549,381.0,381,10_60296002_60299097,5903,Psap,1.0
856889,4657,Brain_Myeloid_microglial_cell,549,224.0,228,10_60296002_60299097,5903,Psap,0.9824561403508771
856890,4658,Brain_Myeloid_microglial_cell,549,395.0,396,10_60296002_60299097,5903,Psap,0.9974747474747475
856891,4659,Brain_Myeloid_microglial_cell,549,466.0,466,10_60296002_60299097,5903,Psap,1.0
856892,4660,Brain_Myeloid_microglial_cell,549,427.0,427,10_60296002_60299097,5903,Psap,1.0
856893,4661,Brain_Myeloid_microglial_cell,549,561.0,566,10_60296002_60299097,5903,Psap,0.991166077738516
856894,4662,Brain_Myeloid_microglial_cell,549,391.0,391,10_60296002_60299097,5903,Psap,1.0
856895,4663,Brain_Myeloid_microglial_cell,549,535.0,535,10_60296002_60299097,5903,Psap,1.0
856896,4664,Brain_Myeloid_microglial_cell,549,326.0,326,10_60296002_60299097,5903,Psap,1.0
856897,4665,Brain_Myeloid_microglial_cell,549,57.0,57,10_60296002_60299097,5903,Psap,1.0
856898,4666,Brain_Myeloid_microglial_cell,549,943.0,943,10_60296002_60299097,5903,Psap,1.0
856899,4667,Brain_Myeloid_microglial_cell,549,189.0,189,10_60296002_60299097,5903,Psap,1.0
856900,4668,Brain_Myeloid_microglial_cell,549,2086.0,2086,10_60296002_60299097,5903,Psap,1.0
856901,4669,Brain_Myeloid_microglial_cell,549,212.0,212,10_60296002_60299097,5903,Psap,1.0
856902,4670,Brain_Myeloid_microglial_cell,549,288.0,288,10_60296002_60299097,5903,Psap,1.0
856903,4671,Brain_Myeloid_microglial_cell,549,310.0,310,10_60296002_60299097,5903,Psap,1.0
856904,4672,Brain_Myeloid_microglial_cell,549,49.0,49,10_60296002_60299097,5903,Psap,1.0
856905,4673,Brain_Myeloid_microglial_cell,549,275.0,275,10_60296002_60299097,5903,Psap,1.0
856906,4674,Brain_Myeloid_microglial_cell,549,163.0,163,10_60296002_60299097,5903,Psap,1.0
856907,4675,Brain_Myeloid_microglial_cell,549,301.0,301,10_60296002_60299097,5903,Psap,1.0
856908,4676,Brain_Myeloid_microglial_cell,549,98.0,98,10_60296002_60299097,5903,Psap,1.0
856909,4677,Brain_Myeloid_microglial_cell,549,216.0,216,10_60296002_60299097,5903,Psap,1.0
856910,4678,Brain_Myeloid_microglial_cell,549,395.0,395,10_60296002_60299097,5903,Psap,1.0
856911,4679,Brain_Myeloid_microglial_cell,549,173.0,173,10_60296002_60299097,5903,Psap,1.0
856912,4680,Brain_Myeloid_microglial_cell,549,111.0,111,10_60296002_60299097,5903,Psap,1.0
856913,4681,Brain_Myeloid_microglial_cell,549,84.0,84,10_60296002_60299097,5903,Psap,1.0
856914,4682,Brain_Myeloid_microglial_cell,549,412.0,412,10_60296002_60299097,5903,Psap,1.0
856915,4683,Brain_Myeloid_microglial_cell,549,123.0,123,10_60296002_60299097,5903,Psap,1.0
856916,4684,Brain_Myeloid_microglial_cell,549,444.0,444,10_60296002_60299097,5903,Psap,1.0
856917,4685,Brain_Myeloid_microglial_cell,549,204.0,204,10_60296002_60299097,5903,Psap,1.0
856918,4686,Brain_Myeloid_microglial_cell,549,489.0,489,10_60296002_60299097,5903,Psap,1.0
856919,4687,Brain_Myeloid_microglial_cell,549,892.0,892,10_60296002_60299097,5903,Psap,1.0
856920,4688,Brain_Myeloid_microglial_cell,549,133.0,133,10_60296002_60299097,5903,Psap,1.0
856921,4689,Brain_Myeloid_microglial_cell,549,497.0,497,10_60296002_60299097,5903,Psap,1.0
856922,4690,Brain_Myeloid_microglial_cell,549,6.0,6,10_60296002_60299097,5903,Psap,1.0
856923,4691,Brain_Myeloid_microglial_cell,549,19.0,19,10_60296002_60299097,5903,Psap,1.0
856924,4692,Brain_Myeloid_microglial_cell,549,134.0,134,10_60296002_60299097,5903,Psap,1.0
856925,4693,Brain_Myeloid_microglial_cell,549,65.0,65,10_60296002_60299097,5903,Psap,1.0
856926,4694,Brain_Myeloid_microglial_cell,549,226.0,226,10_60296002_60299097,5903,Psap,1.0
856927,4695,Brain_Myeloid_microglial_cell,549,657.0,657,10_60296002_60299097,5903,Psap,1.0
856928,4696,Brain_Myeloid_microglial_cell,549,448.0,448,10_60296002_60299097,5903,Psap,1.0
856929,4697,Brain_Myeloid_microglial_cell,549,621.0,621,10_60296002_60299097,5903,Psap,1.0
856930,4698,Brain_Myeloid_microglial_cell,549,119.0,119,10_60296002_60299097,5903,Psap,1.0
856931,4699,Brain_Myeloid_microglial_cell,549,346.0,346,10_60296002_60299097,5903,Psap,1.0
856932,4700,Brain_Myeloid_microglial_cell,549,451.0,451,10_60296002_60299097,5903,Psap,1.0
856933,4701,Brain_Myeloid_microglial_cell,549,477.0,477,10_60296002_60299097,5903,Psap,1.0
856934,4702,Brain_Myeloid_microglial_cell,549,409.0,409,10_60296002_60299097,5903,Psap,1.0
856935,4703,Brain_Myeloid_microglial_cell,549,100.0,100,10_60296002_60299097,5903,Psap,1.0
856936,4704,Brain_Myeloid_microglial_cell,549,311.0,311,10_60296002_60299097,5903,Psap,1.0
856937,4705,Brain_Myeloid_microglial_cell,549,35.0,35,10_60296002_60299097,5903,Psap,1.0
856938,4706,Brain_Myeloid_microglial_cell,549,271.0,271,10_60296002_60299097,5903,Psap,1.0
856939,4707,Brain_Myeloid_microglial_cell,549,83.0,83,10_60296002_60299097,5903,Psap,1.0
856940,4708,Brain_Myeloid_microglial_cell,549,794.0,794,10_60296002_60299097,5903,Psap,1.0
856941,4709,Brain_Myeloid_microglial_cell,549,205.0,205,10_60296002_60299097,5903,Psap,1.0
856942,4710,Brain_Myeloid_microglial_cell,549,376.0,376,10_60296002_60299097,5903,Psap,1.0
856943,4711,Brain_Myeloid_microglial_cell,549,398.0,398,10_60296002_60299097,5903,Psap,1.0
856944,4712,Brain_Myeloid_microglial_cell,549,369.0,369,10_60296002_60299097,5903,Psap,1.0
856945,4713,Brain_Myeloid_microglial_cell,549,358.0,358,10_60296002_60299097,5903,Psap,1.0
856946,4714,Brain_Myeloid_microglial_cell,549,100.0,100,10_60296002_60299097,5903,Psap,1.0
856947,4715,Brain_Myeloid_microglial_cell,549,174.0,174,10_60296002_60299097,5903,Psap,1.0
856948,4716,Brain_Myeloid_microglial_cell,549,105.0,105,10_60296002_60299097,5903,Psap,1.0
856949,4717,Brain_Myeloid_microglial_cell,549,1126.0,1126,10_60296002_60299097,5903,Psap,1.0
856950,4718,Brain_Myeloid_microglial_cell,549,153.0,153,10_60296002_60299097,5903,Psap,1.0
856951,4719,Brain_Myeloid_microglial_cell,549,372.0,372,10_60296002_60299097,5903,Psap,1.0
856952,4720,Brain_Myeloid_microglial_cell,549,314.0,314,10_60296002_60299097,5903,Psap,1.0
856953,4721,Brain_Myeloid_microglial_cell,549,547.0,547,10_60296002_60299097,5903,Psap,1.0
856954,4722,Brain_Myeloid_microglial_cell,549,206.0,206,10_60296002_60299097,5903,Psap,1.0
856955,4723,Brain_Myeloid_microglial_cell,549,592.0,592,10_60296002_60299097,5903,Psap,1.0
856956,4724,Brain_Myeloid_microglial_cell,549,530.0,530,10_60296002_60299097,5903,Psap,1.0
856957,4725,Brain_Myeloid_microglial_cell,549,194.0,194,10_60296002_60299097,5903,Psap,1.0
856958,4726,Brain_Myeloid_microglial_cell,549,128.0,128,10_60296002_60299097,5903,Psap,1.0
856959,4727,Brain_Myeloid_microglial_cell,549,132.0,132,10_60296002_60299097,5903,Psap,1.0
856960,4728,Brain_Myeloid_microglial_cell,549,171.0,171,10_60296002_60299097,5903,Psap,1.0
856961,4729,Brain_Myeloid_microglial_cell,549,290.0,290,10_60296002_60299097,5903,Psap,1.0
856962,4730,Brain_Myeloid_microglial_cell,549,155.0,155,10_60296002_60299097,5903,Psap,1.0
856963,4731,Brain_Myeloid_microglial_cell,549,146.0,146,10_60296002_60299097,5903,Psap,1.0
856964,4732,Brain_Myeloid_microglial_cell,549,240.0,240,10_60296002_60299097,5903,Psap,1.0
856965,4733,Brain_Myeloid_microglial_cell,549,1030.0,1030,10_60296002_60299097,5903,Psap,1.0
856966,4734,Brain_Myeloid_microglial_cell,549,94.0,94,10_60296002_60299097,5903,Psap,1.0
856967,4735,Brain_Myeloid_microglial_cell,549,117.0,117,10_60296002_60299097,5903,Psap,1.0
856968,4736,Brain_Myeloid_microglial_cell,549,353.0,353,10_60296002_60299097,5903,Psap,1.0
856969,4737,Brain_Myeloid_microglial_cell,549,467.0,467,10_60296002_60299097,5903,Psap,1.0
856970,4738,Brain_Myeloid_microglial_cell,549,119.0,119,10_60296002_60299097,5903,Psap,1.0
856971,4739,Brain_Myeloid_microglial_cell,549,121.0,121,10_60296002_60299097,5903,Psap,1.0
856972,4740,Brain_Myeloid_microglial_cell,549,85.0,85,10_60296002_60299097,5903,Psap,1.0
856973,4741,Brain_Myeloid_microglial_cell,549,257.0,257,10_60296002_60299097,5903,Psap,1.0
856974,4742,Brain_Myeloid_microglial_cell,549,360.0,360,10_60296002_60299097,5903,Psap,1.0
856975,4743,Brain_Myeloid_microglial_cell,549,675.0,675,10_60296002_60299097,5903,Psap,1.0
856976,4745,Brain_Myeloid_microglial_cell,549,195.0,195,10_60296002_60299097,5903,Psap,1.0
856977,4746,Brain_Myeloid_microglial_cell,549,639.0,639,10_60296002_60299097,5903,Psap,1.0
856978,4747,Brain_Myeloid_microglial_cell,549,150.0,150,10_60296002_60299097,5903,Psap,1.0
856979,4748,Brain_Myeloid_microglial_cell,549,129.0,129,10_60296002_60299097,5903,Psap,1.0
856980,4749,Brain_Myeloid_microglial_cell,549,299.0,299,10_60296002_60299097,5903,Psap,1.0
856981,4750,Brain_Myeloid_microglial_cell,549,557.0,557,10_60296002_60299097,5903,Psap,1.0
856982,4751,Brain_Myeloid_microglial_cell,549,155.0,235,10_60296002_60299097,5903,Psap,0.6595744680851063
856983,4752,Brain_Myeloid_microglial_cell,549,228.0,228,10_60296002_60299097,5903,Psap,1.0
856984,4753,Brain_Myeloid_microglial_cell,549,273.0,273,10_60296002_60299097,5903,Psap,1.0
856985,4754,Brain_Myeloid_microglial_cell,549,560.0,560,10_60296002_60299097,5903,Psap,1.0
856986,4755,Brain_Myeloid_microglial_cell,549,591.0,670,10_60296002_60299097,5903,Psap,0.8820895522388059
856987,4756,Brain_Myeloid_microglial_cell,549,71.0,71,10_60296002_60299097,5903,Psap,1.0
856988,4757,Brain_Myeloid_microglial_cell,549,65.0,65,10_60296002_60299097,5903,Psap,1.0
856989,4758,Brain_Myeloid_microglial_cell,549,462.0,462,10_60296002_60299097,5903,Psap,1.0
856990,4759,Brain_Myeloid_microglial_cell,549,273.0,276,10_60296002_60299097,5903,Psap,0.9891304347826086
856991,4760,Brain_Myeloid_microglial_cell,549,83.0,83,10_60296002_60299097,5903,Psap,1.0
856992,4761,Brain_Myeloid_microglial_cell,549,593.0,593,10_60296002_60299097,5903,Psap,1.0
856993,4762,Brain_Myeloid_microglial_cell,549,538.0,538,10_60296002_60299097,5903,Psap,1.0
856994,4763,Brain_Myeloid_microglial_cell,549,241.0,241,10_60296002_60299097,5903,Psap,1.0
856995,4764,Brain_Myeloid_microglial_cell,549,942.0,942,10_60296002_60299097,5903,Psap,1.0
856996,4765,Brain_Myeloid_microglial_cell,549,580.0,580,10_60296002_60299097,5903,Psap,1.0
856997,4766,Brain_Myeloid_microglial_cell,549,85.0,85,10_60296002_60299097,5903,Psap,1.0
856998,4767,Brain_Myeloid_microglial_cell,549,433.0,433,10_60296002_60299097,5903,Psap,1.0
856999,4768,Brain_Myeloid_microglial_cell,549,158.0,158,10_60296002_60299097,5903,Psap,1.0
857000,4769,Brain_Myeloid_microglial_cell,549,79.0,79,10_60296002_60299097,5903,Psap,1.0
857001,4770,Brain_Myeloid_microglial_cell,549,130.0,130,10_60296002_60299097,5903,Psap,1.0
857002,4771,Brain_Myeloid_microglial_cell,549,374.0,374,10_60296002_60299097,5903,Psap,1.0
857003,4772,Brain_Myeloid_microglial_cell,549,316.0,316,10_60296002_60299097,5903,Psap,1.0
857004,4773,Brain_Myeloid_microglial_cell,549,710.0,710,10_60296002_60299097,5903,Psap,1.0
857005,4774,Brain_Myeloid_microglial_cell,549,235.0,235,10_60296002_60299097,5903,Psap,1.0
857006,4775,Brain_Myeloid_microglial_cell,549,187.0,187,10_60296002_60299097,5903,Psap,1.0
857007,4776,Brain_Myeloid_microglial_cell,549,716.0,716,10_60296002_60299097,5903,Psap,1.0
857008,4777,Brain_Myeloid_microglial_cell,549,193.0,193,10_60296002_60299097,5903,Psap,1.0
857009,4778,Brain_Myeloid_microglial_cell,549,384.0,384,10_60296002_60299097,5903,Psap,1.0
857010,4779,Brain_Myeloid_microglial_cell,549,297.0,297,10_60296002_60299097,5903,Psap,1.0
857011,4780,Brain_Myeloid_microglial_cell,549,182.0,182,10_60296002_60299097,5903,Psap,1.0
857012,4781,Brain_Myeloid_microglial_cell,549,47.0,47,10_60296002_60299097,5903,Psap,1.0
857013,4782,Brain_Myeloid_microglial_cell,549,474.0,474,10_60296002_60299097,5903,Psap,1.0
857014,4783,Brain_Myeloid_microglial_cell,549,919.0,919,10_60296002_60299097,5903,Psap,1.0
857015,4784,Brain_Myeloid_microglial_cell,549,101.0,101,10_60296002_60299097,5903,Psap,1.0
857016,4785,Brain_Myeloid_microglial_cell,549,242.0,242,10_60296002_60299097,5903,Psap,1.0
857017,4786,Brain_Myeloid_microglial_cell,549,759.0,759,10_60296002_60299097,5903,Psap,1.0
857018,4787,Brain_Myeloid_microglial_cell,549,187.0,187,10_60296002_60299097,5903,Psap,1.0
857019,4788,Brain_Myeloid_microglial_cell,549,74.0,74,10_60296002_60299097,5903,Psap,1.0
857020,4789,Brain_Myeloid_microglial_cell,549,301.0,301,10_60296002_60299097,5903,Psap,1.0
857021,4790,Brain_Myeloid_microglial_cell,549,942.0,942,10_60296002_60299097,5903,Psap,1.0
857022,4791,Brain_Myeloid_microglial_cell,549,642.0,642,10_60296002_60299097,5903,Psap,1.0
857023,4792,Brain_Myeloid_microglial_cell,549,640.0,640,10_60296002_60299097,5903,Psap,1.0
857024,4793,Brain_Myeloid_microglial_cell,549,198.0,198,10_60296002_60299097,5903,Psap,1.0
857025,4794,Brain_Myeloid_microglial_cell,549,424.0,424,10_60296002_60299097,5903,Psap,1.0
857026,4795,Brain_Myeloid_microglial_cell,549,1142.0,1142,10_60296002_60299097,5903,Psap,1.0
857027,4796,Brain_Myeloid_microglial_cell,549,190.0,190,10_60296002_60299097,5903,Psap,1.0
857028,4797,Brain_Myeloid_microglial_cell,549,508.0,508,10_60296002_60299097,5903,Psap,1.0
857029,4798,Brain_Myeloid_microglial_cell,549,463.0,463,10_60296002_60299097,5903,Psap,1.0
857030,4799,Brain_Myeloid_microglial_cell,549,31.0,31,10_60296002_60299097,5903,Psap,1.0
857031,4800,Brain_Myeloid_microglial_cell,549,687.0,687,10_60296002_60299097,5903,Psap,1.0
857032,4801,Brain_Myeloid_microglial_cell,549,213.0,213,10_60296002_60299097,5903,Psap,1.0
857033,4802,Brain_Myeloid_microglial_cell,549,417.0,417,10_60296002_60299097,5903,Psap,1.0
857034,4803,Brain_Myeloid_microglial_cell,549,103.0,103,10_60296002_60299097,5903,Psap,1.0
857035,4804,Brain_Myeloid_microglial_cell,549,1359.0,1359,10_60296002_60299097,5903,Psap,1.0
857036,4805,Brain_Myeloid_microglial_cell,549,1840.0,1988,10_60296002_60299097,5903,Psap,0.9255533199195171
857037,4806,Brain_Myeloid_microglial_cell,549,456.0,456,10_60296002_60299097,5903,Psap,1.0
857038,4807,Brain_Myeloid_microglial_cell,549,139.0,139,10_60296002_60299097,5903,Psap,1.0
857039,4808,Brain_Myeloid_microglial_cell,549,692.0,692,10_60296002_60299097,5903,Psap,1.0
857040,4809,Brain_Myeloid_microglial_cell,549,223.0,223,10_60296002_60299097,5903,Psap,1.0
857041,4810,Brain_Myeloid_microglial_cell,549,376.0,376,10_60296002_60299097,5903,Psap,1.0
857042,4811,Brain_Myeloid_microglial_cell,549,145.0,145,10_60296002_60299097,5903,Psap,1.0
857043,4812,Brain_Myeloid_microglial_cell,549,180.0,180,10_60296002_60299097,5903,Psap,1.0
857044,4813,Brain_Myeloid_microglial_cell,549,467.0,467,10_60296002_60299097,5903,Psap,1.0
857045,4814,Brain_Myeloid_microglial_cell,549,300.0,300,10_60296002_60299097,5903,Psap,1.0
857046,4815,Brain_Myeloid_microglial_cell,549,319.0,319,10_60296002_60299097,5903,Psap,1.0
857047,4816,Brain_Myeloid_microglial_cell,549,1045.0,1045,10_60296002_60299097,5903,Psap,1.0
857048,4817,Brain_Myeloid_microglial_cell,549,100.0,100,10_60296002_60299097,5903,Psap,1.0
857049,4818,Brain_Myeloid_microglial_cell,549,68.0,68,10_60296002_60299097,5903,Psap,1.0
857050,4819,Brain_Myeloid_microglial_cell,549,484.0,484,10_60296002_60299097,5903,Psap,1.0
857051,4820,Brain_Myeloid_microglial_cell,549,96.0,96,10_60296002_60299097,5903,Psap,1.0
857052,4821,Brain_Myeloid_microglial_cell,549,343.0,343,10_60296002_60299097,5903,Psap,1.0
857053,4822,Brain_Myeloid_microglial_cell,549,66.0,66,10_60296002_60299097,5903,Psap,1.0
857054,4823,Brain_Myeloid_microglial_cell,549,1136.0,1136,10_60296002_60299097,5903,Psap,1.0
857055,4824,Brain_Myeloid_microglial_cell,549,310.0,310,10_60296002_60299097,5903,Psap,1.0
857056,4825,Brain_Myeloid_microglial_cell,549,514.0,514,10_60296002_60299097,5903,Psap,1.0
857057,4826,Brain_Myeloid_microglial_cell,549,611.0,694,10_60296002_60299097,5903,Psap,0.8804034582132565
857058,4827,Brain_Myeloid_microglial_cell,549,311.0,311,10_60296002_60299097,5903,Psap,1.0
857059,4828,Brain_Myeloid_microglial_cell,549,232.0,232,10_60296002_60299097,5903,Psap,1.0
857060,4829,Brain_Myeloid_microglial_cell,549,997.0,997,10_60296002_60299097,5903,Psap,1.0
857061,4830,Brain_Myeloid_microglial_cell,549,258.0,258,10_60296002_60299097,5903,Psap,1.0
857062,4831,Brain_Myeloid_microglial_cell,549,63.0,63,10_60296002_60299097,5903,Psap,1.0
857063,4832,Brain_Myeloid_microglial_cell,549,824.0,824,10_60296002_60299097,5903,Psap,1.0
857064,4833,Brain_Myeloid_microglial_cell,549,185.0,185,10_60296002_60299097,5903,Psap,1.0
857065,4834,Brain_Myeloid_microglial_cell,549,1692.0,1692,10_60296002_60299097,5903,Psap,1.0
857066,4835,Brain_Myeloid_microglial_cell,549,1040.0,1092,10_60296002_60299097,5903,Psap,0.9523809523809523
857067,4836,Brain_Myeloid_microglial_cell,549,448.0,448,10_60296002_60299097,5903,Psap,1.0
857068,4837,Brain_Myeloid_microglial_cell,549,472.0,472,10_60296002_60299097,5903,Psap,1.0
857069,4838,Brain_Myeloid_microglial_cell,549,325.0,325,10_60296002_60299097,5903,Psap,1.0
857070,4839,Brain_Myeloid_microglial_cell,549,522.0,522,10_60296002_60299097,5903,Psap,1.0
857071,4840,Brain_Myeloid_microglial_cell,549,142.0,142,10_60296002_60299097,5903,Psap,1.0
857072,4841,Brain_Myeloid_microglial_cell,549,719.0,741,10_60296002_60299097,5903,Psap,0.970310391363023
857073,4842,Brain_Myeloid_microglial_cell,549,76.0,76,10_60296002_60299097,5903,Psap,1.0
857074,4843,Brain_Myeloid_microglial_cell,549,353.0,353,10_60296002_60299097,5903,Psap,1.0
857075,4844,Brain_Myeloid_microglial_cell,549,859.0,859,10_60296002_60299097,5903,Psap,1.0
857076,4845,Brain_Myeloid_microglial_cell,549,1365.0,1365,10_60296002_60299097,5903,Psap,1.0
857077,4846,Brain_Myeloid_microglial_cell,549,427.0,427,10_60296002_60299097,5903,Psap,1.0
857078,4847,Brain_Myeloid_microglial_cell,549,178.0,178,10_60296002_60299097,5903,Psap,1.0
857079,4848,Brain_Myeloid_microglial_cell,549,193.0,193,10_60296002_60299097,5903,Psap,1.0
857080,4849,Brain_Myeloid_microglial_cell,549,116.0,116,10_60296002_60299097,5903,Psap,1.0
857081,4850,Brain_Myeloid_microglial_cell,549,69.0,69,10_60296002_60299097,5903,Psap,1.0
857082,4851,Brain_Myeloid_microglial_cell,549,580.0,580,10_60296002_60299097,5903,Psap,1.0
857083,4852,Brain_Myeloid_microglial_cell,549,84.0,84,10_60296002_60299097,5903,Psap,1.0
857084,4853,Brain_Myeloid_microglial_cell,549,520.0,520,10_60296002_60299097,5903,Psap,1.0
857085,4854,Brain_Myeloid_microglial_cell,549,32.0,32,10_60296002_60299097,5903,Psap,1.0
857086,4855,Brain_Myeloid_microglial_cell,549,746.0,754,10_60296002_60299097,5903,Psap,0.9893899204244032
857087,4856,Brain_Myeloid_microglial_cell,549,11.0,41,10_60296002_60299097,5903,Psap,0.2682926829268293
857088,4857,Brain_Myeloid_microglial_cell,549,212.0,212,10_60296002_60299097,5903,Psap,1.0
857089,4858,Brain_Myeloid_microglial_cell,549,500.0,500,10_60296002_60299097,5903,Psap,1.0
857090,4859,Brain_Myeloid_microglial_cell,549,233.0,241,10_60296002_60299097,5903,Psap,0.966804979253112
857091,4860,Brain_Myeloid_microglial_cell,549,974.0,974,10_60296002_60299097,5903,Psap,1.0
857092,4861,Brain_Myeloid_microglial_cell,549,546.0,546,10_60296002_60299097,5903,Psap,1.0
857093,4862,Brain_Myeloid_microglial_cell,549,291.0,291,10_60296002_60299097,5903,Psap,1.0
857094,4863,Brain_Myeloid_microglial_cell,549,601.0,601,10_60296002_60299097,5903,Psap,1.0
857095,4864,Brain_Myeloid_microglial_cell,549,289.0,289,10_60296002_60299097,5903,Psap,1.0
857096,4865,Brain_Myeloid_microglial_cell,549,122.0,122,10_60296002_60299097,5903,Psap,1.0
857097,4866,Brain_Myeloid_microglial_cell,549,466.0,466,10_60296002_60299097,5903,Psap,1.0
857098,4867,Brain_Myeloid_microglial_cell,549,61.0,61,10_60296002_60299097,5903,Psap,1.0
857099,4868,Brain_Myeloid_microglial_cell,549,216.0,216,10_60296002_60299097,5903,Psap,1.0
857100,4869,Brain_Myeloid_microglial_cell,549,503.0,503,10_60296002_60299097,5903,Psap,1.0
857101,4870,Brain_Myeloid_microglial_cell,549,223.0,223,10_60296002_60299097,5903,Psap,1.0
857102,4871,Brain_Myeloid_microglial_cell,549,71.0,71,10_60296002_60299097,5903,Psap,1.0
857103,4872,Brain_Myeloid_microglial_cell,549,116.0,116,10_60296002_60299097,5903,Psap,1.0
857104,4873,Brain_Myeloid_microglial_cell,549,226.0,226,10_60296002_60299097,5903,Psap,1.0
857105,4874,Brain_Myeloid_microglial_cell,549,101.0,101,10_60296002_60299097,5903,Psap,1.0
857106,4875,Brain_Myeloid_microglial_cell,549,308.0,308,10_60296002_60299097,5903,Psap,1.0
857107,4876,Brain_Myeloid_microglial_cell,549,389.0,389,10_60296002_60299097,5903,Psap,1.0
857108,4877,Brain_Myeloid_microglial_cell,549,390.0,390,10_60296002_60299097,5903,Psap,1.0
857109,4878,Brain_Myeloid_microglial_cell,549,55.0,55,10_60296002_60299097,5903,Psap,1.0
857110,4879,Brain_Myeloid_microglial_cell,549,82.0,82,10_60296002_60299097,5903,Psap,1.0
857111,4880,Brain_Myeloid_microglial_cell,549,433.0,433,10_60296002_60299097,5903,Psap,1.0
857112,4881,Brain_Myeloid_microglial_cell,549,269.0,269,10_60296002_60299097,5903,Psap,1.0
857113,4882,Brain_Myeloid_microglial_cell,549,253.0,253,10_60296002_60299097,5903,Psap,1.0
857114,4883,Brain_Myeloid_microglial_cell,549,33.0,33,10_60296002_60299097,5903,Psap,1.0
857115,4884,Brain_Myeloid_microglial_cell,549,195.0,195,10_60296002_60299097,5903,Psap,1.0
857116,4885,Brain_Myeloid_microglial_cell,549,159.0,159,10_60296002_60299097,5903,Psap,1.0
857117,4886,Brain_Myeloid_microglial_cell,549,164.0,164,10_60296002_60299097,5903,Psap,1.0
857118,4887,Brain_Myeloid_microglial_cell,549,432.0,432,10_60296002_60299097,5903,Psap,1.0
857119,4888,Brain_Myeloid_microglial_cell,549,478.0,478,10_60296002_60299097,5903,Psap,1.0
857120,4889,Brain_Myeloid_microglial_cell,549,266.0,266,10_60296002_60299097,5903,Psap,1.0
857121,4890,Brain_Myeloid_microglial_cell,549,128.0,128,10_60296002_60299097,5903,Psap,1.0
857122,4891,Brain_Myeloid_microglial_cell,549,518.0,518,10_60296002_60299097,5903,Psap,1.0
857123,4892,Brain_Myeloid_microglial_cell,549,231.0,231,10_60296002_60299097,5903,Psap,1.0
857124,4893,Brain_Myeloid_microglial_cell,549,294.0,294,10_60296002_60299097,5903,Psap,1.0
857125,4894,Brain_Myeloid_microglial_cell,549,50.0,50,10_60296002_60299097,5903,Psap,1.0
857126,4895,Brain_Myeloid_microglial_cell,549,614.0,614,10_60296002_60299097,5903,Psap,1.0
857127,4896,Brain_Myeloid_microglial_cell,549,90.0,90,10_60296002_60299097,5903,Psap,1.0
857128,4897,Brain_Myeloid_microglial_cell,549,23.0,23,10_60296002_60299097,5903,Psap,1.0
857129,4898,Brain_Myeloid_microglial_cell,549,226.0,226,10_60296002_60299097,5903,Psap,1.0
857130,4899,Brain_Myeloid_microglial_cell,549,166.0,166,10_60296002_60299097,5903,Psap,1.0
857131,4900,Brain_Myeloid_microglial_cell,549,32.0,32,10_60296002_60299097,5903,Psap,1.0
857132,4901,Brain_Myeloid_microglial_cell,549,122.0,122,10_60296002_60299097,5903,Psap,1.0
857133,4902,Brain_Myeloid_microglial_cell,549,286.0,286,10_60296002_60299097,5903,Psap,1.0
857134,4903,Brain_Myeloid_microglial_cell,549,392.0,392,10_60296002_60299097,5903,Psap,1.0
857135,4904,Brain_Myeloid_microglial_cell,549,367.0,367,10_60296002_60299097,5903,Psap,1.0
857136,4905,Brain_Myeloid_microglial_cell,549,370.0,373,10_60296002_60299097,5903,Psap,0.9919571045576407
857137,4906,Brain_Myeloid_microglial_cell,549,126.0,126,10_60296002_60299097,5903,Psap,1.0
857138,4907,Brain_Myeloid_microglial_cell,549,141.0,141,10_60296002_60299097,5903,Psap,1.0
857139,4908,Brain_Myeloid_microglial_cell,549,196.0,196,10_60296002_60299097,5903,Psap,1.0
857140,4909,Brain_Myeloid_microglial_cell,549,452.0,452,10_60296002_60299097,5903,Psap,1.0
857141,4910,Brain_Myeloid_microglial_cell,549,363.0,363,10_60296002_60299097,5903,Psap,1.0
857142,4911,Brain_Myeloid_microglial_cell,549,612.0,612,10_60296002_60299097,5903,Psap,1.0
857143,4912,Brain_Myeloid_microglial_cell,549,82.0,82,10_60296002_60299097,5903,Psap,1.0
857144,4913,Brain_Myeloid_microglial_cell,549,419.0,419,10_60296002_60299097,5903,Psap,1.0
857145,4914,Brain_Myeloid_microglial_cell,549,209.0,209,10_60296002_60299097,5903,Psap,1.0
857146,4915,Brain_Myeloid_microglial_cell,549,169.0,169,10_60296002_60299097,5903,Psap,1.0
857147,4916,Brain_Myeloid_microglial_cell,549,110.0,110,10_60296002_60299097,5903,Psap,1.0
857148,4917,Brain_Myeloid_microglial_cell,549,296.0,296,10_60296002_60299097,5903,Psap,1.0
857149,4918,Brain_Myeloid_microglial_cell,549,209.0,209,10_60296002_60299097,5903,Psap,1.0
857150,4919,Brain_Myeloid_microglial_cell,549,129.0,129,10_60296002_60299097,5903,Psap,1.0
857151,4920,Brain_Myeloid_microglial_cell,549,464.0,464,10_60296002_60299097,5903,Psap,1.0
857152,4921,Brain_Myeloid_microglial_cell,549,219.0,219,10_60296002_60299097,5903,Psap,1.0
857153,4922,Brain_Myeloid_microglial_cell,549,916.0,916,10_60296002_60299097,5903,Psap,1.0
857154,4923,Brain_Myeloid_microglial_cell,549,372.0,372,10_60296002_60299097,5903,Psap,1.0
857155,4924,Brain_Myeloid_microglial_cell,549,523.0,523,10_60296002_60299097,5903,Psap,1.0
857156,4925,Brain_Myeloid_microglial_cell,549,199.0,199,10_60296002_60299097,5903,Psap,1.0
857157,4926,Brain_Myeloid_microglial_cell,549,147.0,148,10_60296002_60299097,5903,Psap,0.9932432432432432
857158,4928,Brain_Myeloid_microglial_cell,549,192.0,192,10_60296002_60299097,5903,Psap,1.0
857159,4929,Brain_Myeloid_microglial_cell,549,205.0,205,10_60296002_60299097,5903,Psap,1.0
857160,4930,Brain_Myeloid_microglial_cell,549,97.0,97,10_60296002_60299097,5903,Psap,1.0
857161,4931,Brain_Myeloid_microglial_cell,549,403.0,403,10_60296002_60299097,5903,Psap,1.0
857162,4932,Brain_Myeloid_microglial_cell,549,254.0,254,10_60296002_60299097,5903,Psap,1.0
857163,4933,Brain_Myeloid_microglial_cell,549,787.0,787,10_60296002_60299097,5903,Psap,1.0
857164,4934,Brain_Myeloid_microglial_cell,549,329.0,329,10_60296002_60299097,5903,Psap,1.0
857165,4935,Brain_Myeloid_microglial_cell,549,118.0,118,10_60296002_60299097,5903,Psap,1.0
857166,4936,Brain_Myeloid_microglial_cell,549,76.0,76,10_60296002_60299097,5903,Psap,1.0
857167,4937,Brain_Myeloid_microglial_cell,549,620.0,620,10_60296002_60299097,5903,Psap,1.0
857168,4938,Brain_Myeloid_microglial_cell,549,1477.0,1477,10_60296002_60299097,5903,Psap,1.0
857169,4939,Brain_Myeloid_microglial_cell,549,466.0,466,10_60296002_60299097,5903,Psap,1.0
857170,4940,Brain_Myeloid_microglial_cell,549,35.0,35,10_60296002_60299097,5903,Psap,1.0
857171,4941,Brain_Myeloid_microglial_cell,549,1537.0,1537,10_60296002_60299097,5903,Psap,1.0
857172,4942,Brain_Myeloid_microglial_cell,549,47.0,47,10_60296002_60299097,5903,Psap,1.0
857173,4943,Brain_Myeloid_microglial_cell,549,89.0,89,10_60296002_60299097,5903,Psap,1.0
857174,4944,Brain_Myeloid_microglial_cell,549,139.0,139,10_60296002_60299097,5903,Psap,1.0
857175,4945,Brain_Myeloid_microglial_cell,549,243.0,243,10_60296002_60299097,5903,Psap,1.0
857176,4946,Brain_Myeloid_microglial_cell,549,376.0,376,10_60296002_60299097,5903,Psap,1.0
857177,4947,Brain_Myeloid_microglial_cell,549,443.0,463,10_60296002_60299097,5903,Psap,0.9568034557235421
857178,4948,Brain_Myeloid_microglial_cell,549,172.0,172,10_60296002_60299097,5903,Psap,1.0
857179,4949,Brain_Myeloid_microglial_cell,549,323.0,323,10_60296002_60299097,5903,Psap,1.0
857180,4950,Brain_Myeloid_microglial_cell,549,18.0,18,10_60296002_60299097,5903,Psap,1.0
857181,4951,Brain_Myeloid_microglial_cell,549,843.0,843,10_60296002_60299097,5903,Psap,1.0
857182,4952,Brain_Myeloid_microglial_cell,549,2.0,2,10_60296002_60299097,5903,Psap,1.0
857183,4953,Brain_Myeloid_microglial_cell,549,66.0,66,10_60296002_60299097,5903,Psap,1.0
857184,4954,Brain_Myeloid_microglial_cell,549,63.0,63,10_60296002_60299097,5903,Psap,1.0
857185,4955,Brain_Myeloid_microglial_cell,549,20.0,20,10_60296002_60299097,5903,Psap,1.0
857186,4956,Brain_Myeloid_microglial_cell,549,106.0,106,10_60296002_60299097,5903,Psap,1.0
857187,4957,Brain_Myeloid_microglial_cell,549,250.0,250,10_60296002_60299097,5903,Psap,1.0
857188,4958,Brain_Myeloid_microglial_cell,549,220.0,220,10_60296002_60299097,5903,Psap,1.0
857189,4959,Brain_Myeloid_microglial_cell,549,295.0,302,10_60296002_60299097,5903,Psap,0.9768211920529801
857190,4960,Brain_Myeloid_microglial_cell,549,372.0,372,10_60296002_60299097,5903,Psap,1.0
857191,4961,Brain_Myeloid_microglial_cell,549,392.0,392,10_60296002_60299097,5903,Psap,1.0
857192,4963,Brain_Myeloid_microglial_cell,549,519.0,519,10_60296002_60299097,5903,Psap,1.0
857193,4964,Brain_Myeloid_microglial_cell,549,342.0,345,10_60296002_60299097,5903,Psap,0.991304347826087
857194,4965,Brain_Myeloid_microglial_cell,549,871.0,871,10_60296002_60299097,5903,Psap,1.0
857195,4966,Brain_Myeloid_microglial_cell,549,249.0,249,10_60296002_60299097,5903,Psap,1.0
857196,4967,Brain_Myeloid_microglial_cell,549,111.0,111,10_60296002_60299097,5903,Psap,1.0
857197,4968,Brain_Myeloid_microglial_cell,549,146.0,146,10_60296002_60299097,5903,Psap,1.0
857198,4969,Brain_Myeloid_microglial_cell,549,187.0,190,10_60296002_60299097,5903,Psap,0.9842105263157894
857199,4970,Brain_Myeloid_microglial_cell,549,377.0,377,10_60296002_60299097,5903,Psap,1.0
857200,4971,Brain_Myeloid_microglial_cell,549,1353.0,1353,10_60296002_60299097,5903,Psap,1.0
857201,4972,Brain_Myeloid_microglial_cell,549,230.0,230,10_60296002_60299097,5903,Psap,1.0
857202,4973,Brain_Myeloid_microglial_cell,549,775.0,775,10_60296002_60299097,5903,Psap,1.0
857203,4974,Brain_Myeloid_microglial_cell,549,365.0,365,10_60296002_60299097,5903,Psap,1.0
857204,4975,Brain_Myeloid_microglial_cell,549,183.0,183,10_60296002_60299097,5903,Psap,1.0
857205,4976,Brain_Myeloid_microglial_cell,549,265.0,265,10_60296002_60299097,5903,Psap,1.0
857206,4977,Brain_Myeloid_microglial_cell,549,513.0,513,10_60296002_60299097,5903,Psap,1.0
857207,4978,Brain_Myeloid_microglial_cell,549,94.0,94,10_60296002_60299097,5903,Psap,1.0
857208,4979,Brain_Myeloid_microglial_cell,549,148.0,148,10_60296002_60299097,5903,Psap,1.0
857209,4980,Brain_Myeloid_microglial_cell,549,274.0,274,10_60296002_60299097,5903,Psap,1.0
857210,4981,Brain_Myeloid_microglial_cell,549,371.0,371,10_60296002_60299097,5903,Psap,1.0
857211,4983,Brain_Myeloid_microglial_cell,549,156.0,156,10_60296002_60299097,5903,Psap,1.0
857212,4984,Brain_Myeloid_microglial_cell,549,207.0,207,10_60296002_60299097,5903,Psap,1.0
857213,4985,Brain_Myeloid_microglial_cell,549,780.0,780,10_60296002_60299097,5903,Psap,1.0
857214,4986,Brain_Myeloid_microglial_cell,549,132.0,132,10_60296002_60299097,5903,Psap,1.0
857215,4987,Brain_Myeloid_microglial_cell,549,408.0,408,10_60296002_60299097,5903,Psap,1.0
857216,4988,Brain_Myeloid_microglial_cell,549,152.0,152,10_60296002_60299097,5903,Psap,1.0
857217,4989,Brain_Myeloid_microglial_cell,549,227.0,227,10_60296002_60299097,5903,Psap,1.0
857218,4990,Brain_Myeloid_microglial_cell,549,3.0,3,10_60296002_60299097,5903,Psap,1.0
857219,4991,Brain_Myeloid_microglial_cell,549,706.0,706,10_60296002_60299097,5903,Psap,1.0
857220,4992,Brain_Myeloid_microglial_cell,549,349.0,349,10_60296002_60299097,5903,Psap,1.0
857221,4993,Brain_Myeloid_microglial_cell,549,295.0,295,10_60296002_60299097,5903,Psap,1.0
857222,4994,Brain_Myeloid_microglial_cell,549,593.0,593,10_60296002_60299097,5903,Psap,1.0
857223,4995,Brain_Myeloid_microglial_cell,549,240.0,240,10_60296002_60299097,5903,Psap,1.0
857224,4996,Brain_Myeloid_microglial_cell,549,1274.0,1274,10_60296002_60299097,5903,Psap,1.0
857225,4997,Brain_Myeloid_microglial_cell,549,160.0,160,10_60296002_60299097,5903,Psap,1.0
857226,4998,Brain_Myeloid_microglial_cell,549,744.0,744,10_60296002_60299097,5903,Psap,1.0
857227,4999,Brain_Myeloid_microglial_cell,549,164.0,164,10_60296002_60299097,5903,Psap,1.0
857228,5000,Brain_Myeloid_microglial_cell,549,64.0,64,10_60296002_60299097,5903,Psap,1.0
857229,5001,Brain_Myeloid_microglial_cell,549,187.0,187,10_60296002_60299097,5903,Psap,1.0
857230,5002,Brain_Myeloid_microglial_cell,549,199.0,199,10_60296002_60299097,5903,Psap,1.0
857231,5003,Brain_Myeloid_microglial_cell,549,484.0,484,10_60296002_60299097,5903,Psap,1.0
857232,5004,Brain_Myeloid_microglial_cell,549,89.0,89,10_60296002_60299097,5903,Psap,1.0
857233,5005,Brain_Myeloid_microglial_cell,549,550.0,550,10_60296002_60299097,5903,Psap,1.0
857234,5006,Brain_Myeloid_microglial_cell,549,309.0,309,10_60296002_60299097,5903,Psap,1.0
857235,5007,Brain_Myeloid_microglial_cell,549,79.0,79,10_60296002_60299097,5903,Psap,1.0
857236,5008,Brain_Myeloid_microglial_cell,549,717.0,717,10_60296002_60299097,5903,Psap,1.0
857237,5009,Brain_Myeloid_microglial_cell,549,261.0,261,10_60296002_60299097,5903,Psap,1.0
857238,5010,Brain_Myeloid_microglial_cell,549,153.0,153,10_60296002_60299097,5903,Psap,1.0
857239,5011,Brain_Myeloid_microglial_cell,549,192.0,192,10_60296002_60299097,5903,Psap,1.0
857240,5012,Brain_Myeloid_microglial_cell,549,391.0,391,10_60296002_60299097,5903,Psap,1.0
857241,5013,Brain_Myeloid_microglial_cell,549,284.0,284,10_60296002_60299097,5903,Psap,1.0
857242,5014,Brain_Myeloid_microglial_cell,549,640.0,640,10_60296002_60299097,5903,Psap,1.0
857243,5015,Brain_Myeloid_microglial_cell,549,176.0,176,10_60296002_60299097,5903,Psap,1.0
857244,5016,Brain_Myeloid_microglial_cell,549,399.0,399,10_60296002_60299097,5903,Psap,1.0
857245,5017,Brain_Myeloid_microglial_cell,549,939.0,939,10_60296002_60299097,5903,Psap,1.0
857246,5018,Brain_Myeloid_microglial_cell,549,490.0,490,10_60296002_60299097,5903,Psap,1.0
857247,5019,Brain_Myeloid_microglial_cell,549,673.0,673,10_60296002_60299097,5903,Psap,1.0
857248,5020,Brain_Myeloid_microglial_cell,549,109.0,109,10_60296002_60299097,5903,Psap,1.0
857249,5021,Brain_Myeloid_microglial_cell,549,225.0,225,10_60296002_60299097,5903,Psap,1.0
857250,5022,Brain_Myeloid_microglial_cell,549,186.0,186,10_60296002_60299097,5903,Psap,1.0
857251,5023,Brain_Myeloid_microglial_cell,549,375.0,375,10_60296002_60299097,5903,Psap,1.0
857252,5024,Brain_Myeloid_microglial_cell,549,244.0,244,10_60296002_60299097,5903,Psap,1.0
857253,5025,Brain_Myeloid_microglial_cell,549,3.0,3,10_60296002_60299097,5903,Psap,1.0
857254,5026,Brain_Myeloid_microglial_cell,549,55.0,55,10_60296002_60299097,5903,Psap,1.0
857255,5027,Brain_Myeloid_microglial_cell,549,313.0,313,10_60296002_60299097,5903,Psap,1.0
857256,5028,Brain_Myeloid_microglial_cell,549,801.0,801,10_60296002_60299097,5903,Psap,1.0
857257,5029,Brain_Myeloid_microglial_cell,549,301.0,301,10_60296002_60299097,5903,Psap,1.0
857258,5030,Brain_Myeloid_microglial_cell,549,252.0,252,10_60296002_60299097,5903,Psap,1.0
857259,5031,Brain_Myeloid_microglial_cell,549,319.0,319,10_60296002_60299097,5903,Psap,1.0
857260,5032,Brain_Myeloid_microglial_cell,549,234.0,234,10_60296002_60299097,5903,Psap,1.0
857261,5033,Brain_Myeloid_microglial_cell,549,242.0,242,10_60296002_60299097,5903,Psap,1.0
857262,5034,Brain_Myeloid_microglial_cell,549,246.0,246,10_60296002_60299097,5903,Psap,1.0
857263,5035,Brain_Myeloid_microglial_cell,549,265.0,265,10_60296002_60299097,5903,Psap,1.0
857264,5036,Brain_Myeloid_microglial_cell,549,242.0,242,10_60296002_60299097,5903,Psap,1.0
857265,5037,Brain_Myeloid_microglial_cell,549,339.0,339,10_60296002_60299097,5903,Psap,1.0
857266,5038,Brain_Myeloid_microglial_cell,549,424.0,424,10_60296002_60299097,5903,Psap,1.0
857267,5039,Brain_Myeloid_microglial_cell,549,507.0,507,10_60296002_60299097,5903,Psap,1.0
857268,5040,Brain_Myeloid_microglial_cell,549,140.0,140,10_60296002_60299097,5903,Psap,1.0
857269,5041,Brain_Myeloid_microglial_cell,549,806.0,806,10_60296002_60299097,5903,Psap,1.0
857270,5042,Brain_Myeloid_microglial_cell,549,166.0,166,10_60296002_60299097,5903,Psap,1.0
857271,5043,Brain_Myeloid_microglial_cell,549,271.0,271,10_60296002_60299097,5903,Psap,1.0
857272,5044,Brain_Myeloid_microglial_cell,549,277.0,277,10_60296002_60299097,5903,Psap,1.0
857273,5045,Brain_Myeloid_microglial_cell,549,825.0,825,10_60296002_60299097,5903,Psap,1.0
857274,5046,Brain_Myeloid_microglial_cell,549,430.0,430,10_60296002_60299097,5903,Psap,1.0
857275,5047,Brain_Myeloid_microglial_cell,549,246.0,246,10_60296002_60299097,5903,Psap,1.0
857276,5048,Brain_Myeloid_microglial_cell,549,250.0,250,10_60296002_60299097,5903,Psap,1.0
857277,5049,Brain_Myeloid_microglial_cell,549,276.0,276,10_60296002_60299097,5903,Psap,1.0
857278,5050,Brain_Myeloid_microglial_cell,549,294.0,299,10_60296002_60299097,5903,Psap,0.9832775919732442
857279,5051,Brain_Myeloid_microglial_cell,549,126.0,127,10_60296002_60299097,5903,Psap,0.9921259842519685
857280,5052,Brain_Myeloid_microglial_cell,549,571.0,571,10_60296002_60299097,5903,Psap,1.0
857281,5053,Brain_Myeloid_microglial_cell,549,412.0,412,10_60296002_60299097,5903,Psap,1.0
857282,5054,Brain_Myeloid_microglial_cell,549,405.0,411,10_60296002_60299097,5903,Psap,0.9854014598540146
857283,5055,Brain_Myeloid_microglial_cell,549,1970.0,1970,10_60296002_60299097,5903,Psap,1.0
857284,5056,Brain_Myeloid_microglial_cell,549,349.0,349,10_60296002_60299097,5903,Psap,1.0
857285,5057,Brain_Myeloid_microglial_cell,549,535.0,541,10_60296002_60299097,5903,Psap,0.988909426987061
857286,5058,Brain_Myeloid_microglial_cell,549,15.0,15,10_60296002_60299097,5903,Psap,1.0
857287,5059,Brain_Myeloid_microglial_cell,549,248.0,248,10_60296002_60299097,5903,Psap,1.0
857288,5060,Brain_Myeloid_microglial_cell,549,87.0,87,10_60296002_60299097,5903,Psap,1.0
857289,5061,Brain_Myeloid_microglial_cell,549,664.0,664,10_60296002_60299097,5903,Psap,1.0
857290,5062,Brain_Myeloid_microglial_cell,549,565.0,565,10_60296002_60299097,5903,Psap,1.0
857291,5063,Brain_Myeloid_microglial_cell,549,283.0,283,10_60296002_60299097,5903,Psap,1.0
857292,5064,Brain_Myeloid_microglial_cell,549,837.0,846,10_60296002_60299097,5903,Psap,0.9893617021276596
857293,5065,Brain_Myeloid_microglial_cell,549,411.0,411,10_60296002_60299097,5903,Psap,1.0
857294,5066,Brain_Myeloid_microglial_cell,549,1970.0,1970,10_60296002_60299097,5903,Psap,1.0
857295,5067,Brain_Myeloid_microglial_cell,549,376.0,376,10_60296002_60299097,5903,Psap,1.0
857296,5068,Brain_Myeloid_microglial_cell,549,163.0,163,10_60296002_60299097,5903,Psap,1.0
857297,5069,Brain_Myeloid_microglial_cell,549,145.0,145,10_60296002_60299097,5903,Psap,1.0
857298,5070,Brain_Myeloid_microglial_cell,549,225.0,225,10_60296002_60299097,5903,Psap,1.0
857299,5071,Brain_Myeloid_microglial_cell,549,574.0,574,10_60296002_60299097,5903,Psap,1.0
857300,5072,Brain_Myeloid_microglial_cell,549,162.0,162,10_60296002_60299097,5903,Psap,1.0
857301,5073,Brain_Myeloid_microglial_cell,549,70.0,70,10_60296002_60299097,5903,Psap,1.0
857302,5074,Brain_Myeloid_microglial_cell,549,313.0,313,10_60296002_60299097,5903,Psap,1.0
857303,5075,Brain_Myeloid_microglial_cell,549,359.0,359,10_60296002_60299097,5903,Psap,1.0
857304,5076,Brain_Myeloid_microglial_cell,549,845.0,845,10_60296002_60299097,5903,Psap,1.0
857305,5077,Brain_Myeloid_microglial_cell,549,183.0,183,10_60296002_60299097,5903,Psap,1.0
857306,5078,Brain_Myeloid_microglial_cell,549,134.0,134,10_60296002_60299097,5903,Psap,1.0
857307,5079,Brain_Myeloid_microglial_cell,549,90.0,90,10_60296002_60299097,5903,Psap,1.0
857308,5080,Brain_Myeloid_microglial_cell,549,207.0,207,10_60296002_60299097,5903,Psap,1.0
857309,5081,Brain_Myeloid_microglial_cell,549,322.0,322,10_60296002_60299097,5903,Psap,1.0
857310,5082,Brain_Myeloid_microglial_cell,549,348.0,348,10_60296002_60299097,5903,Psap,1.0
857311,5083,Brain_Myeloid_microglial_cell,549,101.0,101,10_60296002_60299097,5903,Psap,1.0
857312,5084,Brain_Myeloid_microglial_cell,549,223.0,223,10_60296002_60299097,5903,Psap,1.0
857313,5085,Brain_Myeloid_microglial_cell,549,579.0,579,10_60296002_60299097,5903,Psap,1.0
857314,5086,Brain_Myeloid_microglial_cell,549,298.0,298,10_60296002_60299097,5903,Psap,1.0
857315,5087,Brain_Myeloid_microglial_cell,549,373.0,373,10_60296002_60299097,5903,Psap,1.0
857316,5088,Brain_Myeloid_microglial_cell,549,301.0,301,10_60296002_60299097,5903,Psap,1.0
857317,5089,Brain_Myeloid_microglial_cell,549,116.0,116,10_60296002_60299097,5903,Psap,1.0
857318,5090,Brain_Myeloid_microglial_cell,549,446.0,446,10_60296002_60299097,5903,Psap,1.0
857319,5091,Brain_Myeloid_microglial_cell,549,425.0,425,10_60296002_60299097,5903,Psap,1.0
857320,5092,Brain_Myeloid_microglial_cell,549,299.0,299,10_60296002_60299097,5903,Psap,1.0
857321,5093,Brain_Myeloid_microglial_cell,549,117.0,117,10_60296002_60299097,5903,Psap,1.0
857322,5094,Brain_Myeloid_microglial_cell,549,2206.0,2206,10_60296002_60299097,5903,Psap,1.0
857323,5095,Brain_Myeloid_microglial_cell,549,374.0,374,10_60296002_60299097,5903,Psap,1.0
857324,5096,Brain_Myeloid_microglial_cell,549,323.0,323,10_60296002_60299097,5903,Psap,1.0
857325,5097,Brain_Myeloid_microglial_cell,549,216.0,216,10_60296002_60299097,5903,Psap,1.0
857326,5098,Brain_Myeloid_microglial_cell,549,1463.0,1463,10_60296002_60299097,5903,Psap,1.0
857327,5099,Brain_Myeloid_microglial_cell,549,277.0,277,10_60296002_60299097,5903,Psap,1.0
857328,5100,Brain_Myeloid_microglial_cell,549,1176.0,1176,10_60296002_60299097,5903,Psap,1.0
857329,5101,Brain_Myeloid_microglial_cell,549,72.0,72,10_60296002_60299097,5903,Psap,1.0
857330,5102,Brain_Myeloid_microglial_cell,549,247.0,247,10_60296002_60299097,5903,Psap,1.0
857331,5103,Brain_Myeloid_microglial_cell,549,159.0,159,10_60296002_60299097,5903,Psap,1.0
857332,5104,Brain_Myeloid_microglial_cell,549,218.0,218,10_60296002_60299097,5903,Psap,1.0
857333,5105,Brain_Myeloid_microglial_cell,549,544.0,544,10_60296002_60299097,5903,Psap,1.0
857334,5106,Brain_Myeloid_microglial_cell,549,736.0,736,10_60296002_60299097,5903,Psap,1.0
857335,5107,Brain_Myeloid_microglial_cell,549,396.0,396,10_60296002_60299097,5903,Psap,1.0
857336,5108,Brain_Myeloid_microglial_cell,549,397.0,525,10_60296002_60299097,5903,Psap,0.7561904761904762
857337,5109,Brain_Myeloid_microglial_cell,549,65.0,65,10_60296002_60299097,5903,Psap,1.0
857338,5110,Brain_Myeloid_microglial_cell,549,96.0,96,10_60296002_60299097,5903,Psap,1.0
857339,5111,Brain_Myeloid_microglial_cell,549,354.0,354,10_60296002_60299097,5903,Psap,1.0
857340,5112,Brain_Myeloid_microglial_cell,549,396.0,396,10_60296002_60299097,5903,Psap,1.0
857341,5113,Brain_Myeloid_microglial_cell,549,487.0,487,10_60296002_60299097,5903,Psap,1.0
857342,5114,Brain_Myeloid_microglial_cell,549,204.0,204,10_60296002_60299097,5903,Psap,1.0
857343,5115,Brain_Myeloid_microglial_cell,549,354.0,354,10_60296002_60299097,5903,Psap,1.0
857344,5116,Brain_Myeloid_microglial_cell,549,117.0,117,10_60296002_60299097,5903,Psap,1.0
857345,5117,Brain_Myeloid_microglial_cell,549,262.0,262,10_60296002_60299097,5903,Psap,1.0
857346,5118,Brain_Myeloid_microglial_cell,549,279.0,279,10_60296002_60299097,5903,Psap,1.0
857347,5119,Brain_Myeloid_microglial_cell,549,166.0,166,10_60296002_60299097,5903,Psap,1.0
857348,5120,Brain_Myeloid_microglial_cell,549,175.0,175,10_60296002_60299097,5903,Psap,1.0
857349,5121,Brain_Myeloid_microglial_cell,549,228.0,228,10_60296002_60299097,5903,Psap,1.0
857350,5122,Brain_Myeloid_microglial_cell,549,839.0,839,10_60296002_60299097,5903,Psap,1.0
857351,5123,Brain_Myeloid_microglial_cell,549,293.0,293,10_60296002_60299097,5903,Psap,1.0
857352,5124,Brain_Myeloid_microglial_cell,549,312.0,312,10_60296002_60299097,5903,Psap,1.0
857353,5125,Brain_Myeloid_microglial_cell,549,40.0,40,10_60296002_60299097,5903,Psap,1.0
857354,5126,Brain_Myeloid_microglial_cell,549,75.0,75,10_60296002_60299097,5903,Psap,1.0
857355,5127,Brain_Myeloid_microglial_cell,549,323.0,323,10_60296002_60299097,5903,Psap,1.0
857356,5128,Brain_Myeloid_microglial_cell,549,76.0,76,10_60296002_60299097,5903,Psap,1.0
857357,5129,Brain_Myeloid_microglial_cell,549,50.0,50,10_60296002_60299097,5903,Psap,1.0
857358,5130,Brain_Myeloid_microglial_cell,549,287.0,287,10_60296002_60299097,5903,Psap,1.0
857359,5131,Brain_Myeloid_microglial_cell,549,202.0,202,10_60296002_60299097,5903,Psap,1.0
857360,5132,Brain_Myeloid_microglial_cell,549,375.0,375,10_60296002_60299097,5903,Psap,1.0
857361,5133,Brain_Myeloid_microglial_cell,549,467.0,467,10_60296002_60299097,5903,Psap,1.0
857362,5134,Brain_Myeloid_microglial_cell,549,396.0,396,10_60296002_60299097,5903,Psap,1.0
857363,5135,Brain_Myeloid_microglial_cell,549,318.0,318,10_60296002_60299097,5903,Psap,1.0
857364,5136,Brain_Myeloid_microglial_cell,549,480.0,480,10_60296002_60299097,5903,Psap,1.0
857365,5137,Brain_Myeloid_microglial_cell,549,147.0,147,10_60296002_60299097,5903,Psap,1.0
857366,5138,Brain_Myeloid_microglial_cell,549,380.0,380,10_60296002_60299097,5903,Psap,1.0
857367,5139,Brain_Myeloid_microglial_cell,549,1039.0,1039,10_60296002_60299097,5903,Psap,1.0
857368,5140,Brain_Myeloid_microglial_cell,549,159.0,159,10_60296002_60299097,5903,Psap,1.0
857369,5141,Brain_Myeloid_microglial_cell,549,203.0,203,10_60296002_60299097,5903,Psap,1.0
857370,5142,Brain_Myeloid_microglial_cell,549,118.0,118,10_60296002_60299097,5903,Psap,1.0
857371,5143,Brain_Myeloid_microglial_cell,549,294.0,294,10_60296002_60299097,5903,Psap,1.0
857372,5144,Brain_Myeloid_microglial_cell,549,210.0,210,10_60296002_60299097,5903,Psap,1.0
857373,5145,Brain_Myeloid_microglial_cell,549,375.0,375,10_60296002_60299097,5903,Psap,1.0
857374,5146,Brain_Myeloid_microglial_cell,549,117.0,119,10_60296002_60299097,5903,Psap,0.9831932773109243
857375,5147,Brain_Myeloid_microglial_cell,549,336.0,336,10_60296002_60299097,5903,Psap,1.0
857376,5148,Brain_Myeloid_microglial_cell,549,375.0,375,10_60296002_60299097,5903,Psap,1.0
857377,5149,Brain_Myeloid_microglial_cell,549,244.0,247,10_60296002_60299097,5903,Psap,0.9878542510121457
857378,5150,Brain_Myeloid_microglial_cell,549,407.0,410,10_60296002_60299097,5903,Psap,0.9926829268292683
857379,5151,Brain_Myeloid_microglial_cell,549,785.0,785,10_60296002_60299097,5903,Psap,1.0
857380,5152,Brain_Myeloid_microglial_cell,549,33.0,33,10_60296002_60299097,5903,Psap,1.0
857381,5153,Brain_Myeloid_microglial_cell,549,650.0,662,10_60296002_60299097,5903,Psap,0.9818731117824774
857382,5154,Brain_Myeloid_microglial_cell,549,35.0,35,10_60296002_60299097,5903,Psap,1.0
857383,5155,Brain_Myeloid_microglial_cell,549,173.0,173,10_60296002_60299097,5903,Psap,1.0
857384,5156,Brain_Myeloid_microglial_cell,549,73.0,73,10_60296002_60299097,5903,Psap,1.0
857385,5157,Brain_Myeloid_microglial_cell,549,115.0,120,10_60296002_60299097,5903,Psap,0.9583333333333334
857386,5158,Brain_Myeloid_microglial_cell,549,330.0,330,10_60296002_60299097,5903,Psap,1.0
857387,5159,Brain_Myeloid_microglial_cell,549,205.0,205,10_60296002_60299097,5903,Psap,1.0
857388,5160,Brain_Myeloid_microglial_cell,549,843.0,843,10_60296002_60299097,5903,Psap,1.0
857389,5161,Brain_Myeloid_microglial_cell,549,449.0,459,10_60296002_60299097,5903,Psap,0.9782135076252724
857390,5162,Brain_Myeloid_microglial_cell,549,89.0,89,10_60296002_60299097,5903,Psap,1.0
857391,5163,Brain_Myeloid_microglial_cell,549,190.0,190,10_60296002_60299097,5903,Psap,1.0
857392,5164,Brain_Myeloid_microglial_cell,549,111.0,111,10_60296002_60299097,5903,Psap,1.0
857393,5165,Brain_Myeloid_microglial_cell,549,239.0,239,10_60296002_60299097,5903,Psap,1.0
857394,5166,Brain_Myeloid_microglial_cell,549,595.0,595,10_60296002_60299097,5903,Psap,1.0
857395,5167,Brain_Myeloid_microglial_cell,549,121.0,121,10_60296002_60299097,5903,Psap,1.0
857396,5168,Brain_Myeloid_microglial_cell,549,215.0,215,10_60296002_60299097,5903,Psap,1.0
857397,5169,Brain_Myeloid_microglial_cell,549,97.0,97,10_60296002_60299097,5903,Psap,1.0
857398,5170,Brain_Myeloid_microglial_cell,549,245.0,245,10_60296002_60299097,5903,Psap,1.0
857399,5171,Brain_Myeloid_microglial_cell,549,295.0,295,10_60296002_60299097,5903,Psap,1.0
857400,5172,Brain_Myeloid_microglial_cell,549,350.0,350,10_60296002_60299097,5903,Psap,1.0
857401,5173,Brain_Myeloid_microglial_cell,549,436.0,436,10_60296002_60299097,5903,Psap,1.0
857402,5174,Brain_Myeloid_microglial_cell,549,553.0,553,10_60296002_60299097,5903,Psap,1.0
857403,5175,Brain_Myeloid_microglial_cell,549,237.0,237,10_60296002_60299097,5903,Psap,1.0
857404,5176,Brain_Myeloid_microglial_cell,549,747.0,747,10_60296002_60299097,5903,Psap,1.0
857405,5177,Brain_Myeloid_microglial_cell,549,148.0,148,10_60296002_60299097,5903,Psap,1.0
857406,5178,Brain_Myeloid_microglial_cell,549,1017.0,1017,10_60296002_60299097,5903,Psap,1.0
857407,5179,Brain_Myeloid_microglial_cell,549,238.0,238,10_60296002_60299097,5903,Psap,1.0
857408,5180,Brain_Myeloid_microglial_cell,549,531.0,531,10_60296002_60299097,5903,Psap,1.0
857409,5181,Brain_Myeloid_microglial_cell,549,465.0,465,10_60296002_60299097,5903,Psap,1.0
857410,5182,Brain_Myeloid_microglial_cell,549,288.0,288,10_60296002_60299097,5903,Psap,1.0
857411,5183,Brain_Myeloid_microglial_cell,549,115.0,115,10_60296002_60299097,5903,Psap,1.0
857412,5185,Brain_Myeloid_microglial_cell,549,416.0,416,10_60296002_60299097,5903,Psap,1.0
857413,5186,Brain_Myeloid_microglial_cell,549,413.0,413,10_60296002_60299097,5903,Psap,1.0
857414,5187,Brain_Myeloid_microglial_cell,549,2256.0,2256,10_60296002_60299097,5903,Psap,1.0
857415,5188,Brain_Myeloid_microglial_cell,549,116.0,116,10_60296002_60299097,5903,Psap,1.0
857416,5189,Brain_Myeloid_microglial_cell,549,582.0,582,10_60296002_60299097,5903,Psap,1.0
857417,5190,Brain_Myeloid_microglial_cell,549,247.0,247,10_60296002_60299097,5903,Psap,1.0
857418,5191,Brain_Myeloid_microglial_cell,549,267.0,267,10_60296002_60299097,5903,Psap,1.0
857419,5192,Brain_Myeloid_microglial_cell,549,80.0,80,10_60296002_60299097,5903,Psap,1.0
857420,5193,Brain_Myeloid_microglial_cell,549,313.0,313,10_60296002_60299097,5903,Psap,1.0
857421,5194,Brain_Myeloid_microglial_cell,549,265.0,265,10_60296002_60299097,5903,Psap,1.0
857422,5195,Brain_Myeloid_microglial_cell,549,186.0,186,10_60296002_60299097,5903,Psap,1.0
857423,5196,Brain_Myeloid_microglial_cell,549,416.0,416,10_60296002_60299097,5903,Psap,1.0
857424,5197,Brain_Myeloid_microglial_cell,549,256.0,256,10_60296002_60299097,5903,Psap,1.0
857425,5198,Brain_Myeloid_microglial_cell,549,127.0,127,10_60296002_60299097,5903,Psap,1.0
857426,5199,Brain_Myeloid_microglial_cell,549,233.0,233,10_60296002_60299097,5903,Psap,1.0
857427,5200,Brain_Myeloid_microglial_cell,549,335.0,335,10_60296002_60299097,5903,Psap,1.0
857428,5201,Brain_Myeloid_microglial_cell,549,249.0,249,10_60296002_60299097,5903,Psap,1.0
857429,5202,Brain_Myeloid_microglial_cell,549,1330.0,1330,10_60296002_60299097,5903,Psap,1.0
857430,5203,Brain_Myeloid_microglial_cell,549,94.0,94,10_60296002_60299097,5903,Psap,1.0
857431,5204,Brain_Myeloid_microglial_cell,549,104.0,104,10_60296002_60299097,5903,Psap,1.0
857432,5205,Brain_Myeloid_microglial_cell,549,827.0,827,10_60296002_60299097,5903,Psap,1.0
857433,5206,Brain_Myeloid_microglial_cell,549,132.0,132,10_60296002_60299097,5903,Psap,1.0
857434,5207,Brain_Myeloid_microglial_cell,549,304.0,304,10_60296002_60299097,5903,Psap,1.0
857435,5208,Brain_Myeloid_microglial_cell,549,47.0,47,10_60296002_60299097,5903,Psap,1.0
857436,5209,Brain_Myeloid_microglial_cell,549,336.0,336,10_60296002_60299097,5903,Psap,1.0
857437,5210,Brain_Myeloid_microglial_cell,549,449.0,449,10_60296002_60299097,5903,Psap,1.0
857438,5211,Brain_Myeloid_microglial_cell,549,355.0,355,10_60296002_60299097,5903,Psap,1.0
857439,5212,Brain_Myeloid_microglial_cell,549,140.0,140,10_60296002_60299097,5903,Psap,1.0
857440,5213,Brain_Myeloid_microglial_cell,549,186.0,186,10_60296002_60299097,5903,Psap,1.0
857441,5214,Brain_Myeloid_microglial_cell,549,1137.0,1137,10_60296002_60299097,5903,Psap,1.0
857442,5215,Brain_Myeloid_microglial_cell,549,360.0,360,10_60296002_60299097,5903,Psap,1.0
857443,5216,Brain_Myeloid_microglial_cell,549,37.0,37,10_60296002_60299097,5903,Psap,1.0
857444,5217,Brain_Myeloid_microglial_cell,549,411.0,418,10_60296002_60299097,5903,Psap,0.9832535885167464
857445,5218,Brain_Myeloid_microglial_cell,549,113.0,113,10_60296002_60299097,5903,Psap,1.0
857446,5219,Brain_Myeloid_microglial_cell,549,82.0,82,10_60296002_60299097,5903,Psap,1.0
857447,5220,Brain_Myeloid_microglial_cell,549,77.0,77,10_60296002_60299097,5903,Psap,1.0
857448,5221,Brain_Myeloid_microglial_cell,549,141.0,141,10_60296002_60299097,5903,Psap,1.0
857449,5222,Brain_Myeloid_microglial_cell,549,143.0,143,10_60296002_60299097,5903,Psap,1.0
857450,5223,Brain_Myeloid_microglial_cell,549,677.0,677,10_60296002_60299097,5903,Psap,1.0
857451,5224,Brain_Myeloid_microglial_cell,549,55.0,55,10_60296002_60299097,5903,Psap,1.0
857452,5225,Brain_Myeloid_microglial_cell,549,444.0,444,10_60296002_60299097,5903,Psap,1.0
857453,5227,Brain_Myeloid_microglial_cell,549,222.0,222,10_60296002_60299097,5903,Psap,1.0
857454,5228,Brain_Myeloid_microglial_cell,549,154.0,154,10_60296002_60299097,5903,Psap,1.0
857455,5229,Brain_Myeloid_microglial_cell,549,484.0,484,10_60296002_60299097,5903,Psap,1.0
857456,5230,Brain_Myeloid_microglial_cell,549,466.0,466,10_60296002_60299097,5903,Psap,1.0
857457,5231,Brain_Myeloid_microglial_cell,549,321.0,321,10_60296002_60299097,5903,Psap,1.0
857458,5232,Brain_Myeloid_microglial_cell,549,25.0,25,10_60296002_60299097,5903,Psap,1.0
857459,5233,Brain_Myeloid_microglial_cell,549,161.0,161,10_60296002_60299097,5903,Psap,1.0
857460,5234,Brain_Myeloid_microglial_cell,549,1083.0,1083,10_60296002_60299097,5903,Psap,1.0
857461,5235,Brain_Myeloid_microglial_cell,549,236.0,236,10_60296002_60299097,5903,Psap,1.0
857462,5236,Brain_Myeloid_microglial_cell,549,271.0,271,10_60296002_60299097,5903,Psap,1.0
857463,5237,Brain_Myeloid_microglial_cell,549,319.0,319,10_60296002_60299097,5903,Psap,1.0
857464,5238,Brain_Myeloid_microglial_cell,549,266.0,266,10_60296002_60299097,5903,Psap,1.0
857465,5239,Brain_Myeloid_microglial_cell,549,197.0,201,10_60296002_60299097,5903,Psap,0.9800995024875622
857466,5240,Brain_Myeloid_microglial_cell,549,182.0,182,10_60296002_60299097,5903,Psap,1.0
857467,5241,Brain_Myeloid_microglial_cell,549,391.0,391,10_60296002_60299097,5903,Psap,1.0
857468,5242,Brain_Myeloid_microglial_cell,549,259.0,263,10_60296002_60299097,5903,Psap,0.9847908745247148
857469,5243,Brain_Myeloid_microglial_cell,549,656.0,656,10_60296002_60299097,5903,Psap,1.0
857470,5244,Brain_Myeloid_microglial_cell,549,92.0,92,10_60296002_60299097,5903,Psap,1.0
857471,5245,Brain_Myeloid_microglial_cell,549,116.0,116,10_60296002_60299097,5903,Psap,1.0
857472,5246,Brain_Myeloid_microglial_cell,549,351.0,351,10_60296002_60299097,5903,Psap,1.0
857473,5247,Brain_Myeloid_microglial_cell,549,195.0,195,10_60296002_60299097,5903,Psap,1.0
857474,5248,Brain_Myeloid_microglial_cell,549,619.0,631,10_60296002_60299097,5903,Psap,0.9809825673534073
857475,5249,Brain_Myeloid_microglial_cell,549,219.0,223,10_60296002_60299097,5903,Psap,0.9820627802690582
857476,5250,Brain_Myeloid_microglial_cell,549,340.0,340,10_60296002_60299097,5903,Psap,1.0
857477,5251,Brain_Myeloid_microglial_cell,549,356.0,356,10_60296002_60299097,5903,Psap,1.0
857478,5252,Brain_Myeloid_microglial_cell,549,468.0,478,10_60296002_60299097,5903,Psap,0.9790794979079498
857479,5253,Brain_Myeloid_microglial_cell,549,290.0,290,10_60296002_60299097,5903,Psap,1.0
857480,5254,Brain_Myeloid_microglial_cell,549,835.0,835,10_60296002_60299097,5903,Psap,1.0
857481,5255,Brain_Myeloid_microglial_cell,549,548.0,615,10_60296002_60299097,5903,Psap,0.8910569105691057
857482,5256,Brain_Myeloid_microglial_cell,549,379.0,379,10_60296002_60299097,5903,Psap,1.0
857483,5257,Brain_Myeloid_microglial_cell,549,457.0,457,10_60296002_60299097,5903,Psap,1.0
857484,5258,Brain_Myeloid_microglial_cell,549,238.0,238,10_60296002_60299097,5903,Psap,1.0
857485,5259,Brain_Myeloid_microglial_cell,549,114.0,114,10_60296002_60299097,5903,Psap,1.0
857486,5260,Brain_Myeloid_microglial_cell,549,618.0,629,10_60296002_60299097,5903,Psap,0.9825119236883942
857487,5261,Brain_Myeloid_microglial_cell,549,76.0,76,10_60296002_60299097,5903,Psap,1.0
857488,5262,Brain_Myeloid_microglial_cell,549,360.0,360,10_60296002_60299097,5903,Psap,1.0
857489,5263,Brain_Myeloid_microglial_cell,549,195.0,195,10_60296002_60299097,5903,Psap,1.0
857490,5264,Brain_Myeloid_microglial_cell,549,126.0,126,10_60296002_60299097,5903,Psap,1.0
857491,5265,Brain_Myeloid_microglial_cell,549,331.0,363,10_60296002_60299097,5903,Psap,0.9118457300275482
857492,5266,Brain_Myeloid_microglial_cell,549,148.0,148,10_60296002_60299097,5903,Psap,1.0
857493,5267,Brain_Myeloid_microglial_cell,549,237.0,237,10_60296002_60299097,5903,Psap,1.0
857494,5268,Brain_Myeloid_microglial_cell,549,114.0,114,10_60296002_60299097,5903,Psap,1.0
857495,5269,Brain_Myeloid_microglial_cell,549,308.0,308,10_60296002_60299097,5903,Psap,1.0
857496,5270,Brain_Myeloid_microglial_cell,549,293.0,293,10_60296002_60299097,5903,Psap,1.0
857497,5271,Brain_Myeloid_microglial_cell,549,671.0,671,10_60296002_60299097,5903,Psap,1.0
857498,5272,Brain_Myeloid_microglial_cell,549,265.0,265,10_60296002_60299097,5903,Psap,1.0
857499,5273,Brain_Myeloid_microglial_cell,549,563.0,563,10_60296002_60299097,5903,Psap,1.0
857500,5274,Brain_Myeloid_microglial_cell,549,91.0,91,10_60296002_60299097,5903,Psap,1.0
857501,5275,Brain_Myeloid_microglial_cell,549,230.0,230,10_60296002_60299097,5903,Psap,1.0
857502,5276,Brain_Myeloid_microglial_cell,549,107.0,107,10_60296002_60299097,5903,Psap,1.0
857503,5277,Brain_Myeloid_microglial_cell,549,498.0,498,10_60296002_60299097,5903,Psap,1.0
857504,5278,Brain_Myeloid_microglial_cell,549,525.0,525,10_60296002_60299097,5903,Psap,1.0
857505,5279,Brain_Myeloid_microglial_cell,549,363.0,363,10_60296002_60299097,5903,Psap,1.0
857506,5280,Brain_Myeloid_microglial_cell,549,493.0,493,10_60296002_60299097,5903,Psap,1.0
857507,5281,Brain_Myeloid_microglial_cell,549,394.0,394,10_60296002_60299097,5903,Psap,1.0
857508,5282,Brain_Myeloid_microglial_cell,549,158.0,158,10_60296002_60299097,5903,Psap,1.0
857509,5283,Brain_Myeloid_microglial_cell,549,324.0,324,10_60296002_60299097,5903,Psap,1.0
857510,5284,Brain_Myeloid_microglial_cell,549,606.0,606,10_60296002_60299097,5903,Psap,1.0
857511,5285,Brain_Myeloid_microglial_cell,549,113.0,113,10_60296002_60299097,5903,Psap,1.0
857512,5286,Brain_Myeloid_microglial_cell,549,400.0,400,10_60296002_60299097,5903,Psap,1.0
857513,5287,Brain_Myeloid_microglial_cell,549,118.0,118,10_60296002_60299097,5903,Psap,1.0
857514,5288,Brain_Myeloid_microglial_cell,549,307.0,307,10_60296002_60299097,5903,Psap,1.0
857515,5289,Brain_Myeloid_microglial_cell,549,268.0,268,10_60296002_60299097,5903,Psap,1.0
857516,5290,Brain_Myeloid_microglial_cell,549,296.0,296,10_60296002_60299097,5903,Psap,1.0
857517,5291,Brain_Myeloid_microglial_cell,549,206.0,206,10_60296002_60299097,5903,Psap,1.0
857518,5292,Brain_Myeloid_microglial_cell,549,496.0,496,10_60296002_60299097,5903,Psap,1.0
857519,5293,Brain_Myeloid_microglial_cell,549,318.0,318,10_60296002_60299097,5903,Psap,1.0
857520,5294,Brain_Myeloid_microglial_cell,549,1032.0,1032,10_60296002_60299097,5903,Psap,1.0
857521,5296,Brain_Myeloid_microglial_cell,549,374.0,374,10_60296002_60299097,5903,Psap,1.0
857522,5297,Brain_Myeloid_microglial_cell,549,34.0,34,10_60296002_60299097,5903,Psap,1.0
857523,5298,Brain_Myeloid_microglial_cell,549,499.0,499,10_60296002_60299097,5903,Psap,1.0
857524,5299,Brain_Myeloid_microglial_cell,549,278.0,278,10_60296002_60299097,5903,Psap,1.0
857525,5300,Brain_Myeloid_microglial_cell,549,205.0,205,10_60296002_60299097,5903,Psap,1.0
857526,5301,Brain_Myeloid_microglial_cell,549,232.0,232,10_60296002_60299097,5903,Psap,1.0
857527,5302,Brain_Myeloid_microglial_cell,549,250.0,250,10_60296002_60299097,5903,Psap,1.0
857528,5303,Brain_Myeloid_microglial_cell,549,243.0,243,10_60296002_60299097,5903,Psap,1.0
857529,5304,Brain_Myeloid_microglial_cell,549,559.0,559,10_60296002_60299097,5903,Psap,1.0
857530,5305,Brain_Myeloid_microglial_cell,549,654.0,654,10_60296002_60299097,5903,Psap,1.0
857531,5306,Brain_Myeloid_microglial_cell,549,107.0,107,10_60296002_60299097,5903,Psap,1.0
857532,5307,Brain_Myeloid_microglial_cell,549,287.0,287,10_60296002_60299097,5903,Psap,1.0
857533,5308,Brain_Myeloid_microglial_cell,549,219.0,219,10_60296002_60299097,5903,Psap,1.0
857534,5309,Brain_Myeloid_microglial_cell,549,361.0,361,10_60296002_60299097,5903,Psap,1.0
857535,5310,Brain_Myeloid_microglial_cell,549,388.0,388,10_60296002_60299097,5903,Psap,1.0
857536,5311,Brain_Myeloid_microglial_cell,549,379.0,379,10_60296002_60299097,5903,Psap,1.0
857537,5312,Brain_Myeloid_microglial_cell,549,241.0,241,10_60296002_60299097,5903,Psap,1.0
857538,5313,Brain_Myeloid_microglial_cell,549,540.0,540,10_60296002_60299097,5903,Psap,1.0
857539,5314,Brain_Myeloid_microglial_cell,549,591.0,591,10_60296002_60299097,5903,Psap,1.0
857540,5315,Brain_Myeloid_microglial_cell,549,807.0,807,10_60296002_60299097,5903,Psap,1.0
857541,5316,Brain_Myeloid_microglial_cell,549,260.0,260,10_60296002_60299097,5903,Psap,1.0
857542,5317,Brain_Myeloid_microglial_cell,549,635.0,635,10_60296002_60299097,5903,Psap,1.0
857543,5318,Brain_Myeloid_microglial_cell,549,167.0,167,10_60296002_60299097,5903,Psap,1.0
857544,5319,Brain_Myeloid_microglial_cell,549,532.0,532,10_60296002_60299097,5903,Psap,1.0
857545,5320,Brain_Myeloid_microglial_cell,549,199.0,199,10_60296002_60299097,5903,Psap,1.0
857546,5321,Brain_Myeloid_microglial_cell,549,448.0,448,10_60296002_60299097,5903,Psap,1.0
857547,5322,Brain_Myeloid_microglial_cell,549,68.0,68,10_60296002_60299097,5903,Psap,1.0
857548,5323,Brain_Myeloid_microglial_cell,549,102.0,102,10_60296002_60299097,5903,Psap,1.0
857549,5324,Brain_Myeloid_microglial_cell,549,102.0,102,10_60296002_60299097,5903,Psap,1.0
857550,5325,Brain_Myeloid_microglial_cell,549,530.0,530,10_60296002_60299097,5903,Psap,1.0
857551,5326,Brain_Myeloid_microglial_cell,549,34.0,34,10_60296002_60299097,5903,Psap,1.0
857552,5327,Brain_Myeloid_microglial_cell,549,614.0,614,10_60296002_60299097,5903,Psap,1.0
857553,5328,Brain_Myeloid_microglial_cell,549,116.0,116,10_60296002_60299097,5903,Psap,1.0
857554,5329,Brain_Myeloid_microglial_cell,549,180.0,180,10_60296002_60299097,5903,Psap,1.0
857555,5330,Brain_Myeloid_microglial_cell,549,645.0,645,10_60296002_60299097,5903,Psap,1.0
857556,5331,Brain_Myeloid_microglial_cell,549,283.0,283,10_60296002_60299097,5903,Psap,1.0
857557,5333,Brain_Myeloid_microglial_cell,549,417.0,455,10_60296002_60299097,5903,Psap,0.9164835164835164
857558,5334,Brain_Myeloid_microglial_cell,549,364.0,364,10_60296002_60299097,5903,Psap,1.0
857559,5335,Brain_Myeloid_microglial_cell,549,706.0,706,10_60296002_60299097,5903,Psap,1.0
857560,5336,Brain_Myeloid_microglial_cell,549,154.0,154,10_60296002_60299097,5903,Psap,1.0
857561,5337,Brain_Myeloid_microglial_cell,549,527.0,530,10_60296002_60299097,5903,Psap,0.9943396226415094
857562,5338,Brain_Myeloid_microglial_cell,549,192.0,192,10_60296002_60299097,5903,Psap,1.0
857563,5339,Brain_Myeloid_microglial_cell,549,598.0,598,10_60296002_60299097,5903,Psap,1.0
857564,5340,Brain_Myeloid_microglial_cell,549,247.0,247,10_60296002_60299097,5903,Psap,1.0
857565,5341,Brain_Myeloid_microglial_cell,549,1106.0,1242,10_60296002_60299097,5903,Psap,0.8904991948470209
857566,5342,Brain_Myeloid_microglial_cell,549,313.0,315,10_60296002_60299097,5903,Psap,0.9936507936507937
857567,5343,Brain_Myeloid_microglial_cell,549,127.0,129,10_60296002_60299097,5903,Psap,0.9844961240310077
857568,5344,Brain_Myeloid_microglial_cell,549,421.0,421,10_60296002_60299097,5903,Psap,1.0
857569,5345,Brain_Myeloid_microglial_cell,549,204.0,204,10_60296002_60299097,5903,Psap,1.0
857570,5346,Brain_Myeloid_microglial_cell,549,562.0,638,10_60296002_60299097,5903,Psap,0.8808777429467085
857571,5347,Brain_Myeloid_microglial_cell,549,511.0,511,10_60296002_60299097,5903,Psap,1.0
857572,5348,Brain_Myeloid_microglial_cell,549,605.0,605,10_60296002_60299097,5903,Psap,1.0
857573,5349,Brain_Myeloid_microglial_cell,549,144.0,146,10_60296002_60299097,5903,Psap,0.9863013698630136
857574,5350,Brain_Myeloid_microglial_cell,549,104.0,104,10_60296002_60299097,5903,Psap,1.0
857575,5351,Brain_Myeloid_microglial_cell,549,229.0,229,10_60296002_60299097,5903,Psap,1.0
857576,5352,Brain_Myeloid_microglial_cell,549,165.0,165,10_60296002_60299097,5903,Psap,1.0
857577,5353,Brain_Myeloid_microglial_cell,549,764.0,764,10_60296002_60299097,5903,Psap,1.0
857578,5354,Brain_Myeloid_microglial_cell,549,2142.0,2142,10_60296002_60299097,5903,Psap,1.0
857579,5355,Brain_Myeloid_microglial_cell,549,135.0,135,10_60296002_60299097,5903,Psap,1.0
857580,5356,Brain_Myeloid_microglial_cell,549,160.0,173,10_60296002_60299097,5903,Psap,0.9248554913294798
857581,5357,Brain_Myeloid_microglial_cell,549,503.0,503,10_60296002_60299097,5903,Psap,1.0
857582,5358,Brain_Myeloid_microglial_cell,549,124.0,124,10_60296002_60299097,5903,Psap,1.0
857583,5359,Brain_Myeloid_microglial_cell,549,186.0,186,10_60296002_60299097,5903,Psap,1.0
857584,5360,Brain_Myeloid_microglial_cell,549,79.0,79,10_60296002_60299097,5903,Psap,1.0
857585,5361,Brain_Myeloid_microglial_cell,549,547.0,547,10_60296002_60299097,5903,Psap,1.0
857586,5362,Brain_Myeloid_microglial_cell,549,55.0,55,10_60296002_60299097,5903,Psap,1.0
857587,5363,Brain_Myeloid_microglial_cell,549,831.0,831,10_60296002_60299097,5903,Psap,1.0
857588,5364,Brain_Myeloid_microglial_cell,549,129.0,129,10_60296002_60299097,5903,Psap,1.0
857589,5365,Brain_Myeloid_microglial_cell,549,618.0,618,10_60296002_60299097,5903,Psap,1.0
857590,5366,Brain_Myeloid_microglial_cell,549,238.0,238,10_60296002_60299097,5903,Psap,1.0
857591,5367,Brain_Myeloid_microglial_cell,549,202.0,202,10_60296002_60299097,5903,Psap,1.0
857592,5368,Brain_Myeloid_microglial_cell,549,260.0,260,10_60296002_60299097,5903,Psap,1.0
857593,5369,Brain_Myeloid_microglial_cell,549,2195.0,2195,10_60296002_60299097,5903,Psap,1.0
857594,5370,Brain_Myeloid_microglial_cell,549,1049.0,1049,10_60296002_60299097,5903,Psap,1.0
857595,5371,Brain_Myeloid_microglial_cell,549,829.0,829,10_60296002_60299097,5903,Psap,1.0
857596,5372,Brain_Myeloid_microglial_cell,549,307.0,307,10_60296002_60299097,5903,Psap,1.0
857597,5373,Brain_Myeloid_microglial_cell,549,734.0,734,10_60296002_60299097,5903,Psap,1.0
857598,5374,Brain_Myeloid_microglial_cell,549,234.0,234,10_60296002_60299097,5903,Psap,1.0
857599,5375,Brain_Myeloid_microglial_cell,549,312.0,312,10_60296002_60299097,5903,Psap,1.0
857600,5376,Brain_Myeloid_microglial_cell,549,395.0,395,10_60296002_60299097,5903,Psap,1.0
857601,5377,Brain_Myeloid_microglial_cell,549,298.0,298,10_60296002_60299097,5903,Psap,1.0
857602,5378,Brain_Myeloid_microglial_cell,549,4975.0,4975,10_60296002_60299097,5903,Psap,1.0
857603,5379,Brain_Myeloid_microglial_cell,549,329.0,329,10_60296002_60299097,5903,Psap,1.0
857604,5380,Brain_Myeloid_microglial_cell,549,206.0,206,10_60296002_60299097,5903,Psap,1.0
857605,5381,Brain_Myeloid_microglial_cell,549,1097.0,1097,10_60296002_60299097,5903,Psap,1.0
857606,5382,Brain_Myeloid_microglial_cell,549,121.0,121,10_60296002_60299097,5903,Psap,1.0
857607,5383,Brain_Myeloid_microglial_cell,549,465.0,465,10_60296002_60299097,5903,Psap,1.0
857608,5384,Brain_Myeloid_microglial_cell,549,273.0,273,10_60296002_60299097,5903,Psap,1.0
857609,5385,Brain_Myeloid_microglial_cell,549,201.0,201,10_60296002_60299097,5903,Psap,1.0
857610,5386,Brain_Myeloid_microglial_cell,549,462.0,462,10_60296002_60299097,5903,Psap,1.0
857611,5387,Brain_Myeloid_microglial_cell,549,940.0,940,10_60296002_60299097,5903,Psap,1.0
857612,5388,Brain_Myeloid_microglial_cell,549,594.0,594,10_60296002_60299097,5903,Psap,1.0
857613,5389,Brain_Myeloid_microglial_cell,549,102.0,102,10_60296002_60299097,5903,Psap,1.0
857614,5390,Brain_Myeloid_microglial_cell,549,156.0,156,10_60296002_60299097,5903,Psap,1.0
857615,5391,Brain_Myeloid_microglial_cell,549,620.0,620,10_60296002_60299097,5903,Psap,1.0
857616,5392,Brain_Myeloid_microglial_cell,549,100.0,100,10_60296002_60299097,5903,Psap,1.0
857617,5393,Brain_Myeloid_microglial_cell,549,284.0,284,10_60296002_60299097,5903,Psap,1.0
857618,5394,Brain_Myeloid_microglial_cell,549,597.0,597,10_60296002_60299097,5903,Psap,1.0
857619,5395,Brain_Myeloid_microglial_cell,549,551.0,551,10_60296002_60299097,5903,Psap,1.0
857620,5396,Brain_Myeloid_microglial_cell,549,527.0,527,10_60296002_60299097,5903,Psap,1.0
857621,5397,Brain_Myeloid_microglial_cell,549,1528.0,1528,10_60296002_60299097,5903,Psap,1.0
857622,5398,Brain_Myeloid_microglial_cell,549,282.0,282,10_60296002_60299097,5903,Psap,1.0
857623,5399,Brain_Myeloid_microglial_cell,549,391.0,391,10_60296002_60299097,5903,Psap,1.0
857624,5400,Brain_Myeloid_microglial_cell,549,95.0,95,10_60296002_60299097,5903,Psap,1.0
857625,5401,Brain_Myeloid_microglial_cell,549,816.0,816,10_60296002_60299097,5903,Psap,1.0
857626,5402,Brain_Myeloid_microglial_cell,549,339.0,339,10_60296002_60299097,5903,Psap,1.0
857627,5403,Brain_Myeloid_microglial_cell,549,87.0,87,10_60296002_60299097,5903,Psap,1.0
857628,5404,Brain_Myeloid_microglial_cell,549,51.0,51,10_60296002_60299097,5903,Psap,1.0
857629,5405,Brain_Myeloid_microglial_cell,549,79.0,79,10_60296002_60299097,5903,Psap,1.0
857630,5406,Brain_Myeloid_microglial_cell,549,3511.0,3511,10_60296002_60299097,5903,Psap,1.0
857631,5407,Brain_Myeloid_microglial_cell,549,237.0,237,10_60296002_60299097,5903,Psap,1.0
857632,5408,Brain_Myeloid_microglial_cell,549,161.0,161,10_60296002_60299097,5903,Psap,1.0
857633,5409,Brain_Myeloid_microglial_cell,549,339.0,339,10_60296002_60299097,5903,Psap,1.0
857634,5410,Brain_Myeloid_microglial_cell,549,164.0,164,10_60296002_60299097,5903,Psap,1.0
857635,5411,Brain_Myeloid_microglial_cell,549,267.0,267,10_60296002_60299097,5903,Psap,1.0
857636,5412,Brain_Myeloid_microglial_cell,549,176.0,176,10_60296002_60299097,5903,Psap,1.0
857637,5413,Brain_Myeloid_microglial_cell,549,932.0,932,10_60296002_60299097,5903,Psap,1.0
857638,5414,Brain_Myeloid_microglial_cell,549,77.0,77,10_60296002_60299097,5903,Psap,1.0
857639,5415,Brain_Myeloid_microglial_cell,549,330.0,330,10_60296002_60299097,5903,Psap,1.0
857640,5416,Brain_Myeloid_microglial_cell,549,139.0,139,10_60296002_60299097,5903,Psap,1.0
857641,5417,Brain_Myeloid_microglial_cell,549,105.0,105,10_60296002_60299097,5903,Psap,1.0
857642,5418,Brain_Myeloid_microglial_cell,549,41.0,41,10_60296002_60299097,5903,Psap,1.0
857643,5419,Brain_Myeloid_microglial_cell,549,272.0,272,10_60296002_60299097,5903,Psap,1.0
857644,5420,Brain_Myeloid_microglial_cell,549,11.0,11,10_60296002_60299097,5903,Psap,1.0
857645,5421,Brain_Myeloid_microglial_cell,549,374.0,374,10_60296002_60299097,5903,Psap,1.0
857646,5422,Brain_Myeloid_microglial_cell,549,636.0,636,10_60296002_60299097,5903,Psap,1.0
857647,5423,Brain_Myeloid_microglial_cell,549,56.0,56,10_60296002_60299097,5903,Psap,1.0
857648,5424,Brain_Myeloid_microglial_cell,549,177.0,177,10_60296002_60299097,5903,Psap,1.0
857649,5425,Brain_Myeloid_microglial_cell,549,204.0,204,10_60296002_60299097,5903,Psap,1.0
857650,5426,Brain_Myeloid_microglial_cell,549,522.0,522,10_60296002_60299097,5903,Psap,1.0
857651,5427,Brain_Myeloid_microglial_cell,549,269.0,269,10_60296002_60299097,5903,Psap,1.0
857652,5428,Brain_Myeloid_microglial_cell,549,253.0,253,10_60296002_60299097,5903,Psap,1.0
857653,5429,Brain_Myeloid_microglial_cell,549,1897.0,1897,10_60296002_60299097,5903,Psap,1.0
857654,5430,Brain_Myeloid_microglial_cell,549,262.0,262,10_60296002_60299097,5903,Psap,1.0
857655,5431,Brain_Myeloid_microglial_cell,549,110.0,110,10_60296002_60299097,5903,Psap,1.0
857656,5432,Brain_Myeloid_microglial_cell,549,366.0,366,10_60296002_60299097,5903,Psap,1.0
857657,5433,Brain_Myeloid_microglial_cell,549,65.0,65,10_60296002_60299097,5903,Psap,1.0
857658,5434,Brain_Myeloid_microglial_cell,549,131.0,131,10_60296002_60299097,5903,Psap,1.0
857659,5435,Brain_Myeloid_microglial_cell,549,231.0,231,10_60296002_60299097,5903,Psap,1.0
857660,5436,Brain_Myeloid_microglial_cell,549,385.0,390,10_60296002_60299097,5903,Psap,0.9871794871794872
857661,5437,Brain_Myeloid_microglial_cell,549,277.0,277,10_60296002_60299097,5903,Psap,1.0
857662,5438,Brain_Myeloid_microglial_cell,549,144.0,171,10_60296002_60299097,5903,Psap,0.8421052631578947
857663,5439,Brain_Myeloid_microglial_cell,549,319.0,319,10_60296002_60299097,5903,Psap,1.0
857664,5440,Brain_Myeloid_microglial_cell,549,505.0,505,10_60296002_60299097,5903,Psap,1.0
857665,5441,Brain_Myeloid_microglial_cell,549,227.0,227,10_60296002_60299097,5903,Psap,1.0
857666,5442,Brain_Myeloid_microglial_cell,549,33.0,33,10_60296002_60299097,5903,Psap,1.0
857667,5443,Brain_Myeloid_microglial_cell,549,1372.0,1372,10_60296002_60299097,5903,Psap,1.0
857668,5444,Brain_Myeloid_microglial_cell,549,430.0,436,10_60296002_60299097,5903,Psap,0.9862385321100917
857669,5445,Brain_Myeloid_microglial_cell,549,81.0,81,10_60296002_60299097,5903,Psap,1.0
857670,5446,Brain_Myeloid_microglial_cell,549,294.0,294,10_60296002_60299097,5903,Psap,1.0
857671,5447,Brain_Myeloid_microglial_cell,549,248.0,254,10_60296002_60299097,5903,Psap,0.9763779527559056
857672,5448,Brain_Myeloid_microglial_cell,549,785.0,785,10_60296002_60299097,5903,Psap,1.0
857673,5449,Brain_Myeloid_microglial_cell,549,39.0,39,10_60296002_60299097,5903,Psap,1.0
857674,5450,Brain_Myeloid_microglial_cell,549,356.0,384,10_60296002_60299097,5903,Psap,0.9270833333333334
857675,5451,Brain_Myeloid_microglial_cell,549,376.0,376,10_60296002_60299097,5903,Psap,1.0
857676,5452,Brain_Myeloid_microglial_cell,549,862.0,862,10_60296002_60299097,5903,Psap,1.0
857677,5453,Brain_Myeloid_microglial_cell,549,84.0,84,10_60296002_60299097,5903,Psap,1.0
857678,5454,Brain_Myeloid_microglial_cell,549,161.0,161,10_60296002_60299097,5903,Psap,1.0
857679,5455,Brain_Myeloid_microglial_cell,549,78.0,79,10_60296002_60299097,5903,Psap,0.9873417721518988
857680,5456,Brain_Myeloid_microglial_cell,549,151.0,151,10_60296002_60299097,5903,Psap,1.0
857681,5457,Brain_Myeloid_microglial_cell,549,232.0,232,10_60296002_60299097,5903,Psap,1.0
857682,5458,Brain_Myeloid_microglial_cell,549,184.0,184,10_60296002_60299097,5903,Psap,1.0
857683,5459,Brain_Myeloid_microglial_cell,549,495.0,495,10_60296002_60299097,5903,Psap,1.0
857684,5460,Brain_Myeloid_microglial_cell,549,204.0,204,10_60296002_60299097,5903,Psap,1.0
857685,5461,Brain_Myeloid_microglial_cell,549,343.0,343,10_60296002_60299097,5903,Psap,1.0
857686,5462,Brain_Myeloid_microglial_cell,549,187.0,187,10_60296002_60299097,5903,Psap,1.0
857687,5463,Brain_Myeloid_microglial_cell,549,389.0,389,10_60296002_60299097,5903,Psap,1.0
857688,5464,Brain_Myeloid_microglial_cell,549,153.0,153,10_60296002_60299097,5903,Psap,1.0
857689,5465,Brain_Myeloid_microglial_cell,549,1078.0,1078,10_60296002_60299097,5903,Psap,1.0
857690,5466,Brain_Myeloid_microglial_cell,549,61.0,61,10_60296002_60299097,5903,Psap,1.0
857691,5467,Brain_Myeloid_microglial_cell,549,96.0,96,10_60296002_60299097,5903,Psap,1.0
857692,5468,Brain_Myeloid_microglial_cell,549,251.0,251,10_60296002_60299097,5903,Psap,1.0
857693,5469,Brain_Myeloid_microglial_cell,549,410.0,410,10_60296002_60299097,5903,Psap,1.0
857694,5470,Brain_Myeloid_microglial_cell,549,167.0,167,10_60296002_60299097,5903,Psap,1.0
857695,5471,Brain_Myeloid_microglial_cell,549,321.0,321,10_60296002_60299097,5903,Psap,1.0
857696,5472,Brain_Myeloid_microglial_cell,549,107.0,107,10_60296002_60299097,5903,Psap,1.0
857697,5473,Brain_Myeloid_microglial_cell,549,372.0,372,10_60296002_60299097,5903,Psap,1.0
857698,5474,Brain_Myeloid_microglial_cell,549,385.0,385,10_60296002_60299097,5903,Psap,1.0
857699,5475,Brain_Myeloid_microglial_cell,549,3926.0,3926,10_60296002_60299097,5903,Psap,1.0
857700,5476,Brain_Myeloid_microglial_cell,549,314.0,314,10_60296002_60299097,5903,Psap,1.0
857701,5477,Brain_Myeloid_microglial_cell,549,363.0,363,10_60296002_60299097,5903,Psap,1.0
857702,5478,Brain_Myeloid_microglial_cell,549,86.0,86,10_60296002_60299097,5903,Psap,1.0
857703,5479,Brain_Myeloid_microglial_cell,549,92.0,92,10_60296002_60299097,5903,Psap,1.0
857704,5480,Brain_Myeloid_microglial_cell,549,182.0,182,10_60296002_60299097,5903,Psap,1.0
857705,5481,Brain_Myeloid_microglial_cell,549,540.0,540,10_60296002_60299097,5903,Psap,1.0
857706,5482,Brain_Myeloid_microglial_cell,549,166.0,166,10_60296002_60299097,5903,Psap,1.0
857707,5483,Brain_Myeloid_microglial_cell,549,177.0,177,10_60296002_60299097,5903,Psap,1.0
857708,5484,Brain_Myeloid_microglial_cell,549,207.0,207,10_60296002_60299097,5903,Psap,1.0
857709,5485,Brain_Myeloid_microglial_cell,549,298.0,298,10_60296002_60299097,5903,Psap,1.0
857710,5486,Brain_Myeloid_microglial_cell,549,110.0,110,10_60296002_60299097,5903,Psap,1.0
857711,5487,Brain_Myeloid_microglial_cell,549,100.0,100,10_60296002_60299097,5903,Psap,1.0
857712,5488,Brain_Myeloid_microglial_cell,549,537.0,537,10_60296002_60299097,5903,Psap,1.0
857713,5489,Brain_Myeloid_microglial_cell,549,143.0,143,10_60296002_60299097,5903,Psap,1.0
857714,5490,Brain_Myeloid_microglial_cell,549,30.0,30,10_60296002_60299097,5903,Psap,1.0
857715,5491,Brain_Myeloid_microglial_cell,549,1516.0,1516,10_60296002_60299097,5903,Psap,1.0
857716,5492,Brain_Myeloid_microglial_cell,549,178.0,178,10_60296002_60299097,5903,Psap,1.0
857717,5493,Brain_Myeloid_microglial_cell,549,21.0,21,10_60296002_60299097,5903,Psap,1.0
857718,5494,Brain_Myeloid_microglial_cell,549,269.0,269,10_60296002_60299097,5903,Psap,1.0
857719,5495,Brain_Myeloid_microglial_cell,549,157.0,157,10_60296002_60299097,5903,Psap,1.0
857720,5496,Brain_Myeloid_microglial_cell,549,227.0,227,10_60296002_60299097,5903,Psap,1.0
857721,5497,Brain_Myeloid_microglial_cell,549,313.0,313,10_60296002_60299097,5903,Psap,1.0
857722,5498,Brain_Myeloid_microglial_cell,549,7.0,7,10_60296002_60299097,5903,Psap,1.0
857723,5499,Brain_Myeloid_microglial_cell,549,156.0,156,10_60296002_60299097,5903,Psap,1.0
857724,5500,Brain_Myeloid_microglial_cell,549,206.0,206,10_60296002_60299097,5903,Psap,1.0
857725,5501,Brain_Myeloid_microglial_cell,549,176.0,178,10_60296002_60299097,5903,Psap,0.9887640449438202
857726,5502,Brain_Myeloid_microglial_cell,549,87.0,87,10_60296002_60299097,5903,Psap,1.0
857727,5503,Brain_Myeloid_microglial_cell,549,810.0,810,10_60296002_60299097,5903,Psap,1.0
857728,5504,Brain_Myeloid_microglial_cell,549,174.0,174,10_60296002_60299097,5903,Psap,1.0
857729,5505,Brain_Myeloid_microglial_cell,549,4.0,4,10_60296002_60299097,5903,Psap,1.0
857730,5506,Brain_Myeloid_microglial_cell,549,182.0,182,10_60296002_60299097,5903,Psap,1.0
857731,5507,Brain_Myeloid_microglial_cell,549,288.0,288,10_60296002_60299097,5903,Psap,1.0
857732,5508,Brain_Myeloid_microglial_cell,549,248.0,248,10_60296002_60299097,5903,Psap,1.0
857733,5509,Brain_Myeloid_microglial_cell,549,991.0,991,10_60296002_60299097,5903,Psap,1.0
857734,5510,Brain_Myeloid_microglial_cell,549,355.0,355,10_60296002_60299097,5903,Psap,1.0
857735,5511,Brain_Myeloid_microglial_cell,549,548.0,548,10_60296002_60299097,5903,Psap,1.0
857736,5512,Brain_Myeloid_microglial_cell,549,299.0,299,10_60296002_60299097,5903,Psap,1.0
857737,5513,Brain_Myeloid_microglial_cell,549,2664.0,2664,10_60296002_60299097,5903,Psap,1.0
857738,5514,Brain_Myeloid_microglial_cell,549,158.0,158,10_60296002_60299097,5903,Psap,1.0
857739,5515,Brain_Myeloid_microglial_cell,549,145.0,145,10_60296002_60299097,5903,Psap,1.0
857740,5516,Brain_Myeloid_microglial_cell,549,256.0,256,10_60296002_60299097,5903,Psap,1.0
857741,5517,Brain_Myeloid_microglial_cell,549,186.0,186,10_60296002_60299097,5903,Psap,1.0
857742,5518,Brain_Myeloid_microglial_cell,549,1048.0,1048,10_60296002_60299097,5903,Psap,1.0
857743,5519,Brain_Myeloid_microglial_cell,549,345.0,345,10_60296002_60299097,5903,Psap,1.0
857744,5520,Brain_Myeloid_microglial_cell,549,97.0,97,10_60296002_60299097,5903,Psap,1.0
857745,5521,Brain_Myeloid_microglial_cell,549,382.0,382,10_60296002_60299097,5903,Psap,1.0
857746,5522,Brain_Myeloid_microglial_cell,549,360.0,360,10_60296002_60299097,5903,Psap,1.0
857747,5523,Brain_Myeloid_microglial_cell,549,182.0,182,10_60296002_60299097,5903,Psap,1.0
857748,5524,Brain_Myeloid_microglial_cell,549,261.0,261,10_60296002_60299097,5903,Psap,1.0
857749,5525,Brain_Myeloid_microglial_cell,549,659.0,659,10_60296002_60299097,5903,Psap,1.0
857750,5526,Brain_Myeloid_microglial_cell,549,346.0,346,10_60296002_60299097,5903,Psap,1.0
857751,5527,Brain_Myeloid_microglial_cell,549,354.0,354,10_60296002_60299097,5903,Psap,1.0
857752,5528,Brain_Myeloid_microglial_cell,549,477.0,477,10_60296002_60299097,5903,Psap,1.0
857753,5529,Brain_Myeloid_microglial_cell,549,532.0,532,10_60296002_60299097,5903,Psap,1.0
857754,5530,Brain_Myeloid_microglial_cell,549,188.0,188,10_60296002_60299097,5903,Psap,1.0
857755,5531,Brain_Myeloid_microglial_cell,549,526.0,526,10_60296002_60299097,5903,Psap,1.0
857756,5532,Brain_Myeloid_microglial_cell,549,129.0,129,10_60296002_60299097,5903,Psap,1.0
857757,5533,Brain_Myeloid_microglial_cell,549,3.0,3,10_60296002_60299097,5903,Psap,1.0
857758,5534,Brain_Myeloid_microglial_cell,549,332.0,338,10_60296002_60299097,5903,Psap,0.9822485207100592
857759,5535,Brain_Myeloid_microglial_cell,549,271.0,271,10_60296002_60299097,5903,Psap,1.0
857760,5536,Brain_Myeloid_microglial_cell,549,275.0,279,10_60296002_60299097,5903,Psap,0.985663082437276
857761,5537,Brain_Myeloid_microglial_cell,549,366.0,366,10_60296002_60299097,5903,Psap,1.0
857762,5538,Brain_Myeloid_microglial_cell,549,410.0,410,10_60296002_60299097,5903,Psap,1.0
857763,5539,Brain_Myeloid_microglial_cell,549,311.0,311,10_60296002_60299097,5903,Psap,1.0
857764,5540,Brain_Myeloid_microglial_cell,549,381.0,381,10_60296002_60299097,5903,Psap,1.0
857765,5541,Brain_Myeloid_microglial_cell,549,681.0,692,10_60296002_60299097,5903,Psap,0.9841040462427746
857766,5542,Brain_Myeloid_microglial_cell,549,198.0,206,10_60296002_60299097,5903,Psap,0.9611650485436893
857767,5543,Brain_Myeloid_microglial_cell,549,427.0,427,10_60296002_60299097,5903,Psap,1.0
857768,5544,Brain_Myeloid_microglial_cell,549,265.0,265,10_60296002_60299097,5903,Psap,1.0
857769,5545,Brain_Myeloid_microglial_cell,549,213.0,245,10_60296002_60299097,5903,Psap,0.8693877551020408
857770,5546,Brain_Myeloid_microglial_cell,549,200.0,200,10_60296002_60299097,5903,Psap,1.0
857771,5547,Brain_Myeloid_microglial_cell,549,268.0,268,10_60296002_60299097,5903,Psap,1.0
857772,5548,Brain_Myeloid_microglial_cell,549,415.0,423,10_60296002_60299097,5903,Psap,0.9810874704491725
857773,5549,Brain_Myeloid_microglial_cell,549,298.0,298,10_60296002_60299097,5903,Psap,1.0
857774,5550,Brain_Myeloid_microglial_cell,549,532.0,532,10_60296002_60299097,5903,Psap,1.0
857775,5551,Brain_Myeloid_microglial_cell,549,536.0,536,10_60296002_60299097,5903,Psap,1.0
857776,5552,Brain_Myeloid_microglial_cell,549,42.0,42,10_60296002_60299097,5903,Psap,1.0
857777,5553,Brain_Myeloid_microglial_cell,549,78.0,78,10_60296002_60299097,5903,Psap,1.0
857778,5554,Brain_Myeloid_microglial_cell,549,198.0,198,10_60296002_60299097,5903,Psap,1.0
857779,5555,Brain_Myeloid_microglial_cell,549,266.0,266,10_60296002_60299097,5903,Psap,1.0
857780,5556,Brain_Myeloid_microglial_cell,549,296.0,296,10_60296002_60299097,5903,Psap,1.0
857781,5557,Brain_Myeloid_microglial_cell,549,434.0,434,10_60296002_60299097,5903,Psap,1.0
857782,5558,Brain_Myeloid_microglial_cell,549,283.0,283,10_60296002_60299097,5903,Psap,1.0
857783,5559,Brain_Myeloid_microglial_cell,549,407.0,407,10_60296002_60299097,5903,Psap,1.0
857784,5560,Brain_Myeloid_microglial_cell,549,749.0,749,10_60296002_60299097,5903,Psap,1.0
857785,5561,Brain_Myeloid_microglial_cell,549,332.0,332,10_60296002_60299097,5903,Psap,1.0
857786,5562,Brain_Myeloid_microglial_cell,549,446.0,446,10_60296002_60299097,5903,Psap,1.0
857787,5563,Brain_Myeloid_microglial_cell,549,954.0,954,10_60296002_60299097,5903,Psap,1.0
857788,5564,Brain_Myeloid_microglial_cell,549,133.0,133,10_60296002_60299097,5903,Psap,1.0
857789,5565,Brain_Myeloid_microglial_cell,549,91.0,91,10_60296002_60299097,5903,Psap,1.0
857790,5566,Brain_Myeloid_microglial_cell,549,114.0,114,10_60296002_60299097,5903,Psap,1.0
857791,5567,Brain_Myeloid_microglial_cell,549,233.0,233,10_60296002_60299097,5903,Psap,1.0
857792,5568,Brain_Myeloid_microglial_cell,549,125.0,125,10_60296002_60299097,5903,Psap,1.0
857793,5569,Brain_Myeloid_microglial_cell,549,711.0,711,10_60296002_60299097,5903,Psap,1.0
857794,5570,Brain_Myeloid_microglial_cell,549,471.0,471,10_60296002_60299097,5903,Psap,1.0
857795,5571,Brain_Myeloid_microglial_cell,549,282.0,282,10_60296002_60299097,5903,Psap,1.0
857796,5572,Brain_Myeloid_microglial_cell,549,388.0,388,10_60296002_60299097,5903,Psap,1.0
857797,5573,Brain_Myeloid_microglial_cell,549,287.0,287,10_60296002_60299097,5903,Psap,1.0
857798,5574,Brain_Myeloid_microglial_cell,549,451.0,451,10_60296002_60299097,5903,Psap,1.0
857799,5575,Brain_Myeloid_microglial_cell,549,329.0,329,10_60296002_60299097,5903,Psap,1.0
857800,5576,Brain_Myeloid_microglial_cell,549,533.0,533,10_60296002_60299097,5903,Psap,1.0
857801,5577,Brain_Myeloid_microglial_cell,549,105.0,105,10_60296002_60299097,5903,Psap,1.0
857802,5578,Brain_Myeloid_microglial_cell,549,457.0,457,10_60296002_60299097,5903,Psap,1.0
857803,5579,Brain_Myeloid_microglial_cell,549,373.0,373,10_60296002_60299097,5903,Psap,1.0
857804,5580,Brain_Myeloid_microglial_cell,549,797.0,797,10_60296002_60299097,5903,Psap,1.0
857805,5581,Brain_Myeloid_microglial_cell,549,216.0,216,10_60296002_60299097,5903,Psap,1.0
857806,5582,Brain_Myeloid_microglial_cell,549,165.0,165,10_60296002_60299097,5903,Psap,1.0
857807,5583,Brain_Myeloid_microglial_cell,549,88.0,88,10_60296002_60299097,5903,Psap,1.0
857808,5584,Brain_Myeloid_microglial_cell,549,142.0,142,10_60296002_60299097,5903,Psap,1.0
857809,5585,Brain_Myeloid_microglial_cell,549,316.0,316,10_60296002_60299097,5903,Psap,1.0
857810,5586,Brain_Myeloid_microglial_cell,549,138.0,138,10_60296002_60299097,5903,Psap,1.0
857811,5587,Brain_Myeloid_microglial_cell,549,276.0,276,10_60296002_60299097,5903,Psap,1.0
857812,5588,Brain_Myeloid_microglial_cell,549,805.0,805,10_60296002_60299097,5903,Psap,1.0
857813,5589,Brain_Myeloid_microglial_cell,549,125.0,125,10_60296002_60299097,5903,Psap,1.0
857814,5590,Brain_Myeloid_microglial_cell,549,458.0,458,10_60296002_60299097,5903,Psap,1.0
857815,5591,Brain_Myeloid_microglial_cell,549,158.0,158,10_60296002_60299097,5903,Psap,1.0
857816,5592,Brain_Myeloid_microglial_cell,549,596.0,596,10_60296002_60299097,5903,Psap,1.0
857817,5593,Brain_Myeloid_microglial_cell,549,316.0,316,10_60296002_60299097,5903,Psap,1.0
857818,5594,Brain_Myeloid_microglial_cell,549,121.0,124,10_60296002_60299097,5903,Psap,0.9758064516129032
857819,5595,Brain_Myeloid_microglial_cell,549,59.0,59,10_60296002_60299097,5903,Psap,1.0
857820,5596,Brain_Myeloid_microglial_cell,549,789.0,789,10_60296002_60299097,5903,Psap,1.0
857821,5597,Brain_Myeloid_microglial_cell,549,187.0,187,10_60296002_60299097,5903,Psap,1.0
857822,5598,Brain_Myeloid_microglial_cell,549,808.0,808,10_60296002_60299097,5903,Psap,1.0
857823,5599,Brain_Myeloid_microglial_cell,549,181.0,181,10_60296002_60299097,5903,Psap,1.0
857824,5600,Brain_Myeloid_microglial_cell,549,248.0,248,10_60296002_60299097,5903,Psap,1.0
857825,5601,Brain_Myeloid_microglial_cell,549,537.0,537,10_60296002_60299097,5903,Psap,1.0
857826,5602,Brain_Myeloid_microglial_cell,549,142.0,142,10_60296002_60299097,5903,Psap,1.0
857827,5603,Brain_Myeloid_microglial_cell,549,326.0,326,10_60296002_60299097,5903,Psap,1.0
857828,5604,Brain_Myeloid_microglial_cell,549,78.0,78,10_60296002_60299097,5903,Psap,1.0
857829,5605,Brain_Myeloid_microglial_cell,549,366.0,366,10_60296002_60299097,5903,Psap,1.0
857830,5606,Brain_Myeloid_microglial_cell,549,165.0,165,10_60296002_60299097,5903,Psap,1.0
857831,5607,Brain_Myeloid_microglial_cell,549,152.0,152,10_60296002_60299097,5903,Psap,1.0
857832,5608,Brain_Myeloid_microglial_cell,549,258.0,258,10_60296002_60299097,5903,Psap,1.0
857833,5609,Brain_Myeloid_microglial_cell,549,1018.0,1018,10_60296002_60299097,5903,Psap,1.0
857834,5610,Brain_Myeloid_microglial_cell,549,442.0,442,10_60296002_60299097,5903,Psap,1.0
857835,5611,Brain_Myeloid_microglial_cell,549,1060.0,1060,10_60296002_60299097,5903,Psap,1.0
857836,5612,Brain_Myeloid_microglial_cell,549,574.0,574,10_60296002_60299097,5903,Psap,1.0
857837,5613,Brain_Myeloid_microglial_cell,549,434.0,434,10_60296002_60299097,5903,Psap,1.0
857838,5614,Brain_Myeloid_microglial_cell,549,827.0,827,10_60296002_60299097,5903,Psap,1.0
857839,5615,Brain_Myeloid_microglial_cell,549,727.0,727,10_60296002_60299097,5903,Psap,1.0
857840,5616,Brain_Myeloid_microglial_cell,549,509.0,509,10_60296002_60299097,5903,Psap,1.0
857841,5617,Brain_Myeloid_microglial_cell,549,164.0,164,10_60296002_60299097,5903,Psap,1.0
857842,5618,Brain_Myeloid_microglial_cell,549,755.0,755,10_60296002_60299097,5903,Psap,1.0
857843,5619,Brain_Myeloid_microglial_cell,549,193.0,193,10_60296002_60299097,5903,Psap,1.0
857844,5620,Brain_Myeloid_microglial_cell,549,88.0,88,10_60296002_60299097,5903,Psap,1.0
857845,5621,Brain_Myeloid_microglial_cell,549,584.0,584,10_60296002_60299097,5903,Psap,1.0
857846,5622,Brain_Myeloid_microglial_cell,549,436.0,436,10_60296002_60299097,5903,Psap,1.0
857847,5623,Brain_Myeloid_microglial_cell,549,92.0,92,10_60296002_60299097,5903,Psap,1.0
857848,5624,Brain_Myeloid_microglial_cell,549,426.0,426,10_60296002_60299097,5903,Psap,1.0
857849,5625,Brain_Myeloid_microglial_cell,549,895.0,895,10_60296002_60299097,5903,Psap,1.0
857850,5626,Brain_Myeloid_microglial_cell,549,180.0,180,10_60296002_60299097,5903,Psap,1.0
857851,5627,Brain_Myeloid_microglial_cell,549,713.0,713,10_60296002_60299097,5903,Psap,1.0
857852,5628,Brain_Myeloid_microglial_cell,549,585.0,585,10_60296002_60299097,5903,Psap,1.0
857853,5629,Brain_Myeloid_microglial_cell,549,340.0,340,10_60296002_60299097,5903,Psap,1.0
857854,5630,Brain_Myeloid_microglial_cell,549,118.0,118,10_60296002_60299097,5903,Psap,1.0
857855,5631,Brain_Myeloid_microglial_cell,549,1138.0,1138,10_60296002_60299097,5903,Psap,1.0
857856,5632,Brain_Myeloid_microglial_cell,549,157.0,157,10_60296002_60299097,5903,Psap,1.0
857857,5633,Brain_Myeloid_microglial_cell,549,94.0,97,10_60296002_60299097,5903,Psap,0.9690721649484536
857858,5634,Brain_Myeloid_microglial_cell,549,218.0,218,10_60296002_60299097,5903,Psap,1.0
857859,5635,Brain_Myeloid_microglial_cell,549,78.0,78,10_60296002_60299097,5903,Psap,1.0
857860,5636,Brain_Myeloid_microglial_cell,549,455.0,462,10_60296002_60299097,5903,Psap,0.9848484848484849
857861,5637,Brain_Myeloid_microglial_cell,549,1560.0,1560,10_60296002_60299097,5903,Psap,1.0
857862,5638,Brain_Myeloid_microglial_cell,549,143.0,143,10_60296002_60299097,5903,Psap,1.0
857863,5639,Brain_Myeloid_microglial_cell,549,403.0,403,10_60296002_60299097,5903,Psap,1.0
857864,5640,Brain_Myeloid_microglial_cell,549,178.0,178,10_60296002_60299097,5903,Psap,1.0
857865,5641,Brain_Myeloid_microglial_cell,549,169.0,169,10_60296002_60299097,5903,Psap,1.0
857866,5642,Brain_Myeloid_microglial_cell,549,387.0,387,10_60296002_60299097,5903,Psap,1.0
857867,5643,Brain_Myeloid_microglial_cell,549,378.0,378,10_60296002_60299097,5903,Psap,1.0
857868,5644,Brain_Myeloid_microglial_cell,549,232.0,232,10_60296002_60299097,5903,Psap,1.0
857869,5645,Brain_Myeloid_microglial_cell,549,617.0,617,10_60296002_60299097,5903,Psap,1.0
857870,5646,Brain_Myeloid_microglial_cell,549,385.0,385,10_60296002_60299097,5903,Psap,1.0
857871,5647,Brain_Myeloid_microglial_cell,549,107.0,107,10_60296002_60299097,5903,Psap,1.0
857872,5648,Brain_Myeloid_microglial_cell,549,242.0,242,10_60296002_60299097,5903,Psap,1.0
857873,5649,Brain_Myeloid_microglial_cell,549,95.0,95,10_60296002_60299097,5903,Psap,1.0
857874,5650,Brain_Myeloid_microglial_cell,549,234.0,234,10_60296002_60299097,5903,Psap,1.0
857875,5651,Brain_Myeloid_microglial_cell,549,38.0,38,10_60296002_60299097,5903,Psap,1.0
857876,5652,Brain_Myeloid_microglial_cell,549,608.0,608,10_60296002_60299097,5903,Psap,1.0
857877,5653,Brain_Myeloid_microglial_cell,549,119.0,119,10_60296002_60299097,5903,Psap,1.0
857878,5654,Brain_Myeloid_microglial_cell,549,230.0,230,10_60296002_60299097,5903,Psap,1.0
857879,5655,Brain_Myeloid_microglial_cell,549,646.0,646,10_60296002_60299097,5903,Psap,1.0
857880,5656,Brain_Myeloid_microglial_cell,549,198.0,198,10_60296002_60299097,5903,Psap,1.0
857881,5657,Brain_Myeloid_microglial_cell,549,234.0,234,10_60296002_60299097,5903,Psap,1.0
857882,5658,Brain_Myeloid_microglial_cell,549,144.0,144,10_60296002_60299097,5903,Psap,1.0
857883,5659,Brain_Myeloid_microglial_cell,549,55.0,55,10_60296002_60299097,5903,Psap,1.0
857884,5660,Brain_Myeloid_microglial_cell,549,442.0,442,10_60296002_60299097,5903,Psap,1.0
857885,5661,Brain_Myeloid_microglial_cell,549,68.0,68,10_60296002_60299097,5903,Psap,1.0
857886,5662,Brain_Myeloid_microglial_cell,549,186.0,186,10_60296002_60299097,5903,Psap,1.0
857887,5663,Brain_Myeloid_microglial_cell,549,463.0,463,10_60296002_60299097,5903,Psap,1.0
857888,5664,Brain_Myeloid_microglial_cell,549,584.0,584,10_60296002_60299097,5903,Psap,1.0
857889,5665,Brain_Myeloid_microglial_cell,549,433.0,433,10_60296002_60299097,5903,Psap,1.0
857890,5666,Brain_Myeloid_microglial_cell,549,297.0,297,10_60296002_60299097,5903,Psap,1.0
857891,5667,Brain_Myeloid_microglial_cell,549,281.0,281,10_60296002_60299097,5903,Psap,1.0
857892,5668,Brain_Myeloid_microglial_cell,549,201.0,201,10_60296002_60299097,5903,Psap,1.0
857893,5669,Brain_Myeloid_microglial_cell,549,1099.0,1099,10_60296002_60299097,5903,Psap,1.0
857894,5670,Brain_Myeloid_microglial_cell,549,525.0,525,10_60296002_60299097,5903,Psap,1.0
857895,5671,Brain_Myeloid_microglial_cell,549,136.0,136,10_60296002_60299097,5903,Psap,1.0
857896,5672,Brain_Myeloid_microglial_cell,549,2.0,2,10_60296002_60299097,5903,Psap,1.0
857897,5673,Brain_Myeloid_microglial_cell,549,292.0,292,10_60296002_60299097,5903,Psap,1.0
857898,5674,Brain_Myeloid_microglial_cell,549,288.0,288,10_60296002_60299097,5903,Psap,1.0
857899,5675,Brain_Myeloid_microglial_cell,549,62.0,62,10_60296002_60299097,5903,Psap,1.0
857900,5676,Brain_Myeloid_microglial_cell,549,444.0,444,10_60296002_60299097,5903,Psap,1.0
857901,5677,Brain_Myeloid_microglial_cell,549,1330.0,1330,10_60296002_60299097,5903,Psap,1.0
857902,5678,Brain_Myeloid_microglial_cell,549,401.0,401,10_60296002_60299097,5903,Psap,1.0
857903,5679,Brain_Myeloid_microglial_cell,549,150.0,150,10_60296002_60299097,5903,Psap,1.0
857904,5680,Brain_Myeloid_microglial_cell,549,504.0,504,10_60296002_60299097,5903,Psap,1.0
857905,5681,Brain_Myeloid_microglial_cell,549,337.0,337,10_60296002_60299097,5903,Psap,1.0
857906,5682,Brain_Myeloid_microglial_cell,549,171.0,171,10_60296002_60299097,5903,Psap,1.0
857907,5683,Brain_Myeloid_microglial_cell,549,69.0,69,10_60296002_60299097,5903,Psap,1.0
857908,5684,Brain_Myeloid_microglial_cell,549,1164.0,1164,10_60296002_60299097,5903,Psap,1.0
857909,5685,Brain_Myeloid_microglial_cell,549,203.0,203,10_60296002_60299097,5903,Psap,1.0
857910,5686,Brain_Myeloid_microglial_cell,549,454.0,454,10_60296002_60299097,5903,Psap,1.0
857911,5687,Brain_Myeloid_microglial_cell,549,327.0,327,10_60296002_60299097,5903,Psap,1.0
857912,5688,Brain_Myeloid_microglial_cell,549,174.0,174,10_60296002_60299097,5903,Psap,1.0
857913,5689,Brain_Myeloid_microglial_cell,549,251.0,251,10_60296002_60299097,5903,Psap,1.0
857914,5690,Brain_Myeloid_microglial_cell,549,592.0,592,10_60296002_60299097,5903,Psap,1.0
857915,5691,Brain_Myeloid_microglial_cell,549,260.0,260,10_60296002_60299097,5903,Psap,1.0
857916,5692,Brain_Myeloid_microglial_cell,549,275.0,275,10_60296002_60299097,5903,Psap,1.0
857917,5693,Brain_Myeloid_microglial_cell,549,184.0,184,10_60296002_60299097,5903,Psap,1.0
857918,5694,Brain_Myeloid_microglial_cell,549,306.0,306,10_60296002_60299097,5903,Psap,1.0
857919,5695,Brain_Myeloid_microglial_cell,549,364.0,364,10_60296002_60299097,5903,Psap,1.0
857920,5696,Brain_Myeloid_microglial_cell,549,53.0,53,10_60296002_60299097,5903,Psap,1.0
857921,5697,Brain_Myeloid_microglial_cell,549,155.0,155,10_60296002_60299097,5903,Psap,1.0
857922,5698,Brain_Myeloid_microglial_cell,549,680.0,680,10_60296002_60299097,5903,Psap,1.0
857923,5699,Brain_Myeloid_microglial_cell,549,269.0,269,10_60296002_60299097,5903,Psap,1.0
857924,5700,Brain_Myeloid_microglial_cell,549,175.0,175,10_60296002_60299097,5903,Psap,1.0
857925,5701,Brain_Myeloid_microglial_cell,549,194.0,194,10_60296002_60299097,5903,Psap,1.0
857926,5702,Brain_Myeloid_microglial_cell,549,112.0,112,10_60296002_60299097,5903,Psap,1.0
857927,5703,Brain_Myeloid_microglial_cell,549,58.0,58,10_60296002_60299097,5903,Psap,1.0
857928,5704,Brain_Myeloid_microglial_cell,549,269.0,269,10_60296002_60299097,5903,Psap,1.0
857929,5705,Brain_Myeloid_microglial_cell,549,109.0,109,10_60296002_60299097,5903,Psap,1.0
857930,5706,Brain_Myeloid_microglial_cell,549,141.0,141,10_60296002_60299097,5903,Psap,1.0
857931,5707,Brain_Myeloid_microglial_cell,549,661.0,661,10_60296002_60299097,5903,Psap,1.0
857932,5708,Brain_Myeloid_microglial_cell,549,352.0,352,10_60296002_60299097,5903,Psap,1.0
857933,5710,Brain_Myeloid_microglial_cell,549,123.0,123,10_60296002_60299097,5903,Psap,1.0
857934,5711,Brain_Myeloid_microglial_cell,549,507.0,507,10_60296002_60299097,5903,Psap,1.0
857935,5712,Brain_Myeloid_microglial_cell,549,696.0,696,10_60296002_60299097,5903,Psap,1.0
857936,5713,Brain_Myeloid_microglial_cell,549,238.0,238,10_60296002_60299097,5903,Psap,1.0
857937,5714,Brain_Myeloid_microglial_cell,549,668.0,668,10_60296002_60299097,5903,Psap,1.0
857938,5715,Brain_Myeloid_microglial_cell,549,328.0,328,10_60296002_60299097,5903,Psap,1.0
857939,5716,Brain_Myeloid_microglial_cell,549,298.0,298,10_60296002_60299097,5903,Psap,1.0
857940,5717,Brain_Myeloid_microglial_cell,549,427.0,427,10_60296002_60299097,5903,Psap,1.0
857941,5718,Brain_Myeloid_microglial_cell,549,302.0,302,10_60296002_60299097,5903,Psap,1.0
857942,5719,Brain_Myeloid_microglial_cell,549,137.0,137,10_60296002_60299097,5903,Psap,1.0
857943,5720,Brain_Myeloid_microglial_cell,549,629.0,629,10_60296002_60299097,5903,Psap,1.0
857944,5721,Brain_Myeloid_microglial_cell,549,115.0,115,10_60296002_60299097,5903,Psap,1.0
857945,5723,Brain_Myeloid_microglial_cell,549,161.0,161,10_60296002_60299097,5903,Psap,1.0
857946,5724,Brain_Myeloid_microglial_cell,549,253.0,253,10_60296002_60299097,5903,Psap,1.0
857947,5725,Brain_Myeloid_microglial_cell,549,176.0,176,10_60296002_60299097,5903,Psap,1.0
857948,5726,Brain_Myeloid_microglial_cell,549,66.0,66,10_60296002_60299097,5903,Psap,1.0
857949,5727,Brain_Myeloid_microglial_cell,549,1195.0,1195,10_60296002_60299097,5903,Psap,1.0
857950,5728,Brain_Myeloid_microglial_cell,549,185.0,185,10_60296002_60299097,5903,Psap,1.0
857951,5730,Brain_Myeloid_microglial_cell,549,139.0,139,10_60296002_60299097,5903,Psap,1.0
857952,5731,Brain_Myeloid_microglial_cell,549,343.0,343,10_60296002_60299097,5903,Psap,1.0
857953,5732,Brain_Myeloid_microglial_cell,549,82.0,82,10_60296002_60299097,5903,Psap,1.0
857954,5733,Brain_Myeloid_microglial_cell,549,210.0,239,10_60296002_60299097,5903,Psap,0.8786610878661087
857955,5734,Brain_Myeloid_microglial_cell,549,140.0,140,10_60296002_60299097,5903,Psap,1.0
857956,5735,Brain_Myeloid_microglial_cell,549,707.0,707,10_60296002_60299097,5903,Psap,1.0
857957,5736,Brain_Myeloid_microglial_cell,549,320.0,320,10_60296002_60299097,5903,Psap,1.0
857958,5737,Brain_Myeloid_microglial_cell,549,50.0,50,10_60296002_60299097,5903,Psap,1.0
857959,5738,Brain_Myeloid_microglial_cell,549,377.0,377,10_60296002_60299097,5903,Psap,1.0
857960,5739,Brain_Myeloid_microglial_cell,549,216.0,216,10_60296002_60299097,5903,Psap,1.0
857961,5740,Brain_Myeloid_microglial_cell,549,303.0,303,10_60296002_60299097,5903,Psap,1.0
857962,5741,Brain_Myeloid_microglial_cell,549,81.0,81,10_60296002_60299097,5903,Psap,1.0
857963,5742,Brain_Myeloid_microglial_cell,549,223.0,223,10_60296002_60299097,5903,Psap,1.0
857964,5743,Brain_Myeloid_microglial_cell,549,111.0,111,10_60296002_60299097,5903,Psap,1.0
857965,5744,Brain_Myeloid_microglial_cell,549,158.0,159,10_60296002_60299097,5903,Psap,0.9937106918238994
857966,5745,Brain_Myeloid_microglial_cell,549,465.0,465,10_60296002_60299097,5903,Psap,1.0
857967,5746,Brain_Myeloid_microglial_cell,549,58.0,58,10_60296002_60299097,5903,Psap,1.0
857968,5747,Brain_Myeloid_microglial_cell,549,256.0,256,10_60296002_60299097,5903,Psap,1.0
857969,5748,Brain_Myeloid_microglial_cell,549,756.0,756,10_60296002_60299097,5903,Psap,1.0
857970,5749,Brain_Myeloid_microglial_cell,549,236.0,236,10_60296002_60299097,5903,Psap,1.0
857971,5750,Brain_Myeloid_microglial_cell,549,187.0,187,10_60296002_60299097,5903,Psap,1.0
857972,5751,Brain_Myeloid_microglial_cell,549,965.0,965,10_60296002_60299097,5903,Psap,1.0
857973,5752,Brain_Myeloid_microglial_cell,549,123.0,123,10_60296002_60299097,5903,Psap,1.0
857974,5753,Brain_Myeloid_microglial_cell,549,374.0,374,10_60296002_60299097,5903,Psap,1.0
857975,5754,Brain_Myeloid_microglial_cell,549,187.0,187,10_60296002_60299097,5903,Psap,1.0
857976,5755,Brain_Myeloid_microglial_cell,549,242.0,242,10_60296002_60299097,5903,Psap,1.0
857977,5756,Brain_Myeloid_microglial_cell,549,961.0,961,10_60296002_60299097,5903,Psap,1.0
857978,5757,Brain_Myeloid_microglial_cell,549,222.0,222,10_60296002_60299097,5903,Psap,1.0
857979,5758,Brain_Myeloid_microglial_cell,549,309.0,309,10_60296002_60299097,5903,Psap,1.0
857980,5759,Brain_Myeloid_microglial_cell,549,446.0,446,10_60296002_60299097,5903,Psap,1.0
857981,5760,Brain_Myeloid_microglial_cell,549,333.0,333,10_60296002_60299097,5903,Psap,1.0
857982,5761,Brain_Myeloid_microglial_cell,549,1012.0,1012,10_60296002_60299097,5903,Psap,1.0
857983,5762,Brain_Myeloid_microglial_cell,549,133.0,133,10_60296002_60299097,5903,Psap,1.0
857984,5763,Brain_Myeloid_microglial_cell,549,1096.0,1096,10_60296002_60299097,5903,Psap,1.0
857985,5764,Brain_Myeloid_microglial_cell,549,273.0,273,10_60296002_60299097,5903,Psap,1.0
857986,5765,Brain_Myeloid_microglial_cell,549,106.0,106,10_60296002_60299097,5903,Psap,1.0
857987,5766,Brain_Myeloid_microglial_cell,549,761.0,761,10_60296002_60299097,5903,Psap,1.0
857988,5767,Brain_Myeloid_microglial_cell,549,240.0,240,10_60296002_60299097,5903,Psap,1.0
857989,5768,Brain_Myeloid_microglial_cell,549,140.0,140,10_60296002_60299097,5903,Psap,1.0
857990,5769,Brain_Myeloid_microglial_cell,549,122.0,122,10_60296002_60299097,5903,Psap,1.0
857991,5770,Brain_Myeloid_microglial_cell,549,396.0,396,10_60296002_60299097,5903,Psap,1.0
857992,5771,Brain_Myeloid_microglial_cell,549,292.0,292,10_60296002_60299097,5903,Psap,1.0
857993,5772,Brain_Myeloid_microglial_cell,549,353.0,353,10_60296002_60299097,5903,Psap,1.0
857994,5773,Brain_Myeloid_microglial_cell,549,357.0,357,10_60296002_60299097,5903,Psap,1.0
857995,5774,Brain_Myeloid_microglial_cell,549,316.0,316,10_60296002_60299097,5903,Psap,1.0
857996,5775,Brain_Myeloid_microglial_cell,549,387.0,387,10_60296002_60299097,5903,Psap,1.0
857997,5776,Brain_Myeloid_microglial_cell,549,101.0,101,10_60296002_60299097,5903,Psap,1.0
857998,5777,Brain_Myeloid_microglial_cell,549,106.0,106,10_60296002_60299097,5903,Psap,1.0
857999,5778,Brain_Myeloid_microglial_cell,549,562.0,562,10_60296002_60299097,5903,Psap,1.0
858000,5779,Brain_Myeloid_microglial_cell,549,265.0,265,10_60296002_60299097,5903,Psap,1.0
858001,5780,Brain_Myeloid_microglial_cell,549,173.0,173,10_60296002_60299097,5903,Psap,1.0
858002,5781,Brain_Myeloid_microglial_cell,549,275.0,275,10_60296002_60299097,5903,Psap,1.0
858003,5782,Brain_Myeloid_microglial_cell,549,180.0,180,10_60296002_60299097,5903,Psap,1.0
858004,5783,Brain_Myeloid_microglial_cell,549,56.0,56,10_60296002_60299097,5903,Psap,1.0
858005,5784,Brain_Myeloid_microglial_cell,549,74.0,74,10_60296002_60299097,5903,Psap,1.0
858006,5785,Brain_Myeloid_microglial_cell,549,181.0,181,10_60296002_60299097,5903,Psap,1.0
858007,5786,Brain_Myeloid_microglial_cell,549,129.0,129,10_60296002_60299097,5903,Psap,1.0
858008,5787,Brain_Myeloid_microglial_cell,549,215.0,215,10_60296002_60299097,5903,Psap,1.0
858009,5788,Brain_Myeloid_microglial_cell,549,277.0,277,10_60296002_60299097,5903,Psap,1.0
858010,5789,Brain_Myeloid_microglial_cell,549,132.0,132,10_60296002_60299097,5903,Psap,1.0
858011,5790,Brain_Myeloid_microglial_cell,549,403.0,403,10_60296002_60299097,5903,Psap,1.0
858012,5791,Brain_Myeloid_microglial_cell,549,349.0,349,10_60296002_60299097,5903,Psap,1.0
858013,5792,Brain_Myeloid_microglial_cell,549,81.0,81,10_60296002_60299097,5903,Psap,1.0
858014,5793,Brain_Myeloid_microglial_cell,549,459.0,459,10_60296002_60299097,5903,Psap,1.0
858015,5794,Brain_Myeloid_microglial_cell,549,8.0,8,10_60296002_60299097,5903,Psap,1.0
858016,5795,Brain_Myeloid_microglial_cell,549,623.0,623,10_60296002_60299097,5903,Psap,1.0
858017,5796,Brain_Myeloid_microglial_cell,549,35.0,35,10_60296002_60299097,5903,Psap,1.0
858018,5797,Brain_Myeloid_microglial_cell,549,239.0,239,10_60296002_60299097,5903,Psap,1.0
858019,5798,Brain_Myeloid_microglial_cell,549,189.0,189,10_60296002_60299097,5903,Psap,1.0
858020,5799,Brain_Myeloid_microglial_cell,549,268.0,268,10_60296002_60299097,5903,Psap,1.0
858021,5800,Brain_Myeloid_microglial_cell,549,200.0,200,10_60296002_60299097,5903,Psap,1.0
858022,5801,Brain_Myeloid_microglial_cell,549,280.0,280,10_60296002_60299097,5903,Psap,1.0
858023,5802,Brain_Myeloid_microglial_cell,549,347.0,347,10_60296002_60299097,5903,Psap,1.0
858024,5803,Brain_Myeloid_microglial_cell,549,232.0,232,10_60296002_60299097,5903,Psap,1.0
858025,5804,Brain_Myeloid_microglial_cell,549,822.0,822,10_60296002_60299097,5903,Psap,1.0
858026,5805,Brain_Myeloid_microglial_cell,549,474.0,474,10_60296002_60299097,5903,Psap,1.0
858027,5806,Brain_Myeloid_microglial_cell,549,2152.0,2152,10_60296002_60299097,5903,Psap,1.0
858028,5807,Brain_Myeloid_microglial_cell,549,802.0,802,10_60296002_60299097,5903,Psap,1.0
858029,5808,Brain_Myeloid_microglial_cell,549,103.0,103,10_60296002_60299097,5903,Psap,1.0
858030,5809,Brain_Myeloid_microglial_cell,549,27.0,27,10_60296002_60299097,5903,Psap,1.0
858031,5810,Brain_Myeloid_microglial_cell,549,202.0,202,10_60296002_60299097,5903,Psap,1.0
858032,5811,Brain_Myeloid_microglial_cell,549,126.0,126,10_60296002_60299097,5903,Psap,1.0
858033,5812,Brain_Myeloid_microglial_cell,549,1011.0,1011,10_60296002_60299097,5903,Psap,1.0
858034,5813,Brain_Myeloid_microglial_cell,549,413.0,413,10_60296002_60299097,5903,Psap,1.0
858035,5814,Brain_Myeloid_microglial_cell,549,261.0,261,10_60296002_60299097,5903,Psap,1.0
858036,5815,Brain_Myeloid_microglial_cell,549,199.0,199,10_60296002_60299097,5903,Psap,1.0
858037,5816,Brain_Myeloid_microglial_cell,549,501.0,501,10_60296002_60299097,5903,Psap,1.0
858038,5817,Brain_Myeloid_microglial_cell,549,853.0,853,10_60296002_60299097,5903,Psap,1.0
858039,5818,Brain_Myeloid_microglial_cell,549,246.0,246,10_60296002_60299097,5903,Psap,1.0
858040,5819,Brain_Myeloid_microglial_cell,549,623.0,623,10_60296002_60299097,5903,Psap,1.0
858041,5820,Brain_Myeloid_microglial_cell,549,688.0,688,10_60296002_60299097,5903,Psap,1.0
858042,5821,Brain_Myeloid_microglial_cell,549,540.0,540,10_60296002_60299097,5903,Psap,1.0
858043,5822,Brain_Myeloid_microglial_cell,549,189.0,189,10_60296002_60299097,5903,Psap,1.0
858044,5823,Brain_Myeloid_microglial_cell,549,91.0,91,10_60296002_60299097,5903,Psap,1.0
858045,5824,Brain_Myeloid_microglial_cell,549,606.0,606,10_60296002_60299097,5903,Psap,1.0
858046,5825,Brain_Myeloid_microglial_cell,549,179.0,179,10_60296002_60299097,5903,Psap,1.0
858047,5826,Brain_Myeloid_microglial_cell,549,133.0,133,10_60296002_60299097,5903,Psap,1.0
858048,5827,Brain_Myeloid_microglial_cell,549,1759.0,1759,10_60296002_60299097,5903,Psap,1.0
858049,5828,Brain_Myeloid_microglial_cell,549,371.0,371,10_60296002_60299097,5903,Psap,1.0
858050,5829,Brain_Myeloid_microglial_cell,549,136.0,136,10_60296002_60299097,5903,Psap,1.0
858051,5830,Brain_Myeloid_microglial_cell,549,342.0,342,10_60296002_60299097,5903,Psap,1.0
858052,5831,Brain_Myeloid_microglial_cell,549,541.0,541,10_60296002_60299097,5903,Psap,1.0
858053,5832,Brain_Myeloid_microglial_cell,549,139.0,209,10_60296002_60299097,5903,Psap,0.6650717703349283
858054,5833,Brain_Myeloid_microglial_cell,549,469.0,475,10_60296002_60299097,5903,Psap,0.9873684210526316
858055,5834,Brain_Myeloid_microglial_cell,549,506.0,506,10_60296002_60299097,5903,Psap,1.0
858056,5835,Brain_Myeloid_microglial_cell,549,157.0,157,10_60296002_60299097,5903,Psap,1.0
858057,5836,Brain_Myeloid_microglial_cell,549,1554.0,1554,10_60296002_60299097,5903,Psap,1.0
858058,5837,Brain_Myeloid_microglial_cell,549,1405.0,1405,10_60296002_60299097,5903,Psap,1.0
858059,5838,Brain_Myeloid_microglial_cell,549,122.0,122,10_60296002_60299097,5903,Psap,1.0
858060,5839,Brain_Myeloid_microglial_cell,549,340.0,340,10_60296002_60299097,5903,Psap,1.0
858061,5840,Brain_Myeloid_microglial_cell,549,1372.0,1372,10_60296002_60299097,5903,Psap,1.0
858062,5841,Brain_Myeloid_microglial_cell,549,592.0,644,10_60296002_60299097,5903,Psap,0.9192546583850931
858063,5842,Brain_Myeloid_microglial_cell,549,452.0,452,10_60296002_60299097,5903,Psap,1.0
858064,5843,Brain_Myeloid_microglial_cell,549,1038.0,1038,10_60296002_60299097,5903,Psap,1.0
858065,5844,Brain_Myeloid_microglial_cell,549,666.0,666,10_60296002_60299097,5903,Psap,1.0
858066,5845,Brain_Myeloid_microglial_cell,549,129.0,129,10_60296002_60299097,5903,Psap,1.0
858067,5846,Brain_Myeloid_microglial_cell,549,476.0,476,10_60296002_60299097,5903,Psap,1.0
858068,5847,Brain_Myeloid_microglial_cell,549,224.0,224,10_60296002_60299097,5903,Psap,1.0
858069,5848,Brain_Myeloid_microglial_cell,549,193.0,193,10_60296002_60299097,5903,Psap,1.0
858070,5849,Brain_Myeloid_microglial_cell,549,129.0,129,10_60296002_60299097,5903,Psap,1.0
858071,5850,Brain_Myeloid_microglial_cell,549,871.0,871,10_60296002_60299097,5903,Psap,1.0
858072,5851,Brain_Myeloid_microglial_cell,549,353.0,353,10_60296002_60299097,5903,Psap,1.0
858073,5852,Brain_Myeloid_microglial_cell,549,310.0,310,10_60296002_60299097,5903,Psap,1.0
858074,5853,Brain_Myeloid_microglial_cell,549,570.0,570,10_60296002_60299097,5903,Psap,1.0
858075,5854,Brain_Myeloid_microglial_cell,549,228.0,228,10_60296002_60299097,5903,Psap,1.0
858076,5855,Brain_Myeloid_microglial_cell,549,55.0,55,10_60296002_60299097,5903,Psap,1.0
858077,5856,Brain_Myeloid_microglial_cell,549,636.0,636,10_60296002_60299097,5903,Psap,1.0
858078,5857,Brain_Myeloid_microglial_cell,549,418.0,418,10_60296002_60299097,5903,Psap,1.0
858079,5858,Brain_Myeloid_microglial_cell,549,179.0,179,10_60296002_60299097,5903,Psap,1.0
858080,5859,Brain_Myeloid_microglial_cell,549,1187.0,1187,10_60296002_60299097,5903,Psap,1.0
858081,5860,Brain_Myeloid_microglial_cell,549,223.0,223,10_60296002_60299097,5903,Psap,1.0
858082,5861,Brain_Myeloid_microglial_cell,549,118.0,118,10_60296002_60299097,5903,Psap,1.0
858083,5862,Brain_Myeloid_microglial_cell,549,676.0,676,10_60296002_60299097,5903,Psap,1.0
858084,5863,Brain_Myeloid_microglial_cell,549,183.0,183,10_60296002_60299097,5903,Psap,1.0
858085,5864,Brain_Myeloid_microglial_cell,549,526.0,526,10_60296002_60299097,5903,Psap,1.0
858086,5865,Brain_Myeloid_microglial_cell,549,344.0,344,10_60296002_60299097,5903,Psap,1.0
858087,5866,Brain_Myeloid_microglial_cell,549,243.0,243,10_60296002_60299097,5903,Psap,1.0
858088,5867,Brain_Myeloid_microglial_cell,549,564.0,564,10_60296002_60299097,5903,Psap,1.0
858089,5868,Brain_Myeloid_microglial_cell,549,379.0,379,10_60296002_60299097,5903,Psap,1.0
858090,5869,Brain_Myeloid_microglial_cell,549,218.0,218,10_60296002_60299097,5903,Psap,1.0
858091,5870,Brain_Myeloid_microglial_cell,549,377.0,377,10_60296002_60299097,5903,Psap,1.0
858092,5871,Brain_Myeloid_microglial_cell,549,214.0,214,10_60296002_60299097,5903,Psap,1.0
858093,5872,Brain_Myeloid_microglial_cell,549,110.0,110,10_60296002_60299097,5903,Psap,1.0
858094,5873,Brain_Myeloid_microglial_cell,549,1563.0,1563,10_60296002_60299097,5903,Psap,1.0
858095,5874,Brain_Myeloid_microglial_cell,549,135.0,135,10_60296002_60299097,5903,Psap,1.0
858096,5875,Brain_Myeloid_microglial_cell,549,171.0,171,10_60296002_60299097,5903,Psap,1.0
858097,5876,Brain_Myeloid_microglial_cell,549,115.0,115,10_60296002_60299097,5903,Psap,1.0
858098,5877,Brain_Myeloid_microglial_cell,549,100.0,100,10_60296002_60299097,5903,Psap,1.0
858099,5878,Brain_Myeloid_microglial_cell,549,479.0,479,10_60296002_60299097,5903,Psap,1.0
858100,5879,Brain_Myeloid_microglial_cell,549,228.0,228,10_60296002_60299097,5903,Psap,1.0
858101,5880,Brain_Myeloid_microglial_cell,549,199.0,199,10_60296002_60299097,5903,Psap,1.0
858102,5881,Brain_Myeloid_microglial_cell,549,789.0,789,10_60296002_60299097,5903,Psap,1.0
858103,5882,Brain_Myeloid_microglial_cell,549,98.0,98,10_60296002_60299097,5903,Psap,1.0
858104,5883,Brain_Myeloid_microglial_cell,549,634.0,634,10_60296002_60299097,5903,Psap,1.0
858105,5884,Brain_Myeloid_microglial_cell,549,968.0,968,10_60296002_60299097,5903,Psap,1.0
858106,5885,Brain_Myeloid_microglial_cell,549,57.0,57,10_60296002_60299097,5903,Psap,1.0
858107,5886,Brain_Myeloid_microglial_cell,549,233.0,233,10_60296002_60299097,5903,Psap,1.0
858108,5887,Brain_Myeloid_microglial_cell,549,223.0,223,10_60296002_60299097,5903,Psap,1.0
858109,5888,Brain_Myeloid_microglial_cell,549,591.0,591,10_60296002_60299097,5903,Psap,1.0
858110,5889,Brain_Myeloid_microglial_cell,549,616.0,616,10_60296002_60299097,5903,Psap,1.0
858111,5890,Brain_Myeloid_microglial_cell,549,180.0,180,10_60296002_60299097,5903,Psap,1.0
858112,5891,Brain_Myeloid_microglial_cell,549,1020.0,1020,10_60296002_60299097,5903,Psap,1.0
858113,5892,Brain_Myeloid_microglial_cell,549,305.0,305,10_60296002_60299097,5903,Psap,1.0
858114,5893,Brain_Myeloid_microglial_cell,549,110.0,110,10_60296002_60299097,5903,Psap,1.0
858115,5894,Brain_Myeloid_microglial_cell,549,329.0,329,10_60296002_60299097,5903,Psap,1.0
858116,5895,Brain_Myeloid_microglial_cell,549,154.0,154,10_60296002_60299097,5903,Psap,1.0
858117,5896,Brain_Myeloid_microglial_cell,549,724.0,724,10_60296002_60299097,5903,Psap,1.0
858118,5897,Brain_Myeloid_microglial_cell,549,248.0,248,10_60296002_60299097,5903,Psap,1.0
858119,5898,Brain_Myeloid_microglial_cell,549,49.0,49,10_60296002_60299097,5903,Psap,1.0
858120,5899,Brain_Myeloid_microglial_cell,549,806.0,806,10_60296002_60299097,5903,Psap,1.0
858121,5900,Brain_Myeloid_microglial_cell,549,421.0,421,10_60296002_60299097,5903,Psap,1.0
858122,5901,Brain_Myeloid_microglial_cell,549,160.0,160,10_60296002_60299097,5903,Psap,1.0
858123,5902,Brain_Myeloid_microglial_cell,549,1355.0,1355,10_60296002_60299097,5903,Psap,1.0
858124,5903,Brain_Myeloid_microglial_cell,549,432.0,432,10_60296002_60299097,5903,Psap,1.0
858125,5904,Brain_Myeloid_microglial_cell,549,289.0,289,10_60296002_60299097,5903,Psap,1.0
858126,5905,Brain_Myeloid_microglial_cell,549,871.0,871,10_60296002_60299097,5903,Psap,1.0
858127,5906,Brain_Myeloid_microglial_cell,549,374.0,374,10_60296002_60299097,5903,Psap,1.0
858128,5907,Brain_Myeloid_microglial_cell,549,222.0,222,10_60296002_60299097,5903,Psap,1.0
858129,5908,Brain_Myeloid_microglial_cell,549,481.0,481,10_60296002_60299097,5903,Psap,1.0
858130,5909,Brain_Myeloid_microglial_cell,549,207.0,207,10_60296002_60299097,5903,Psap,1.0
858131,5910,Brain_Myeloid_microglial_cell,549,796.0,796,10_60296002_60299097,5903,Psap,1.0
858132,5911,Brain_Myeloid_microglial_cell,549,370.0,370,10_60296002_60299097,5903,Psap,1.0
858133,5912,Brain_Myeloid_microglial_cell,549,87.0,87,10_60296002_60299097,5903,Psap,1.0
858134,5913,Brain_Myeloid_microglial_cell,549,370.0,370,10_60296002_60299097,5903,Psap,1.0
858135,5914,Brain_Myeloid_microglial_cell,549,410.0,410,10_60296002_60299097,5903,Psap,1.0
858136,5915,Brain_Myeloid_microglial_cell,549,200.0,200,10_60296002_60299097,5903,Psap,1.0
858137,5916,Brain_Myeloid_microglial_cell,549,1069.0,1069,10_60296002_60299097,5903,Psap,1.0
858138,5917,Brain_Myeloid_microglial_cell,549,732.0,732,10_60296002_60299097,5903,Psap,1.0
858139,5918,Brain_Myeloid_microglial_cell,549,275.0,275,10_60296002_60299097,5903,Psap,1.0
858140,5919,Brain_Myeloid_microglial_cell,549,179.0,179,10_60296002_60299097,5903,Psap,1.0
858141,5920,Brain_Myeloid_microglial_cell,549,556.0,556,10_60296002_60299097,5903,Psap,1.0
858142,5921,Brain_Myeloid_microglial_cell,549,351.0,351,10_60296002_60299097,5903,Psap,1.0
858143,5922,Brain_Myeloid_microglial_cell,549,225.0,225,10_60296002_60299097,5903,Psap,1.0
858144,5923,Brain_Myeloid_microglial_cell,549,365.0,365,10_60296002_60299097,5903,Psap,1.0
858145,5924,Brain_Myeloid_microglial_cell,549,466.0,466,10_60296002_60299097,5903,Psap,1.0
858146,5925,Brain_Myeloid_microglial_cell,549,246.0,246,10_60296002_60299097,5903,Psap,1.0
858147,5926,Brain_Myeloid_microglial_cell,549,308.0,308,10_60296002_60299097,5903,Psap,1.0
858148,5927,Brain_Myeloid_microglial_cell,549,626.0,626,10_60296002_60299097,5903,Psap,1.0
858149,5928,Brain_Myeloid_microglial_cell,549,607.0,607,10_60296002_60299097,5903,Psap,1.0
858150,5929,Brain_Myeloid_microglial_cell,549,120.0,140,10_60296002_60299097,5903,Psap,0.8571428571428571
858151,5930,Brain_Myeloid_microglial_cell,549,274.0,280,10_60296002_60299097,5903,Psap,0.9785714285714285
858152,5931,Brain_Myeloid_microglial_cell,549,63.0,63,10_60296002_60299097,5903,Psap,1.0
858153,5932,Brain_Myeloid_microglial_cell,549,379.0,382,10_60296002_60299097,5903,Psap,0.9921465968586387
858154,5933,Brain_Myeloid_microglial_cell,549,2493.0,2493,10_60296002_60299097,5903,Psap,1.0
858155,5934,Brain_Myeloid_microglial_cell,549,117.0,117,10_60296002_60299097,5903,Psap,1.0
858156,5935,Brain_Myeloid_microglial_cell,549,120.0,120,10_60296002_60299097,5903,Psap,1.0
858157,5936,Brain_Myeloid_microglial_cell,549,636.0,636,10_60296002_60299097,5903,Psap,1.0
858158,5937,Brain_Myeloid_microglial_cell,549,145.0,145,10_60296002_60299097,5903,Psap,1.0
858159,5938,Brain_Myeloid_microglial_cell,549,185.0,185,10_60296002_60299097,5903,Psap,1.0
858160,5939,Brain_Myeloid_microglial_cell,549,106.0,106,10_60296002_60299097,5903,Psap,1.0
858161,5940,Brain_Myeloid_microglial_cell,549,38.0,38,10_60296002_60299097,5903,Psap,1.0
858162,5941,Brain_Myeloid_microglial_cell,549,500.0,500,10_60296002_60299097,5903,Psap,1.0
858163,5942,Brain_Myeloid_microglial_cell,549,197.0,197,10_60296002_60299097,5903,Psap,1.0
858164,5943,Brain_Myeloid_microglial_cell,549,258.0,258,10_60296002_60299097,5903,Psap,1.0
858165,5944,Brain_Myeloid_microglial_cell,549,54.0,54,10_60296002_60299097,5903,Psap,1.0
858166,5945,Brain_Myeloid_microglial_cell,549,621.0,621,10_60296002_60299097,5903,Psap,1.0
858167,5946,Brain_Myeloid_microglial_cell,549,35.0,35,10_60296002_60299097,5903,Psap,1.0
858168,5947,Brain_Myeloid_microglial_cell,549,169.0,169,10_60296002_60299097,5903,Psap,1.0
858169,5948,Brain_Myeloid_microglial_cell,549,90.0,90,10_60296002_60299097,5903,Psap,1.0
858170,5949,Brain_Myeloid_microglial_cell,549,519.0,519,10_60296002_60299097,5903,Psap,1.0
858171,5950,Brain_Myeloid_microglial_cell,549,67.0,67,10_60296002_60299097,5903,Psap,1.0
858172,5951,Brain_Myeloid_microglial_cell,549,835.0,835,10_60296002_60299097,5903,Psap,1.0
858173,5952,Brain_Myeloid_microglial_cell,549,296.0,296,10_60296002_60299097,5903,Psap,1.0
858174,5953,Brain_Myeloid_microglial_cell,549,323.0,323,10_60296002_60299097,5903,Psap,1.0
858175,5954,Brain_Myeloid_microglial_cell,549,368.0,368,10_60296002_60299097,5903,Psap,1.0
858176,5955,Brain_Myeloid_microglial_cell,549,286.0,286,10_60296002_60299097,5903,Psap,1.0
858177,5956,Brain_Myeloid_microglial_cell,549,1065.0,1065,10_60296002_60299097,5903,Psap,1.0
858178,5957,Brain_Myeloid_microglial_cell,549,463.0,463,10_60296002_60299097,5903,Psap,1.0
858179,5958,Brain_Myeloid_microglial_cell,549,164.0,164,10_60296002_60299097,5903,Psap,1.0
858180,5959,Brain_Myeloid_microglial_cell,549,194.0,194,10_60296002_60299097,5903,Psap,1.0
858181,5960,Brain_Myeloid_microglial_cell,549,56.0,56,10_60296002_60299097,5903,Psap,1.0
858182,5961,Brain_Myeloid_microglial_cell,549,845.0,845,10_60296002_60299097,5903,Psap,1.0
858183,5962,Brain_Myeloid_microglial_cell,549,524.0,524,10_60296002_60299097,5903,Psap,1.0
858184,5963,Brain_Myeloid_microglial_cell,549,195.0,195,10_60296002_60299097,5903,Psap,1.0
858185,5964,Brain_Myeloid_microglial_cell,549,182.0,182,10_60296002_60299097,5903,Psap,1.0
858186,5965,Brain_Myeloid_microglial_cell,549,332.0,332,10_60296002_60299097,5903,Psap,1.0
858187,5966,Brain_Myeloid_microglial_cell,549,103.0,103,10_60296002_60299097,5903,Psap,1.0
858188,5967,Brain_Myeloid_microglial_cell,549,3526.0,3526,10_60296002_60299097,5903,Psap,1.0
858189,5968,Brain_Myeloid_microglial_cell,549,267.0,267,10_60296002_60299097,5903,Psap,1.0
858190,5969,Brain_Myeloid_microglial_cell,549,2223.0,2223,10_60296002_60299097,5903,Psap,1.0
858191,5970,Brain_Myeloid_microglial_cell,549,208.0,208,10_60296002_60299097,5903,Psap,1.0
858192,5971,Brain_Myeloid_microglial_cell,549,390.0,390,10_60296002_60299097,5903,Psap,1.0
858193,5972,Brain_Myeloid_microglial_cell,549,618.0,618,10_60296002_60299097,5903,Psap,1.0
858194,5973,Brain_Myeloid_microglial_cell,549,535.0,535,10_60296002_60299097,5903,Psap,1.0
858195,5974,Brain_Myeloid_microglial_cell,549,257.0,257,10_60296002_60299097,5903,Psap,1.0
858196,5975,Brain_Myeloid_microglial_cell,549,471.0,471,10_60296002_60299097,5903,Psap,1.0
858197,5976,Brain_Myeloid_microglial_cell,549,284.0,284,10_60296002_60299097,5903,Psap,1.0
858198,5977,Brain_Myeloid_microglial_cell,549,49.0,49,10_60296002_60299097,5903,Psap,1.0
858199,5978,Brain_Myeloid_microglial_cell,549,680.0,680,10_60296002_60299097,5903,Psap,1.0
858200,5979,Brain_Myeloid_microglial_cell,549,227.0,227,10_60296002_60299097,5903,Psap,1.0
858201,5980,Brain_Myeloid_microglial_cell,549,315.0,315,10_60296002_60299097,5903,Psap,1.0
858202,5981,Brain_Myeloid_microglial_cell,549,190.0,190,10_60296002_60299097,5903,Psap,1.0
858203,5982,Brain_Myeloid_microglial_cell,549,60.0,60,10_60296002_60299097,5903,Psap,1.0
858204,5983,Brain_Myeloid_microglial_cell,549,385.0,385,10_60296002_60299097,5903,Psap,1.0
858205,5984,Brain_Myeloid_microglial_cell,549,492.0,492,10_60296002_60299097,5903,Psap,1.0
858206,5985,Brain_Myeloid_microglial_cell,549,314.0,314,10_60296002_60299097,5903,Psap,1.0
858207,5986,Brain_Myeloid_microglial_cell,549,391.0,391,10_60296002_60299097,5903,Psap,1.0
858208,5987,Brain_Myeloid_microglial_cell,549,74.0,74,10_60296002_60299097,5903,Psap,1.0
858209,5988,Brain_Myeloid_microglial_cell,549,352.0,352,10_60296002_60299097,5903,Psap,1.0
858210,5989,Brain_Myeloid_microglial_cell,549,582.0,582,10_60296002_60299097,5903,Psap,1.0
858211,5990,Brain_Myeloid_microglial_cell,549,62.0,62,10_60296002_60299097,5903,Psap,1.0
858212,5991,Brain_Myeloid_microglial_cell,549,420.0,420,10_60296002_60299097,5903,Psap,1.0
858213,5992,Brain_Myeloid_microglial_cell,549,471.0,471,10_60296002_60299097,5903,Psap,1.0
858214,5993,Brain_Myeloid_microglial_cell,549,99.0,99,10_60296002_60299097,5903,Psap,1.0
858215,5994,Brain_Myeloid_microglial_cell,549,536.0,536,10_60296002_60299097,5903,Psap,1.0
858216,5995,Brain_Myeloid_microglial_cell,549,216.0,216,10_60296002_60299097,5903,Psap,1.0
858217,5996,Brain_Myeloid_microglial_cell,549,125.0,125,10_60296002_60299097,5903,Psap,1.0
858218,5997,Brain_Myeloid_microglial_cell,549,332.0,332,10_60296002_60299097,5903,Psap,1.0
858219,5998,Brain_Myeloid_microglial_cell,549,312.0,312,10_60296002_60299097,5903,Psap,1.0
858220,5999,Brain_Myeloid_microglial_cell,549,184.0,184,10_60296002_60299097,5903,Psap,1.0
858221,6000,Brain_Myeloid_microglial_cell,549,174.0,174,10_60296002_60299097,5903,Psap,1.0
858222,6001,Brain_Myeloid_microglial_cell,549,75.0,75,10_60296002_60299097,5903,Psap,1.0
858223,6002,Brain_Myeloid_microglial_cell,549,39.0,39,10_60296002_60299097,5903,Psap,1.0
858224,6003,Brain_Myeloid_microglial_cell,549,495.0,495,10_60296002_60299097,5903,Psap,1.0
858225,6004,Brain_Myeloid_microglial_cell,549,234.0,234,10_60296002_60299097,5903,Psap,1.0
858226,6005,Brain_Myeloid_microglial_cell,549,316.0,316,10_60296002_60299097,5903,Psap,1.0
858227,6006,Brain_Myeloid_microglial_cell,549,38.0,38,10_60296002_60299097,5903,Psap,1.0
858228,6007,Brain_Myeloid_microglial_cell,549,310.0,310,10_60296002_60299097,5903,Psap,1.0
858229,6008,Brain_Myeloid_microglial_cell,549,65.0,65,10_60296002_60299097,5903,Psap,1.0
858230,6009,Brain_Myeloid_microglial_cell,549,480.0,480,10_60296002_60299097,5903,Psap,1.0
858231,6010,Brain_Myeloid_microglial_cell,549,226.0,226,10_60296002_60299097,5903,Psap,1.0
858232,6011,Brain_Myeloid_microglial_cell,549,174.0,174,10_60296002_60299097,5903,Psap,1.0
858233,6012,Brain_Myeloid_microglial_cell,549,285.0,285,10_60296002_60299097,5903,Psap,1.0
858234,6013,Brain_Myeloid_microglial_cell,549,600.0,600,10_60296002_60299097,5903,Psap,1.0
858235,6014,Brain_Myeloid_microglial_cell,549,166.0,166,10_60296002_60299097,5903,Psap,1.0
858236,6015,Brain_Myeloid_microglial_cell,549,425.0,425,10_60296002_60299097,5903,Psap,1.0
858237,6016,Brain_Myeloid_microglial_cell,549,41.0,41,10_60296002_60299097,5903,Psap,1.0
858238,6017,Brain_Myeloid_microglial_cell,549,171.0,171,10_60296002_60299097,5903,Psap,1.0
858239,6018,Brain_Myeloid_microglial_cell,549,97.0,97,10_60296002_60299097,5903,Psap,1.0
858240,6019,Brain_Myeloid_microglial_cell,549,43.0,43,10_60296002_60299097,5903,Psap,1.0
858241,6020,Brain_Myeloid_microglial_cell,549,349.0,349,10_60296002_60299097,5903,Psap,1.0
858242,6021,Brain_Myeloid_microglial_cell,549,172.0,172,10_60296002_60299097,5903,Psap,1.0
858243,6022,Brain_Myeloid_microglial_cell,549,370.0,370,10_60296002_60299097,5903,Psap,1.0
858244,6023,Brain_Myeloid_microglial_cell,549,490.0,490,10_60296002_60299097,5903,Psap,1.0
858245,6024,Brain_Myeloid_microglial_cell,549,230.0,230,10_60296002_60299097,5903,Psap,1.0
858246,6025,Brain_Myeloid_microglial_cell,549,618.0,618,10_60296002_60299097,5903,Psap,1.0
858247,6026,Brain_Myeloid_microglial_cell,549,248.0,248,10_60296002_60299097,5903,Psap,1.0
858248,6027,Brain_Myeloid_microglial_cell,549,375.0,375,10_60296002_60299097,5903,Psap,1.0
858249,6028,Brain_Myeloid_microglial_cell,549,677.0,677,10_60296002_60299097,5903,Psap,1.0
858250,6029,Brain_Myeloid_microglial_cell,549,178.0,178,10_60296002_60299097,5903,Psap,1.0
858251,6030,Brain_Myeloid_microglial_cell,549,48.0,48,10_60296002_60299097,5903,Psap,1.0
858252,6031,Brain_Myeloid_microglial_cell,549,360.0,360,10_60296002_60299097,5903,Psap,1.0
858253,6032,Brain_Myeloid_microglial_cell,549,207.0,209,10_60296002_60299097,5903,Psap,0.9904306220095693
858254,6033,Brain_Myeloid_microglial_cell,549,100.0,106,10_60296002_60299097,5903,Psap,0.9433962264150944
858255,6034,Brain_Myeloid_microglial_cell,549,284.0,284,10_60296002_60299097,5903,Psap,1.0
858256,6035,Brain_Myeloid_microglial_cell,549,190.0,190,10_60296002_60299097,5903,Psap,1.0
858257,6036,Brain_Myeloid_microglial_cell,549,599.0,599,10_60296002_60299097,5903,Psap,1.0
858258,6037,Brain_Myeloid_microglial_cell,549,102.0,102,10_60296002_60299097,5903,Psap,1.0
858259,6038,Brain_Myeloid_microglial_cell,549,666.0,666,10_60296002_60299097,5903,Psap,1.0
858260,6039,Brain_Myeloid_microglial_cell,549,275.0,275,10_60296002_60299097,5903,Psap,1.0
858261,6040,Brain_Myeloid_microglial_cell,549,825.0,825,10_60296002_60299097,5903,Psap,1.0
858262,6041,Brain_Myeloid_microglial_cell,549,316.0,316,10_60296002_60299097,5903,Psap,1.0
858263,6042,Brain_Myeloid_microglial_cell,549,210.0,210,10_60296002_60299097,5903,Psap,1.0
858264,6043,Brain_Myeloid_microglial_cell,549,77.0,77,10_60296002_60299097,5903,Psap,1.0
858265,6044,Brain_Myeloid_microglial_cell,549,43.0,43,10_60296002_60299097,5903,Psap,1.0
858266,6045,Brain_Myeloid_microglial_cell,549,293.0,293,10_60296002_60299097,5903,Psap,1.0
858267,6046,Brain_Myeloid_microglial_cell,549,143.0,143,10_60296002_60299097,5903,Psap,1.0
858268,6047,Brain_Myeloid_microglial_cell,549,510.0,510,10_60296002_60299097,5903,Psap,1.0
858269,6048,Brain_Myeloid_microglial_cell,549,391.0,391,10_60296002_60299097,5903,Psap,1.0
858270,6049,Brain_Myeloid_microglial_cell,549,429.0,429,10_60296002_60299097,5903,Psap,1.0
858271,6050,Brain_Myeloid_microglial_cell,549,142.0,142,10_60296002_60299097,5903,Psap,1.0
858272,6051,Brain_Myeloid_microglial_cell,549,484.0,484,10_60296002_60299097,5903,Psap,1.0
858273,6052,Brain_Myeloid_microglial_cell,549,68.0,68,10_60296002_60299097,5903,Psap,1.0
858274,6053,Brain_Myeloid_microglial_cell,549,334.0,334,10_60296002_60299097,5903,Psap,1.0
858275,6054,Brain_Myeloid_microglial_cell,549,717.0,717,10_60296002_60299097,5903,Psap,1.0
858276,6055,Brain_Myeloid_microglial_cell,549,335.0,335,10_60296002_60299097,5903,Psap,1.0
858277,6056,Brain_Myeloid_microglial_cell,549,75.0,75,10_60296002_60299097,5903,Psap,1.0
858278,6057,Brain_Myeloid_microglial_cell,549,152.0,152,10_60296002_60299097,5903,Psap,1.0
858279,6058,Brain_Myeloid_microglial_cell,549,43.0,43,10_60296002_60299097,5903,Psap,1.0
858280,6059,Brain_Myeloid_microglial_cell,549,160.0,160,10_60296002_60299097,5903,Psap,1.0
858281,6060,Brain_Myeloid_microglial_cell,549,315.0,315,10_60296002_60299097,5903,Psap,1.0
858282,6061,Brain_Myeloid_microglial_cell,549,366.0,366,10_60296002_60299097,5903,Psap,1.0
858283,6062,Brain_Myeloid_microglial_cell,549,412.0,412,10_60296002_60299097,5903,Psap,1.0
858284,6063,Brain_Myeloid_microglial_cell,549,548.0,561,10_60296002_60299097,5903,Psap,0.9768270944741533
858285,6064,Brain_Myeloid_microglial_cell,549,362.0,362,10_60296002_60299097,5903,Psap,1.0
858286,6065,Brain_Myeloid_microglial_cell,549,285.0,285,10_60296002_60299097,5903,Psap,1.0
858287,6066,Brain_Myeloid_microglial_cell,549,586.0,586,10_60296002_60299097,5903,Psap,1.0
858288,6067,Brain_Myeloid_microglial_cell,549,492.0,492,10_60296002_60299097,5903,Psap,1.0
858289,6068,Brain_Myeloid_microglial_cell,549,117.0,117,10_60296002_60299097,5903,Psap,1.0
858290,6069,Brain_Myeloid_microglial_cell,549,1172.0,1179,10_60296002_60299097,5903,Psap,0.9940627650551315
858291,6070,Brain_Myeloid_microglial_cell,549,426.0,426,10_60296002_60299097,5903,Psap,1.0
858292,6071,Brain_Myeloid_microglial_cell,549,410.0,410,10_60296002_60299097,5903,Psap,1.0
858293,6072,Brain_Myeloid_microglial_cell,549,225.0,225,10_60296002_60299097,5903,Psap,1.0
858294,6073,Brain_Myeloid_microglial_cell,549,259.0,259,10_60296002_60299097,5903,Psap,1.0
858295,6074,Brain_Myeloid_microglial_cell,549,916.0,928,10_60296002_60299097,5903,Psap,0.9870689655172413
858296,6075,Brain_Myeloid_microglial_cell,549,145.0,145,10_60296002_60299097,5903,Psap,1.0
858297,6076,Brain_Myeloid_microglial_cell,549,331.0,331,10_60296002_60299097,5903,Psap,1.0
858298,6077,Brain_Myeloid_microglial_cell,549,85.0,85,10_60296002_60299097,5903,Psap,1.0
858299,6078,Brain_Myeloid_microglial_cell,549,635.0,635,10_60296002_60299097,5903,Psap,1.0
858300,6079,Brain_Myeloid_microglial_cell,549,938.0,938,10_60296002_60299097,5903,Psap,1.0
858301,6080,Brain_Myeloid_microglial_cell,549,255.0,255,10_60296002_60299097,5903,Psap,1.0
858302,6081,Brain_Myeloid_microglial_cell,549,68.0,68,10_60296002_60299097,5903,Psap,1.0
858303,6082,Brain_Myeloid_microglial_cell,549,1279.0,1279,10_60296002_60299097,5903,Psap,1.0
858304,6083,Brain_Myeloid_microglial_cell,549,39.0,39,10_60296002_60299097,5903,Psap,1.0
858305,6084,Brain_Myeloid_microglial_cell,549,393.0,393,10_60296002_60299097,5903,Psap,1.0
858306,6085,Brain_Myeloid_microglial_cell,549,213.0,213,10_60296002_60299097,5903,Psap,1.0
858307,6086,Brain_Myeloid_microglial_cell,549,2760.0,2760,10_60296002_60299097,5903,Psap,1.0
858308,6087,Brain_Myeloid_microglial_cell,549,189.0,189,10_60296002_60299097,5903,Psap,1.0
858309,6088,Brain_Myeloid_microglial_cell,549,165.0,165,10_60296002_60299097,5903,Psap,1.0
858310,6089,Brain_Myeloid_microglial_cell,549,243.0,243,10_60296002_60299097,5903,Psap,1.0
858311,6090,Brain_Myeloid_microglial_cell,549,277.0,277,10_60296002_60299097,5903,Psap,1.0
858312,6091,Brain_Myeloid_microglial_cell,549,124.0,124,10_60296002_60299097,5903,Psap,1.0
858313,6092,Brain_Myeloid_microglial_cell,549,137.0,137,10_60296002_60299097,5903,Psap,1.0
858314,6093,Brain_Myeloid_microglial_cell,549,6.0,6,10_60296002_60299097,5903,Psap,1.0
858315,6094,Brain_Myeloid_microglial_cell,549,1997.0,1997,10_60296002_60299097,5903,Psap,1.0
858316,6095,Brain_Myeloid_microglial_cell,549,176.0,176,10_60296002_60299097,5903,Psap,1.0
858317,6096,Brain_Myeloid_microglial_cell,549,52.0,52,10_60296002_60299097,5903,Psap,1.0
858318,6097,Brain_Myeloid_microglial_cell,549,14.0,14,10_60296002_60299097,5903,Psap,1.0
858319,6098,Brain_Myeloid_microglial_cell,549,845.0,845,10_60296002_60299097,5903,Psap,1.0
858320,6099,Brain_Myeloid_microglial_cell,549,5.0,5,10_60296002_60299097,5903,Psap,1.0
858321,6100,Brain_Myeloid_microglial_cell,549,222.0,222,10_60296002_60299097,5903,Psap,1.0
858322,6101,Brain_Myeloid_microglial_cell,549,63.0,63,10_60296002_60299097,5903,Psap,1.0
858323,6102,Brain_Myeloid_microglial_cell,549,595.0,595,10_60296002_60299097,5903,Psap,1.0
858324,6103,Brain_Myeloid_microglial_cell,549,45.0,45,10_60296002_60299097,5903,Psap,1.0
858325,6104,Brain_Myeloid_microglial_cell,549,339.0,339,10_60296002_60299097,5903,Psap,1.0
858326,6105,Brain_Myeloid_microglial_cell,549,215.0,215,10_60296002_60299097,5903,Psap,1.0
858327,6106,Brain_Myeloid_microglial_cell,549,489.0,489,10_60296002_60299097,5903,Psap,1.0
858328,6107,Brain_Myeloid_microglial_cell,549,411.0,411,10_60296002_60299097,5903,Psap,1.0
858329,6108,Brain_Myeloid_microglial_cell,549,57.0,57,10_60296002_60299097,5903,Psap,1.0
858330,6109,Brain_Myeloid_microglial_cell,549,552.0,552,10_60296002_60299097,5903,Psap,1.0
858331,6110,Brain_Myeloid_microglial_cell,549,597.0,597,10_60296002_60299097,5903,Psap,1.0
858332,6111,Brain_Myeloid_microglial_cell,549,144.0,144,10_60296002_60299097,5903,Psap,1.0
858333,6112,Brain_Myeloid_microglial_cell,549,16.0,16,10_60296002_60299097,5903,Psap,1.0
858334,6113,Brain_Myeloid_microglial_cell,549,559.0,559,10_60296002_60299097,5903,Psap,1.0
858335,6114,Brain_Myeloid_microglial_cell,549,622.0,622,10_60296002_60299097,5903,Psap,1.0
858336,6115,Brain_Myeloid_microglial_cell,549,2178.0,2178,10_60296002_60299097,5903,Psap,1.0
858337,6116,Brain_Myeloid_microglial_cell,549,608.0,608,10_60296002_60299097,5903,Psap,1.0
858338,6117,Brain_Myeloid_microglial_cell,549,240.0,240,10_60296002_60299097,5903,Psap,1.0
858339,6118,Brain_Myeloid_microglial_cell,549,408.0,408,10_60296002_60299097,5903,Psap,1.0
858340,6119,Brain_Myeloid_microglial_cell,549,145.0,145,10_60296002_60299097,5903,Psap,1.0
858341,6120,Brain_Myeloid_microglial_cell,549,563.0,563,10_60296002_60299097,5903,Psap,1.0
858342,6121,Brain_Myeloid_microglial_cell,549,367.0,367,10_60296002_60299097,5903,Psap,1.0
858343,6122,Brain_Myeloid_microglial_cell,549,731.0,731,10_60296002_60299097,5903,Psap,1.0
858344,6123,Brain_Myeloid_microglial_cell,549,538.0,538,10_60296002_60299097,5903,Psap,1.0
858345,6124,Brain_Myeloid_microglial_cell,549,461.0,461,10_60296002_60299097,5903,Psap,1.0
858346,6125,Brain_Myeloid_microglial_cell,549,31.0,31,10_60296002_60299097,5903,Psap,1.0
858347,6126,Brain_Myeloid_microglial_cell,549,453.0,453,10_60296002_60299097,5903,Psap,1.0
858348,6127,Brain_Myeloid_microglial_cell,549,198.0,198,10_60296002_60299097,5903,Psap,1.0
858349,6128,Brain_Myeloid_microglial_cell,549,182.0,187,10_60296002_60299097,5903,Psap,0.9732620320855615
858350,6129,Brain_Myeloid_microglial_cell,549,503.0,503,10_60296002_60299097,5903,Psap,1.0
858351,6130,Brain_Myeloid_microglial_cell,549,398.0,398,10_60296002_60299097,5903,Psap,1.0
858352,6131,Brain_Myeloid_microglial_cell,549,341.0,341,10_60296002_60299097,5903,Psap,1.0
858353,6132,Brain_Myeloid_microglial_cell,549,562.0,575,10_60296002_60299097,5903,Psap,0.9773913043478261
858354,6133,Brain_Myeloid_microglial_cell,549,394.0,394,10_60296002_60299097,5903,Psap,1.0
858355,6134,Brain_Myeloid_microglial_cell,549,132.0,132,10_60296002_60299097,5903,Psap,1.0
858356,6135,Brain_Myeloid_microglial_cell,549,498.0,498,10_60296002_60299097,5903,Psap,1.0
858357,6136,Brain_Myeloid_microglial_cell,549,727.0,727,10_60296002_60299097,5903,Psap,1.0
858358,6137,Brain_Myeloid_microglial_cell,549,420.0,423,10_60296002_60299097,5903,Psap,0.9929078014184397
858359,6138,Brain_Myeloid_microglial_cell,549,260.0,260,10_60296002_60299097,5903,Psap,1.0
858360,6139,Brain_Myeloid_microglial_cell,549,43.0,43,10_60296002_60299097,5903,Psap,1.0
858361,6140,Brain_Myeloid_microglial_cell,549,415.0,415,10_60296002_60299097,5903,Psap,1.0
858362,6141,Brain_Myeloid_microglial_cell,549,217.0,217,10_60296002_60299097,5903,Psap,1.0
858363,6142,Brain_Myeloid_microglial_cell,549,602.0,602,10_60296002_60299097,5903,Psap,1.0
858364,6143,Brain_Myeloid_microglial_cell,549,498.0,498,10_60296002_60299097,5903,Psap,1.0
858365,6144,Brain_Myeloid_microglial_cell,549,636.0,636,10_60296002_60299097,5903,Psap,1.0
858366,6145,Brain_Myeloid_microglial_cell,549,344.0,344,10_60296002_60299097,5903,Psap,1.0
858367,6146,Brain_Myeloid_microglial_cell,549,331.0,331,10_60296002_60299097,5903,Psap,1.0
858368,6147,Brain_Myeloid_microglial_cell,549,218.0,218,10_60296002_60299097,5903,Psap,1.0
858369,6148,Brain_Myeloid_microglial_cell,549,478.0,478,10_60296002_60299097,5903,Psap,1.0
858370,6149,Brain_Myeloid_microglial_cell,549,924.0,924,10_60296002_60299097,5903,Psap,1.0
858371,6150,Brain_Myeloid_microglial_cell,549,1483.0,1483,10_60296002_60299097,5903,Psap,1.0
858372,6151,Brain_Myeloid_microglial_cell,549,118.0,118,10_60296002_60299097,5903,Psap,1.0
858373,6152,Brain_Myeloid_microglial_cell,549,381.0,381,10_60296002_60299097,5903,Psap,1.0
858374,6153,Brain_Myeloid_microglial_cell,549,445.0,445,10_60296002_60299097,5903,Psap,1.0
858375,6154,Brain_Myeloid_microglial_cell,549,269.0,269,10_60296002_60299097,5903,Psap,1.0
858376,6155,Brain_Myeloid_microglial_cell,549,1060.0,1060,10_60296002_60299097,5903,Psap,1.0
858377,6156,Brain_Myeloid_microglial_cell,549,459.0,459,10_60296002_60299097,5903,Psap,1.0
858378,6157,Brain_Myeloid_microglial_cell,549,309.0,309,10_60296002_60299097,5903,Psap,1.0
858379,6158,Brain_Myeloid_microglial_cell,549,881.0,881,10_60296002_60299097,5903,Psap,1.0
858380,6159,Brain_Myeloid_microglial_cell,549,453.0,453,10_60296002_60299097,5903,Psap,1.0
858381,6160,Brain_Myeloid_microglial_cell,549,430.0,430,10_60296002_60299097,5903,Psap,1.0
858382,6161,Brain_Myeloid_microglial_cell,549,630.0,630,10_60296002_60299097,5903,Psap,1.0
858383,6162,Brain_Myeloid_microglial_cell,549,166.0,166,10_60296002_60299097,5903,Psap,1.0
858384,6163,Brain_Myeloid_microglial_cell,549,732.0,732,10_60296002_60299097,5903,Psap,1.0
858385,6164,Brain_Myeloid_microglial_cell,549,648.0,648,10_60296002_60299097,5903,Psap,1.0
858386,6165,Brain_Myeloid_microglial_cell,549,232.0,232,10_60296002_60299097,5903,Psap,1.0
858387,6166,Brain_Myeloid_microglial_cell,549,203.0,203,10_60296002_60299097,5903,Psap,1.0
858388,6167,Brain_Myeloid_microglial_cell,549,135.0,135,10_60296002_60299097,5903,Psap,1.0
858389,6168,Brain_Myeloid_microglial_cell,549,936.0,936,10_60296002_60299097,5903,Psap,1.0
858390,6169,Brain_Myeloid_microglial_cell,549,407.0,407,10_60296002_60299097,5903,Psap,1.0
858391,6170,Brain_Myeloid_microglial_cell,549,559.0,559,10_60296002_60299097,5903,Psap,1.0
858392,6171,Brain_Myeloid_microglial_cell,549,1494.0,1575,10_60296002_60299097,5903,Psap,0.9485714285714286
858393,6172,Brain_Myeloid_microglial_cell,549,312.0,312,10_60296002_60299097,5903,Psap,1.0
858394,6173,Brain_Myeloid_microglial_cell,549,187.0,187,10_60296002_60299097,5903,Psap,1.0
858395,6174,Brain_Myeloid_microglial_cell,549,293.0,293,10_60296002_60299097,5903,Psap,1.0
858396,6175,Brain_Myeloid_microglial_cell,549,56.0,57,10_60296002_60299097,5903,Psap,0.9824561403508771
858397,6176,Brain_Myeloid_microglial_cell,549,448.0,448,10_60296002_60299097,5903,Psap,1.0
858398,6177,Brain_Myeloid_microglial_cell,549,84.0,84,10_60296002_60299097,5903,Psap,1.0
858399,6178,Brain_Myeloid_microglial_cell,549,1330.0,1330,10_60296002_60299097,5903,Psap,1.0
858400,6179,Brain_Myeloid_microglial_cell,549,236.0,236,10_60296002_60299097,5903,Psap,1.0
858401,6180,Brain_Myeloid_microglial_cell,549,244.0,244,10_60296002_60299097,5903,Psap,1.0
858402,6181,Brain_Myeloid_microglial_cell,549,340.0,340,10_60296002_60299097,5903,Psap,1.0
858403,6182,Brain_Myeloid_microglial_cell,549,122.0,137,10_60296002_60299097,5903,Psap,0.8905109489051095
858404,6183,Brain_Myeloid_microglial_cell,549,744.0,744,10_60296002_60299097,5903,Psap,1.0
858405,6184,Brain_Myeloid_microglial_cell,549,395.0,395,10_60296002_60299097,5903,Psap,1.0
858406,6185,Brain_Myeloid_microglial_cell,549,167.0,167,10_60296002_60299097,5903,Psap,1.0
858407,6186,Brain_Myeloid_microglial_cell,549,166.0,166,10_60296002_60299097,5903,Psap,1.0
858408,6187,Brain_Myeloid_microglial_cell,549,27.0,27,10_60296002_60299097,5903,Psap,1.0
858409,6188,Brain_Myeloid_microglial_cell,549,612.0,612,10_60296002_60299097,5903,Psap,1.0
858410,6189,Brain_Myeloid_microglial_cell,549,725.0,725,10_60296002_60299097,5903,Psap,1.0
858411,6190,Brain_Myeloid_microglial_cell,549,164.0,164,10_60296002_60299097,5903,Psap,1.0
858412,6191,Brain_Myeloid_microglial_cell,549,67.0,67,10_60296002_60299097,5903,Psap,1.0
858413,6192,Brain_Myeloid_microglial_cell,549,340.0,340,10_60296002_60299097,5903,Psap,1.0
858414,6193,Brain_Myeloid_microglial_cell,549,329.0,329,10_60296002_60299097,5903,Psap,1.0
858415,6194,Brain_Myeloid_microglial_cell,549,933.0,950,10_60296002_60299097,5903,Psap,0.9821052631578947
858416,6195,Brain_Myeloid_microglial_cell,549,708.0,708,10_60296002_60299097,5903,Psap,1.0
858417,6196,Brain_Myeloid_microglial_cell,549,635.0,635,10_60296002_60299097,5903,Psap,1.0
858418,6197,Brain_Myeloid_microglial_cell,549,211.0,211,10_60296002_60299097,5903,Psap,1.0
858419,6198,Brain_Myeloid_microglial_cell,549,55.0,55,10_60296002_60299097,5903,Psap,1.0
858420,6199,Brain_Myeloid_microglial_cell,549,58.0,58,10_60296002_60299097,5903,Psap,1.0
858421,6200,Brain_Myeloid_microglial_cell,549,883.0,883,10_60296002_60299097,5903,Psap,1.0
858422,6201,Brain_Myeloid_microglial_cell,549,158.0,158,10_60296002_60299097,5903,Psap,1.0
858423,6202,Brain_Myeloid_microglial_cell,549,322.0,322,10_60296002_60299097,5903,Psap,1.0
858424,6203,Brain_Myeloid_microglial_cell,549,443.0,443,10_60296002_60299097,5903,Psap,1.0
858425,6204,Brain_Myeloid_microglial_cell,549,1217.0,1217,10_60296002_60299097,5903,Psap,1.0
858426,6205,Brain_Myeloid_microglial_cell,549,631.0,631,10_60296002_60299097,5903,Psap,1.0
858427,6206,Brain_Myeloid_microglial_cell,549,351.0,351,10_60296002_60299097,5903,Psap,1.0
858428,6207,Brain_Myeloid_microglial_cell,549,1051.0,1051,10_60296002_60299097,5903,Psap,1.0
858429,6208,Brain_Myeloid_microglial_cell,549,1000.0,1000,10_60296002_60299097,5903,Psap,1.0
858430,6209,Brain_Myeloid_microglial_cell,549,325.0,325,10_60296002_60299097,5903,Psap,1.0
858431,6210,Brain_Myeloid_microglial_cell,549,684.0,684,10_60296002_60299097,5903,Psap,1.0
858432,6211,Brain_Myeloid_microglial_cell,549,67.0,67,10_60296002_60299097,5903,Psap,1.0
858433,6212,Brain_Myeloid_microglial_cell,549,345.0,345,10_60296002_60299097,5903,Psap,1.0
858434,6213,Brain_Myeloid_microglial_cell,549,163.0,163,10_60296002_60299097,5903,Psap,1.0
858435,6214,Brain_Myeloid_microglial_cell,549,89.0,89,10_60296002_60299097,5903,Psap,1.0
858436,6215,Brain_Myeloid_microglial_cell,549,2238.0,2238,10_60296002_60299097,5903,Psap,1.0
858437,6216,Brain_Myeloid_microglial_cell,549,224.0,224,10_60296002_60299097,5903,Psap,1.0
858438,6217,Brain_Myeloid_microglial_cell,549,1157.0,1157,10_60296002_60299097,5903,Psap,1.0
858439,6218,Brain_Myeloid_microglial_cell,549,233.0,233,10_60296002_60299097,5903,Psap,1.0
858440,6219,Brain_Myeloid_microglial_cell,549,595.0,595,10_60296002_60299097,5903,Psap,1.0
858441,6220,Brain_Myeloid_microglial_cell,549,818.0,818,10_60296002_60299097,5903,Psap,1.0
858442,6221,Brain_Myeloid_microglial_cell,549,472.0,472,10_60296002_60299097,5903,Psap,1.0
858443,6222,Brain_Myeloid_microglial_cell,549,436.0,436,10_60296002_60299097,5903,Psap,1.0
858444,6223,Brain_Myeloid_microglial_cell,549,327.0,327,10_60296002_60299097,5903,Psap,1.0
858445,6224,Brain_Myeloid_microglial_cell,549,706.0,706,10_60296002_60299097,5903,Psap,1.0
858446,6225,Brain_Myeloid_microglial_cell,549,1013.0,1013,10_60296002_60299097,5903,Psap,1.0
858447,6226,Brain_Myeloid_microglial_cell,549,374.0,374,10_60296002_60299097,5903,Psap,1.0
858448,6227,Brain_Myeloid_microglial_cell,549,47.0,50,10_60296002_60299097,5903,Psap,0.94
858449,6228,Brain_Myeloid_microglial_cell,549,5357.0,5442,10_60296002_60299097,5903,Psap,0.9843807423741272
858450,6229,Brain_Myeloid_microglial_cell,549,198.0,198,10_60296002_60299097,5903,Psap,1.0
858451,6230,Brain_Myeloid_microglial_cell,549,1386.0,1386,10_60296002_60299097,5903,Psap,1.0
858452,6231,Brain_Myeloid_microglial_cell,549,193.0,193,10_60296002_60299097,5903,Psap,1.0
858453,6232,Brain_Myeloid_microglial_cell,549,251.0,256,10_60296002_60299097,5903,Psap,0.98046875
858454,6233,Brain_Myeloid_microglial_cell,549,496.0,496,10_60296002_60299097,5903,Psap,1.0
858455,6234,Brain_Myeloid_microglial_cell,549,453.0,453,10_60296002_60299097,5903,Psap,1.0
858456,6235,Brain_Myeloid_microglial_cell,549,69.0,69,10_60296002_60299097,5903,Psap,1.0
858457,6236,Brain_Myeloid_microglial_cell,549,58.0,58,10_60296002_60299097,5903,Psap,1.0
858458,6237,Brain_Myeloid_microglial_cell,549,445.0,445,10_60296002_60299097,5903,Psap,1.0
858459,6238,Brain_Myeloid_microglial_cell,549,81.0,81,10_60296002_60299097,5903,Psap,1.0
858460,6239,Brain_Myeloid_microglial_cell,549,239.0,239,10_60296002_60299097,5903,Psap,1.0
858461,6240,Brain_Myeloid_microglial_cell,549,234.0,234,10_60296002_60299097,5903,Psap,1.0
858462,6241,Brain_Myeloid_microglial_cell,549,99.0,99,10_60296002_60299097,5903,Psap,1.0
858463,6242,Brain_Myeloid_microglial_cell,549,191.0,191,10_60296002_60299097,5903,Psap,1.0
858464,6243,Brain_Myeloid_microglial_cell,549,309.0,309,10_60296002_60299097,5903,Psap,1.0
858465,6244,Brain_Myeloid_microglial_cell,549,624.0,624,10_60296002_60299097,5903,Psap,1.0
858466,6245,Brain_Myeloid_microglial_cell,549,129.0,129,10_60296002_60299097,5903,Psap,1.0
858467,6246,Brain_Myeloid_microglial_cell,549,366.0,366,10_60296002_60299097,5903,Psap,1.0
858468,6247,Brain_Myeloid_microglial_cell,549,615.0,615,10_60296002_60299097,5903,Psap,1.0
858469,6248,Brain_Myeloid_microglial_cell,549,233.0,233,10_60296002_60299097,5903,Psap,1.0
858470,6249,Brain_Myeloid_microglial_cell,549,348.0,348,10_60296002_60299097,5903,Psap,1.0
858471,6250,Brain_Myeloid_microglial_cell,549,99.0,99,10_60296002_60299097,5903,Psap,1.0
858472,6251,Brain_Myeloid_microglial_cell,549,387.0,387,10_60296002_60299097,5903,Psap,1.0
858473,6252,Brain_Myeloid_microglial_cell,549,54.0,54,10_60296002_60299097,5903,Psap,1.0
858474,6253,Brain_Myeloid_microglial_cell,549,958.0,958,10_60296002_60299097,5903,Psap,1.0
858475,6254,Brain_Myeloid_microglial_cell,549,46.0,46,10_60296002_60299097,5903,Psap,1.0
858476,6255,Brain_Myeloid_microglial_cell,549,242.0,242,10_60296002_60299097,5903,Psap,1.0
858477,6256,Brain_Myeloid_microglial_cell,549,71.0,71,10_60296002_60299097,5903,Psap,1.0
858478,6257,Brain_Myeloid_microglial_cell,549,599.0,599,10_60296002_60299097,5903,Psap,1.0
858479,6258,Brain_Myeloid_microglial_cell,549,50.0,50,10_60296002_60299097,5903,Psap,1.0
858480,6259,Brain_Myeloid_microglial_cell,549,1113.0,1113,10_60296002_60299097,5903,Psap,1.0
858481,6260,Brain_Myeloid_microglial_cell,549,99.0,99,10_60296002_60299097,5903,Psap,1.0
858482,6261,Brain_Myeloid_microglial_cell,549,219.0,219,10_60296002_60299097,5903,Psap,1.0
858483,6262,Brain_Myeloid_microglial_cell,549,511.0,511,10_60296002_60299097,5903,Psap,1.0
858484,6263,Brain_Myeloid_microglial_cell,549,419.0,419,10_60296002_60299097,5903,Psap,1.0
858485,6264,Brain_Myeloid_microglial_cell,549,193.0,193,10_60296002_60299097,5903,Psap,1.0
858486,6265,Brain_Myeloid_microglial_cell,549,373.0,373,10_60296002_60299097,5903,Psap,1.0
858487,6266,Brain_Myeloid_microglial_cell,549,691.0,691,10_60296002_60299097,5903,Psap,1.0
858488,6267,Brain_Myeloid_microglial_cell,549,373.0,373,10_60296002_60299097,5903,Psap,1.0
858489,6268,Brain_Myeloid_microglial_cell,549,2221.0,2221,10_60296002_60299097,5903,Psap,1.0
858490,6269,Brain_Myeloid_microglial_cell,549,91.0,91,10_60296002_60299097,5903,Psap,1.0
858491,6270,Brain_Myeloid_microglial_cell,549,82.0,82,10_60296002_60299097,5903,Psap,1.0
858492,6271,Brain_Myeloid_microglial_cell,549,581.0,581,10_60296002_60299097,5903,Psap,1.0
858493,6272,Brain_Myeloid_microglial_cell,549,196.0,196,10_60296002_60299097,5903,Psap,1.0
858494,6273,Brain_Myeloid_microglial_cell,549,113.0,113,10_60296002_60299097,5903,Psap,1.0
858495,6274,Brain_Myeloid_microglial_cell,549,130.0,130,10_60296002_60299097,5903,Psap,1.0
858496,6275,Brain_Myeloid_microglial_cell,549,260.0,266,10_60296002_60299097,5903,Psap,0.9774436090225563
858497,6276,Brain_Myeloid_microglial_cell,549,5195.0,5195,10_60296002_60299097,5903,Psap,1.0
858498,6277,Brain_Myeloid_microglial_cell,549,143.0,143,10_60296002_60299097,5903,Psap,1.0
858499,6278,Brain_Myeloid_microglial_cell,549,86.0,86,10_60296002_60299097,5903,Psap,1.0
858500,6279,Brain_Myeloid_microglial_cell,549,318.0,330,10_60296002_60299097,5903,Psap,0.9636363636363636
858501,6280,Brain_Myeloid_microglial_cell,549,175.0,175,10_60296002_60299097,5903,Psap,1.0
858502,6281,Brain_Myeloid_microglial_cell,549,655.0,655,10_60296002_60299097,5903,Psap,1.0
858503,6282,Brain_Myeloid_microglial_cell,549,428.0,428,10_60296002_60299097,5903,Psap,1.0
858504,6283,Brain_Myeloid_microglial_cell,549,60.0,60,10_60296002_60299097,5903,Psap,1.0
858505,6284,Brain_Myeloid_microglial_cell,549,1090.0,1090,10_60296002_60299097,5903,Psap,1.0
858506,6285,Brain_Myeloid_microglial_cell,549,271.0,271,10_60296002_60299097,5903,Psap,1.0
858507,6286,Brain_Myeloid_microglial_cell,549,462.0,462,10_60296002_60299097,5903,Psap,1.0
858508,6287,Brain_Myeloid_microglial_cell,549,159.0,160,10_60296002_60299097,5903,Psap,0.99375
858509,6288,Brain_Myeloid_microglial_cell,549,250.0,250,10_60296002_60299097,5903,Psap,1.0
858510,6289,Brain_Myeloid_microglial_cell,549,683.0,683,10_60296002_60299097,5903,Psap,1.0
858511,6290,Brain_Myeloid_microglial_cell,549,1881.0,1881,10_60296002_60299097,5903,Psap,1.0
858512,6291,Brain_Myeloid_microglial_cell,549,470.0,470,10_60296002_60299097,5903,Psap,1.0
858513,6292,Brain_Myeloid_microglial_cell,549,226.0,226,10_60296002_60299097,5903,Psap,1.0
858514,6293,Brain_Myeloid_microglial_cell,549,143.0,143,10_60296002_60299097,5903,Psap,1.0
858515,6294,Brain_Myeloid_microglial_cell,549,303.0,303,10_60296002_60299097,5903,Psap,1.0
858516,6295,Brain_Myeloid_microglial_cell,549,472.0,472,10_60296002_60299097,5903,Psap,1.0
858517,6296,Brain_Myeloid_microglial_cell,549,218.0,218,10_60296002_60299097,5903,Psap,1.0
858518,6297,Brain_Myeloid_microglial_cell,549,1405.0,1405,10_60296002_60299097,5903,Psap,1.0
858519,6298,Brain_Myeloid_microglial_cell,549,483.0,483,10_60296002_60299097,5903,Psap,1.0
858520,6299,Brain_Myeloid_microglial_cell,549,183.0,183,10_60296002_60299097,5903,Psap,1.0
858521,6300,Brain_Myeloid_microglial_cell,549,809.0,809,10_60296002_60299097,5903,Psap,1.0
858522,6301,Brain_Myeloid_microglial_cell,549,176.0,176,10_60296002_60299097,5903,Psap,1.0
858523,6302,Brain_Myeloid_microglial_cell,549,147.0,147,10_60296002_60299097,5903,Psap,1.0
858524,6303,Brain_Myeloid_microglial_cell,549,182.0,182,10_60296002_60299097,5903,Psap,1.0
858525,6304,Brain_Myeloid_microglial_cell,549,107.0,107,10_60296002_60299097,5903,Psap,1.0
858526,6305,Brain_Myeloid_microglial_cell,549,186.0,186,10_60296002_60299097,5903,Psap,1.0
858527,6306,Brain_Myeloid_microglial_cell,549,127.0,127,10_60296002_60299097,5903,Psap,1.0
858528,6307,Brain_Myeloid_microglial_cell,549,296.0,296,10_60296002_60299097,5903,Psap,1.0
858529,6308,Brain_Myeloid_microglial_cell,549,545.0,545,10_60296002_60299097,5903,Psap,1.0
858530,6309,Brain_Myeloid_microglial_cell,549,351.0,351,10_60296002_60299097,5903,Psap,1.0
858531,6310,Brain_Myeloid_microglial_cell,549,280.0,280,10_60296002_60299097,5903,Psap,1.0
858532,6311,Brain_Myeloid_microglial_cell,549,327.0,327,10_60296002_60299097,5903,Psap,1.0
858533,6312,Brain_Myeloid_microglial_cell,549,100.0,100,10_60296002_60299097,5903,Psap,1.0
858534,6313,Brain_Myeloid_microglial_cell,549,612.0,612,10_60296002_60299097,5903,Psap,1.0
858535,6314,Brain_Myeloid_microglial_cell,549,556.0,556,10_60296002_60299097,5903,Psap,1.0
858536,6315,Brain_Myeloid_microglial_cell,549,154.0,154,10_60296002_60299097,5903,Psap,1.0
858537,6316,Brain_Myeloid_microglial_cell,549,38.0,38,10_60296002_60299097,5903,Psap,1.0
858538,6317,Brain_Myeloid_microglial_cell,549,94.0,94,10_60296002_60299097,5903,Psap,1.0
858539,6318,Brain_Myeloid_microglial_cell,549,392.0,392,10_60296002_60299097,5903,Psap,1.0
858540,6319,Brain_Myeloid_microglial_cell,549,42.0,42,10_60296002_60299097,5903,Psap,1.0
858541,6320,Brain_Myeloid_microglial_cell,549,108.0,108,10_60296002_60299097,5903,Psap,1.0
858542,6321,Brain_Myeloid_microglial_cell,549,268.0,268,10_60296002_60299097,5903,Psap,1.0
858543,6322,Brain_Myeloid_microglial_cell,549,113.0,113,10_60296002_60299097,5903,Psap,1.0
858544,6323,Brain_Myeloid_microglial_cell,549,225.0,225,10_60296002_60299097,5903,Psap,1.0
858545,6324,Brain_Myeloid_microglial_cell,549,480.0,480,10_60296002_60299097,5903,Psap,1.0
858546,6325,Brain_Myeloid_microglial_cell,549,263.0,263,10_60296002_60299097,5903,Psap,1.0
858547,6326,Brain_Myeloid_microglial_cell,549,204.0,204,10_60296002_60299097,5903,Psap,1.0
858548,6327,Brain_Myeloid_microglial_cell,549,618.0,618,10_60296002_60299097,5903,Psap,1.0
858549,6328,Brain_Myeloid_microglial_cell,549,177.0,177,10_60296002_60299097,5903,Psap,1.0
858550,6329,Brain_Myeloid_microglial_cell,549,94.0,94,10_60296002_60299097,5903,Psap,1.0
858551,6330,Brain_Myeloid_microglial_cell,549,140.0,140,10_60296002_60299097,5903,Psap,1.0
858552,6331,Brain_Myeloid_microglial_cell,549,386.0,386,10_60296002_60299097,5903,Psap,1.0
858553,6332,Brain_Myeloid_microglial_cell,549,513.0,513,10_60296002_60299097,5903,Psap,1.0
858554,6333,Brain_Myeloid_microglial_cell,549,87.0,87,10_60296002_60299097,5903,Psap,1.0
858555,6334,Brain_Myeloid_microglial_cell,549,275.0,278,10_60296002_60299097,5903,Psap,0.9892086330935251
858556,6335,Brain_Myeloid_microglial_cell,549,120.0,120,10_60296002_60299097,5903,Psap,1.0
858557,6336,Brain_Myeloid_microglial_cell,549,753.0,753,10_60296002_60299097,5903,Psap,1.0
858558,6337,Brain_Myeloid_microglial_cell,549,769.0,769,10_60296002_60299097,5903,Psap,1.0
858559,6338,Brain_Myeloid_microglial_cell,549,358.0,358,10_60296002_60299097,5903,Psap,1.0
858560,6339,Brain_Myeloid_microglial_cell,549,136.0,136,10_60296002_60299097,5903,Psap,1.0
858561,6340,Brain_Myeloid_microglial_cell,549,276.0,276,10_60296002_60299097,5903,Psap,1.0
858562,6341,Brain_Myeloid_microglial_cell,549,510.0,510,10_60296002_60299097,5903,Psap,1.0
858563,6342,Brain_Myeloid_microglial_cell,549,120.0,120,10_60296002_60299097,5903,Psap,1.0
858564,6343,Brain_Myeloid_microglial_cell,549,386.0,386,10_60296002_60299097,5903,Psap,1.0
858565,6344,Brain_Myeloid_microglial_cell,549,625.0,625,10_60296002_60299097,5903,Psap,1.0
858566,6345,Brain_Myeloid_microglial_cell,549,516.0,516,10_60296002_60299097,5903,Psap,1.0
858567,6346,Brain_Myeloid_microglial_cell,549,87.0,87,10_60296002_60299097,5903,Psap,1.0
858568,6347,Brain_Myeloid_microglial_cell,549,104.0,104,10_60296002_60299097,5903,Psap,1.0
858569,6348,Brain_Myeloid_microglial_cell,549,496.0,496,10_60296002_60299097,5903,Psap,1.0
858570,6349,Brain_Myeloid_microglial_cell,549,121.0,121,10_60296002_60299097,5903,Psap,1.0
858571,6350,Brain_Myeloid_microglial_cell,549,606.0,606,10_60296002_60299097,5903,Psap,1.0
858572,6351,Brain_Myeloid_microglial_cell,549,756.0,756,10_60296002_60299097,5903,Psap,1.0
858573,6352,Brain_Myeloid_microglial_cell,549,522.0,522,10_60296002_60299097,5903,Psap,1.0
858574,6353,Brain_Myeloid_microglial_cell,549,315.0,315,10_60296002_60299097,5903,Psap,1.0
858575,6354,Brain_Myeloid_microglial_cell,549,126.0,126,10_60296002_60299097,5903,Psap,1.0
858576,6355,Brain_Myeloid_microglial_cell,549,105.0,105,10_60296002_60299097,5903,Psap,1.0
858577,6356,Brain_Myeloid_microglial_cell,549,961.0,961,10_60296002_60299097,5903,Psap,1.0
858578,6357,Brain_Myeloid_microglial_cell,549,344.0,344,10_60296002_60299097,5903,Psap,1.0
858579,6358,Brain_Myeloid_microglial_cell,549,416.0,416,10_60296002_60299097,5903,Psap,1.0
858580,6359,Brain_Myeloid_microglial_cell,549,25.0,25,10_60296002_60299097,5903,Psap,1.0
858581,6360,Brain_Myeloid_microglial_cell,549,335.0,335,10_60296002_60299097,5903,Psap,1.0
858582,6361,Brain_Myeloid_microglial_cell,549,787.0,787,10_60296002_60299097,5903,Psap,1.0
858583,6362,Brain_Myeloid_microglial_cell,549,170.0,170,10_60296002_60299097,5903,Psap,1.0
858584,6363,Brain_Myeloid_microglial_cell,549,43.0,43,10_60296002_60299097,5903,Psap,1.0
858585,6364,Brain_Myeloid_microglial_cell,549,805.0,805,10_60296002_60299097,5903,Psap,1.0
858586,6365,Brain_Myeloid_microglial_cell,549,45.0,45,10_60296002_60299097,5903,Psap,1.0
858587,6366,Brain_Myeloid_microglial_cell,549,304.0,336,10_60296002_60299097,5903,Psap,0.9047619047619048
858588,6367,Brain_Myeloid_microglial_cell,549,558.0,558,10_60296002_60299097,5903,Psap,1.0
858589,6368,Brain_Myeloid_microglial_cell,549,52.0,52,10_60296002_60299097,5903,Psap,1.0
858590,6369,Brain_Myeloid_microglial_cell,549,173.0,173,10_60296002_60299097,5903,Psap,1.0
858591,6370,Brain_Myeloid_microglial_cell,549,281.0,281,10_60296002_60299097,5903,Psap,1.0
858592,6371,Brain_Myeloid_microglial_cell,549,192.0,197,10_60296002_60299097,5903,Psap,0.9746192893401016
858593,6372,Brain_Myeloid_microglial_cell,549,232.0,232,10_60296002_60299097,5903,Psap,1.0
858594,6373,Brain_Myeloid_microglial_cell,549,428.0,428,10_60296002_60299097,5903,Psap,1.0
858595,6374,Brain_Myeloid_microglial_cell,549,423.0,423,10_60296002_60299097,5903,Psap,1.0
858596,6375,Brain_Myeloid_microglial_cell,549,335.0,339,10_60296002_60299097,5903,Psap,0.9882005899705014
858597,6376,Brain_Myeloid_microglial_cell,549,101.0,101,10_60296002_60299097,5903,Psap,1.0
858598,6377,Brain_Myeloid_microglial_cell,549,739.0,739,10_60296002_60299097,5903,Psap,1.0
858599,6378,Brain_Myeloid_microglial_cell,549,169.0,169,10_60296002_60299097,5903,Psap,1.0
858600,6379,Brain_Myeloid_microglial_cell,549,434.0,434,10_60296002_60299097,5903,Psap,1.0
858601,6380,Brain_Myeloid_microglial_cell,549,215.0,215,10_60296002_60299097,5903,Psap,1.0
858602,6381,Brain_Myeloid_microglial_cell,549,442.0,442,10_60296002_60299097,5903,Psap,1.0
858603,6382,Brain_Myeloid_microglial_cell,549,246.0,246,10_60296002_60299097,5903,Psap,1.0
858604,6383,Brain_Myeloid_microglial_cell,549,785.0,785,10_60296002_60299097,5903,Psap,1.0
858605,6384,Brain_Myeloid_microglial_cell,549,164.0,164,10_60296002_60299097,5903,Psap,1.0
858606,6385,Brain_Myeloid_microglial_cell,549,2236.0,2236,10_60296002_60299097,5903,Psap,1.0
858607,6386,Brain_Myeloid_microglial_cell,549,254.0,260,10_60296002_60299097,5903,Psap,0.9769230769230769
858608,6387,Brain_Myeloid_microglial_cell,549,980.0,980,10_60296002_60299097,5903,Psap,1.0
858609,6388,Brain_Myeloid_microglial_cell,549,298.0,298,10_60296002_60299097,5903,Psap,1.0
858610,6389,Brain_Myeloid_microglial_cell,549,15.0,15,10_60296002_60299097,5903,Psap,1.0
858611,6390,Brain_Myeloid_microglial_cell,549,421.0,421,10_60296002_60299097,5903,Psap,1.0
858612,6391,Brain_Myeloid_microglial_cell,549,40.0,40,10_60296002_60299097,5903,Psap,1.0
858613,6392,Brain_Myeloid_microglial_cell,549,240.0,240,10_60296002_60299097,5903,Psap,1.0
858614,6393,Brain_Myeloid_microglial_cell,549,433.0,433,10_60296002_60299097,5903,Psap,1.0
858615,6394,Brain_Myeloid_microglial_cell,549,212.0,212,10_60296002_60299097,5903,Psap,1.0
858616,6395,Brain_Myeloid_microglial_cell,549,145.0,147,10_60296002_60299097,5903,Psap,0.9863945578231292
858617,6396,Brain_Myeloid_microglial_cell,549,483.0,483,10_60296002_60299097,5903,Psap,1.0
858618,6397,Brain_Myeloid_microglial_cell,549,224.0,224,10_60296002_60299097,5903,Psap,1.0
858619,6398,Brain_Myeloid_microglial_cell,549,113.0,113,10_60296002_60299097,5903,Psap,1.0
858620,6399,Brain_Myeloid_microglial_cell,549,449.0,449,10_60296002_60299097,5903,Psap,1.0
858621,6400,Brain_Myeloid_microglial_cell,549,231.0,231,10_60296002_60299097,5903,Psap,1.0
858622,6401,Brain_Myeloid_microglial_cell,549,322.0,322,10_60296002_60299097,5903,Psap,1.0
858623,6402,Brain_Myeloid_microglial_cell,549,116.0,116,10_60296002_60299097,5903,Psap,1.0
858624,6403,Brain_Myeloid_microglial_cell,549,475.0,475,10_60296002_60299097,5903,Psap,1.0
858625,6404,Brain_Myeloid_microglial_cell,549,10.0,10,10_60296002_60299097,5903,Psap,1.0
858626,6405,Brain_Myeloid_microglial_cell,549,68.0,68,10_60296002_60299097,5903,Psap,1.0
858627,6406,Brain_Myeloid_microglial_cell,549,486.0,486,10_60296002_60299097,5903,Psap,1.0
858628,6407,Brain_Myeloid_microglial_cell,549,163.0,165,10_60296002_60299097,5903,Psap,0.9878787878787879
858629,6408,Brain_Myeloid_microglial_cell,549,244.0,244,10_60296002_60299097,5903,Psap,1.0
858630,6409,Brain_Myeloid_microglial_cell,549,244.0,244,10_60296002_60299097,5903,Psap,1.0
858631,6410,Brain_Myeloid_microglial_cell,549,448.0,448,10_60296002_60299097,5903,Psap,1.0
858632,6411,Brain_Myeloid_microglial_cell,549,201.0,201,10_60296002_60299097,5903,Psap,1.0
858633,6412,Brain_Myeloid_microglial_cell,549,56.0,56,10_60296002_60299097,5903,Psap,1.0
858634,6413,Brain_Myeloid_microglial_cell,549,949.0,949,10_60296002_60299097,5903,Psap,1.0
858635,6414,Brain_Myeloid_microglial_cell,549,1.0,1,10_60296002_60299097,5903,Psap,1.0
858636,6415,Brain_Myeloid_microglial_cell,549,109.0,109,10_60296002_60299097,5903,Psap,1.0
858637,6416,Brain_Myeloid_microglial_cell,549,210.0,210,10_60296002_60299097,5903,Psap,1.0
858638,6417,Brain_Myeloid_microglial_cell,549,66.0,66,10_60296002_60299097,5903,Psap,1.0
858639,6418,Brain_Myeloid_microglial_cell,549,982.0,982,10_60296002_60299097,5903,Psap,1.0
858640,6419,Brain_Myeloid_microglial_cell,549,323.0,323,10_60296002_60299097,5903,Psap,1.0
858641,6420,Brain_Myeloid_microglial_cell,549,522.0,522,10_60296002_60299097,5903,Psap,1.0
858642,6421,Brain_Myeloid_microglial_cell,549,255.0,255,10_60296002_60299097,5903,Psap,1.0
858643,6422,Brain_Myeloid_microglial_cell,549,51.0,51,10_60296002_60299097,5903,Psap,1.0
858644,6423,Brain_Myeloid_microglial_cell,549,204.0,204,10_60296002_60299097,5903,Psap,1.0
858645,6424,Brain_Myeloid_microglial_cell,549,797.0,797,10_60296002_60299097,5903,Psap,1.0
858646,6425,Brain_Myeloid_microglial_cell,549,466.0,480,10_60296002_60299097,5903,Psap,0.9708333333333333
858647,6426,Brain_Myeloid_microglial_cell,549,714.0,714,10_60296002_60299097,5903,Psap,1.0
858648,6427,Brain_Myeloid_microglial_cell,549,160.0,160,10_60296002_60299097,5903,Psap,1.0
858649,6428,Brain_Myeloid_microglial_cell,549,173.0,179,10_60296002_60299097,5903,Psap,0.9664804469273743
858650,6429,Brain_Myeloid_microglial_cell,549,440.0,440,10_60296002_60299097,5903,Psap,1.0
858651,6430,Brain_Myeloid_microglial_cell,549,243.0,243,10_60296002_60299097,5903,Psap,1.0
858652,6431,Brain_Myeloid_microglial_cell,549,93.0,97,10_60296002_60299097,5903,Psap,0.9587628865979382
858653,6432,Brain_Myeloid_microglial_cell,549,140.0,140,10_60296002_60299097,5903,Psap,1.0
858654,6433,Brain_Myeloid_microglial_cell,549,168.0,168,10_60296002_60299097,5903,Psap,1.0
858655,6434,Brain_Myeloid_microglial_cell,549,1324.0,1324,10_60296002_60299097,5903,Psap,1.0
858656,6435,Brain_Myeloid_microglial_cell,549,292.0,292,10_60296002_60299097,5903,Psap,1.0
858657,6436,Brain_Myeloid_microglial_cell,549,279.0,279,10_60296002_60299097,5903,Psap,1.0
858658,6437,Brain_Myeloid_microglial_cell,549,572.0,572,10_60296002_60299097,5903,Psap,1.0
858659,6438,Brain_Myeloid_microglial_cell,549,73.0,73,10_60296002_60299097,5903,Psap,1.0
858660,6439,Brain_Myeloid_microglial_cell,549,436.0,436,10_60296002_60299097,5903,Psap,1.0
858661,6440,Brain_Myeloid_microglial_cell,549,172.0,172,10_60296002_60299097,5903,Psap,1.0
858662,6441,Brain_Myeloid_microglial_cell,549,63.0,63,10_60296002_60299097,5903,Psap,1.0
858663,6442,Brain_Myeloid_microglial_cell,549,789.0,789,10_60296002_60299097,5903,Psap,1.0
858664,6443,Brain_Myeloid_microglial_cell,549,65.0,65,10_60296002_60299097,5903,Psap,1.0
858665,6444,Brain_Myeloid_microglial_cell,549,425.0,425,10_60296002_60299097,5903,Psap,1.0
858666,6445,Brain_Myeloid_microglial_cell,549,206.0,206,10_60296002_60299097,5903,Psap,1.0
858667,6446,Brain_Myeloid_microglial_cell,549,88.0,88,10_60296002_60299097,5903,Psap,1.0
858668,6447,Brain_Myeloid_microglial_cell,549,723.0,723,10_60296002_60299097,5903,Psap,1.0
858669,6448,Brain_Myeloid_microglial_cell,549,1059.0,1059,10_60296002_60299097,5903,Psap,1.0
858670,6449,Brain_Myeloid_microglial_cell,549,207.0,207,10_60296002_60299097,5903,Psap,1.0
858671,6450,Brain_Myeloid_microglial_cell,549,18.0,18,10_60296002_60299097,5903,Psap,1.0
858672,6451,Brain_Myeloid_microglial_cell,549,344.0,344,10_60296002_60299097,5903,Psap,1.0
858673,6452,Brain_Myeloid_microglial_cell,549,185.0,185,10_60296002_60299097,5903,Psap,1.0
858674,6453,Brain_Myeloid_microglial_cell,549,285.0,285,10_60296002_60299097,5903,Psap,1.0
858675,6454,Brain_Myeloid_microglial_cell,549,160.0,160,10_60296002_60299097,5903,Psap,1.0
858676,6455,Brain_Myeloid_microglial_cell,549,260.0,260,10_60296002_60299097,5903,Psap,1.0
858677,6456,Brain_Myeloid_microglial_cell,549,323.0,323,10_60296002_60299097,5903,Psap,1.0
858678,6457,Brain_Myeloid_microglial_cell,549,346.0,346,10_60296002_60299097,5903,Psap,1.0
858679,6458,Brain_Myeloid_microglial_cell,549,771.0,771,10_60296002_60299097,5903,Psap,1.0
858680,6459,Brain_Myeloid_microglial_cell,549,216.0,216,10_60296002_60299097,5903,Psap,1.0
858681,6460,Brain_Myeloid_microglial_cell,549,346.0,346,10_60296002_60299097,5903,Psap,1.0
858682,6461,Brain_Myeloid_microglial_cell,549,141.0,141,10_60296002_60299097,5903,Psap,1.0
858683,6462,Brain_Myeloid_microglial_cell,549,852.0,852,10_60296002_60299097,5903,Psap,1.0
858684,6463,Brain_Myeloid_microglial_cell,549,389.0,389,10_60296002_60299097,5903,Psap,1.0
858685,6464,Brain_Myeloid_microglial_cell,549,87.0,87,10_60296002_60299097,5903,Psap,1.0
858686,6465,Brain_Myeloid_microglial_cell,549,151.0,151,10_60296002_60299097,5903,Psap,1.0
858687,6466,Brain_Myeloid_microglial_cell,549,62.0,62,10_60296002_60299097,5903,Psap,1.0
858688,6467,Brain_Myeloid_microglial_cell,549,637.0,647,10_60296002_60299097,5903,Psap,0.9845440494590417
858689,6468,Brain_Myeloid_microglial_cell,549,491.0,491,10_60296002_60299097,5903,Psap,1.0
858690,6469,Brain_Myeloid_microglial_cell,549,258.0,258,10_60296002_60299097,5903,Psap,1.0
858691,6470,Brain_Myeloid_microglial_cell,549,197.0,197,10_60296002_60299097,5903,Psap,1.0
858692,6471,Brain_Myeloid_microglial_cell,549,579.0,579,10_60296002_60299097,5903,Psap,1.0
858693,6472,Brain_Myeloid_microglial_cell,549,306.0,313,10_60296002_60299097,5903,Psap,0.9776357827476039
858694,6473,Brain_Myeloid_microglial_cell,549,124.0,124,10_60296002_60299097,5903,Psap,1.0
858695,6474,Brain_Myeloid_microglial_cell,549,590.0,590,10_60296002_60299097,5903,Psap,1.0
858696,6475,Brain_Myeloid_microglial_cell,549,594.0,594,10_60296002_60299097,5903,Psap,1.0
858697,6476,Brain_Myeloid_microglial_cell,549,145.0,147,10_60296002_60299097,5903,Psap,0.9863945578231292
858698,6477,Brain_Myeloid_microglial_cell,549,261.0,261,10_60296002_60299097,5903,Psap,1.0
858699,6478,Brain_Myeloid_microglial_cell,549,151.0,151,10_60296002_60299097,5903,Psap,1.0
858700,6479,Brain_Myeloid_microglial_cell,549,305.0,305,10_60296002_60299097,5903,Psap,1.0
858701,6480,Brain_Myeloid_microglial_cell,549,244.0,244,10_60296002_60299097,5903,Psap,1.0
858702,6481,Brain_Myeloid_microglial_cell,549,212.0,212,10_60296002_60299097,5903,Psap,1.0
858703,6482,Brain_Myeloid_microglial_cell,549,140.0,140,10_60296002_60299097,5903,Psap,1.0
858704,6483,Brain_Myeloid_microglial_cell,549,1007.0,1007,10_60296002_60299097,5903,Psap,1.0
858705,6484,Brain_Myeloid_microglial_cell,549,92.0,95,10_60296002_60299097,5903,Psap,0.968421052631579
858706,6485,Brain_Myeloid_microglial_cell,549,659.0,659,10_60296002_60299097,5903,Psap,1.0
858707,6486,Brain_Myeloid_microglial_cell,549,580.0,580,10_60296002_60299097,5903,Psap,1.0
858708,6487,Brain_Myeloid_microglial_cell,549,344.0,344,10_60296002_60299097,5903,Psap,1.0
858709,6488,Brain_Myeloid_microglial_cell,549,556.0,556,10_60296002_60299097,5903,Psap,1.0
858710,6489,Brain_Myeloid_microglial_cell,549,344.0,344,10_60296002_60299097,5903,Psap,1.0
858711,6490,Brain_Myeloid_microglial_cell,549,178.0,178,10_60296002_60299097,5903,Psap,1.0
858712,6491,Brain_Myeloid_microglial_cell,549,1197.0,1197,10_60296002_60299097,5903,Psap,1.0
858713,6492,Brain_Myeloid_microglial_cell,549,973.0,973,10_60296002_60299097,5903,Psap,1.0
858714,6493,Brain_Myeloid_microglial_cell,549,196.0,198,10_60296002_60299097,5903,Psap,0.98989898989899
858715,6494,Brain_Myeloid_microglial_cell,549,98.0,98,10_60296002_60299097,5903,Psap,1.0
858716,6495,Brain_Myeloid_microglial_cell,549,502.0,502,10_60296002_60299097,5903,Psap,1.0
858717,6496,Brain_Myeloid_microglial_cell,549,185.0,185,10_60296002_60299097,5903,Psap,1.0
858718,6497,Brain_Myeloid_microglial_cell,549,112.0,112,10_60296002_60299097,5903,Psap,1.0
858719,6498,Brain_Myeloid_microglial_cell,549,50.0,50,10_60296002_60299097,5903,Psap,1.0
858720,6499,Brain_Myeloid_microglial_cell,549,228.0,228,10_60296002_60299097,5903,Psap,1.0
858721,6500,Brain_Myeloid_microglial_cell,549,84.0,84,10_60296002_60299097,5903,Psap,1.0
858722,6501,Brain_Myeloid_microglial_cell,549,262.0,262,10_60296002_60299097,5903,Psap,1.0
858723,6502,Brain_Myeloid_microglial_cell,549,344.0,344,10_60296002_60299097,5903,Psap,1.0
858724,6503,Brain_Myeloid_microglial_cell,549,226.0,226,10_60296002_60299097,5903,Psap,1.0
858725,6504,Brain_Myeloid_microglial_cell,549,245.0,245,10_60296002_60299097,5903,Psap,1.0
858726,6505,Brain_Myeloid_microglial_cell,549,759.0,759,10_60296002_60299097,5903,Psap,1.0
858727,6506,Brain_Myeloid_microglial_cell,549,305.0,305,10_60296002_60299097,5903,Psap,1.0
858728,6507,Brain_Myeloid_microglial_cell,549,30.0,30,10_60296002_60299097,5903,Psap,1.0
858729,6508,Brain_Myeloid_microglial_cell,549,396.0,396,10_60296002_60299097,5903,Psap,1.0
858730,6509,Brain_Myeloid_microglial_cell,549,789.0,789,10_60296002_60299097,5903,Psap,1.0
858731,6510,Brain_Myeloid_microglial_cell,549,133.0,133,10_60296002_60299097,5903,Psap,1.0
858732,6511,Brain_Myeloid_microglial_cell,549,696.0,696,10_60296002_60299097,5903,Psap,1.0
858733,6512,Brain_Myeloid_microglial_cell,549,234.0,234,10_60296002_60299097,5903,Psap,1.0
858734,6513,Brain_Myeloid_microglial_cell,549,53.0,53,10_60296002_60299097,5903,Psap,1.0
858735,6514,Brain_Myeloid_microglial_cell,549,115.0,115,10_60296002_60299097,5903,Psap,1.0
858736,6515,Brain_Myeloid_microglial_cell,549,222.0,226,10_60296002_60299097,5903,Psap,0.9823008849557522
858737,6516,Brain_Myeloid_microglial_cell,549,815.0,815,10_60296002_60299097,5903,Psap,1.0
858738,6517,Brain_Myeloid_microglial_cell,549,596.0,596,10_60296002_60299097,5903,Psap,1.0
858739,6518,Brain_Myeloid_microglial_cell,549,378.0,378,10_60296002_60299097,5903,Psap,1.0
858740,6519,Brain_Myeloid_microglial_cell,549,1137.0,1137,10_60296002_60299097,5903,Psap,1.0
858741,6520,Brain_Myeloid_microglial_cell,549,453.0,453,10_60296002_60299097,5903,Psap,1.0
858742,6521,Brain_Myeloid_microglial_cell,549,133.0,133,10_60296002_60299097,5903,Psap,1.0
858743,6522,Brain_Myeloid_microglial_cell,549,411.0,411,10_60296002_60299097,5903,Psap,1.0
858744,6523,Brain_Myeloid_microglial_cell,549,95.0,95,10_60296002_60299097,5903,Psap,1.0
858745,6524,Brain_Myeloid_microglial_cell,549,63.0,68,10_60296002_60299097,5903,Psap,0.9264705882352942
858746,6525,Brain_Myeloid_microglial_cell,549,450.0,450,10_60296002_60299097,5903,Psap,1.0
858747,6526,Brain_Myeloid_microglial_cell,549,525.0,525,10_60296002_60299097,5903,Psap,1.0
858748,6527,Brain_Myeloid_microglial_cell,549,496.0,496,10_60296002_60299097,5903,Psap,1.0
858749,6528,Brain_Myeloid_microglial_cell,549,326.0,326,10_60296002_60299097,5903,Psap,1.0
858750,6529,Brain_Myeloid_microglial_cell,549,78.0,78,10_60296002_60299097,5903,Psap,1.0
858751,6530,Brain_Myeloid_microglial_cell,549,295.0,295,10_60296002_60299097,5903,Psap,1.0
858752,6531,Brain_Myeloid_microglial_cell,549,123.0,123,10_60296002_60299097,5903,Psap,1.0
858753,6532,Brain_Myeloid_microglial_cell,549,92.0,92,10_60296002_60299097,5903,Psap,1.0
858754,6533,Brain_Myeloid_microglial_cell,549,121.0,121,10_60296002_60299097,5903,Psap,1.0
858755,6534,Brain_Myeloid_microglial_cell,549,257.0,257,10_60296002_60299097,5903,Psap,1.0
858756,6535,Brain_Myeloid_microglial_cell,549,86.0,86,10_60296002_60299097,5903,Psap,1.0
858757,6536,Brain_Myeloid_microglial_cell,549,922.0,922,10_60296002_60299097,5903,Psap,1.0
858758,6537,Brain_Myeloid_microglial_cell,549,322.0,322,10_60296002_60299097,5903,Psap,1.0
858759,6538,Brain_Myeloid_microglial_cell,549,350.0,350,10_60296002_60299097,5903,Psap,1.0
858760,6539,Brain_Myeloid_microglial_cell,549,361.0,361,10_60296002_60299097,5903,Psap,1.0
858761,6540,Brain_Myeloid_microglial_cell,549,975.0,975,10_60296002_60299097,5903,Psap,1.0
858762,6541,Brain_Myeloid_microglial_cell,549,62.0,62,10_60296002_60299097,5903,Psap,1.0
858763,6542,Brain_Myeloid_microglial_cell,549,97.0,97,10_60296002_60299097,5903,Psap,1.0
858764,6543,Brain_Myeloid_microglial_cell,549,670.0,670,10_60296002_60299097,5903,Psap,1.0
858765,6544,Brain_Myeloid_microglial_cell,549,2.0,2,10_60296002_60299097,5903,Psap,1.0
858766,6545,Brain_Myeloid_microglial_cell,549,370.0,370,10_60296002_60299097,5903,Psap,1.0
858767,6546,Brain_Myeloid_microglial_cell,549,793.0,793,10_60296002_60299097,5903,Psap,1.0
858768,6547,Brain_Myeloid_microglial_cell,549,71.0,71,10_60296002_60299097,5903,Psap,1.0
858769,6548,Brain_Myeloid_microglial_cell,549,240.0,240,10_60296002_60299097,5903,Psap,1.0
858770,6549,Brain_Myeloid_microglial_cell,549,62.0,62,10_60296002_60299097,5903,Psap,1.0
858771,6550,Brain_Myeloid_microglial_cell,549,255.0,255,10_60296002_60299097,5903,Psap,1.0
858772,6551,Brain_Myeloid_microglial_cell,549,1289.0,1289,10_60296002_60299097,5903,Psap,1.0
858773,6552,Brain_Myeloid_microglial_cell,549,154.0,154,10_60296002_60299097,5903,Psap,1.0
858774,6553,Brain_Myeloid_microglial_cell,549,353.0,353,10_60296002_60299097,5903,Psap,1.0
858775,6554,Brain_Myeloid_microglial_cell,549,368.0,368,10_60296002_60299097,5903,Psap,1.0
858776,6555,Brain_Myeloid_microglial_cell,549,1135.0,1135,10_60296002_60299097,5903,Psap,1.0
858777,6556,Brain_Myeloid_microglial_cell,549,208.0,209,10_60296002_60299097,5903,Psap,0.9952153110047847
858778,6557,Brain_Myeloid_microglial_cell,549,366.0,366,10_60296002_60299097,5903,Psap,1.0
858779,6558,Brain_Myeloid_microglial_cell,549,887.0,887,10_60296002_60299097,5903,Psap,1.0
858780,6559,Brain_Myeloid_microglial_cell,549,55.0,55,10_60296002_60299097,5903,Psap,1.0
858781,6560,Brain_Myeloid_microglial_cell,549,420.0,420,10_60296002_60299097,5903,Psap,1.0
858782,6561,Brain_Myeloid_microglial_cell,549,46.0,46,10_60296002_60299097,5903,Psap,1.0
858783,6562,Brain_Myeloid_microglial_cell,549,67.0,67,10_60296002_60299097,5903,Psap,1.0
858784,6563,Brain_Myeloid_microglial_cell,549,127.0,127,10_60296002_60299097,5903,Psap,1.0
858785,6564,Brain_Myeloid_microglial_cell,549,616.0,630,10_60296002_60299097,5903,Psap,0.9777777777777777
858786,6565,Brain_Myeloid_microglial_cell,549,1949.0,1949,10_60296002_60299097,5903,Psap,1.0
858787,6566,Brain_Myeloid_microglial_cell,549,375.0,375,10_60296002_60299097,5903,Psap,1.0
858788,6567,Brain_Myeloid_microglial_cell,549,1345.0,1345,10_60296002_60299097,5903,Psap,1.0
858789,6568,Brain_Myeloid_microglial_cell,549,386.0,386,10_60296002_60299097,5903,Psap,1.0
858790,6569,Brain_Myeloid_microglial_cell,549,290.0,290,10_60296002_60299097,5903,Psap,1.0
858791,6570,Brain_Myeloid_microglial_cell,549,641.0,641,10_60296002_60299097,5903,Psap,1.0
858792,6571,Brain_Myeloid_microglial_cell,549,92.0,93,10_60296002_60299097,5903,Psap,0.989247311827957
858793,6572,Brain_Myeloid_microglial_cell,549,56.0,56,10_60296002_60299097,5903,Psap,1.0
858794,6573,Brain_Myeloid_microglial_cell,549,748.0,748,10_60296002_60299097,5903,Psap,1.0
858795,6574,Brain_Myeloid_microglial_cell,549,313.0,313,10_60296002_60299097,5903,Psap,1.0
858796,6575,Brain_Myeloid_microglial_cell,549,771.0,771,10_60296002_60299097,5903,Psap,1.0
858797,6576,Brain_Myeloid_microglial_cell,549,482.0,492,10_60296002_60299097,5903,Psap,0.9796747967479674
858798,6577,Brain_Myeloid_microglial_cell,549,58.0,58,10_60296002_60299097,5903,Psap,1.0
858799,6578,Brain_Myeloid_microglial_cell,549,698.0,698,10_60296002_60299097,5903,Psap,1.0
858800,6579,Brain_Myeloid_microglial_cell,549,416.0,416,10_60296002_60299097,5903,Psap,1.0
858801,6580,Brain_Myeloid_microglial_cell,549,318.0,324,10_60296002_60299097,5903,Psap,0.9814814814814815
858802,6581,Brain_Myeloid_microglial_cell,549,89.0,89,10_60296002_60299097,5903,Psap,1.0
858803,6582,Brain_Myeloid_microglial_cell,549,304.0,304,10_60296002_60299097,5903,Psap,1.0
858804,6583,Brain_Myeloid_microglial_cell,549,2995.0,2995,10_60296002_60299097,5903,Psap,1.0
858805,6584,Brain_Myeloid_microglial_cell,549,300.0,300,10_60296002_60299097,5903,Psap,1.0
858806,6585,Brain_Myeloid_microglial_cell,549,149.0,149,10_60296002_60299097,5903,Psap,1.0
858807,6586,Brain_Myeloid_microglial_cell,549,742.0,742,10_60296002_60299097,5903,Psap,1.0
858808,6587,Brain_Myeloid_microglial_cell,549,699.0,699,10_60296002_60299097,5903,Psap,1.0
858809,6588,Brain_Myeloid_microglial_cell,549,171.0,173,10_60296002_60299097,5903,Psap,0.9884393063583815
858810,6589,Brain_Myeloid_microglial_cell,549,518.0,518,10_60296002_60299097,5903,Psap,1.0
858811,6590,Brain_Myeloid_microglial_cell,549,290.0,290,10_60296002_60299097,5903,Psap,1.0
858812,6591,Brain_Myeloid_microglial_cell,549,383.0,383,10_60296002_60299097,5903,Psap,1.0
858813,6592,Brain_Myeloid_microglial_cell,549,323.0,323,10_60296002_60299097,5903,Psap,1.0
858814,6593,Brain_Myeloid_microglial_cell,549,19.0,19,10_60296002_60299097,5903,Psap,1.0
858815,6594,Brain_Myeloid_microglial_cell,549,149.0,149,10_60296002_60299097,5903,Psap,1.0
858816,6595,Brain_Myeloid_microglial_cell,549,24.0,24,10_60296002_60299097,5903,Psap,1.0
858817,6596,Brain_Myeloid_microglial_cell,549,31.0,31,10_60296002_60299097,5903,Psap,1.0
858818,6597,Brain_Myeloid_microglial_cell,549,260.0,260,10_60296002_60299097,5903,Psap,1.0
858819,6598,Brain_Myeloid_microglial_cell,549,62.0,62,10_60296002_60299097,5903,Psap,1.0
858820,6599,Brain_Myeloid_microglial_cell,549,812.0,879,10_60296002_60299097,5903,Psap,0.9237770193401593
858821,6600,Brain_Myeloid_microglial_cell,549,403.0,403,10_60296002_60299097,5903,Psap,1.0
858822,6601,Brain_Myeloid_microglial_cell,549,2622.0,2622,10_60296002_60299097,5903,Psap,1.0
858823,6602,Brain_Myeloid_microglial_cell,549,596.0,596,10_60296002_60299097,5903,Psap,1.0
858824,6603,Brain_Myeloid_microglial_cell,549,148.0,148,10_60296002_60299097,5903,Psap,1.0
858825,6604,Brain_Myeloid_microglial_cell,549,750.0,750,10_60296002_60299097,5903,Psap,1.0
858826,6605,Brain_Myeloid_microglial_cell,549,64.0,64,10_60296002_60299097,5903,Psap,1.0
858827,6606,Brain_Myeloid_microglial_cell,549,225.0,225,10_60296002_60299097,5903,Psap,1.0
858828,6607,Brain_Myeloid_microglial_cell,549,403.0,403,10_60296002_60299097,5903,Psap,1.0
858829,6608,Brain_Myeloid_microglial_cell,549,363.0,363,10_60296002_60299097,5903,Psap,1.0
858830,6609,Brain_Myeloid_microglial_cell,549,1016.0,1016,10_60296002_60299097,5903,Psap,1.0
858831,6610,Brain_Myeloid_microglial_cell,549,355.0,355,10_60296002_60299097,5903,Psap,1.0
858832,6611,Brain_Myeloid_microglial_cell,549,69.0,69,10_60296002_60299097,5903,Psap,1.0
858833,6612,Brain_Myeloid_microglial_cell,549,1274.0,1274,10_60296002_60299097,5903,Psap,1.0
858834,6613,Brain_Myeloid_microglial_cell,549,220.0,220,10_60296002_60299097,5903,Psap,1.0
858835,6614,Brain_Myeloid_microglial_cell,549,51.0,51,10_60296002_60299097,5903,Psap,1.0
858836,6615,Brain_Myeloid_microglial_cell,549,101.0,101,10_60296002_60299097,5903,Psap,1.0
858837,6616,Brain_Myeloid_microglial_cell,549,102.0,102,10_60296002_60299097,5903,Psap,1.0
858838,6617,Brain_Myeloid_microglial_cell,549,374.0,374,10_60296002_60299097,5903,Psap,1.0
858839,6618,Brain_Myeloid_microglial_cell,549,308.0,308,10_60296002_60299097,5903,Psap,1.0
858840,6619,Brain_Myeloid_microglial_cell,549,299.0,299,10_60296002_60299097,5903,Psap,1.0
858841,6620,Brain_Myeloid_microglial_cell,549,834.0,848,10_60296002_60299097,5903,Psap,0.9834905660377359
858842,6621,Brain_Myeloid_microglial_cell,549,108.0,111,10_60296002_60299097,5903,Psap,0.972972972972973
858843,6622,Brain_Myeloid_microglial_cell,549,308.0,308,10_60296002_60299097,5903,Psap,1.0
858844,6623,Brain_Myeloid_microglial_cell,549,194.0,195,10_60296002_60299097,5903,Psap,0.9948717948717949
858845,6624,Brain_Myeloid_microglial_cell,549,323.0,331,10_60296002_60299097,5903,Psap,0.9758308157099698
858846,6625,Brain_Myeloid_microglial_cell,549,34.0,34,10_60296002_60299097,5903,Psap,1.0
858847,6626,Brain_Myeloid_microglial_cell,549,166.0,167,10_60296002_60299097,5903,Psap,0.9940119760479041
858848,6627,Brain_Myeloid_microglial_cell,549,896.0,896,10_60296002_60299097,5903,Psap,1.0
858849,6628,Brain_Myeloid_microglial_cell,549,61.0,66,10_60296002_60299097,5903,Psap,0.9242424242424242
858850,6629,Brain_Myeloid_microglial_cell,549,923.0,923,10_60296002_60299097,5903,Psap,1.0
858851,6630,Brain_Myeloid_microglial_cell,549,47.0,47,10_60296002_60299097,5903,Psap,1.0
858852,6631,Brain_Myeloid_microglial_cell,549,224.0,224,10_60296002_60299097,5903,Psap,1.0
858853,6632,Brain_Myeloid_microglial_cell,549,83.0,83,10_60296002_60299097,5903,Psap,1.0
858854,6633,Brain_Myeloid_microglial_cell,549,157.0,157,10_60296002_60299097,5903,Psap,1.0
858855,6634,Brain_Myeloid_microglial_cell,549,746.0,746,10_60296002_60299097,5903,Psap,1.0
858856,6635,Brain_Myeloid_microglial_cell,549,926.0,926,10_60296002_60299097,5903,Psap,1.0
858857,6636,Brain_Myeloid_microglial_cell,549,981.0,993,10_60296002_60299097,5903,Psap,0.9879154078549849
858858,6637,Brain_Myeloid_microglial_cell,549,368.0,368,10_60296002_60299097,5903,Psap,1.0
858859,6638,Brain_Myeloid_microglial_cell,549,419.0,419,10_60296002_60299097,5903,Psap,1.0
858860,6639,Brain_Myeloid_microglial_cell,549,179.0,179,10_60296002_60299097,5903,Psap,1.0
858861,6640,Brain_Myeloid_microglial_cell,549,125.0,126,10_60296002_60299097,5903,Psap,0.9920634920634921
858862,6641,Brain_Myeloid_microglial_cell,549,685.0,685,10_60296002_60299097,5903,Psap,1.0
858863,6642,Brain_Myeloid_microglial_cell,549,583.0,583,10_60296002_60299097,5903,Psap,1.0
858864,6643,Brain_Myeloid_microglial_cell,549,96.0,96,10_60296002_60299097,5903,Psap,1.0
858865,6644,Brain_Myeloid_microglial_cell,549,776.0,776,10_60296002_60299097,5903,Psap,1.0
858866,6645,Brain_Myeloid_microglial_cell,549,51.0,52,10_60296002_60299097,5903,Psap,0.9807692307692307
858867,6646,Brain_Myeloid_microglial_cell,549,175.0,175,10_60296002_60299097,5903,Psap,1.0
858868,6647,Brain_Myeloid_microglial_cell,549,89.0,89,10_60296002_60299097,5903,Psap,1.0
858869,6648,Brain_Myeloid_microglial_cell,549,307.0,307,10_60296002_60299097,5903,Psap,1.0
858870,6649,Brain_Myeloid_microglial_cell,549,44.0,44,10_60296002_60299097,5903,Psap,1.0
858871,6650,Brain_Myeloid_microglial_cell,549,427.0,439,10_60296002_60299097,5903,Psap,0.9726651480637813
858872,6651,Brain_Myeloid_microglial_cell,549,259.0,259,10_60296002_60299097,5903,Psap,1.0
858873,6652,Brain_Myeloid_microglial_cell,549,386.0,386,10_60296002_60299097,5903,Psap,1.0
858874,6653,Brain_Myeloid_microglial_cell,549,603.0,603,10_60296002_60299097,5903,Psap,1.0
858875,6654,Brain_Myeloid_microglial_cell,549,267.0,267,10_60296002_60299097,5903,Psap,1.0
858876,6655,Brain_Myeloid_microglial_cell,549,155.0,155,10_60296002_60299097,5903,Psap,1.0
858877,6656,Brain_Myeloid_microglial_cell,549,139.0,142,10_60296002_60299097,5903,Psap,0.9788732394366197
858878,6657,Brain_Myeloid_microglial_cell,549,205.0,205,10_60296002_60299097,5903,Psap,1.0
858879,6658,Brain_Myeloid_microglial_cell,549,194.0,194,10_60296002_60299097,5903,Psap,1.0
858880,6659,Brain_Myeloid_microglial_cell,549,216.0,216,10_60296002_60299097,5903,Psap,1.0
858881,6660,Brain_Myeloid_microglial_cell,549,553.0,553,10_60296002_60299097,5903,Psap,1.0
858882,6661,Brain_Myeloid_microglial_cell,549,23.0,23,10_60296002_60299097,5903,Psap,1.0
858883,6662,Brain_Myeloid_microglial_cell,549,40.0,40,10_60296002_60299097,5903,Psap,1.0
858884,6663,Brain_Myeloid_microglial_cell,549,106.0,108,10_60296002_60299097,5903,Psap,0.9814814814814815
858885,6664,Brain_Myeloid_microglial_cell,549,78.0,78,10_60296002_60299097,5903,Psap,1.0
858886,6665,Brain_Myeloid_microglial_cell,549,127.0,127,10_60296002_60299097,5903,Psap,1.0
858887,6666,Brain_Myeloid_microglial_cell,549,327.0,327,10_60296002_60299097,5903,Psap,1.0
858888,6667,Brain_Myeloid_microglial_cell,549,352.0,352,10_60296002_60299097,5903,Psap,1.0
858889,6668,Brain_Myeloid_microglial_cell,549,192.0,192,10_60296002_60299097,5903,Psap,1.0
858890,6669,Brain_Myeloid_microglial_cell,549,74.0,74,10_60296002_60299097,5903,Psap,1.0
858891,6670,Brain_Myeloid_microglial_cell,549,147.0,147,10_60296002_60299097,5903,Psap,1.0
858892,6671,Brain_Myeloid_microglial_cell,549,232.0,232,10_60296002_60299097,5903,Psap,1.0
858893,6672,Brain_Myeloid_microglial_cell,549,40.0,40,10_60296002_60299097,5903,Psap,1.0
858894,6673,Brain_Myeloid_microglial_cell,549,1927.0,1927,10_60296002_60299097,5903,Psap,1.0
858895,6674,Brain_Myeloid_microglial_cell,549,488.0,495,10_60296002_60299097,5903,Psap,0.9858585858585859
858896,6675,Brain_Myeloid_microglial_cell,549,44.0,44,10_60296002_60299097,5903,Psap,1.0
858897,6676,Brain_Myeloid_microglial_cell,549,53.0,53,10_60296002_60299097,5903,Psap,1.0
858898,6677,Brain_Myeloid_microglial_cell,549,191.0,191,10_60296002_60299097,5903,Psap,1.0
858899,6678,Brain_Myeloid_microglial_cell,549,111.0,112,10_60296002_60299097,5903,Psap,0.9910714285714286
858900,6679,Brain_Myeloid_microglial_cell,549,401.0,401,10_60296002_60299097,5903,Psap,1.0
858901,6680,Brain_Myeloid_microglial_cell,549,427.0,427,10_60296002_60299097,5903,Psap,1.0
858902,6681,Brain_Myeloid_microglial_cell,549,292.0,292,10_60296002_60299097,5903,Psap,1.0
858903,6682,Brain_Myeloid_microglial_cell,549,792.0,792,10_60296002_60299097,5903,Psap,1.0
858904,6683,Brain_Myeloid_microglial_cell,549,181.0,181,10_60296002_60299097,5903,Psap,1.0
858905,6684,Brain_Myeloid_microglial_cell,549,483.0,483,10_60296002_60299097,5903,Psap,1.0
858906,6685,Brain_Myeloid_microglial_cell,549,146.0,146,10_60296002_60299097,5903,Psap,1.0
858907,6686,Brain_Myeloid_microglial_cell,549,384.0,384,10_60296002_60299097,5903,Psap,1.0
858908,6687,Brain_Myeloid_microglial_cell,549,206.0,206,10_60296002_60299097,5903,Psap,1.0
858909,6688,Brain_Myeloid_microglial_cell,549,772.0,772,10_60296002_60299097,5903,Psap,1.0
858910,6689,Brain_Myeloid_microglial_cell,549,250.0,250,10_60296002_60299097,5903,Psap,1.0
858911,6690,Brain_Myeloid_microglial_cell,549,586.0,586,10_60296002_60299097,5903,Psap,1.0
858912,6691,Brain_Myeloid_microglial_cell,549,187.0,187,10_60296002_60299097,5903,Psap,1.0
858913,6692,Brain_Myeloid_microglial_cell,549,59.0,59,10_60296002_60299097,5903,Psap,1.0
858914,6693,Brain_Myeloid_microglial_cell,549,436.0,436,10_60296002_60299097,5903,Psap,1.0
858915,6694,Brain_Myeloid_microglial_cell,549,144.0,144,10_60296002_60299097,5903,Psap,1.0
858916,6695,Brain_Myeloid_microglial_cell,549,1154.0,1154,10_60296002_60299097,5903,Psap,1.0
858917,6696,Brain_Myeloid_microglial_cell,549,190.0,193,10_60296002_60299097,5903,Psap,0.9844559585492227
858918,6697,Brain_Myeloid_microglial_cell,549,800.0,800,10_60296002_60299097,5903,Psap,1.0
858919,6698,Brain_Myeloid_microglial_cell,549,524.0,524,10_60296002_60299097,5903,Psap,1.0
858920,6699,Brain_Myeloid_microglial_cell,549,180.0,180,10_60296002_60299097,5903,Psap,1.0
858921,6700,Brain_Myeloid_microglial_cell,549,439.0,439,10_60296002_60299097,5903,Psap,1.0
858922,6701,Brain_Myeloid_microglial_cell,549,341.0,341,10_60296002_60299097,5903,Psap,1.0
858923,6702,Brain_Myeloid_microglial_cell,549,707.0,707,10_60296002_60299097,5903,Psap,1.0
858924,6703,Brain_Myeloid_microglial_cell,549,87.0,87,10_60296002_60299097,5903,Psap,1.0
858925,6704,Brain_Myeloid_microglial_cell,549,243.0,243,10_60296002_60299097,5903,Psap,1.0
858926,6705,Brain_Myeloid_microglial_cell,549,709.0,709,10_60296002_60299097,5903,Psap,1.0
858927,6706,Brain_Myeloid_microglial_cell,549,318.0,318,10_60296002_60299097,5903,Psap,1.0
858928,6707,Brain_Myeloid_microglial_cell,549,89.0,89,10_60296002_60299097,5903,Psap,1.0
858929,6708,Brain_Myeloid_microglial_cell,549,61.0,61,10_60296002_60299097,5903,Psap,1.0
858930,6709,Brain_Myeloid_microglial_cell,549,994.0,994,10_60296002_60299097,5903,Psap,1.0
858931,6710,Brain_Myeloid_microglial_cell,549,282.0,282,10_60296002_60299097,5903,Psap,1.0
858932,6711,Brain_Myeloid_microglial_cell,549,420.0,426,10_60296002_60299097,5903,Psap,0.9859154929577465
858933,6712,Brain_Myeloid_microglial_cell,549,240.0,240,10_60296002_60299097,5903,Psap,1.0
858934,6713,Brain_Myeloid_microglial_cell,549,107.0,107,10_60296002_60299097,5903,Psap,1.0
858935,6714,Brain_Myeloid_microglial_cell,549,421.0,421,10_60296002_60299097,5903,Psap,1.0
858936,6715,Brain_Myeloid_microglial_cell,549,251.0,251,10_60296002_60299097,5903,Psap,1.0
858937,6716,Brain_Myeloid_microglial_cell,549,755.0,755,10_60296002_60299097,5903,Psap,1.0
858938,6717,Brain_Myeloid_microglial_cell,549,93.0,93,10_60296002_60299097,5903,Psap,1.0
858939,6718,Brain_Myeloid_microglial_cell,549,57.0,57,10_60296002_60299097,5903,Psap,1.0
858940,6719,Brain_Myeloid_microglial_cell,549,666.0,727,10_60296002_60299097,5903,Psap,0.9160935350756534
858941,6720,Brain_Myeloid_microglial_cell,549,214.0,217,10_60296002_60299097,5903,Psap,0.9861751152073732
858942,6721,Brain_Myeloid_microglial_cell,549,87.0,89,10_60296002_60299097,5903,Psap,0.9775280898876404
858943,6722,Brain_Myeloid_microglial_cell,549,225.0,227,10_60296002_60299097,5903,Psap,0.9911894273127754
858944,6723,Brain_Myeloid_microglial_cell,549,208.0,208,10_60296002_60299097,5903,Psap,1.0
858945,6724,Brain_Myeloid_microglial_cell,549,519.0,585,10_60296002_60299097,5903,Psap,0.8871794871794871
858946,6725,Brain_Myeloid_microglial_cell,549,100.0,100,10_60296002_60299097,5903,Psap,1.0
858947,6726,Brain_Myeloid_microglial_cell,549,390.0,420,10_60296002_60299097,5903,Psap,0.9285714285714286
858948,6727,Brain_Myeloid_microglial_cell,549,410.0,410,10_60296002_60299097,5903,Psap,1.0
858949,6728,Brain_Myeloid_microglial_cell,549,416.0,420,10_60296002_60299097,5903,Psap,0.9904761904761905
858950,6729,Brain_Myeloid_microglial_cell,549,191.0,191,10_60296002_60299097,5903,Psap,1.0
858951,6730,Brain_Myeloid_microglial_cell,549,568.0,575,10_60296002_60299097,5903,Psap,0.9878260869565217
858952,6731,Brain_Myeloid_microglial_cell,549,142.0,142,10_60296002_60299097,5903,Psap,1.0
858953,6732,Brain_Myeloid_microglial_cell,549,1919.0,1959,10_60296002_60299097,5903,Psap,0.9795814190913732
858954,6733,Brain_Myeloid_microglial_cell,549,302.0,302,10_60296002_60299097,5903,Psap,1.0
858955,6734,Brain_Myeloid_microglial_cell,549,36.0,36,10_60296002_60299097,5903,Psap,1.0
858956,6735,Brain_Myeloid_microglial_cell,549,549.0,549,10_60296002_60299097,5903,Psap,1.0
858957,6736,Brain_Myeloid_microglial_cell,549,166.0,166,10_60296002_60299097,5903,Psap,1.0
858958,6737,Brain_Myeloid_microglial_cell,549,242.0,249,10_60296002_60299097,5903,Psap,0.9718875502008032
858959,6738,Brain_Myeloid_microglial_cell,549,28.0,28,10_60296002_60299097,5903,Psap,1.0
858960,6739,Brain_Myeloid_microglial_cell,549,408.0,408,10_60296002_60299097,5903,Psap,1.0
858961,6740,Brain_Myeloid_microglial_cell,549,305.0,305,10_60296002_60299097,5903,Psap,1.0
858962,6741,Brain_Myeloid_microglial_cell,549,212.0,214,10_60296002_60299097,5903,Psap,0.9906542056074766
858963,6742,Brain_Myeloid_microglial_cell,549,718.0,718,10_60296002_60299097,5903,Psap,1.0
858964,6743,Brain_Myeloid_microglial_cell,549,75.0,75,10_60296002_60299097,5903,Psap,1.0
858965,6744,Brain_Myeloid_microglial_cell,549,627.0,627,10_60296002_60299097,5903,Psap,1.0
858966,6745,Brain_Myeloid_microglial_cell,549,307.0,307,10_60296002_60299097,5903,Psap,1.0
858967,6746,Brain_Myeloid_microglial_cell,549,555.0,561,10_60296002_60299097,5903,Psap,0.9893048128342246
858968,6747,Brain_Myeloid_microglial_cell,549,292.0,292,10_60296002_60299097,5903,Psap,1.0
858969,6748,Brain_Myeloid_microglial_cell,549,432.0,432,10_60296002_60299097,5903,Psap,1.0
858970,6749,Brain_Myeloid_microglial_cell,549,59.0,59,10_60296002_60299097,5903,Psap,1.0
858971,6750,Brain_Myeloid_microglial_cell,549,946.0,946,10_60296002_60299097,5903,Psap,1.0
858972,6751,Brain_Myeloid_microglial_cell,549,224.0,224,10_60296002_60299097,5903,Psap,1.0
858973,6752,Brain_Myeloid_microglial_cell,549,79.0,84,10_60296002_60299097,5903,Psap,0.9404761904761905
858974,6753,Brain_Myeloid_microglial_cell,549,194.0,194,10_60296002_60299097,5903,Psap,1.0
858975,6754,Brain_Myeloid_microglial_cell,549,56.0,56,10_60296002_60299097,5903,Psap,1.0
858976,6755,Brain_Myeloid_microglial_cell,549,260.0,260,10_60296002_60299097,5903,Psap,1.0
858977,6756,Brain_Myeloid_microglial_cell,549,27.0,27,10_60296002_60299097,5903,Psap,1.0
858978,6757,Brain_Myeloid_microglial_cell,549,53.0,53,10_60296002_60299097,5903,Psap,1.0
858979,6758,Brain_Myeloid_microglial_cell,549,120.0,122,10_60296002_60299097,5903,Psap,0.9836065573770492
858980,6759,Brain_Myeloid_microglial_cell,549,40.0,40,10_60296002_60299097,5903,Psap,1.0
858981,6760,Brain_Myeloid_microglial_cell,549,53.0,53,10_60296002_60299097,5903,Psap,1.0
858982,6761,Brain_Myeloid_microglial_cell,549,2.0,2,10_60296002_60299097,5903,Psap,1.0
858983,6762,Brain_Myeloid_microglial_cell,549,55.0,55,10_60296002_60299097,5903,Psap,1.0
858984,6763,Brain_Myeloid_microglial_cell,549,358.0,358,10_60296002_60299097,5903,Psap,1.0
858985,6764,Brain_Myeloid_microglial_cell,549,21.0,21,10_60296002_60299097,5903,Psap,1.0
858986,6765,Brain_Myeloid_microglial_cell,549,63.0,64,10_60296002_60299097,5903,Psap,0.984375
858987,6766,Brain_Myeloid_microglial_cell,549,1135.0,1135,10_60296002_60299097,5903,Psap,1.0
858988,6767,Brain_Myeloid_microglial_cell,549,74.0,74,10_60296002_60299097,5903,Psap,1.0
858989,6768,Brain_Myeloid_microglial_cell,549,40.0,40,10_60296002_60299097,5903,Psap,1.0
858990,6769,Brain_Myeloid_microglial_cell,549,75.0,75,10_60296002_60299097,5903,Psap,1.0
858991,6770,Brain_Myeloid_microglial_cell,549,5.0,5,10_60296002_60299097,5903,Psap,1.0
858992,6771,Brain_Myeloid_microglial_cell,549,5.0,5,10_60296002_60299097,5903,Psap,1.0
858993,6772,Brain_Myeloid_microglial_cell,549,36.0,36,10_60296002_60299097,5903,Psap,1.0
858994,6773,Brain_Myeloid_microglial_cell,549,77.0,77,10_60296002_60299097,5903,Psap,1.0
858995,6774,Brain_Myeloid_microglial_cell,549,42.0,43,10_60296002_60299097,5903,Psap,0.9767441860465116
858996,6775,Brain_Myeloid_microglial_cell,549,264.0,264,10_60296002_60299097,5903,Psap,1.0
858997,6776,Brain_Myeloid_microglial_cell,549,502.0,502,10_60296002_60299097,5903,Psap,1.0
858998,6777,Brain_Myeloid_microglial_cell,549,141.0,141,10_60296002_60299097,5903,Psap,1.0
858999,6778,Brain_Myeloid_microglial_cell,549,115.0,117,10_60296002_60299097,5903,Psap,0.9829059829059829
859000,6779,Brain_Myeloid_microglial_cell,549,42.0,42,10_60296002_60299097,5903,Psap,1.0
859001,6780,Brain_Myeloid_microglial_cell,549,684.0,684,10_60296002_60299097,5903,Psap,1.0
859002,6781,Brain_Myeloid_microglial_cell,549,83.0,83,10_60296002_60299097,5903,Psap,1.0
859003,6782,Brain_Myeloid_microglial_cell,549,268.0,268,10_60296002_60299097,5903,Psap,1.0
859004,6783,Brain_Myeloid_microglial_cell,549,71.0,71,10_60296002_60299097,5903,Psap,1.0
859005,6784,Brain_Myeloid_microglial_cell,549,177.0,177,10_60296002_60299097,5903,Psap,1.0
859006,6785,Brain_Myeloid_microglial_cell,549,262.0,262,10_60296002_60299097,5903,Psap,1.0
859007,6786,Brain_Myeloid_microglial_cell,549,192.0,194,10_60296002_60299097,5903,Psap,0.9896907216494846
859008,6787,Brain_Myeloid_microglial_cell,549,480.0,480,10_60296002_60299097,5903,Psap,1.0
859009,6788,Brain_Myeloid_microglial_cell,549,104.0,104,10_60296002_60299097,5903,Psap,1.0
859010,6789,Brain_Myeloid_microglial_cell,549,483.0,483,10_60296002_60299097,5903,Psap,1.0
859011,6790,Brain_Myeloid_microglial_cell,549,586.0,586,10_60296002_60299097,5903,Psap,1.0
859012,6791,Brain_Myeloid_microglial_cell,549,98.0,98,10_60296002_60299097,5903,Psap,1.0
859013,6792,Brain_Myeloid_microglial_cell,549,40.0,40,10_60296002_60299097,5903,Psap,1.0
859014,6793,Brain_Myeloid_microglial_cell,549,397.0,397,10_60296002_60299097,5903,Psap,1.0
859015,6794,Brain_Myeloid_microglial_cell,549,256.0,256,10_60296002_60299097,5903,Psap,1.0
859016,6795,Brain_Myeloid_microglial_cell,549,530.0,605,10_60296002_60299097,5903,Psap,0.8760330578512396
859017,6796,Brain_Myeloid_microglial_cell,549,54.0,54,10_60296002_60299097,5903,Psap,1.0
859018,6797,Brain_Myeloid_microglial_cell,549,65.0,65,10_60296002_60299097,5903,Psap,1.0
859019,6798,Brain_Myeloid_microglial_cell,549,746.0,746,10_60296002_60299097,5903,Psap,1.0
859020,6800,Brain_Myeloid_microglial_cell,549,597.0,597,10_60296002_60299097,5903,Psap,1.0
859021,6801,Brain_Myeloid_microglial_cell,549,363.0,363,10_60296002_60299097,5903,Psap,1.0
859022,6802,Brain_Myeloid_microglial_cell,549,66.0,66,10_60296002_60299097,5903,Psap,1.0
859023,6803,Brain_Myeloid_microglial_cell,549,8.0,8,10_60296002_60299097,5903,Psap,1.0
859024,6804,Brain_Myeloid_microglial_cell,549,280.0,280,10_60296002_60299097,5903,Psap,1.0
859025,6805,Brain_Myeloid_microglial_cell,549,195.0,195,10_60296002_60299097,5903,Psap,1.0
859026,6806,Brain_Myeloid_microglial_cell,549,377.0,377,10_60296002_60299097,5903,Psap,1.0
859027,6807,Brain_Myeloid_microglial_cell,549,303.0,307,10_60296002_60299097,5903,Psap,0.9869706840390879
859028,6808,Brain_Myeloid_microglial_cell,549,409.0,409,10_60296002_60299097,5903,Psap,1.0
859029,6809,Brain_Myeloid_microglial_cell,549,191.0,191,10_60296002_60299097,5903,Psap,1.0
859030,6810,Brain_Myeloid_microglial_cell,549,271.0,271,10_60296002_60299097,5903,Psap,1.0
859031,6811,Brain_Myeloid_microglial_cell,549,917.0,936,10_60296002_60299097,5903,Psap,0.9797008547008547
859032,6812,Brain_Myeloid_microglial_cell,549,63.0,63,10_60296002_60299097,5903,Psap,1.0
859033,6813,Brain_Myeloid_microglial_cell,549,277.0,277,10_60296002_60299097,5903,Psap,1.0
859034,6814,Brain_Myeloid_microglial_cell,549,69.0,69,10_60296002_60299097,5903,Psap,1.0
859035,6815,Brain_Myeloid_microglial_cell,549,76.0,76,10_60296002_60299097,5903,Psap,1.0
859036,6816,Brain_Myeloid_microglial_cell,549,155.0,155,10_60296002_60299097,5903,Psap,1.0
859037,6817,Brain_Myeloid_microglial_cell,549,33.0,33,10_60296002_60299097,5903,Psap,1.0
859038,6818,Brain_Myeloid_microglial_cell,549,115.0,115,10_60296002_60299097,5903,Psap,1.0
859039,6819,Brain_Myeloid_microglial_cell,549,46.0,46,10_60296002_60299097,5903,Psap,1.0
859040,6820,Brain_Myeloid_microglial_cell,549,190.0,190,10_60296002_60299097,5903,Psap,1.0
859041,6821,Brain_Myeloid_microglial_cell,549,403.0,409,10_60296002_60299097,5903,Psap,0.9853300733496333
859042,6822,Brain_Myeloid_microglial_cell,549,213.0,213,10_60296002_60299097,5903,Psap,1.0
859043,6823,Brain_Myeloid_microglial_cell,549,332.0,332,10_60296002_60299097,5903,Psap,1.0
859044,6824,Brain_Myeloid_microglial_cell,549,25.0,30,10_60296002_60299097,5903,Psap,0.8333333333333334
859045,6825,Brain_Myeloid_microglial_cell,549,286.0,286,10_60296002_60299097,5903,Psap,1.0
859046,6826,Brain_Myeloid_microglial_cell,549,257.0,257,10_60296002_60299097,5903,Psap,1.0
859047,6827,Brain_Myeloid_microglial_cell,549,99.0,99,10_60296002_60299097,5903,Psap,1.0
859048,6828,Brain_Myeloid_microglial_cell,549,70.0,71,10_60296002_60299097,5903,Psap,0.9859154929577465
859049,6829,Brain_Myeloid_microglial_cell,549,55.0,55,10_60296002_60299097,5903,Psap,1.0
859050,6830,Brain_Myeloid_microglial_cell,549,280.0,280,10_60296002_60299097,5903,Psap,1.0
859051,6831,Brain_Myeloid_microglial_cell,549,188.0,188,10_60296002_60299097,5903,Psap,1.0
859052,6832,Brain_Myeloid_microglial_cell,549,164.0,164,10_60296002_60299097,5903,Psap,1.0
859053,6833,Brain_Myeloid_microglial_cell,549,229.0,262,10_60296002_60299097,5903,Psap,0.8740458015267175
859054,6834,Brain_Myeloid_microglial_cell,549,69.0,69,10_60296002_60299097,5903,Psap,1.0
859055,6835,Brain_Myeloid_microglial_cell,549,69.0,69,10_60296002_60299097,5903,Psap,1.0
859056,6836,Brain_Myeloid_microglial_cell,549,52.0,52,10_60296002_60299097,5903,Psap,1.0
859057,6837,Brain_Myeloid_microglial_cell,549,323.0,323,10_60296002_60299097,5903,Psap,1.0
859058,6838,Brain_Myeloid_microglial_cell,549,291.0,294,10_60296002_60299097,5903,Psap,0.9897959183673469
859059,6839,Brain_Myeloid_microglial_cell,549,328.0,328,10_60296002_60299097,5903,Psap,1.0
859060,6840,Brain_Myeloid_microglial_cell,549,80.0,80,10_60296002_60299097,5903,Psap,1.0
859061,6841,Brain_Myeloid_microglial_cell,549,60.0,60,10_60296002_60299097,5903,Psap,1.0
859062,6842,Brain_Myeloid_microglial_cell,549,119.0,119,10_60296002_60299097,5903,Psap,1.0
859063,6843,Brain_Myeloid_microglial_cell,549,627.0,627,10_60296002_60299097,5903,Psap,1.0
859064,6844,Brain_Myeloid_microglial_cell,549,380.0,380,10_60296002_60299097,5903,Psap,1.0
859065,6845,Brain_Myeloid_microglial_cell,549,379.0,379,10_60296002_60299097,5903,Psap,1.0
859066,6846,Brain_Myeloid_microglial_cell,549,68.0,68,10_60296002_60299097,5903,Psap,1.0
859067,6847,Brain_Myeloid_microglial_cell,549,113.0,113,10_60296002_60299097,5903,Psap,1.0
859068,6848,Brain_Myeloid_microglial_cell,549,742.0,756,10_60296002_60299097,5903,Psap,0.9814814814814815
859069,6849,Brain_Myeloid_microglial_cell,549,232.0,232,10_60296002_60299097,5903,Psap,1.0
859070,6850,Brain_Myeloid_microglial_cell,549,216.0,216,10_60296002_60299097,5903,Psap,1.0
859071,6851,Brain_Myeloid_microglial_cell,549,79.0,79,10_60296002_60299097,5903,Psap,1.0
859072,6852,Brain_Myeloid_microglial_cell,549,98.0,98,10_60296002_60299097,5903,Psap,1.0
859073,6853,Brain_Myeloid_microglial_cell,549,102.0,105,10_60296002_60299097,5903,Psap,0.9714285714285714
859074,6854,Brain_Myeloid_microglial_cell,549,199.0,199,10_60296002_60299097,5903,Psap,1.0
859075,6855,Brain_Myeloid_microglial_cell,549,88.0,88,10_60296002_60299097,5903,Psap,1.0
859076,6856,Brain_Myeloid_microglial_cell,549,18.0,18,10_60296002_60299097,5903,Psap,1.0
859077,6857,Brain_Myeloid_microglial_cell,549,85.0,85,10_60296002_60299097,5903,Psap,1.0
859078,6858,Brain_Myeloid_microglial_cell,549,618.0,618,10_60296002_60299097,5903,Psap,1.0
859079,6859,Brain_Myeloid_microglial_cell,549,529.0,529,10_60296002_60299097,5903,Psap,1.0
859080,6860,Brain_Myeloid_microglial_cell,549,99.0,99,10_60296002_60299097,5903,Psap,1.0
859081,6861,Brain_Myeloid_microglial_cell,549,150.0,152,10_60296002_60299097,5903,Psap,0.9868421052631579
859082,6862,Brain_Myeloid_microglial_cell,549,248.0,248,10_60296002_60299097,5903,Psap,1.0
859083,6863,Brain_Myeloid_microglial_cell,549,42.0,42,10_60296002_60299097,5903,Psap,1.0
859084,6864,Brain_Myeloid_microglial_cell,549,29.0,29,10_60296002_60299097,5903,Psap,1.0
859085,6865,Brain_Myeloid_microglial_cell,549,386.0,386,10_60296002_60299097,5903,Psap,1.0
859086,6866,Brain_Myeloid_microglial_cell,549,195.0,195,10_60296002_60299097,5903,Psap,1.0
859087,6867,Brain_Myeloid_microglial_cell,549,158.0,158,10_60296002_60299097,5903,Psap,1.0
859088,6868,Brain_Myeloid_microglial_cell,549,70.0,72,10_60296002_60299097,5903,Psap,0.9722222222222222
859089,6869,Brain_Myeloid_microglial_cell,549,483.0,483,10_60296002_60299097,5903,Psap,1.0
859090,6871,Brain_Myeloid_microglial_cell,549,38.0,38,10_60296002_60299097,5903,Psap,1.0
859091,6872,Brain_Myeloid_microglial_cell,549,217.0,217,10_60296002_60299097,5903,Psap,1.0
859092,6873,Brain_Myeloid_microglial_cell,549,452.0,452,10_60296002_60299097,5903,Psap,1.0
859093,6874,Brain_Myeloid_microglial_cell,549,165.0,165,10_60296002_60299097,5903,Psap,1.0
859094,6875,Brain_Myeloid_microglial_cell,549,160.0,160,10_60296002_60299097,5903,Psap,1.0
859095,6876,Brain_Myeloid_microglial_cell,549,157.0,157,10_60296002_60299097,5903,Psap,1.0
859096,6877,Brain_Myeloid_microglial_cell,549,313.0,313,10_60296002_60299097,5903,Psap,1.0
859097,6878,Brain_Myeloid_microglial_cell,549,480.0,480,10_60296002_60299097,5903,Psap,1.0
859098,6879,Brain_Myeloid_microglial_cell,549,130.0,130,10_60296002_60299097,5903,Psap,1.0
859099,6880,Brain_Myeloid_microglial_cell,549,28.0,28,10_60296002_60299097,5903,Psap,1.0
859100,6881,Brain_Myeloid_microglial_cell,549,131.0,131,10_60296002_60299097,5903,Psap,1.0
859101,6882,Brain_Myeloid_microglial_cell,549,134.0,134,10_60296002_60299097,5903,Psap,1.0
859102,6883,Brain_Myeloid_microglial_cell,549,155.0,155,10_60296002_60299097,5903,Psap,1.0
859103,6884,Brain_Myeloid_microglial_cell,549,80.0,80,10_60296002_60299097,5903,Psap,1.0
859104,6885,Brain_Myeloid_microglial_cell,549,733.0,733,10_60296002_60299097,5903,Psap,1.0
859105,6886,Brain_Myeloid_microglial_cell,549,481.0,481,10_60296002_60299097,5903,Psap,1.0
859106,6887,Brain_Myeloid_microglial_cell,549,57.0,57,10_60296002_60299097,5903,Psap,1.0
859107,6888,Brain_Myeloid_microglial_cell,549,307.0,307,10_60296002_60299097,5903,Psap,1.0
859108,6889,Brain_Myeloid_microglial_cell,549,87.0,87,10_60296002_60299097,5903,Psap,1.0
859109,6890,Brain_Myeloid_microglial_cell,549,75.0,75,10_60296002_60299097,5903,Psap,1.0
859110,6891,Brain_Myeloid_microglial_cell,549,100.0,100,10_60296002_60299097,5903,Psap,1.0
859111,6892,Brain_Myeloid_microglial_cell,549,12.0,12,10_60296002_60299097,5903,Psap,1.0
859112,6893,Brain_Myeloid_microglial_cell,549,99.0,99,10_60296002_60299097,5903,Psap,1.0
859113,6894,Brain_Myeloid_microglial_cell,549,354.0,354,10_60296002_60299097,5903,Psap,1.0
859114,6895,Brain_Myeloid_microglial_cell,549,17.0,17,10_60296002_60299097,5903,Psap,1.0
859115,6896,Brain_Myeloid_microglial_cell,549,8.0,8,10_60296002_60299097,5903,Psap,1.0
859116,6897,Brain_Myeloid_microglial_cell,549,561.0,561,10_60296002_60299097,5903,Psap,1.0
859117,6898,Brain_Myeloid_microglial_cell,549,259.0,259,10_60296002_60299097,5903,Psap,1.0
859118,6899,Brain_Myeloid_microglial_cell,549,49.0,49,10_60296002_60299097,5903,Psap,1.0
859119,6900,Brain_Myeloid_microglial_cell,549,255.0,255,10_60296002_60299097,5903,Psap,1.0
859120,6901,Brain_Myeloid_microglial_cell,549,42.0,42,10_60296002_60299097,5903,Psap,1.0
859121,6902,Brain_Myeloid_microglial_cell,549,64.0,64,10_60296002_60299097,5903,Psap,1.0
859122,6903,Brain_Myeloid_microglial_cell,549,757.0,757,10_60296002_60299097,5903,Psap,1.0
859123,6904,Brain_Myeloid_microglial_cell,549,108.0,108,10_60296002_60299097,5903,Psap,1.0
859124,6905,Brain_Myeloid_microglial_cell,549,732.0,732,10_60296002_60299097,5903,Psap,1.0
859125,6906,Brain_Myeloid_microglial_cell,549,37.0,37,10_60296002_60299097,5903,Psap,1.0
859126,6907,Brain_Myeloid_microglial_cell,549,107.0,107,10_60296002_60299097,5903,Psap,1.0
859127,6908,Brain_Myeloid_microglial_cell,549,384.0,384,10_60296002_60299097,5903,Psap,1.0
859128,6909,Brain_Myeloid_microglial_cell,549,925.0,925,10_60296002_60299097,5903,Psap,1.0
859129,6910,Brain_Myeloid_microglial_cell,549,28.0,28,10_60296002_60299097,5903,Psap,1.0
859130,6911,Brain_Myeloid_microglial_cell,549,450.0,450,10_60296002_60299097,5903,Psap,1.0
859131,6912,Brain_Myeloid_microglial_cell,549,16.0,16,10_60296002_60299097,5903,Psap,1.0
859132,6913,Brain_Myeloid_microglial_cell,549,232.0,232,10_60296002_60299097,5903,Psap,1.0
859133,6914,Brain_Myeloid_microglial_cell,549,108.0,108,10_60296002_60299097,5903,Psap,1.0
859134,6915,Brain_Myeloid_microglial_cell,549,114.0,114,10_60296002_60299097,5903,Psap,1.0
859135,6916,Brain_Myeloid_microglial_cell,549,353.0,353,10_60296002_60299097,5903,Psap,1.0
859136,6917,Brain_Myeloid_microglial_cell,549,95.0,95,10_60296002_60299097,5903,Psap,1.0
859137,6918,Brain_Myeloid_microglial_cell,549,28.0,28,10_60296002_60299097,5903,Psap,1.0
859138,6919,Brain_Myeloid_microglial_cell,549,215.0,215,10_60296002_60299097,5903,Psap,1.0
859139,6920,Brain_Myeloid_microglial_cell,549,94.0,94,10_60296002_60299097,5903,Psap,1.0
859140,6921,Brain_Myeloid_microglial_cell,549,107.0,113,10_60296002_60299097,5903,Psap,0.9469026548672567
859141,6922,Brain_Myeloid_microglial_cell,549,29.0,29,10_60296002_60299097,5903,Psap,1.0
859142,6923,Brain_Myeloid_microglial_cell,549,63.0,63,10_60296002_60299097,5903,Psap,1.0
859143,6924,Brain_Myeloid_microglial_cell,549,131.0,131,10_60296002_60299097,5903,Psap,1.0
859144,6925,Brain_Myeloid_microglial_cell,549,364.0,364,10_60296002_60299097,5903,Psap,1.0
859145,6926,Brain_Myeloid_microglial_cell,549,137.0,139,10_60296002_60299097,5903,Psap,0.9856115107913669
859146,6927,Brain_Myeloid_microglial_cell,549,52.0,52,10_60296002_60299097,5903,Psap,1.0
859147,6928,Brain_Myeloid_microglial_cell,549,777.0,777,10_60296002_60299097,5903,Psap,1.0
859148,6930,Brain_Myeloid_microglial_cell,549,143.0,143,10_60296002_60299097,5903,Psap,1.0
859149,6931,Brain_Myeloid_microglial_cell,549,53.0,53,10_60296002_60299097,5903,Psap,1.0
859150,6932,Brain_Myeloid_microglial_cell,549,206.0,206,10_60296002_60299097,5903,Psap,1.0
859151,6933,Brain_Myeloid_microglial_cell,549,120.0,120,10_60296002_60299097,5903,Psap,1.0
859152,6934,Brain_Myeloid_microglial_cell,549,432.0,432,10_60296002_60299097,5903,Psap,1.0
859153,6935,Brain_Myeloid_microglial_cell,549,184.0,184,10_60296002_60299097,5903,Psap,1.0
859154,6936,Brain_Myeloid_microglial_cell,549,397.0,397,10_60296002_60299097,5903,Psap,1.0
859155,6937,Brain_Myeloid_microglial_cell,549,32.0,32,10_60296002_60299097,5903,Psap,1.0
859156,6938,Brain_Myeloid_microglial_cell,549,296.0,296,10_60296002_60299097,5903,Psap,1.0
859157,6939,Brain_Myeloid_microglial_cell,549,202.0,202,10_60296002_60299097,5903,Psap,1.0
859158,6940,Brain_Myeloid_microglial_cell,549,220.0,220,10_60296002_60299097,5903,Psap,1.0
859159,6941,Brain_Myeloid_microglial_cell,549,31.0,31,10_60296002_60299097,5903,Psap,1.0
859160,6942,Brain_Myeloid_microglial_cell,549,116.0,116,10_60296002_60299097,5903,Psap,1.0
859161,6943,Brain_Myeloid_microglial_cell,549,21.0,21,10_60296002_60299097,5903,Psap,1.0
859162,6944,Brain_Myeloid_microglial_cell,549,53.0,53,10_60296002_60299097,5903,Psap,1.0
859163,6945,Brain_Myeloid_microglial_cell,549,53.0,53,10_60296002_60299097,5903,Psap,1.0
859164,6946,Brain_Myeloid_microglial_cell,549,77.0,77,10_60296002_60299097,5903,Psap,1.0
859165,6947,Brain_Myeloid_microglial_cell,549,304.0,304,10_60296002_60299097,5903,Psap,1.0
859166,6948,Brain_Myeloid_microglial_cell,549,4.0,4,10_60296002_60299097,5903,Psap,1.0
859167,6949,Brain_Myeloid_microglial_cell,549,61.0,61,10_60296002_60299097,5903,Psap,1.0
859168,6950,Brain_Myeloid_microglial_cell,549,579.0,579,10_60296002_60299097,5903,Psap,1.0
859169,6951,Brain_Myeloid_microglial_cell,549,71.0,71,10_60296002_60299097,5903,Psap,1.0
859170,6952,Brain_Myeloid_microglial_cell,549,3.0,3,10_60296002_60299097,5903,Psap,1.0
859171,6953,Brain_Myeloid_microglial_cell,549,71.0,71,10_60296002_60299097,5903,Psap,1.0
859172,6954,Brain_Myeloid_microglial_cell,549,15.0,15,10_60296002_60299097,5903,Psap,1.0
859173,6955,Brain_Myeloid_microglial_cell,549,634.0,634,10_60296002_60299097,5903,Psap,1.0
859174,6956,Brain_Myeloid_microglial_cell,549,152.0,152,10_60296002_60299097,5903,Psap,1.0
859175,6957,Brain_Myeloid_microglial_cell,549,90.0,90,10_60296002_60299097,5903,Psap,1.0
859176,6958,Brain_Myeloid_microglial_cell,549,972.0,972,10_60296002_60299097,5903,Psap,1.0
859177,6959,Brain_Myeloid_microglial_cell,549,172.0,172,10_60296002_60299097,5903,Psap,1.0
859178,6960,Brain_Myeloid_microglial_cell,549,180.0,180,10_60296002_60299097,5903,Psap,1.0
859179,6961,Brain_Myeloid_microglial_cell,549,72.0,72,10_60296002_60299097,5903,Psap,1.0
859180,6962,Brain_Myeloid_microglial_cell,549,436.0,436,10_60296002_60299097,5903,Psap,1.0
859181,6963,Brain_Myeloid_microglial_cell,549,60.0,60,10_60296002_60299097,5903,Psap,1.0
859182,6964,Brain_Myeloid_microglial_cell,549,358.0,358,10_60296002_60299097,5903,Psap,1.0
859183,6965,Brain_Myeloid_microglial_cell,549,670.0,670,10_60296002_60299097,5903,Psap,1.0
859184,6966,Brain_Myeloid_microglial_cell,549,126.0,126,10_60296002_60299097,5903,Psap,1.0
859185,6967,Brain_Myeloid_microglial_cell,549,140.0,140,10_60296002_60299097,5903,Psap,1.0
859186,6968,Brain_Myeloid_microglial_cell,549,233.0,233,10_60296002_60299097,5903,Psap,1.0
859187,6969,Brain_Myeloid_microglial_cell,549,54.0,54,10_60296002_60299097,5903,Psap,1.0
859188,6970,Brain_Myeloid_microglial_cell,549,31.0,31,10_60296002_60299097,5903,Psap,1.0
859189,6971,Brain_Myeloid_microglial_cell,549,754.0,754,10_60296002_60299097,5903,Psap,1.0
859190,6972,Brain_Myeloid_microglial_cell,549,432.0,432,10_60296002_60299097,5903,Psap,1.0
859191,6973,Brain_Myeloid_microglial_cell,549,27.0,27,10_60296002_60299097,5903,Psap,1.0
859192,6974,Brain_Myeloid_microglial_cell,549,61.0,61,10_60296002_60299097,5903,Psap,1.0
859193,6975,Brain_Myeloid_microglial_cell,549,168.0,168,10_60296002_60299097,5903,Psap,1.0
859194,6976,Brain_Myeloid_microglial_cell,549,173.0,173,10_60296002_60299097,5903,Psap,1.0
859195,6977,Brain_Myeloid_microglial_cell,549,38.0,38,10_60296002_60299097,5903,Psap,1.0
859196,6978,Brain_Myeloid_microglial_cell,549,60.0,60,10_60296002_60299097,5903,Psap,1.0
859197,6979,Brain_Myeloid_microglial_cell,549,376.0,376,10_60296002_60299097,5903,Psap,1.0
859198,6980,Brain_Myeloid_microglial_cell,549,190.0,190,10_60296002_60299097,5903,Psap,1.0
859199,6981,Brain_Myeloid_microglial_cell,549,176.0,176,10_60296002_60299097,5903,Psap,1.0
859200,6983,Brain_Myeloid_microglial_cell,549,115.0,115,10_60296002_60299097,5903,Psap,1.0
859201,6984,Brain_Myeloid_microglial_cell,549,350.0,350,10_60296002_60299097,5903,Psap,1.0
859202,6985,Brain_Myeloid_microglial_cell,549,103.0,103,10_60296002_60299097,5903,Psap,1.0
859203,6986,Brain_Myeloid_microglial_cell,549,144.0,144,10_60296002_60299097,5903,Psap,1.0
859204,6987,Brain_Myeloid_microglial_cell,549,643.0,643,10_60296002_60299097,5903,Psap,1.0
859205,6988,Brain_Myeloid_microglial_cell,549,222.0,222,10_60296002_60299097,5903,Psap,1.0
859206,6989,Brain_Myeloid_microglial_cell,549,37.0,37,10_60296002_60299097,5903,Psap,1.0
859207,6990,Brain_Myeloid_microglial_cell,549,230.0,230,10_60296002_60299097,5903,Psap,1.0
859208,6991,Brain_Myeloid_microglial_cell,549,113.0,113,10_60296002_60299097,5903,Psap,1.0
859209,6992,Brain_Myeloid_microglial_cell,549,23.0,23,10_60296002_60299097,5903,Psap,1.0
859210,6993,Brain_Myeloid_microglial_cell,549,28.0,28,10_60296002_60299097,5903,Psap,1.0
859211,6994,Brain_Myeloid_microglial_cell,549,182.0,182,10_60296002_60299097,5903,Psap,1.0
859212,6995,Brain_Myeloid_microglial_cell,549,141.0,141,10_60296002_60299097,5903,Psap,1.0
859213,6996,Brain_Myeloid_microglial_cell,549,1.0,1,10_60296002_60299097,5903,Psap,1.0
859214,6997,Brain_Myeloid_microglial_cell,549,26.0,26,10_60296002_60299097,5903,Psap,1.0
859215,6998,Brain_Myeloid_microglial_cell,549,332.0,332,10_60296002_60299097,5903,Psap,1.0
859216,6999,Brain_Myeloid_microglial_cell,549,57.0,57,10_60296002_60299097,5903,Psap,1.0
859217,7000,Brain_Myeloid_microglial_cell,549,36.0,36,10_60296002_60299097,5903,Psap,1.0
859218,7001,Brain_Myeloid_microglial_cell,549,469.0,469,10_60296002_60299097,5903,Psap,1.0
859219,7002,Brain_Myeloid_microglial_cell,549,101.0,101,10_60296002_60299097,5903,Psap,1.0
859220,7003,Brain_Myeloid_microglial_cell,549,79.0,79,10_60296002_60299097,5903,Psap,1.0
859221,7004,Brain_Myeloid_microglial_cell,549,305.0,305,10_60296002_60299097,5903,Psap,1.0
859222,7005,Brain_Myeloid_microglial_cell,549,85.0,85,10_60296002_60299097,5903,Psap,1.0
859223,7006,Brain_Myeloid_microglial_cell,549,223.0,223,10_60296002_60299097,5903,Psap,1.0
859224,7007,Brain_Myeloid_microglial_cell,549,303.0,303,10_60296002_60299097,5903,Psap,1.0
859225,7008,Brain_Myeloid_microglial_cell,549,224.0,224,10_60296002_60299097,5903,Psap,1.0
859226,7009,Brain_Myeloid_microglial_cell,549,374.0,374,10_60296002_60299097,5903,Psap,1.0
859227,7010,Brain_Myeloid_microglial_cell,549,26.0,26,10_60296002_60299097,5903,Psap,1.0
859228,7011,Brain_Myeloid_microglial_cell,549,161.0,161,10_60296002_60299097,5903,Psap,1.0
859229,7012,Brain_Myeloid_microglial_cell,549,621.0,621,10_60296002_60299097,5903,Psap,1.0
859230,7013,Brain_Myeloid_microglial_cell,549,45.0,45,10_60296002_60299097,5903,Psap,1.0
859231,7014,Brain_Myeloid_microglial_cell,549,118.0,118,10_60296002_60299097,5903,Psap,1.0
859232,7015,Brain_Myeloid_microglial_cell,549,492.0,492,10_60296002_60299097,5903,Psap,1.0
859233,7016,Brain_Myeloid_microglial_cell,549,40.0,40,10_60296002_60299097,5903,Psap,1.0
859234,7017,Brain_Myeloid_microglial_cell,549,99.0,99,10_60296002_60299097,5903,Psap,1.0
859235,7018,Brain_Myeloid_microglial_cell,549,277.0,277,10_60296002_60299097,5903,Psap,1.0
859236,7019,Brain_Myeloid_microglial_cell,549,21.0,21,10_60296002_60299097,5903,Psap,1.0
859237,7020,Brain_Myeloid_microglial_cell,549,329.0,329,10_60296002_60299097,5903,Psap,1.0
859238,7021,Brain_Myeloid_microglial_cell,549,224.0,226,10_60296002_60299097,5903,Psap,0.9911504424778761
859239,7022,Brain_Myeloid_microglial_cell,549,116.0,116,10_60296002_60299097,5903,Psap,1.0
859240,7023,Brain_Myeloid_microglial_cell,549,6.0,6,10_60296002_60299097,5903,Psap,1.0
859241,7024,Brain_Myeloid_microglial_cell,549,33.0,33,10_60296002_60299097,5903,Psap,1.0
859242,7025,Brain_Myeloid_microglial_cell,549,209.0,209,10_60296002_60299097,5903,Psap,1.0
859243,7026,Brain_Myeloid_microglial_cell,549,185.0,185,10_60296002_60299097,5903,Psap,1.0
859244,7027,Brain_Myeloid_microglial_cell,549,89.0,89,10_60296002_60299097,5903,Psap,1.0
859245,7028,Brain_Myeloid_microglial_cell,549,72.0,72,10_60296002_60299097,5903,Psap,1.0
859246,7029,Brain_Myeloid_microglial_cell,549,506.0,506,10_60296002_60299097,5903,Psap,1.0
859247,7030,Brain_Myeloid_microglial_cell,549,142.0,142,10_60296002_60299097,5903,Psap,1.0
859248,7031,Brain_Myeloid_microglial_cell,549,266.0,266,10_60296002_60299097,5903,Psap,1.0
859249,7032,Brain_Myeloid_microglial_cell,549,216.0,216,10_60296002_60299097,5903,Psap,1.0
859250,7033,Brain_Myeloid_microglial_cell,549,283.0,283,10_60296002_60299097,5903,Psap,1.0
859251,7034,Brain_Myeloid_microglial_cell,549,229.0,229,10_60296002_60299097,5903,Psap,1.0
859252,7035,Brain_Myeloid_microglial_cell,549,60.0,60,10_60296002_60299097,5903,Psap,1.0
859253,7036,Brain_Myeloid_microglial_cell,549,724.0,724,10_60296002_60299097,5903,Psap,1.0
859254,7037,Brain_Myeloid_microglial_cell,549,275.0,275,10_60296002_60299097,5903,Psap,1.0
859255,7038,Brain_Myeloid_microglial_cell,549,60.0,60,10_60296002_60299097,5903,Psap,1.0
859256,7039,Brain_Myeloid_microglial_cell,549,92.0,92,10_60296002_60299097,5903,Psap,1.0
859257,7040,Brain_Myeloid_microglial_cell,549,414.0,414,10_60296002_60299097,5903,Psap,1.0
859258,7041,Brain_Myeloid_microglial_cell,549,24.0,24,10_60296002_60299097,5903,Psap,1.0
859259,7042,Brain_Myeloid_microglial_cell,549,188.0,188,10_60296002_60299097,5903,Psap,1.0
859260,7043,Brain_Myeloid_microglial_cell,549,159.0,159,10_60296002_60299097,5903,Psap,1.0
859261,7044,Brain_Myeloid_microglial_cell,549,34.0,34,10_60296002_60299097,5903,Psap,1.0
859262,7045,Brain_Myeloid_microglial_cell,549,15.0,15,10_60296002_60299097,5903,Psap,1.0
859263,7046,Brain_Myeloid_microglial_cell,549,505.0,505,10_60296002_60299097,5903,Psap,1.0
859264,7047,Brain_Myeloid_microglial_cell,549,114.0,114,10_60296002_60299097,5903,Psap,1.0
859265,7048,Brain_Myeloid_microglial_cell,549,519.0,519,10_60296002_60299097,5903,Psap,1.0
859266,7049,Brain_Myeloid_microglial_cell,549,311.0,311,10_60296002_60299097,5903,Psap,1.0
859267,7050,Brain_Myeloid_microglial_cell,549,1150.0,1150,10_60296002_60299097,5903,Psap,1.0
859268,7051,Brain_Myeloid_microglial_cell,549,44.0,44,10_60296002_60299097,5903,Psap,1.0
859269,7052,Brain_Myeloid_microglial_cell,549,91.0,91,10_60296002_60299097,5903,Psap,1.0
859270,7053,Brain_Myeloid_microglial_cell,549,394.0,394,10_60296002_60299097,5903,Psap,1.0
859271,7055,Brain_Myeloid_microglial_cell,549,81.0,81,10_60296002_60299097,5903,Psap,1.0
859272,7056,Brain_Myeloid_microglial_cell,549,53.0,53,10_60296002_60299097,5903,Psap,1.0
859273,7057,Brain_Myeloid_microglial_cell,549,72.0,72,10_60296002_60299097,5903,Psap,1.0
859274,7058,Brain_Myeloid_microglial_cell,549,12.0,12,10_60296002_60299097,5903,Psap,1.0
859275,7059,Brain_Myeloid_microglial_cell,549,554.0,554,10_60296002_60299097,5903,Psap,1.0
859276,7060,Brain_Myeloid_microglial_cell,549,373.0,373,10_60296002_60299097,5903,Psap,1.0
859277,7061,Brain_Myeloid_microglial_cell,549,200.0,200,10_60296002_60299097,5903,Psap,1.0
859278,7062,Brain_Myeloid_microglial_cell,549,332.0,332,10_60296002_60299097,5903,Psap,1.0
859279,7063,Brain_Myeloid_microglial_cell,549,384.0,384,10_60296002_60299097,5903,Psap,1.0
859280,7064,Brain_Myeloid_microglial_cell,549,324.0,324,10_60296002_60299097,5903,Psap,1.0
859281,7065,Brain_Myeloid_microglial_cell,549,67.0,67,10_60296002_60299097,5903,Psap,1.0
859282,7066,Brain_Myeloid_microglial_cell,549,42.0,42,10_60296002_60299097,5903,Psap,1.0
859283,7067,Brain_Myeloid_microglial_cell,549,751.0,751,10_60296002_60299097,5903,Psap,1.0
859284,7068,Brain_Myeloid_microglial_cell,549,228.0,228,10_60296002_60299097,5903,Psap,1.0
859285,7069,Brain_Myeloid_microglial_cell,549,245.0,245,10_60296002_60299097,5903,Psap,1.0
859286,7070,Brain_Myeloid_microglial_cell,549,75.0,75,10_60296002_60299097,5903,Psap,1.0
859287,7071,Brain_Myeloid_microglial_cell,549,197.0,197,10_60296002_60299097,5903,Psap,1.0
859288,7072,Brain_Myeloid_microglial_cell,549,633.0,633,10_60296002_60299097,5903,Psap,1.0
859289,7073,Brain_Myeloid_microglial_cell,549,579.0,579,10_60296002_60299097,5903,Psap,1.0
859290,7074,Brain_Myeloid_microglial_cell,549,108.0,108,10_60296002_60299097,5903,Psap,1.0
859291,7075,Brain_Myeloid_microglial_cell,549,53.0,53,10_60296002_60299097,5903,Psap,1.0
859292,7076,Brain_Myeloid_microglial_cell,549,44.0,44,10_60296002_60299097,5903,Psap,1.0
859293,7077,Brain_Myeloid_microglial_cell,549,6.0,6,10_60296002_60299097,5903,Psap,1.0
859294,7078,Brain_Myeloid_microglial_cell,549,33.0,33,10_60296002_60299097,5903,Psap,1.0
859295,7079,Brain_Myeloid_microglial_cell,549,271.0,271,10_60296002_60299097,5903,Psap,1.0
859296,7080,Brain_Myeloid_microglial_cell,549,147.0,147,10_60296002_60299097,5903,Psap,1.0
859297,7081,Brain_Myeloid_microglial_cell,549,44.0,44,10_60296002_60299097,5903,Psap,1.0
859298,7082,Brain_Myeloid_microglial_cell,549,564.0,564,10_60296002_60299097,5903,Psap,1.0
859299,7083,Brain_Myeloid_microglial_cell,549,22.0,22,10_60296002_60299097,5903,Psap,1.0
859300,7084,Brain_Myeloid_microglial_cell,549,94.0,94,10_60296002_60299097,5903,Psap,1.0
859301,7085,Brain_Myeloid_microglial_cell,549,36.0,36,10_60296002_60299097,5903,Psap,1.0
859302,7086,Brain_Myeloid_microglial_cell,549,39.0,39,10_60296002_60299097,5903,Psap,1.0
859303,7087,Brain_Myeloid_microglial_cell,549,187.0,187,10_60296002_60299097,5903,Psap,1.0
859304,7088,Brain_Myeloid_microglial_cell,549,99.0,99,10_60296002_60299097,5903,Psap,1.0
859305,7089,Brain_Myeloid_microglial_cell,549,67.0,67,10_60296002_60299097,5903,Psap,1.0
859306,7090,Brain_Myeloid_microglial_cell,549,56.0,56,10_60296002_60299097,5903,Psap,1.0
859307,7091,Brain_Myeloid_microglial_cell,549,2.0,2,10_60296002_60299097,5903,Psap,1.0
859308,7092,Brain_Myeloid_microglial_cell,549,63.0,63,10_60296002_60299097,5903,Psap,1.0
859309,7093,Brain_Myeloid_microglial_cell,549,205.0,205,10_60296002_60299097,5903,Psap,1.0
859310,7094,Brain_Myeloid_microglial_cell,549,810.0,810,10_60296002_60299097,5903,Psap,1.0
859311,7095,Brain_Myeloid_microglial_cell,549,46.0,46,10_60296002_60299097,5903,Psap,1.0
859312,7096,Brain_Myeloid_microglial_cell,549,1083.0,1083,10_60296002_60299097,5903,Psap,1.0
859313,7097,Brain_Myeloid_microglial_cell,549,67.0,67,10_60296002_60299097,5903,Psap,1.0
859314,7098,Brain_Myeloid_microglial_cell,549,54.0,54,10_60296002_60299097,5903,Psap,1.0
859315,7099,Brain_Myeloid_microglial_cell,549,766.0,766,10_60296002_60299097,5903,Psap,1.0
859316,7100,Brain_Myeloid_microglial_cell,549,305.0,305,10_60296002_60299097,5903,Psap,1.0
859317,7101,Brain_Myeloid_microglial_cell,549,314.0,314,10_60296002_60299097,5903,Psap,1.0
859318,7102,Brain_Myeloid_microglial_cell,549,333.0,333,10_60296002_60299097,5903,Psap,1.0
859319,7103,Brain_Myeloid_microglial_cell,549,22.0,22,10_60296002_60299097,5903,Psap,1.0
859320,7104,Brain_Myeloid_microglial_cell,549,757.0,757,10_60296002_60299097,5903,Psap,1.0
859321,7105,Brain_Myeloid_microglial_cell,549,157.0,157,10_60296002_60299097,5903,Psap,1.0
859322,7106,Brain_Myeloid_microglial_cell,549,101.0,101,10_60296002_60299097,5903,Psap,1.0
859323,7107,Brain_Myeloid_microglial_cell,549,8.0,8,10_60296002_60299097,5903,Psap,1.0
859324,7108,Brain_Myeloid_microglial_cell,549,50.0,50,10_60296002_60299097,5903,Psap,1.0
859325,7109,Brain_Myeloid_microglial_cell,549,460.0,460,10_60296002_60299097,5903,Psap,1.0
859326,7110,Brain_Myeloid_microglial_cell,549,5.0,5,10_60296002_60299097,5903,Psap,1.0
859327,7111,Brain_Myeloid_microglial_cell,549,7.0,7,10_60296002_60299097,5903,Psap,1.0
859328,7112,Brain_Myeloid_microglial_cell,549,170.0,170,10_60296002_60299097,5903,Psap,1.0
859329,7113,Brain_Myeloid_microglial_cell,549,32.0,32,10_60296002_60299097,5903,Psap,1.0
859330,7114,Brain_Myeloid_microglial_cell,549,21.0,21,10_60296002_60299097,5903,Psap,1.0
859331,7115,Brain_Myeloid_microglial_cell,549,66.0,66,10_60296002_60299097,5903,Psap,1.0
859332,7116,Brain_Myeloid_microglial_cell,549,24.0,24,10_60296002_60299097,5903,Psap,1.0
859333,7117,Brain_Myeloid_microglial_cell,549,1771.0,1889,10_60296002_60299097,5903,Psap,0.9375330862890419
859334,7118,Brain_Myeloid_microglial_cell,549,294.0,294,10_60296002_60299097,5903,Psap,1.0
859335,7119,Brain_Myeloid_microglial_cell,549,186.0,186,10_60296002_60299097,5903,Psap,1.0
859336,7120,Brain_Myeloid_microglial_cell,549,80.0,80,10_60296002_60299097,5903,Psap,1.0
859337,7121,Brain_Myeloid_microglial_cell,549,64.0,64,10_60296002_60299097,5903,Psap,1.0
859338,7122,Brain_Myeloid_microglial_cell,549,959.0,959,10_60296002_60299097,5903,Psap,1.0
859339,7123,Brain_Myeloid_microglial_cell,549,35.0,35,10_60296002_60299097,5903,Psap,1.0
859340,7124,Brain_Myeloid_microglial_cell,549,46.0,46,10_60296002_60299097,5903,Psap,1.0
859341,7125,Brain_Myeloid_microglial_cell,549,119.0,119,10_60296002_60299097,5903,Psap,1.0
859342,7126,Brain_Myeloid_microglial_cell,549,1350.0,1350,10_60296002_60299097,5903,Psap,1.0
859343,7127,Brain_Myeloid_microglial_cell,549,65.0,65,10_60296002_60299097,5903,Psap,1.0
859344,7128,Brain_Myeloid_microglial_cell,549,458.0,458,10_60296002_60299097,5903,Psap,1.0
859345,7129,Brain_Myeloid_microglial_cell,549,132.0,132,10_60296002_60299097,5903,Psap,1.0
859346,7130,Brain_Myeloid_microglial_cell,549,98.0,98,10_60296002_60299097,5903,Psap,1.0
859347,7132,Brain_Myeloid_microglial_cell,549,60.0,60,10_60296002_60299097,5903,Psap,1.0
859348,7133,Brain_Myeloid_microglial_cell,549,123.0,123,10_60296002_60299097,5903,Psap,1.0
859349,7134,Brain_Myeloid_microglial_cell,549,53.0,53,10_60296002_60299097,5903,Psap,1.0
859350,7135,Brain_Myeloid_microglial_cell,549,586.0,586,10_60296002_60299097,5903,Psap,1.0
859351,7136,Brain_Myeloid_microglial_cell,549,84.0,84,10_60296002_60299097,5903,Psap,1.0
859352,7137,Brain_Myeloid_microglial_cell,549,26.0,26,10_60296002_60299097,5903,Psap,1.0
859353,7138,Brain_Myeloid_microglial_cell,549,441.0,441,10_60296002_60299097,5903,Psap,1.0
859354,7139,Brain_Myeloid_microglial_cell,549,117.0,117,10_60296002_60299097,5903,Psap,1.0
859355,7140,Brain_Myeloid_microglial_cell,549,176.0,176,10_60296002_60299097,5903,Psap,1.0
859356,7141,Brain_Myeloid_microglial_cell,549,78.0,78,10_60296002_60299097,5903,Psap,1.0
859357,7142,Brain_Myeloid_microglial_cell,549,91.0,91,10_60296002_60299097,5903,Psap,1.0
859358,7143,Brain_Myeloid_microglial_cell,549,27.0,27,10_60296002_60299097,5903,Psap,1.0
859359,7144,Brain_Myeloid_microglial_cell,549,63.0,63,10_60296002_60299097,5903,Psap,1.0
859360,7145,Brain_Myeloid_microglial_cell,549,91.0,91,10_60296002_60299097,5903,Psap,1.0
859361,7146,Brain_Myeloid_microglial_cell,549,47.0,47,10_60296002_60299097,5903,Psap,1.0
859362,7147,Brain_Myeloid_microglial_cell,549,237.0,237,10_60296002_60299097,5903,Psap,1.0
859363,7148,Brain_Myeloid_microglial_cell,549,23.0,23,10_60296002_60299097,5903,Psap,1.0
859364,7149,Brain_Myeloid_microglial_cell,549,18.0,18,10_60296002_60299097,5903,Psap,1.0
859365,7150,Brain_Myeloid_microglial_cell,549,305.0,305,10_60296002_60299097,5903,Psap,1.0
859366,7151,Brain_Myeloid_microglial_cell,549,52.0,52,10_60296002_60299097,5903,Psap,1.0
859367,7152,Brain_Myeloid_microglial_cell,549,172.0,172,10_60296002_60299097,5903,Psap,1.0
859368,7153,Brain_Myeloid_microglial_cell,549,79.0,79,10_60296002_60299097,5903,Psap,1.0
859369,7154,Brain_Myeloid_microglial_cell,549,433.0,433,10_60296002_60299097,5903,Psap,1.0
859370,7155,Brain_Myeloid_microglial_cell,549,299.0,299,10_60296002_60299097,5903,Psap,1.0
859371,7156,Brain_Myeloid_microglial_cell,549,185.0,185,10_60296002_60299097,5903,Psap,1.0
859372,7157,Brain_Myeloid_microglial_cell,549,104.0,104,10_60296002_60299097,5903,Psap,1.0
859373,7158,Brain_Myeloid_microglial_cell,549,476.0,476,10_60296002_60299097,5903,Psap,1.0
859374,7159,Brain_Myeloid_microglial_cell,549,7.0,7,10_60296002_60299097,5903,Psap,1.0
859375,7160,Brain_Myeloid_microglial_cell,549,59.0,59,10_60296002_60299097,5903,Psap,1.0
859376,7161,Brain_Myeloid_microglial_cell,549,341.0,341,10_60296002_60299097,5903,Psap,1.0
859377,7162,Brain_Myeloid_microglial_cell,549,148.0,148,10_60296002_60299097,5903,Psap,1.0
859378,7163,Brain_Myeloid_microglial_cell,549,177.0,177,10_60296002_60299097,5903,Psap,1.0
859379,7164,Brain_Myeloid_microglial_cell,549,84.0,84,10_60296002_60299097,5903,Psap,1.0
859380,7165,Brain_Myeloid_microglial_cell,549,67.0,67,10_60296002_60299097,5903,Psap,1.0
859381,7166,Brain_Myeloid_microglial_cell,549,388.0,388,10_60296002_60299097,5903,Psap,1.0
859382,7167,Brain_Myeloid_microglial_cell,549,62.0,62,10_60296002_60299097,5903,Psap,1.0
859383,7168,Brain_Myeloid_microglial_cell,549,75.0,75,10_60296002_60299097,5903,Psap,1.0
859384,7169,Brain_Myeloid_microglial_cell,549,101.0,101,10_60296002_60299097,5903,Psap,1.0
859385,7170,Brain_Myeloid_microglial_cell,549,54.0,54,10_60296002_60299097,5903,Psap,1.0
859386,7171,Brain_Myeloid_microglial_cell,549,578.0,578,10_60296002_60299097,5903,Psap,1.0
859387,7172,Brain_Myeloid_microglial_cell,549,451.0,451,10_60296002_60299097,5903,Psap,1.0
859388,7173,Brain_Myeloid_microglial_cell,549,260.0,260,10_60296002_60299097,5903,Psap,1.0
859389,7174,Brain_Myeloid_microglial_cell,549,41.0,41,10_60296002_60299097,5903,Psap,1.0
859390,7175,Brain_Myeloid_microglial_cell,549,235.0,235,10_60296002_60299097,5903,Psap,1.0
859391,7176,Brain_Myeloid_microglial_cell,549,25.0,25,10_60296002_60299097,5903,Psap,1.0
859392,7177,Brain_Myeloid_microglial_cell,549,70.0,70,10_60296002_60299097,5903,Psap,1.0
859393,7178,Brain_Myeloid_microglial_cell,549,63.0,63,10_60296002_60299097,5903,Psap,1.0
859394,7179,Brain_Myeloid_microglial_cell,549,44.0,44,10_60296002_60299097,5903,Psap,1.0
859395,7180,Brain_Myeloid_microglial_cell,549,884.0,884,10_60296002_60299097,5903,Psap,1.0
859396,7181,Brain_Myeloid_microglial_cell,549,34.0,34,10_60296002_60299097,5903,Psap,1.0
859397,7182,Brain_Myeloid_microglial_cell,549,90.0,90,10_60296002_60299097,5903,Psap,1.0
859398,7183,Brain_Myeloid_microglial_cell,549,28.0,28,10_60296002_60299097,5903,Psap,1.0
859399,7184,Brain_Myeloid_microglial_cell,549,220.0,220,10_60296002_60299097,5903,Psap,1.0
859400,7185,Brain_Myeloid_microglial_cell,549,2.0,2,10_60296002_60299097,5903,Psap,1.0
859401,7186,Brain_Myeloid_microglial_cell,549,22.0,22,10_60296002_60299097,5903,Psap,1.0
859402,7187,Brain_Myeloid_microglial_cell,549,50.0,50,10_60296002_60299097,5903,Psap,1.0
859403,7188,Brain_Myeloid_microglial_cell,549,87.0,87,10_60296002_60299097,5903,Psap,1.0
859404,7189,Brain_Myeloid_microglial_cell,549,17.0,17,10_60296002_60299097,5903,Psap,1.0
859405,7190,Brain_Myeloid_microglial_cell,549,109.0,109,10_60296002_60299097,5903,Psap,1.0
859406,7191,Brain_Myeloid_microglial_cell,549,58.0,58,10_60296002_60299097,5903,Psap,1.0
859407,7193,Brain_Myeloid_microglial_cell,549,34.0,34,10_60296002_60299097,5903,Psap,1.0
859408,7194,Brain_Myeloid_microglial_cell,549,92.0,92,10_60296002_60299097,5903,Psap,1.0
859409,7195,Brain_Myeloid_microglial_cell,549,179.0,179,10_60296002_60299097,5903,Psap,1.0
859410,7196,Brain_Myeloid_microglial_cell,549,37.0,37,10_60296002_60299097,5903,Psap,1.0
859411,7197,Brain_Myeloid_microglial_cell,549,56.0,56,10_60296002_60299097,5903,Psap,1.0
859412,7198,Brain_Myeloid_microglial_cell,549,28.0,28,10_60296002_60299097,5903,Psap,1.0
859413,7199,Brain_Myeloid_microglial_cell,549,52.0,52,10_60296002_60299097,5903,Psap,1.0
859414,7200,Brain_Myeloid_microglial_cell,549,10.0,10,10_60296002_60299097,5903,Psap,1.0
859415,7201,Brain_Myeloid_microglial_cell,549,158.0,158,10_60296002_60299097,5903,Psap,1.0
859416,7202,Brain_Myeloid_microglial_cell,549,36.0,36,10_60296002_60299097,5903,Psap,1.0
859417,7203,Brain_Myeloid_microglial_cell,549,329.0,329,10_60296002_60299097,5903,Psap,1.0
859418,7204,Brain_Myeloid_microglial_cell,549,71.0,71,10_60296002_60299097,5903,Psap,1.0
859419,7205,Brain_Myeloid_microglial_cell,549,279.0,279,10_60296002_60299097,5903,Psap,1.0
859420,7206,Brain_Myeloid_microglial_cell,549,206.0,206,10_60296002_60299097,5903,Psap,1.0
859421,7207,Brain_Myeloid_microglial_cell,549,37.0,37,10_60296002_60299097,5903,Psap,1.0
859422,7208,Brain_Myeloid_microglial_cell,549,33.0,33,10_60296002_60299097,5903,Psap,1.0
859423,7209,Brain_Myeloid_microglial_cell,549,29.0,29,10_60296002_60299097,5903,Psap,1.0
859424,7210,Brain_Myeloid_microglial_cell,549,36.0,36,10_60296002_60299097,5903,Psap,1.0
859425,7211,Brain_Myeloid_microglial_cell,549,803.0,803,10_60296002_60299097,5903,Psap,1.0
859426,7212,Brain_Myeloid_microglial_cell,549,83.0,83,10_60296002_60299097,5903,Psap,1.0
859427,7213,Brain_Myeloid_microglial_cell,549,57.0,57,10_60296002_60299097,5903,Psap,1.0
859428,7214,Brain_Myeloid_microglial_cell,549,79.0,79,10_60296002_60299097,5903,Psap,1.0
859429,7215,Brain_Myeloid_microglial_cell,549,537.0,537,10_60296002_60299097,5903,Psap,1.0
859430,7216,Brain_Myeloid_microglial_cell,549,47.0,47,10_60296002_60299097,5903,Psap,1.0
859431,7217,Brain_Myeloid_microglial_cell,549,38.0,38,10_60296002_60299097,5903,Psap,1.0
859432,7218,Brain_Myeloid_microglial_cell,549,73.0,73,10_60296002_60299097,5903,Psap,1.0
859433,7219,Brain_Myeloid_microglial_cell,549,16.0,16,10_60296002_60299097,5903,Psap,1.0
859434,7220,Brain_Myeloid_microglial_cell,549,228.0,232,10_60296002_60299097,5903,Psap,0.9827586206896551
859435,7221,Brain_Myeloid_microglial_cell,549,677.0,677,10_60296002_60299097,5903,Psap,1.0
859436,7222,Brain_Myeloid_microglial_cell,549,75.0,75,10_60296002_60299097,5903,Psap,1.0
859437,7223,Brain_Myeloid_microglial_cell,549,136.0,136,10_60296002_60299097,5903,Psap,1.0
859438,7224,Brain_Myeloid_microglial_cell,549,15.0,15,10_60296002_60299097,5903,Psap,1.0
859439,7226,Brain_Myeloid_microglial_cell,549,37.0,37,10_60296002_60299097,5903,Psap,1.0
859440,7227,Brain_Myeloid_microglial_cell,549,192.0,192,10_60296002_60299097,5903,Psap,1.0
859441,7228,Brain_Myeloid_microglial_cell,549,154.0,154,10_60296002_60299097,5903,Psap,1.0
859442,7229,Brain_Myeloid_microglial_cell,549,16.0,16,10_60296002_60299097,5903,Psap,1.0
859443,7230,Brain_Myeloid_microglial_cell,549,24.0,24,10_60296002_60299097,5903,Psap,1.0
859444,7231,Brain_Myeloid_microglial_cell,549,185.0,185,10_60296002_60299097,5903,Psap,1.0
859445,7232,Brain_Myeloid_microglial_cell,549,776.0,776,10_60296002_60299097,5903,Psap,1.0
859446,7233,Brain_Myeloid_microglial_cell,549,40.0,40,10_60296002_60299097,5903,Psap,1.0
859447,7234,Brain_Myeloid_microglial_cell,549,14.0,14,10_60296002_60299097,5903,Psap,1.0
859448,7235,Brain_Myeloid_microglial_cell,549,65.0,65,10_60296002_60299097,5903,Psap,1.0
859449,7236,Brain_Myeloid_microglial_cell,549,73.0,73,10_60296002_60299097,5903,Psap,1.0
859450,7237,Brain_Myeloid_microglial_cell,549,307.0,307,10_60296002_60299097,5903,Psap,1.0
859451,7239,Brain_Myeloid_microglial_cell,549,20.0,20,10_60296002_60299097,5903,Psap,1.0
859452,7240,Brain_Myeloid_microglial_cell,549,152.0,152,10_60296002_60299097,5903,Psap,1.0
859453,7241,Brain_Myeloid_microglial_cell,549,106.0,106,10_60296002_60299097,5903,Psap,1.0
859454,7242,Brain_Myeloid_microglial_cell,549,35.0,35,10_60296002_60299097,5903,Psap,1.0
859455,7243,Brain_Myeloid_microglial_cell,549,152.0,152,10_60296002_60299097,5903,Psap,1.0
859456,7244,Brain_Myeloid_microglial_cell,549,15.0,15,10_60296002_60299097,5903,Psap,1.0
859457,7245,Brain_Myeloid_microglial_cell,549,131.0,131,10_60296002_60299097,5903,Psap,1.0
859458,7246,Brain_Myeloid_microglial_cell,549,36.0,36,10_60296002_60299097,5903,Psap,1.0
859459,7247,Brain_Myeloid_microglial_cell,549,14.0,14,10_60296002_60299097,5903,Psap,1.0
859460,7248,Brain_Myeloid_microglial_cell,549,706.0,706,10_60296002_60299097,5903,Psap,1.0
859461,7249,Brain_Myeloid_microglial_cell,549,26.0,26,10_60296002_60299097,5903,Psap,1.0
859462,7250,Brain_Myeloid_microglial_cell,549,35.0,35,10_60296002_60299097,5903,Psap,1.0
859463,7251,Brain_Myeloid_microglial_cell,549,91.0,91,10_60296002_60299097,5903,Psap,1.0
859464,7252,Brain_Myeloid_microglial_cell,549,65.0,65,10_60296002_60299097,5903,Psap,1.0
859465,7253,Brain_Myeloid_microglial_cell,549,181.0,181,10_60296002_60299097,5903,Psap,1.0
859466,7254,Brain_Myeloid_microglial_cell,549,116.0,116,10_60296002_60299097,5903,Psap,1.0
859467,7255,Brain_Myeloid_microglial_cell,549,86.0,86,10_60296002_60299097,5903,Psap,1.0
859468,7256,Brain_Myeloid_microglial_cell,549,61.0,61,10_60296002_60299097,5903,Psap,1.0
859469,7257,Brain_Myeloid_microglial_cell,549,137.0,137,10_60296002_60299097,5903,Psap,1.0
859470,7258,Brain_Myeloid_microglial_cell,549,230.0,230,10_60296002_60299097,5903,Psap,1.0
859471,7259,Brain_Myeloid_microglial_cell,549,104.0,104,10_60296002_60299097,5903,Psap,1.0
859472,7260,Brain_Myeloid_microglial_cell,549,1026.0,1026,10_60296002_60299097,5903,Psap,1.0
859473,7261,Brain_Myeloid_microglial_cell,549,2.0,2,10_60296002_60299097,5903,Psap,1.0
859474,7262,Brain_Myeloid_microglial_cell,549,66.0,66,10_60296002_60299097,5903,Psap,1.0
859475,7263,Brain_Myeloid_microglial_cell,549,22.0,22,10_60296002_60299097,5903,Psap,1.0
859476,7264,Brain_Myeloid_microglial_cell,549,11.0,11,10_60296002_60299097,5903,Psap,1.0
859477,7265,Brain_Myeloid_microglial_cell,549,94.0,94,10_60296002_60299097,5903,Psap,1.0
859478,7266,Brain_Myeloid_microglial_cell,549,117.0,117,10_60296002_60299097,5903,Psap,1.0
859479,7267,Brain_Myeloid_microglial_cell,549,488.0,488,10_60296002_60299097,5903,Psap,1.0
859480,7268,Brain_Myeloid_microglial_cell,549,211.0,211,10_60296002_60299097,5903,Psap,1.0
859481,7269,Brain_Myeloid_microglial_cell,549,42.0,42,10_60296002_60299097,5903,Psap,1.0
859482,7270,Brain_Myeloid_microglial_cell,549,11.0,11,10_60296002_60299097,5903,Psap,1.0
859483,7271,Brain_Myeloid_microglial_cell,549,25.0,25,10_60296002_60299097,5903,Psap,1.0
859484,7272,Brain_Myeloid_microglial_cell,549,295.0,295,10_60296002_60299097,5903,Psap,1.0
859485,7273,Brain_Myeloid_microglial_cell,549,23.0,23,10_60296002_60299097,5903,Psap,1.0
859486,7274,Brain_Myeloid_microglial_cell,549,1858.0,1858,10_60296002_60299097,5903,Psap,1.0
859487,7275,Brain_Myeloid_microglial_cell,549,83.0,83,10_60296002_60299097,5903,Psap,1.0
859488,7276,Brain_Myeloid_microglial_cell,549,4.0,4,10_60296002_60299097,5903,Psap,1.0
859489,7277,Brain_Myeloid_microglial_cell,549,908.0,908,10_60296002_60299097,5903,Psap,1.0
859490,7278,Brain_Myeloid_microglial_cell,549,482.0,482,10_60296002_60299097,5903,Psap,1.0
859491,7279,Brain_Myeloid_microglial_cell,549,59.0,59,10_60296002_60299097,5903,Psap,1.0
859492,7280,Brain_Myeloid_microglial_cell,549,27.0,27,10_60296002_60299097,5903,Psap,1.0
859493,7281,Brain_Myeloid_microglial_cell,549,40.0,40,10_60296002_60299097,5903,Psap,1.0
859494,7282,Brain_Myeloid_microglial_cell,549,129.0,129,10_60296002_60299097,5903,Psap,1.0
859495,7283,Brain_Myeloid_microglial_cell,549,69.0,69,10_60296002_60299097,5903,Psap,1.0
859496,7284,Brain_Myeloid_microglial_cell,549,599.0,599,10_60296002_60299097,5903,Psap,1.0
859497,7285,Brain_Myeloid_microglial_cell,549,40.0,40,10_60296002_60299097,5903,Psap,1.0
859498,7286,Brain_Myeloid_microglial_cell,549,112.0,112,10_60296002_60299097,5903,Psap,1.0
859499,7287,Brain_Myeloid_microglial_cell,549,371.0,371,10_60296002_60299097,5903,Psap,1.0
859500,7288,Brain_Myeloid_microglial_cell,549,48.0,48,10_60296002_60299097,5903,Psap,1.0
859501,7289,Brain_Myeloid_microglial_cell,549,58.0,58,10_60296002_60299097,5903,Psap,1.0
859502,7290,Brain_Myeloid_microglial_cell,549,206.0,206,10_60296002_60299097,5903,Psap,1.0
859503,7291,Brain_Myeloid_microglial_cell,549,120.0,120,10_60296002_60299097,5903,Psap,1.0
859504,7292,Brain_Myeloid_microglial_cell,549,20.0,20,10_60296002_60299097,5903,Psap,1.0
859505,7293,Brain_Myeloid_microglial_cell,549,155.0,155,10_60296002_60299097,5903,Psap,1.0
859506,7294,Brain_Myeloid_microglial_cell,549,23.0,23,10_60296002_60299097,5903,Psap,1.0
859507,7295,Brain_Myeloid_microglial_cell,549,19.0,19,10_60296002_60299097,5903,Psap,1.0
859508,7296,Brain_Myeloid_microglial_cell,549,374.0,374,10_60296002_60299097,5903,Psap,1.0
859509,7297,Brain_Myeloid_microglial_cell,549,4.0,4,10_60296002_60299097,5903,Psap,1.0
859510,7298,Brain_Myeloid_microglial_cell,549,40.0,40,10_60296002_60299097,5903,Psap,1.0
859511,7299,Brain_Myeloid_microglial_cell,549,18.0,18,10_60296002_60299097,5903,Psap,1.0
859512,7300,Brain_Myeloid_microglial_cell,549,121.0,121,10_60296002_60299097,5903,Psap,1.0
859513,7301,Brain_Myeloid_microglial_cell,549,94.0,94,10_60296002_60299097,5903,Psap,1.0
859514,7302,Brain_Myeloid_microglial_cell,549,5.0,5,10_60296002_60299097,5903,Psap,1.0
859515,7303,Brain_Myeloid_microglial_cell,549,95.0,95,10_60296002_60299097,5903,Psap,1.0
859516,7304,Brain_Myeloid_microglial_cell,549,162.0,162,10_60296002_60299097,5903,Psap,1.0
859517,7305,Brain_Myeloid_microglial_cell,549,40.0,40,10_60296002_60299097,5903,Psap,1.0
859518,7306,Brain_Myeloid_microglial_cell,549,621.0,621,10_60296002_60299097,5903,Psap,1.0
859519,7307,Brain_Myeloid_microglial_cell,549,46.0,46,10_60296002_60299097,5903,Psap,1.0
859520,7308,Brain_Myeloid_microglial_cell,549,252.0,252,10_60296002_60299097,5903,Psap,1.0
859521,7309,Brain_Myeloid_microglial_cell,549,140.0,140,10_60296002_60299097,5903,Psap,1.0
859522,7310,Brain_Myeloid_microglial_cell,549,6.0,6,10_60296002_60299097,5903,Psap,1.0
859523,7311,Brain_Myeloid_microglial_cell,549,275.0,275,10_60296002_60299097,5903,Psap,1.0
859524,7312,Brain_Myeloid_microglial_cell,549,20.0,20,10_60296002_60299097,5903,Psap,1.0
859525,7313,Brain_Myeloid_microglial_cell,549,128.0,128,10_60296002_60299097,5903,Psap,1.0
859526,7314,Brain_Myeloid_microglial_cell,549,68.0,68,10_60296002_60299097,5903,Psap,1.0
859527,7315,Brain_Myeloid_microglial_cell,549,21.0,21,10_60296002_60299097,5903,Psap,1.0
859528,7316,Brain_Myeloid_microglial_cell,549,79.0,83,10_60296002_60299097,5903,Psap,0.9518072289156626
859529,7317,Brain_Myeloid_microglial_cell,549,52.0,52,10_60296002_60299097,5903,Psap,1.0
859530,7318,Brain_Myeloid_microglial_cell,549,27.0,27,10_60296002_60299097,5903,Psap,1.0
859531,7319,Brain_Myeloid_microglial_cell,549,1024.0,1024,10_60296002_60299097,5903,Psap,1.0
859532,7320,Brain_Myeloid_microglial_cell,549,17.0,17,10_60296002_60299097,5903,Psap,1.0
859533,7321,Brain_Myeloid_microglial_cell,549,111.0,111,10_60296002_60299097,5903,Psap,1.0
859534,7322,Brain_Myeloid_microglial_cell,549,216.0,216,10_60296002_60299097,5903,Psap,1.0
859535,7323,Brain_Myeloid_microglial_cell,549,9.0,9,10_60296002_60299097,5903,Psap,1.0
859536,7324,Brain_Myeloid_microglial_cell,549,187.0,187,10_60296002_60299097,5903,Psap,1.0
859537,7325,Brain_Myeloid_microglial_cell,549,30.0,30,10_60296002_60299097,5903,Psap,1.0
859538,7326,Brain_Myeloid_microglial_cell,549,50.0,50,10_60296002_60299097,5903,Psap,1.0
859539,7327,Brain_Myeloid_microglial_cell,549,134.0,134,10_60296002_60299097,5903,Psap,1.0
859540,7328,Brain_Myeloid_microglial_cell,549,7.0,7,10_60296002_60299097,5903,Psap,1.0
859541,7329,Brain_Myeloid_microglial_cell,549,28.0,28,10_60296002_60299097,5903,Psap,1.0
859542,7330,Brain_Myeloid_microglial_cell,549,91.0,91,10_60296002_60299097,5903,Psap,1.0
859543,7331,Brain_Myeloid_microglial_cell,549,51.0,51,10_60296002_60299097,5903,Psap,1.0
859544,7332,Brain_Myeloid_microglial_cell,549,388.0,388,10_60296002_60299097,5903,Psap,1.0
859545,7333,Brain_Myeloid_microglial_cell,549,39.0,39,10_60296002_60299097,5903,Psap,1.0
859546,7334,Brain_Myeloid_microglial_cell,549,1367.0,1367,10_60296002_60299097,5903,Psap,1.0
859547,7335,Brain_Myeloid_microglial_cell,549,326.0,326,10_60296002_60299097,5903,Psap,1.0
859548,7336,Brain_Myeloid_microglial_cell,549,44.0,44,10_60296002_60299097,5903,Psap,1.0
859549,7337,Brain_Myeloid_microglial_cell,549,699.0,699,10_60296002_60299097,5903,Psap,1.0
859550,7338,Brain_Myeloid_microglial_cell,549,60.0,60,10_60296002_60299097,5903,Psap,1.0
859551,7339,Brain_Myeloid_microglial_cell,549,176.0,176,10_60296002_60299097,5903,Psap,1.0
859552,7340,Brain_Myeloid_microglial_cell,549,126.0,126,10_60296002_60299097,5903,Psap,1.0
859553,7341,Brain_Myeloid_microglial_cell,549,24.0,24,10_60296002_60299097,5903,Psap,1.0
859554,7342,Brain_Myeloid_microglial_cell,549,52.0,52,10_60296002_60299097,5903,Psap,1.0
859555,7343,Brain_Myeloid_microglial_cell,549,122.0,122,10_60296002_60299097,5903,Psap,1.0
859556,7344,Brain_Myeloid_microglial_cell,549,1277.0,1277,10_60296002_60299097,5903,Psap,1.0
859557,7345,Brain_Myeloid_microglial_cell,549,26.0,26,10_60296002_60299097,5903,Psap,1.0
859558,7346,Brain_Myeloid_microglial_cell,549,45.0,45,10_60296002_60299097,5903,Psap,1.0
859559,7347,Brain_Myeloid_microglial_cell,549,500.0,500,10_60296002_60299097,5903,Psap,1.0
859560,7348,Brain_Myeloid_microglial_cell,549,19.0,19,10_60296002_60299097,5903,Psap,1.0
859561,7349,Brain_Myeloid_microglial_cell,549,159.0,159,10_60296002_60299097,5903,Psap,1.0
859562,7350,Brain_Myeloid_microglial_cell,549,17.0,17,10_60296002_60299097,5903,Psap,1.0
859563,7351,Brain_Myeloid_microglial_cell,549,26.0,26,10_60296002_60299097,5903,Psap,1.0
859564,7352,Brain_Myeloid_microglial_cell,549,109.0,109,10_60296002_60299097,5903,Psap,1.0
859565,7353,Brain_Myeloid_microglial_cell,549,182.0,182,10_60296002_60299097,5903,Psap,1.0
859566,7354,Brain_Myeloid_microglial_cell,549,71.0,71,10_60296002_60299097,5903,Psap,1.0
859567,7355,Brain_Myeloid_microglial_cell,549,11.0,11,10_60296002_60299097,5903,Psap,1.0
859568,7356,Brain_Myeloid_microglial_cell,549,86.0,86,10_60296002_60299097,5903,Psap,1.0
859569,7357,Brain_Myeloid_microglial_cell,549,283.0,283,10_60296002_60299097,5903,Psap,1.0
859570,7358,Brain_Myeloid_microglial_cell,549,1737.0,1737,10_60296002_60299097,5903,Psap,1.0
859571,7359,Brain_Myeloid_microglial_cell,549,47.0,47,10_60296002_60299097,5903,Psap,1.0
859572,7360,Brain_Myeloid_microglial_cell,549,73.0,73,10_60296002_60299097,5903,Psap,1.0
859573,7361,Brain_Myeloid_microglial_cell,549,355.0,355,10_60296002_60299097,5903,Psap,1.0
859574,7362,Brain_Myeloid_microglial_cell,549,59.0,59,10_60296002_60299097,5903,Psap,1.0
859575,7363,Brain_Myeloid_microglial_cell,549,20.0,20,10_60296002_60299097,5903,Psap,1.0
859576,7364,Brain_Myeloid_microglial_cell,549,130.0,130,10_60296002_60299097,5903,Psap,1.0
859577,7365,Brain_Myeloid_microglial_cell,549,82.0,82,10_60296002_60299097,5903,Psap,1.0
859578,7366,Brain_Myeloid_microglial_cell,549,1272.0,1272,10_60296002_60299097,5903,Psap,1.0
859579,7367,Brain_Myeloid_microglial_cell,549,77.0,77,10_60296002_60299097,5903,Psap,1.0
859580,7368,Brain_Myeloid_microglial_cell,549,197.0,197,10_60296002_60299097,5903,Psap,1.0
859581,7369,Brain_Myeloid_microglial_cell,549,67.0,67,10_60296002_60299097,5903,Psap,1.0
859582,7370,Brain_Myeloid_microglial_cell,549,55.0,55,10_60296002_60299097,5903,Psap,1.0
859583,7371,Brain_Myeloid_microglial_cell,549,2.0,2,10_60296002_60299097,5903,Psap,1.0
859584,7372,Brain_Myeloid_microglial_cell,549,286.0,286,10_60296002_60299097,5903,Psap,1.0
859585,7373,Brain_Myeloid_microglial_cell,549,32.0,32,10_60296002_60299097,5903,Psap,1.0
859586,7374,Brain_Myeloid_microglial_cell,549,261.0,261,10_60296002_60299097,5903,Psap,1.0
859587,7375,Brain_Myeloid_microglial_cell,549,46.0,46,10_60296002_60299097,5903,Psap,1.0
859588,7376,Brain_Myeloid_microglial_cell,549,29.0,29,10_60296002_60299097,5903,Psap,1.0
859589,7377,Brain_Myeloid_microglial_cell,549,487.0,487,10_60296002_60299097,5903,Psap,1.0
859590,7378,Brain_Myeloid_microglial_cell,549,144.0,144,10_60296002_60299097,5903,Psap,1.0
859591,7379,Brain_Myeloid_microglial_cell,549,98.0,98,10_60296002_60299097,5903,Psap,1.0
859592,7380,Brain_Myeloid_microglial_cell,549,24.0,24,10_60296002_60299097,5903,Psap,1.0
859593,7381,Brain_Myeloid_microglial_cell,549,175.0,175,10_60296002_60299097,5903,Psap,1.0
859594,7382,Brain_Myeloid_microglial_cell,549,80.0,80,10_60296002_60299097,5903,Psap,1.0
859595,7383,Brain_Myeloid_microglial_cell,549,474.0,474,10_60296002_60299097,5903,Psap,1.0
859596,7384,Brain_Non-Myeloid_astrocyte,549,71.0,72,10_60296002_60299097,5903,Psap,0.9861111111111112
859597,7385,Brain_Non-Myeloid_astrocyte,549,1.0,74,10_60296002_60299097,5903,Psap,0.013513513513513514
859598,7387,Brain_Non-Myeloid_astrocyte,549,4.0,93,10_60296002_60299097,5903,Psap,0.043010752688172046
859599,7391,Brain_Non-Myeloid_astrocyte,549,1.0,45,10_60296002_60299097,5903,Psap,0.022222222222222223
859600,7392,Brain_Non-Myeloid_astrocyte,549,41.0,462,10_60296002_60299097,5903,Psap,0.08874458874458875
859601,7394,Brain_Non-Myeloid_astrocyte,549,9.0,322,10_60296002_60299097,5903,Psap,0.027950310559006212
859602,7395,Brain_Non-Myeloid_astrocyte,549,9.0,408,10_60296002_60299097,5903,Psap,0.022058823529411766
859603,7396,Brain_Non-Myeloid_astrocyte,549,26.0,91,10_60296002_60299097,5903,Psap,0.2857142857142857
859604,7398,Brain_Non-Myeloid_astrocyte,549,9.0,284,10_60296002_60299097,5903,Psap,0.03169014084507042
859605,7399,Brain_Non-Myeloid_astrocyte,549,9.0,166,10_60296002_60299097,5903,Psap,0.05421686746987952
859606,7400,Brain_Non-Myeloid_astrocyte,549,2.0,22,10_60296002_60299097,5903,Psap,0.09090909090909091
859607,7401,Brain_Non-Myeloid_astrocyte,549,8.0,51,10_60296002_60299097,5903,Psap,0.1568627450980392
859608,7402,Brain_Non-Myeloid_astrocyte,549,14.0,240,10_60296002_60299097,5903,Psap,0.058333333333333334
859609,7404,Brain_Non-Myeloid_astrocyte,549,12.0,84,10_60296002_60299097,5903,Psap,0.14285714285714285
859610,7407,Brain_Non-Myeloid_astrocyte,549,29.0,64,10_60296002_60299097,5903,Psap,0.453125
859611,7409,Brain_Non-Myeloid_astrocyte,549,1.0,16,10_60296002_60299097,5903,Psap,0.0625
859612,7410,Brain_Non-Myeloid_astrocyte,549,29.0,91,10_60296002_60299097,5903,Psap,0.31868131868131866
859613,7411,Brain_Non-Myeloid_astrocyte,549,24.0,307,10_60296002_60299097,5903,Psap,0.0781758957654723
859614,7412,Brain_Non-Myeloid_astrocyte,549,34.0,138,10_60296002_60299097,5903,Psap,0.2463768115942029
859615,7413,Brain_Non-Myeloid_astrocyte,549,15.0,405,10_60296002_60299097,5903,Psap,0.037037037037037035
859616,7415,Brain_Non-Myeloid_astrocyte,549,18.0,70,10_60296002_60299097,5903,Psap,0.2571428571428571
859617,7416,Brain_Non-Myeloid_astrocyte,549,120.0,282,10_60296002_60299097,5903,Psap,0.425531914893617
859618,7417,Brain_Non-Myeloid_astrocyte,549,126.0,1141,10_60296002_60299097,5903,Psap,0.11042944785276074
859619,7418,Brain_Non-Myeloid_astrocyte,549,1.0,10,10_60296002_60299097,5903,Psap,0.1
859620,7420,Brain_Non-Myeloid_astrocyte,549,180.0,683,10_60296002_60299097,5903,Psap,0.2635431918008785
859621,7422,Brain_Non-Myeloid_astrocyte,549,19.0,282,10_60296002_60299097,5903,Psap,0.0673758865248227
859622,7423,Brain_Non-Myeloid_astrocyte,549,1.0,127,10_60296002_60299097,5903,Psap,0.007874015748031496
859623,7424,Brain_Non-Myeloid_astrocyte,549,2.0,86,10_60296002_60299097,5903,Psap,0.023255813953488372
859624,7425,Brain_Non-Myeloid_astrocyte,549,2.0,36,10_60296002_60299097,5903,Psap,0.05555555555555555
859625,7426,Brain_Non-Myeloid_astrocyte,549,157.0,222,10_60296002_60299097,5903,Psap,0.7072072072072072
859626,7427,Brain_Non-Myeloid_astrocyte,549,1.0,1,10_60296002_60299097,5903,Psap,1.0
859627,7428,Brain_Non-Myeloid_astrocyte,549,32.0,531,10_60296002_60299097,5903,Psap,0.060263653483992465
859628,7429,Brain_Non-Myeloid_astrocyte,549,2.0,119,10_60296002_60299097,5903,Psap,0.01680672268907563
859629,7430,Brain_Non-Myeloid_astrocyte,549,3.0,3,10_60296002_60299097,5903,Psap,1.0
859630,7432,Brain_Non-Myeloid_astrocyte,549,263.0,329,10_60296002_60299097,5903,Psap,0.7993920972644377
859631,7433,Brain_Non-Myeloid_astrocyte,549,35.0,121,10_60296002_60299097,5903,Psap,0.2892561983471074
859632,7434,Brain_Non-Myeloid_astrocyte,549,31.0,62,10_60296002_60299097,5903,Psap,0.5
859633,7438,Brain_Non-Myeloid_astrocyte,549,8.0,254,10_60296002_60299097,5903,Psap,0.031496062992125984
859634,7439,Brain_Non-Myeloid_astrocyte,549,9.0,118,10_60296002_60299097,5903,Psap,0.07627118644067797
859635,7440,Brain_Non-Myeloid_astrocyte,549,19.0,234,10_60296002_60299097,5903,Psap,0.0811965811965812
859636,7441,Brain_Non-Myeloid_astrocyte,549,8.0,285,10_60296002_60299097,5903,Psap,0.028070175438596492
859637,7442,Brain_Non-Myeloid_astrocyte,549,3.0,69,10_60296002_60299097,5903,Psap,0.043478260869565216
859638,7443,Brain_Non-Myeloid_astrocyte,549,73.0,241,10_60296002_60299097,5903,Psap,0.3029045643153527
859639,7444,Brain_Non-Myeloid_astrocyte,549,3.0,53,10_60296002_60299097,5903,Psap,0.05660377358490566
859640,7445,Brain_Non-Myeloid_astrocyte,549,170.0,172,10_60296002_60299097,5903,Psap,0.9883720930232558
859641,7446,Brain_Non-Myeloid_astrocyte,549,53.0,327,10_60296002_60299097,5903,Psap,0.1620795107033639
859642,7449,Brain_Non-Myeloid_astrocyte,549,119.0,282,10_60296002_60299097,5903,Psap,0.4219858156028369
859643,7451,Brain_Non-Myeloid_astrocyte,549,52.0,243,10_60296002_60299097,5903,Psap,0.2139917695473251
859644,7453,Brain_Non-Myeloid_astrocyte,549,2.0,161,10_60296002_60299097,5903,Psap,0.012422360248447204
859645,7454,Brain_Non-Myeloid_astrocyte,549,41.0,41,10_60296002_60299097,5903,Psap,1.0
859646,7455,Brain_Non-Myeloid_astrocyte,549,22.0,102,10_60296002_60299097,5903,Psap,0.21568627450980393
859647,7456,Brain_Non-Myeloid_astrocyte,549,12.0,390,10_60296002_60299097,5903,Psap,0.03076923076923077
859648,7457,Brain_Non-Myeloid_astrocyte,549,4.0,111,10_60296002_60299097,5903,Psap,0.036036036036036036
859649,7458,Brain_Non-Myeloid_astrocyte,549,2.0,47,10_60296002_60299097,5903,Psap,0.0425531914893617
859650,7460,Brain_Non-Myeloid_astrocyte,549,5.0,97,10_60296002_60299097,5903,Psap,0.05154639175257732
859651,7461,Brain_Non-Myeloid_astrocyte,549,128.0,241,10_60296002_60299097,5903,Psap,0.5311203319502075
859652,7462,Brain_Non-Myeloid_astrocyte,549,62.0,378,10_60296002_60299097,5903,Psap,0.164021164021164
859653,7464,Brain_Non-Myeloid_astrocyte,549,3.0,26,10_60296002_60299097,5903,Psap,0.11538461538461539
859654,7465,Brain_Non-Myeloid_astrocyte,549,1.0,104,10_60296002_60299097,5903,Psap,0.009615384615384616
859655,7466,Brain_Non-Myeloid_astrocyte,549,1.0,51,10_60296002_60299097,5903,Psap,0.0196078431372549
859656,7469,Brain_Non-Myeloid_astrocyte,549,6.0,30,10_60296002_60299097,5903,Psap,0.2
859657,7470,Brain_Non-Myeloid_astrocyte,549,7.0,34,10_60296002_60299097,5903,Psap,0.20588235294117646
859658,7471,Brain_Non-Myeloid_astrocyte,549,46.0,318,10_60296002_60299097,5903,Psap,0.14465408805031446
859659,7472,Brain_Non-Myeloid_astrocyte,549,6.0,260,10_60296002_60299097,5903,Psap,0.023076923076923078
859660,7473,Brain_Non-Myeloid_astrocyte,549,231.0,310,10_60296002_60299097,5903,Psap,0.7451612903225806
859661,7474,Brain_Non-Myeloid_astrocyte,549,15.0,211,10_60296002_60299097,5903,Psap,0.07109004739336493
859662,7477,Brain_Non-Myeloid_astrocyte,549,16.0,319,10_60296002_60299097,5903,Psap,0.050156739811912224
859663,7479,Brain_Non-Myeloid_astrocyte,549,37.0,1206,10_60296002_60299097,5903,Psap,0.03067993366500829
859664,7480,Brain_Non-Myeloid_astrocyte,549,24.0,32,10_60296002_60299097,5903,Psap,0.75
859665,7481,Brain_Non-Myeloid_astrocyte,549,254.0,254,10_60296002_60299097,5903,Psap,1.0
859666,7482,Brain_Non-Myeloid_astrocyte,549,94.0,97,10_60296002_60299097,5903,Psap,0.9690721649484536
859667,7483,Brain_Non-Myeloid_astrocyte,549,166.0,552,10_60296002_60299097,5903,Psap,0.3007246376811594
859668,7484,Brain_Non-Myeloid_astrocyte,549,24.0,67,10_60296002_60299097,5903,Psap,0.3582089552238806
859669,7485,Brain_Non-Myeloid_astrocyte,549,2.0,54,10_60296002_60299097,5903,Psap,0.037037037037037035
859670,7486,Brain_Non-Myeloid_astrocyte,549,116.0,300,10_60296002_60299097,5903,Psap,0.38666666666666666
859671,7487,Brain_Non-Myeloid_astrocyte,549,34.0,258,10_60296002_60299097,5903,Psap,0.13178294573643412
859672,7488,Brain_Non-Myeloid_astrocyte,549,72.0,168,10_60296002_60299097,5903,Psap,0.42857142857142855
859673,7489,Brain_Non-Myeloid_astrocyte,549,96.0,282,10_60296002_60299097,5903,Psap,0.3404255319148936
859674,7490,Brain_Non-Myeloid_astrocyte,549,72.0,299,10_60296002_60299097,5903,Psap,0.2408026755852843
859675,7491,Brain_Non-Myeloid_astrocyte,549,2.0,46,10_60296002_60299097,5903,Psap,0.043478260869565216
859676,7492,Brain_Non-Myeloid_astrocyte,549,31.0,62,10_60296002_60299097,5903,Psap,0.5
859677,7493,Brain_Non-Myeloid_astrocyte,549,67.0,364,10_60296002_60299097,5903,Psap,0.18406593406593408
859678,7495,Brain_Non-Myeloid_astrocyte,549,1.0,44,10_60296002_60299097,5903,Psap,0.022727272727272728
859679,7496,Brain_Non-Myeloid_astrocyte,549,35.0,133,10_60296002_60299097,5903,Psap,0.2631578947368421
859680,7497,Brain_Non-Myeloid_astrocyte,549,2.0,39,10_60296002_60299097,5903,Psap,0.05128205128205128
859681,7498,Brain_Non-Myeloid_astrocyte,549,3.0,128,10_60296002_60299097,5903,Psap,0.0234375
859682,7500,Brain_Non-Myeloid_astrocyte,549,17.0,136,10_60296002_60299097,5903,Psap,0.125
859683,7502,Brain_Non-Myeloid_astrocyte,549,3.0,367,10_60296002_60299097,5903,Psap,0.008174386920980926
859684,7503,Brain_Non-Myeloid_astrocyte,549,31.0,79,10_60296002_60299097,5903,Psap,0.3924050632911392
859685,7504,Brain_Non-Myeloid_astrocyte,549,6.0,46,10_60296002_60299097,5903,Psap,0.13043478260869565
859686,7505,Brain_Non-Myeloid_astrocyte,549,2.0,46,10_60296002_60299097,5903,Psap,0.043478260869565216
859687,7506,Brain_Non-Myeloid_astrocyte,549,2.0,5,10_60296002_60299097,5903,Psap,0.4
859688,7507,Brain_Non-Myeloid_astrocyte,549,16.0,439,10_60296002_60299097,5903,Psap,0.03644646924829157
859689,7508,Brain_Non-Myeloid_astrocyte,549,43.0,149,10_60296002_60299097,5903,Psap,0.28859060402684567
859690,7509,Brain_Non-Myeloid_astrocyte,549,1.0,31,10_60296002_60299097,5903,Psap,0.03225806451612903
859691,7510,Brain_Non-Myeloid_astrocyte,549,1.0,1,10_60296002_60299097,5903,Psap,1.0
859692,7511,Brain_Non-Myeloid_astrocyte,549,45.0,51,10_60296002_60299097,5903,Psap,0.8823529411764706
859693,7514,Brain_Non-Myeloid_astrocyte,549,1.0,22,10_60296002_60299097,5903,Psap,0.045454545454545456
859694,7515,Brain_Non-Myeloid_astrocyte,549,13.0,143,10_60296002_60299097,5903,Psap,0.09090909090909091
859695,7516,Brain_Non-Myeloid_astrocyte,549,17.0,145,10_60296002_60299097,5903,Psap,0.11724137931034483
859696,7517,Brain_Non-Myeloid_astrocyte,549,19.0,46,10_60296002_60299097,5903,Psap,0.41304347826086957
859697,7519,Brain_Non-Myeloid_astrocyte,549,206.0,209,10_60296002_60299097,5903,Psap,0.9856459330143541
859698,7520,Brain_Non-Myeloid_astrocyte,549,12.0,140,10_60296002_60299097,5903,Psap,0.08571428571428572
859699,7521,Brain_Non-Myeloid_astrocyte,549,5.0,356,10_60296002_60299097,5903,Psap,0.014044943820224719
859700,7522,Brain_Non-Myeloid_astrocyte,549,34.0,128,10_60296002_60299097,5903,Psap,0.265625
859701,7524,Brain_Non-Myeloid_astrocyte,549,7.0,239,10_60296002_60299097,5903,Psap,0.029288702928870293
859702,7526,Brain_Non-Myeloid_astrocyte,549,17.0,121,10_60296002_60299097,5903,Psap,0.14049586776859505
859703,7527,Brain_Non-Myeloid_astrocyte,549,91.0,609,10_60296002_60299097,5903,Psap,0.14942528735632185
859704,7528,Brain_Non-Myeloid_astrocyte,549,4.0,135,10_60296002_60299097,5903,Psap,0.02962962962962963
859705,7529,Brain_Non-Myeloid_astrocyte,549,19.0,23,10_60296002_60299097,5903,Psap,0.8260869565217391
859706,7530,Brain_Non-Myeloid_astrocyte,549,57.0,98,10_60296002_60299097,5903,Psap,0.5816326530612245
859707,7531,Brain_Non-Myeloid_astrocyte,549,48.0,130,10_60296002_60299097,5903,Psap,0.36923076923076925
859708,7532,Brain_Non-Myeloid_astrocyte,549,4.0,113,10_60296002_60299097,5903,Psap,0.035398230088495575
859709,7534,Brain_Non-Myeloid_astrocyte,549,1.0,68,10_60296002_60299097,5903,Psap,0.014705882352941176
859710,7535,Brain_Non-Myeloid_astrocyte,549,263.0,267,10_60296002_60299097,5903,Psap,0.9850187265917603
859711,7536,Brain_Non-Myeloid_astrocyte,549,25.0,310,10_60296002_60299097,5903,Psap,0.08064516129032258
859712,7537,Brain_Non-Myeloid_astrocyte,549,11.0,334,10_60296002_60299097,5903,Psap,0.03293413173652695
859713,7538,Brain_Non-Myeloid_astrocyte,549,19.0,128,10_60296002_60299097,5903,Psap,0.1484375
859714,7539,Brain_Non-Myeloid_astrocyte,549,279.0,696,10_60296002_60299097,5903,Psap,0.40086206896551724
859715,7541,Brain_Non-Myeloid_astrocyte,549,5.0,85,10_60296002_60299097,5903,Psap,0.058823529411764705
859716,7542,Brain_Non-Myeloid_astrocyte,549,70.0,133,10_60296002_60299097,5903,Psap,0.5263157894736842
859717,7543,Brain_Non-Myeloid_astrocyte,549,5.0,174,10_60296002_60299097,5903,Psap,0.028735632183908046
859718,7544,Brain_Non-Myeloid_astrocyte,549,39.0,205,10_60296002_60299097,5903,Psap,0.1902439024390244
859719,7545,Brain_Non-Myeloid_astrocyte,549,14.0,69,10_60296002_60299097,5903,Psap,0.2028985507246377
859720,7546,Brain_Non-Myeloid_astrocyte,549,2.0,2,10_60296002_60299097,5903,Psap,1.0
859721,7548,Brain_Non-Myeloid_astrocyte,549,3.0,106,10_60296002_60299097,5903,Psap,0.02830188679245283
859722,7549,Brain_Non-Myeloid_astrocyte,549,6.0,162,10_60296002_60299097,5903,Psap,0.037037037037037035
859723,7550,Brain_Non-Myeloid_astrocyte,549,2.0,155,10_60296002_60299097,5903,Psap,0.012903225806451613
859724,7551,Brain_Non-Myeloid_astrocyte,549,30.0,253,10_60296002_60299097,5903,Psap,0.11857707509881422
859725,7552,Brain_Non-Myeloid_astrocyte,549,6.0,252,10_60296002_60299097,5903,Psap,0.023809523809523808
859726,7553,Brain_Non-Myeloid_astrocyte,549,6.0,181,10_60296002_60299097,5903,Psap,0.03314917127071823
859727,7554,Brain_Non-Myeloid_astrocyte,549,17.0,575,10_60296002_60299097,5903,Psap,0.029565217391304348
859728,7555,Brain_Non-Myeloid_astrocyte,549,57.0,163,10_60296002_60299097,5903,Psap,0.3496932515337423
859729,7556,Brain_Non-Myeloid_astrocyte,549,81.0,291,10_60296002_60299097,5903,Psap,0.27835051546391754
859730,7557,Brain_Non-Myeloid_astrocyte,549,14.0,62,10_60296002_60299097,5903,Psap,0.22580645161290322
859731,7558,Brain_Non-Myeloid_astrocyte,549,379.0,522,10_60296002_60299097,5903,Psap,0.7260536398467433
859732,7560,Brain_Non-Myeloid_astrocyte,549,2.0,127,10_60296002_60299097,5903,Psap,0.015748031496062992
859733,7561,Brain_Non-Myeloid_astrocyte,549,24.0,114,10_60296002_60299097,5903,Psap,0.21052631578947367
859734,7562,Brain_Non-Myeloid_astrocyte,549,5.0,139,10_60296002_60299097,5903,Psap,0.03597122302158273
859735,7564,Brain_Non-Myeloid_astrocyte,549,38.0,625,10_60296002_60299097,5903,Psap,0.0608
859736,7565,Brain_Non-Myeloid_astrocyte,549,1.0,18,10_60296002_60299097,5903,Psap,0.05555555555555555
859737,7566,Brain_Non-Myeloid_astrocyte,549,30.0,130,10_60296002_60299097,5903,Psap,0.23076923076923078
859738,7567,Brain_Non-Myeloid_astrocyte,549,58.0,135,10_60296002_60299097,5903,Psap,0.42962962962962964
859739,7568,Brain_Non-Myeloid_astrocyte,549,20.0,444,10_60296002_60299097,5903,Psap,0.04504504504504504
859740,7569,Brain_Non-Myeloid_astrocyte,549,9.0,335,10_60296002_60299097,5903,Psap,0.026865671641791045
859741,7570,Brain_Non-Myeloid_astrocyte,549,202.0,377,10_60296002_60299097,5903,Psap,0.5358090185676393
859742,7571,Brain_Non-Myeloid_astrocyte,549,1.0,6,10_60296002_60299097,5903,Psap,0.16666666666666666
859743,7572,Brain_Non-Myeloid_astrocyte,549,12.0,366,10_60296002_60299097,5903,Psap,0.03278688524590164
859744,7573,Brain_Non-Myeloid_astrocyte,549,41.0,186,10_60296002_60299097,5903,Psap,0.22043010752688172
859745,7574,Brain_Non-Myeloid_astrocyte,549,81.0,122,10_60296002_60299097,5903,Psap,0.6639344262295082
859746,7575,Brain_Non-Myeloid_astrocyte,549,65.0,749,10_60296002_60299097,5903,Psap,0.08678237650200267
859747,7576,Brain_Non-Myeloid_astrocyte,549,2.0,60,10_60296002_60299097,5903,Psap,0.03333333333333333
859748,7577,Brain_Non-Myeloid_astrocyte,549,4.0,145,10_60296002_60299097,5903,Psap,0.027586206896551724
859749,7579,Brain_Non-Myeloid_astrocyte,549,94.0,182,10_60296002_60299097,5903,Psap,0.5164835164835165
859750,7582,Brain_Non-Myeloid_astrocyte,549,2.0,42,10_60296002_60299097,5903,Psap,0.047619047619047616
859751,7583,Brain_Non-Myeloid_astrocyte,549,60.0,329,10_60296002_60299097,5903,Psap,0.182370820668693
859752,7584,Brain_Non-Myeloid_astrocyte,549,16.0,106,10_60296002_60299097,5903,Psap,0.1509433962264151
859753,7585,Brain_Non-Myeloid_astrocyte,549,226.0,290,10_60296002_60299097,5903,Psap,0.7793103448275862
859754,7586,Brain_Non-Myeloid_astrocyte,549,62.0,371,10_60296002_60299097,5903,Psap,0.16711590296495957
859755,7587,Brain_Non-Myeloid_astrocyte,549,10.0,239,10_60296002_60299097,5903,Psap,0.04184100418410042
859756,7588,Brain_Non-Myeloid_astrocyte,549,36.0,36,10_60296002_60299097,5903,Psap,1.0
859757,7592,Brain_Non-Myeloid_astrocyte,549,21.0,74,10_60296002_60299097,5903,Psap,0.28378378378378377
859758,7593,Brain_Non-Myeloid_astrocyte,549,2.0,26,10_60296002_60299097,5903,Psap,0.07692307692307693
859759,7594,Brain_Non-Myeloid_astrocyte,549,4.0,4,10_60296002_60299097,5903,Psap,1.0
859760,7595,Brain_Non-Myeloid_astrocyte,549,59.0,312,10_60296002_60299097,5903,Psap,0.1891025641025641
859761,7596,Brain_Non-Myeloid_astrocyte,549,15.0,46,10_60296002_60299097,5903,Psap,0.32608695652173914
859762,7597,Brain_Non-Myeloid_astrocyte,549,117.0,393,10_60296002_60299097,5903,Psap,0.29770992366412213
859763,7599,Brain_Non-Myeloid_astrocyte,549,22.0,252,10_60296002_60299097,5903,Psap,0.0873015873015873
859764,7600,Brain_Non-Myeloid_astrocyte,549,30.0,177,10_60296002_60299097,5903,Psap,0.1694915254237288
859765,7601,Brain_Non-Myeloid_astrocyte,549,122.0,500,10_60296002_60299097,5903,Psap,0.244
859766,7602,Brain_Non-Myeloid_astrocyte,549,2.0,21,10_60296002_60299097,5903,Psap,0.09523809523809523
859767,7603,Brain_Non-Myeloid_astrocyte,549,39.0,167,10_60296002_60299097,5903,Psap,0.23353293413173654
859768,7604,Brain_Non-Myeloid_astrocyte,549,7.0,107,10_60296002_60299097,5903,Psap,0.06542056074766354
859769,7605,Brain_Non-Myeloid_astrocyte,549,3.0,67,10_60296002_60299097,5903,Psap,0.04477611940298507
859770,7606,Brain_Non-Myeloid_astrocyte,549,3.0,7,10_60296002_60299097,5903,Psap,0.42857142857142855
859771,7607,Brain_Non-Myeloid_astrocyte,549,2.0,75,10_60296002_60299097,5903,Psap,0.02666666666666667
859772,7608,Brain_Non-Myeloid_astrocyte,549,1.0,51,10_60296002_60299097,5903,Psap,0.0196078431372549
859773,7609,Brain_Non-Myeloid_astrocyte,549,6.0,22,10_60296002_60299097,5903,Psap,0.2727272727272727
859774,7610,Brain_Non-Myeloid_astrocyte,549,4.0,64,10_60296002_60299097,5903,Psap,0.0625
859775,7611,Brain_Non-Myeloid_astrocyte,549,1.0,36,10_60296002_60299097,5903,Psap,0.027777777777777776
859776,7612,Brain_Non-Myeloid_astrocyte,549,72.0,189,10_60296002_60299097,5903,Psap,0.38095238095238093
859777,7613,Brain_Non-Myeloid_astrocyte,549,219.0,1535,10_60296002_60299097,5903,Psap,0.14267100977198696
859778,7614,Brain_Non-Myeloid_astrocyte,549,4.0,20,10_60296002_60299097,5903,Psap,0.2
859779,7615,Brain_Non-Myeloid_astrocyte,549,68.0,247,10_60296002_60299097,5903,Psap,0.27530364372469635
859780,7617,Brain_Non-Myeloid_astrocyte,549,42.0,97,10_60296002_60299097,5903,Psap,0.4329896907216495
859781,7618,Brain_Non-Myeloid_astrocyte,549,2.0,63,10_60296002_60299097,5903,Psap,0.031746031746031744
859782,7619,Brain_Non-Myeloid_astrocyte,549,32.0,897,10_60296002_60299097,5903,Psap,0.03567447045707915
859783,7620,Brain_Non-Myeloid_astrocyte,549,603.0,609,10_60296002_60299097,5903,Psap,0.9901477832512315
859784,7621,Brain_Non-Myeloid_astrocyte,549,2.0,73,10_60296002_60299097,5903,Psap,0.0273972602739726
859785,7622,Brain_Non-Myeloid_astrocyte,549,72.0,198,10_60296002_60299097,5903,Psap,0.36363636363636365
859786,7624,Brain_Non-Myeloid_astrocyte,549,3.0,3,10_60296002_60299097,5903,Psap,1.0
859787,7625,Brain_Non-Myeloid_astrocyte,549,42.0,71,10_60296002_60299097,5903,Psap,0.5915492957746479
859788,7626,Brain_Non-Myeloid_astrocyte,549,1.0,32,10_60296002_60299097,5903,Psap,0.03125
859789,7628,Brain_Non-Myeloid_astrocyte,549,19.0,520,10_60296002_60299097,5903,Psap,0.03653846153846154
859790,7629,Brain_Non-Myeloid_astrocyte,549,22.0,42,10_60296002_60299097,5903,Psap,0.5238095238095238
859791,7630,Brain_Non-Myeloid_astrocyte,549,10.0,72,10_60296002_60299097,5903,Psap,0.1388888888888889
859792,7631,Brain_Non-Myeloid_astrocyte,549,59.0,2382,10_60296002_60299097,5903,Psap,0.02476910159529807
859793,7632,Brain_Non-Myeloid_astrocyte,549,1.0,33,10_60296002_60299097,5903,Psap,0.030303030303030304
859794,7634,Brain_Non-Myeloid_astrocyte,549,84.0,879,10_60296002_60299097,5903,Psap,0.09556313993174062
859795,7635,Brain_Non-Myeloid_astrocyte,549,4.0,19,10_60296002_60299097,5903,Psap,0.21052631578947367
859796,7636,Brain_Non-Myeloid_astrocyte,549,4.0,120,10_60296002_60299097,5903,Psap,0.03333333333333333
859797,7637,Brain_Non-Myeloid_astrocyte,549,331.0,603,10_60296002_60299097,5903,Psap,0.548922056384743
859798,7639,Brain_Non-Myeloid_astrocyte,549,4.0,86,10_60296002_60299097,5903,Psap,0.046511627906976744
859799,7640,Brain_Non-Myeloid_astrocyte,549,74.0,113,10_60296002_60299097,5903,Psap,0.6548672566371682
859800,7642,Brain_Non-Myeloid_astrocyte,549,38.0,142,10_60296002_60299097,5903,Psap,0.2676056338028169
859801,7643,Brain_Non-Myeloid_astrocyte,549,49.0,1139,10_60296002_60299097,5903,Psap,0.04302019315188762
859802,7644,Brain_Non-Myeloid_astrocyte,549,3.0,187,10_60296002_60299097,5903,Psap,0.016042780748663103
859803,7645,Brain_Non-Myeloid_astrocyte,549,535.0,2315,10_60296002_60299097,5903,Psap,0.23110151187904968
859804,7647,Brain_Non-Myeloid_astrocyte,549,30.0,917,10_60296002_60299097,5903,Psap,0.03271537622682661
859805,7648,Brain_Non-Myeloid_astrocyte,549,14.0,671,10_60296002_60299097,5903,Psap,0.020864381520119227
859806,7650,Brain_Non-Myeloid_astrocyte,549,39.0,165,10_60296002_60299097,5903,Psap,0.23636363636363636
859807,7651,Brain_Non-Myeloid_astrocyte,549,9.0,55,10_60296002_60299097,5903,Psap,0.16363636363636364
859808,7652,Brain_Non-Myeloid_astrocyte,549,37.0,72,10_60296002_60299097,5903,Psap,0.5138888888888888
859809,7654,Brain_Non-Myeloid_astrocyte,549,21.0,946,10_60296002_60299097,5903,Psap,0.022198731501057084
859810,7656,Brain_Non-Myeloid_astrocyte,549,9.0,65,10_60296002_60299097,5903,Psap,0.13846153846153847
859811,7657,Brain_Non-Myeloid_astrocyte,549,176.0,840,10_60296002_60299097,5903,Psap,0.20952380952380953
859812,7658,Brain_Non-Myeloid_astrocyte,549,1.0,62,10_60296002_60299097,5903,Psap,0.016129032258064516
859813,7659,Brain_Non-Myeloid_astrocyte,549,1.0,8,10_60296002_60299097,5903,Psap,0.125
859814,7660,Brain_Non-Myeloid_astrocyte,549,434.0,504,10_60296002_60299097,5903,Psap,0.8611111111111112
859815,7662,Brain_Non-Myeloid_astrocyte,549,60.0,219,10_60296002_60299097,5903,Psap,0.273972602739726
859816,7663,Brain_Non-Myeloid_astrocyte,549,1.0,66,10_60296002_60299097,5903,Psap,0.015151515151515152
859817,7664,Brain_Non-Myeloid_astrocyte,549,5.0,93,10_60296002_60299097,5903,Psap,0.053763440860215055
859818,7666,Brain_Non-Myeloid_astrocyte,549,101.0,178,10_60296002_60299097,5903,Psap,0.5674157303370787
859819,7669,Brain_Non-Myeloid_astrocyte,549,177.0,311,10_60296002_60299097,5903,Psap,0.5691318327974276
859820,7670,Brain_Non-Myeloid_astrocyte,549,13.0,35,10_60296002_60299097,5903,Psap,0.37142857142857144
859821,7671,Brain_Non-Myeloid_astrocyte,549,47.0,174,10_60296002_60299097,5903,Psap,0.27011494252873564
859822,7672,Brain_Non-Myeloid_astrocyte,549,4.0,28,10_60296002_60299097,5903,Psap,0.14285714285714285
859823,7673,Brain_Non-Myeloid_astrocyte,549,7.0,34,10_60296002_60299097,5903,Psap,0.20588235294117646
859824,7674,Brain_Non-Myeloid_astrocyte,549,12.0,61,10_60296002_60299097,5903,Psap,0.19672131147540983
859825,7675,Brain_Non-Myeloid_astrocyte,549,46.0,154,10_60296002_60299097,5903,Psap,0.2987012987012987
859826,7676,Brain_Non-Myeloid_astrocyte,549,2.0,187,10_60296002_60299097,5903,Psap,0.0106951871657754
859827,7677,Brain_Non-Myeloid_astrocyte,549,7.0,31,10_60296002_60299097,5903,Psap,0.22580645161290322
859828,7678,Brain_Non-Myeloid_astrocyte,549,4.0,126,10_60296002_60299097,5903,Psap,0.031746031746031744
859829,7679,Brain_Non-Myeloid_astrocyte,549,53.0,901,10_60296002_60299097,5903,Psap,0.058823529411764705
859830,7680,Brain_Non-Myeloid_astrocyte,549,5.0,7,10_60296002_60299097,5903,Psap,0.7142857142857143
859831,7681,Brain_Non-Myeloid_astrocyte,549,660.0,6881,10_60296002_60299097,5903,Psap,0.09591629123673885
859832,7682,Brain_Non-Myeloid_astrocyte,549,98.0,607,10_60296002_60299097,5903,Psap,0.1614497528830313
859833,7683,Brain_Non-Myeloid_astrocyte,549,2.0,196,10_60296002_60299097,5903,Psap,0.01020408163265306
859834,7684,Brain_Non-Myeloid_astrocyte,549,59.0,165,10_60296002_60299097,5903,Psap,0.3575757575757576
859835,7685,Brain_Non-Myeloid_astrocyte,549,1.0,64,10_60296002_60299097,5903,Psap,0.015625
859836,7687,Brain_Non-Myeloid_astrocyte,549,2.0,57,10_60296002_60299097,5903,Psap,0.03508771929824561
859837,7689,Brain_Non-Myeloid_astrocyte,549,126.0,754,10_60296002_60299097,5903,Psap,0.16710875331564987
859838,7690,Brain_Non-Myeloid_astrocyte,549,162.0,899,10_60296002_60299097,5903,Psap,0.18020022246941045
859839,7692,Brain_Non-Myeloid_astrocyte,549,79.0,221,10_60296002_60299097,5903,Psap,0.3574660633484163
859840,7693,Brain_Non-Myeloid_astrocyte,549,1.0,35,10_60296002_60299097,5903,Psap,0.02857142857142857
859841,7694,Brain_Non-Myeloid_astrocyte,549,10.0,266,10_60296002_60299097,5903,Psap,0.03759398496240601
859842,7696,Brain_Non-Myeloid_astrocyte,549,4.0,172,10_60296002_60299097,5903,Psap,0.023255813953488372
859843,7697,Brain_Non-Myeloid_astrocyte,549,1.0,38,10_60296002_60299097,5903,Psap,0.02631578947368421
859844,7698,Brain_Non-Myeloid_astrocyte,549,2.0,17,10_60296002_60299097,5903,Psap,0.11764705882352941
859845,7699,Brain_Non-Myeloid_astrocyte,549,418.0,455,10_60296002_60299097,5903,Psap,0.9186813186813186
859846,7700,Brain_Non-Myeloid_astrocyte,549,8.0,161,10_60296002_60299097,5903,Psap,0.049689440993788817
859847,7701,Brain_Non-Myeloid_astrocyte,549,12.0,137,10_60296002_60299097,5903,Psap,0.08759124087591241
859848,7702,Brain_Non-Myeloid_astrocyte,549,12.0,303,10_60296002_60299097,5903,Psap,0.039603960396039604
859849,7703,Brain_Non-Myeloid_astrocyte,549,1.0,9,10_60296002_60299097,5903,Psap,0.1111111111111111
859850,7704,Brain_Non-Myeloid_astrocyte,549,3.0,60,10_60296002_60299097,5903,Psap,0.05
859851,7706,Brain_Non-Myeloid_astrocyte,549,5.0,213,10_60296002_60299097,5903,Psap,0.023474178403755867
859852,7708,Brain_Non-Myeloid_astrocyte,549,22.0,58,10_60296002_60299097,5903,Psap,0.3793103448275862
859853,7711,Brain_Non-Myeloid_astrocyte,549,25.0,174,10_60296002_60299097,5903,Psap,0.14367816091954022
859854,7714,Brain_Non-Myeloid_astrocyte,549,13.0,56,10_60296002_60299097,5903,Psap,0.23214285714285715
859855,7715,Brain_Non-Myeloid_astrocyte,549,16.0,129,10_60296002_60299097,5903,Psap,0.12403100775193798
859856,7717,Brain_Non-Myeloid_astrocyte,549,8.0,124,10_60296002_60299097,5903,Psap,0.06451612903225806
859857,7718,Brain_Non-Myeloid_astrocyte,549,8.0,91,10_60296002_60299097,5903,Psap,0.08791208791208792
859858,7720,Brain_Non-Myeloid_astrocyte,549,13.0,131,10_60296002_60299097,5903,Psap,0.09923664122137404
859859,7721,Brain_Non-Myeloid_astrocyte,549,8.0,82,10_60296002_60299097,5903,Psap,0.0975609756097561
859860,7722,Brain_Non-Myeloid_astrocyte,549,11.0,87,10_60296002_60299097,5903,Psap,0.12643678160919541
859861,7723,Brain_Non-Myeloid_astrocyte,549,6.0,10,10_60296002_60299097,5903,Psap,0.6
859862,7724,Brain_Non-Myeloid_astrocyte,549,116.0,136,10_60296002_60299097,5903,Psap,0.8529411764705882
859863,7725,Brain_Non-Myeloid_astrocyte,549,9.0,161,10_60296002_60299097,5903,Psap,0.055900621118012424
859864,7726,Brain_Non-Myeloid_astrocyte,549,34.0,156,10_60296002_60299097,5903,Psap,0.21794871794871795
859865,7728,Brain_Non-Myeloid_astrocyte,549,3.0,107,10_60296002_60299097,5903,Psap,0.028037383177570093
859866,7731,Brain_Non-Myeloid_astrocyte,549,38.0,98,10_60296002_60299097,5903,Psap,0.3877551020408163
859867,7733,Brain_Non-Myeloid_astrocyte,549,2.0,60,10_60296002_60299097,5903,Psap,0.03333333333333333
859868,7734,Brain_Non-Myeloid_astrocyte,549,26.0,368,10_60296002_60299097,5903,Psap,0.07065217391304347
859869,7735,Brain_Non-Myeloid_astrocyte,549,6.0,85,10_60296002_60299097,5903,Psap,0.07058823529411765
859870,7736,Brain_Non-Myeloid_astrocyte,549,729.0,2300,10_60296002_60299097,5903,Psap,0.3169565217391304
859871,7737,Brain_Non-Myeloid_astrocyte,549,11.0,345,10_60296002_60299097,5903,Psap,0.03188405797101449
859872,7738,Brain_Non-Myeloid_astrocyte,549,32.0,164,10_60296002_60299097,5903,Psap,0.1951219512195122
859873,7740,Brain_Non-Myeloid_astrocyte,549,9.0,207,10_60296002_60299097,5903,Psap,0.043478260869565216
859874,7741,Brain_Non-Myeloid_astrocyte,549,8.0,68,10_60296002_60299097,5903,Psap,0.11764705882352941
859875,7742,Brain_Non-Myeloid_astrocyte,549,2.0,31,10_60296002_60299097,5903,Psap,0.06451612903225806
859876,7743,Brain_Non-Myeloid_astrocyte,549,12.0,27,10_60296002_60299097,5903,Psap,0.4444444444444444
859877,7746,Brain_Non-Myeloid_astrocyte,549,61.0,209,10_60296002_60299097,5903,Psap,0.291866028708134
859878,7748,Brain_Non-Myeloid_astrocyte,549,15.0,30,10_60296002_60299097,5903,Psap,0.5
859879,7749,Brain_Non-Myeloid_astrocyte,549,6.0,161,10_60296002_60299097,5903,Psap,0.037267080745341616
859880,7750,Brain_Non-Myeloid_astrocyte,549,38.0,39,10_60296002_60299097,5903,Psap,0.9743589743589743
859881,7752,Brain_Non-Myeloid_astrocyte,549,1.0,32,10_60296002_60299097,5903,Psap,0.03125
859882,7754,Brain_Non-Myeloid_astrocyte,549,5.0,101,10_60296002_60299097,5903,Psap,0.04950495049504951
859883,7756,Brain_Non-Myeloid_astrocyte,549,1.0,30,10_60296002_60299097,5903,Psap,0.03333333333333333
859884,7757,Brain_Non-Myeloid_astrocyte,549,58.0,253,10_60296002_60299097,5903,Psap,0.22924901185770752
859885,7758,Brain_Non-Myeloid_astrocyte,549,17.0,57,10_60296002_60299097,5903,Psap,0.2982456140350877
859886,7761,Brain_Non-Myeloid_astrocyte,549,1.0,119,10_60296002_60299097,5903,Psap,0.008403361344537815
859887,7762,Brain_Non-Myeloid_astrocyte,549,1.0,40,10_60296002_60299097,5903,Psap,0.025
859888,7763,Brain_Non-Myeloid_astrocyte,549,20.0,104,10_60296002_60299097,5903,Psap,0.19230769230769232
859889,7765,Brain_Non-Myeloid_astrocyte,549,38.0,678,10_60296002_60299097,5903,Psap,0.05604719764011799
859890,7768,Brain_Non-Myeloid_astrocyte,549,76.0,272,10_60296002_60299097,5903,Psap,0.27941176470588236
859891,7769,Brain_Non-Myeloid_astrocyte,549,66.0,191,10_60296002_60299097,5903,Psap,0.34554973821989526
859892,7770,Brain_Non-Myeloid_astrocyte,549,9.0,72,10_60296002_60299097,5903,Psap,0.125
859893,7772,Brain_Non-Myeloid_astrocyte,549,1.0,17,10_60296002_60299097,5903,Psap,0.058823529411764705
859894,7773,Brain_Non-Myeloid_astrocyte,549,5.0,337,10_60296002_60299097,5903,Psap,0.01483679525222552
859895,7774,Brain_Non-Myeloid_astrocyte,549,122.0,270,10_60296002_60299097,5903,Psap,0.45185185185185184
859896,7776,Brain_Non-Myeloid_astrocyte,549,22.0,105,10_60296002_60299097,5903,Psap,0.20952380952380953
859897,7777,Brain_Non-Myeloid_astrocyte,549,1.0,1,10_60296002_60299097,5903,Psap,1.0
859898,7778,Brain_Non-Myeloid_astrocyte,549,11.0,129,10_60296002_60299097,5903,Psap,0.08527131782945736
859899,7779,Brain_Non-Myeloid_astrocyte,549,6.0,35,10_60296002_60299097,5903,Psap,0.17142857142857143
859900,7781,Brain_Non-Myeloid_astrocyte,549,4.0,4,10_60296002_60299097,5903,Psap,1.0
859901,7782,Brain_Non-Myeloid_astrocyte,549,8.0,164,10_60296002_60299097,5903,Psap,0.04878048780487805
859902,7784,Brain_Non-Myeloid_astrocyte,549,2.0,82,10_60296002_60299097,5903,Psap,0.024390243902439025
859903,7785,Brain_Non-Myeloid_astrocyte,549,1.0,9,10_60296002_60299097,5903,Psap,0.1111111111111111
859904,7787,Brain_Non-Myeloid_astrocyte,549,1.0,132,10_60296002_60299097,5903,Psap,0.007575757575757576
859905,7789,Brain_Non-Myeloid_astrocyte,549,22.0,162,10_60296002_60299097,5903,Psap,0.13580246913580246
859906,7790,Brain_Non-Myeloid_astrocyte,549,3.0,30,10_60296002_60299097,5903,Psap,0.1
859907,7791,Brain_Non-Myeloid_astrocyte,549,9.0,132,10_60296002_60299097,5903,Psap,0.06818181818181818
859908,7792,Brain_Non-Myeloid_astrocyte,549,3.0,24,10_60296002_60299097,5903,Psap,0.125
859909,7794,Brain_Non-Myeloid_astrocyte,549,55.0,395,10_60296002_60299097,5903,Psap,0.13924050632911392
859910,7795,Brain_Non-Myeloid_astrocyte,549,20.0,187,10_60296002_60299097,5903,Psap,0.10695187165775401
859911,7796,Brain_Non-Myeloid_astrocyte,549,3.0,80,10_60296002_60299097,5903,Psap,0.0375
859912,7797,Brain_Non-Myeloid_astrocyte,549,2.0,20,10_60296002_60299097,5903,Psap,0.1
859913,7798,Brain_Non-Myeloid_astrocyte,549,13.0,53,10_60296002_60299097,5903,Psap,0.24528301886792453
859914,7799,Brain_Non-Myeloid_astrocyte,549,1.0,66,10_60296002_60299097,5903,Psap,0.015151515151515152
859915,7800,Brain_Non-Myeloid_astrocyte,549,11.0,82,10_60296002_60299097,5903,Psap,0.13414634146341464
859916,7801,Brain_Non-Myeloid_astrocyte,549,2.0,27,10_60296002_60299097,5903,Psap,0.07407407407407407
859917,7802,Brain_Non-Myeloid_astrocyte,549,15.0,97,10_60296002_60299097,5903,Psap,0.15463917525773196
859918,7803,Brain_Non-Myeloid_astrocyte,549,29.0,333,10_60296002_60299097,5903,Psap,0.08708708708708708
859919,7805,Brain_Non-Myeloid_astrocyte,549,12.0,49,10_60296002_60299097,5903,Psap,0.24489795918367346
859920,7806,Brain_Non-Myeloid_astrocyte,549,2.0,12,10_60296002_60299097,5903,Psap,0.16666666666666666
859921,7808,Brain_Non-Myeloid_astrocyte,549,10.0,28,10_60296002_60299097,5903,Psap,0.35714285714285715
859922,7809,Brain_Non-Myeloid_astrocyte,549,3.0,87,10_60296002_60299097,5903,Psap,0.034482758620689655
859923,7810,Brain_Non-Myeloid_astrocyte,549,2.0,29,10_60296002_60299097,5903,Psap,0.06896551724137931
859924,7811,Brain_Non-Myeloid_astrocyte,549,1.0,113,10_60296002_60299097,5903,Psap,0.008849557522123894
859925,7813,Brain_Non-Myeloid_astrocyte,549,1.0,23,10_60296002_60299097,5903,Psap,0.043478260869565216
859926,7814,Brain_Non-Myeloid_astrocyte,549,28.0,54,10_60296002_60299097,5903,Psap,0.5185185185185185
859927,7815,Brain_Non-Myeloid_astrocyte,549,21.0,21,10_60296002_60299097,5903,Psap,1.0
859928,168,Brain_Non-Myeloid_oligodendrocyte_precursor_cell,549,0.0,2,10_60296002_60299097,5903,Psap,0.0
859929,170,Brain_Non-Myeloid_oligodendrocyte_precursor_cell,549,0.0,33,10_60296002_60299097,5903,Psap,0.0
859930,179,Brain_Non-Myeloid_oligodendrocyte_precursor_cell,549,0.0,22,10_60296002_60299097,5903,Psap,0.0
859931,1112,Brain_Non-Myeloid_oligodendrocyte,549,0.0,2,10_60296002_60299097,5903,Psap,0.0
859932,1140,Brain_Non-Myeloid_oligodendrocyte,549,0.0,15,10_60296002_60299097,5903,Psap,0.0
859933,1303,Brain_Non-Myeloid_oligodendrocyte,549,0.0,81,10_60296002_60299097,5903,Psap,0.0
859934,1411,Brain_Non-Myeloid_oligodendrocyte,549,0.0,15,10_60296002_60299097,5903,Psap,0.0
859935,1499,Brain_Non-Myeloid_oligodendrocyte,549,0.0,3,10_60296002_60299097,5903,Psap,0.0
859936,1539,Brain_Non-Myeloid_oligodendrocyte,549,0.0,65,10_60296002_60299097,5903,Psap,0.0
859937,2221,Brain_Non-Myeloid_oligodendrocyte,549,0.0,31,10_60296002_60299097,5903,Psap,0.0
859938,2332,Brain_Non-Myeloid_oligodendrocyte,549,0.0,20,10_60296002_60299097,5903,Psap,0.0
859939,2351,Brain_Non-Myeloid_oligodendrocyte,549,0.0,1,10_60296002_60299097,5903,Psap,0.0
859940,2632,Brain_Non-Myeloid_oligodendrocyte,549,0.0,2,10_60296002_60299097,5903,Psap,0.0
859941,2636,Brain_Non-Myeloid_oligodendrocyte,549,0.0,2,10_60296002_60299097,5903,Psap,0.0
859942,2648,Brain_Non-Myeloid_neuron,549,0.0,2,10_60296002_60299097,5903,Psap,0.0
859943,2665,Brain_Non-Myeloid_neuron,549,0.0,12,10_60296002_60299097,5903,Psap,0.0
859944,2669,Brain_Non-Myeloid_neuron,549,0.0,18,10_60296002_60299097,5903,Psap,0.0
859945,2671,Brain_Non-Myeloid_neuron,549,0.0,1,10_60296002_60299097,5903,Psap,0.0
859946,2672,Brain_Non-Myeloid_neuron,549,0.0,10,10_60296002_60299097,5903,Psap,0.0
859947,2673,Brain_Non-Myeloid_neuron,549,0.0,19,10_60296002_60299097,5903,Psap,0.0
859948,2675,Brain_Non-Myeloid_neuron,549,0.0,35,10_60296002_60299097,5903,Psap,0.0
859949,2689,Brain_Non-Myeloid_neuron,549,0.0,7,10_60296002_60299097,5903,Psap,0.0
859950,2690,Brain_Non-Myeloid_neuron,549,0.0,7,10_60296002_60299097,5903,Psap,0.0
859951,2691,Brain_Non-Myeloid_neuron,549,0.0,5,10_60296002_60299097,5903,Psap,0.0
859952,2709,Brain_Non-Myeloid_neuron,549,0.0,8,10_60296002_60299097,5903,Psap,0.0
859953,2747,Brain_Non-Myeloid_neuron,549,0.0,3,10_60296002_60299097,5903,Psap,0.0
859954,2752,Brain_Non-Myeloid_neuron,549,0.0,17,10_60296002_60299097,5903,Psap,0.0
859955,2755,Brain_Non-Myeloid_neuron,549,0.0,4,10_60296002_60299097,5903,Psap,0.0
859956,2756,Brain_Non-Myeloid_neuron,549,0.0,10,10_60296002_60299097,5903,Psap,0.0
859957,2764,Brain_Non-Myeloid_neuron,549,0.0,28,10_60296002_60299097,5903,Psap,0.0
859958,2765,Brain_Non-Myeloid_neuron,549,0.0,28,10_60296002_60299097,5903,Psap,0.0
859959,2766,Brain_Non-Myeloid_neuron,549,0.0,7,10_60296002_60299097,5903,Psap,0.0
859960,2767,Brain_Non-Myeloid_neuron,549,0.0,5,10_60296002_60299097,5903,Psap,0.0
859961,2771,Brain_Non-Myeloid_neuron,549,0.0,2,10_60296002_60299097,5903,Psap,0.0
859962,2772,Brain_Non-Myeloid_neuron,549,0.0,25,10_60296002_60299097,5903,Psap,0.0
859963,2776,Brain_Non-Myeloid_neuron,549,0.0,36,10_60296002_60299097,5903,Psap,0.0
859964,2784,Brain_Non-Myeloid_neuron,549,0.0,18,10_60296002_60299097,5903,Psap,0.0
859965,2785,Brain_Non-Myeloid_neuron,549,0.0,4,10_60296002_60299097,5903,Psap,0.0
859966,2788,Brain_Non-Myeloid_neuron,549,0.0,25,10_60296002_60299097,5903,Psap,0.0
859967,2791,Brain_Non-Myeloid_neuron,549,0.0,72,10_60296002_60299097,5903,Psap,0.0
859968,2802,Brain_Non-Myeloid_neuron,549,0.0,8,10_60296002_60299097,5903,Psap,0.0
859969,2811,Brain_Non-Myeloid_neuron,549,0.0,16,10_60296002_60299097,5903,Psap,0.0
859970,2823,Brain_Non-Myeloid_neuron,549,0.0,2,10_60296002_60299097,5903,Psap,0.0
859971,2824,Brain_Non-Myeloid_neuron,549,0.0,5,10_60296002_60299097,5903,Psap,0.0
859972,2840,Brain_Non-Myeloid_neuron,549,0.0,6,10_60296002_60299097,5903,Psap,0.0
859973,2841,Brain_Non-Myeloid_neuron,549,0.0,10,10_60296002_60299097,5903,Psap,0.0
859974,2860,Brain_Non-Myeloid_neuron,549,0.0,3,10_60296002_60299097,5903,Psap,0.0
859975,2861,Brain_Non-Myeloid_neuron,549,0.0,22,10_60296002_60299097,5903,Psap,0.0
859976,2865,Brain_Non-Myeloid_neuron,549,0.0,17,10_60296002_60299097,5903,Psap,0.0
859977,2883,Brain_Non-Myeloid_neuron,549,0.0,69,10_60296002_60299097,5903,Psap,0.0
859978,2888,Brain_Non-Myeloid_neuron,549,0.0,2,10_60296002_60299097,5903,Psap,0.0
859979,2895,Brain_Non-Myeloid_neuron,549,0.0,8,10_60296002_60299097,5903,Psap,0.0
859980,2896,Brain_Non-Myeloid_neuron,549,0.0,45,10_60296002_60299097,5903,Psap,0.0
859981,2916,Brain_Non-Myeloid_neuron,549,0.0,2,10_60296002_60299097,5903,Psap,0.0
859982,2924,Brain_Non-Myeloid_neuron,549,0.0,1,10_60296002_60299097,5903,Psap,0.0
859983,2925,Brain_Non-Myeloid_neuron,549,0.0,2,10_60296002_60299097,5903,Psap,0.0
859984,2926,Brain_Non-Myeloid_neuron,549,0.0,19,10_60296002_60299097,5903,Psap,0.0
859985,3017,Brain_Myeloid_microglial_cell,549,0.0,8,10_60296002_60299097,5903,Psap,0.0
859986,7386,Brain_Non-Myeloid_astrocyte,549,0.0,13,10_60296002_60299097,5903,Psap,0.0
859987,7393,Brain_Non-Myeloid_astrocyte,549,0.0,3,10_60296002_60299097,5903,Psap,0.0
859988,7397,Brain_Non-Myeloid_astrocyte,549,0.0,12,10_60296002_60299097,5903,Psap,0.0
859989,7403,Brain_Non-Myeloid_astrocyte,549,0.0,17,10_60296002_60299097,5903,Psap,0.0
859990,7408,Brain_Non-Myeloid_astrocyte,549,0.0,1,10_60296002_60299097,5903,Psap,0.0
859991,7419,Brain_Non-Myeloid_astrocyte,549,0.0,6,10_60296002_60299097,5903,Psap,0.0
859992,7421,Brain_Non-Myeloid_astrocyte,549,0.0,17,10_60296002_60299097,5903,Psap,0.0
859993,7431,Brain_Non-Myeloid_astrocyte,549,0.0,4,10_60296002_60299097,5903,Psap,0.0
859994,7435,Brain_Non-Myeloid_astrocyte,549,0.0,18,10_60296002_60299097,5903,Psap,0.0
859995,7436,Brain_Non-Myeloid_astrocyte,549,0.0,1,10_60296002_60299097,5903,Psap,0.0
859996,7447,Brain_Non-Myeloid_astrocyte,549,0.0,10,10_60296002_60299097,5903,Psap,0.0
859997,7448,Brain_Non-Myeloid_astrocyte,549,0.0,64,10_60296002_60299097,5903,Psap,0.0
859998,7450,Brain_Non-Myeloid_astrocyte,549,0.0,13,10_60296002_60299097,5903,Psap,0.0
859999,7452,Brain_Non-Myeloid_astrocyte,549,0.0,39,10_60296002_60299097,5903,Psap,0.0
860000,7467,Brain_Non-Myeloid_astrocyte,549,0.0,56,10_60296002_60299097,5903,Psap,0.0
860001,7494,Brain_Non-Myeloid_astrocyte,549,0.0,5,10_60296002_60299097,5903,Psap,0.0
860002,7512,Brain_Non-Myeloid_astrocyte,549,0.0,3,10_60296002_60299097,5903,Psap,0.0
860003,7518,Brain_Non-Myeloid_astrocyte,549,0.0,46,10_60296002_60299097,5903,Psap,0.0
860004,7523,Brain_Non-Myeloid_astrocyte,549,0.0,11,10_60296002_60299097,5903,Psap,0.0
860005,7525,Brain_Non-Myeloid_astrocyte,549,0.0,14,10_60296002_60299097,5903,Psap,0.0
860006,7533,Brain_Non-Myeloid_astrocyte,549,0.0,24,10_60296002_60299097,5903,Psap,0.0
860007,7540,Brain_Non-Myeloid_astrocyte,549,0.0,2,10_60296002_60299097,5903,Psap,0.0
860008,7547,Brain_Non-Myeloid_astrocyte,549,0.0,12,10_60296002_60299097,5903,Psap,0.0
860009,7563,Brain_Non-Myeloid_astrocyte,549,0.0,22,10_60296002_60299097,5903,Psap,0.0
860010,7589,Brain_Non-Myeloid_astrocyte,549,0.0,12,10_60296002_60299097,5903,Psap,0.0
860011,7590,Brain_Non-Myeloid_astrocyte,549,0.0,22,10_60296002_60299097,5903,Psap,0.0
860012,7616,Brain_Non-Myeloid_astrocyte,549,0.0,3,10_60296002_60299097,5903,Psap,0.0
860013,7623,Brain_Non-Myeloid_astrocyte,549,0.0,12,10_60296002_60299097,5903,Psap,0.0
860014,7638,Brain_Non-Myeloid_astrocyte,549,0.0,17,10_60296002_60299097,5903,Psap,0.0
860015,7649,Brain_Non-Myeloid_astrocyte,549,0.0,52,10_60296002_60299097,5903,Psap,0.0
860016,7653,Brain_Non-Myeloid_astrocyte,549,0.0,42,10_60296002_60299097,5903,Psap,0.0
860017,7661,Brain_Non-Myeloid_astrocyte,549,0.0,18,10_60296002_60299097,5903,Psap,0.0
860018,7667,Brain_Non-Myeloid_astrocyte,549,0.0,4,10_60296002_60299097,5903,Psap,0.0
860019,7686,Brain_Non-Myeloid_astrocyte,549,0.0,30,10_60296002_60299097,5903,Psap,0.0
860020,7688,Brain_Non-Myeloid_astrocyte,549,0.0,108,10_60296002_60299097,5903,Psap,0.0
860021,7691,Brain_Non-Myeloid_astrocyte,549,0.0,50,10_60296002_60299097,5903,Psap,0.0
860022,7709,Brain_Non-Myeloid_astrocyte,549,0.0,26,10_60296002_60299097,5903,Psap,0.0
860023,7710,Brain_Non-Myeloid_astrocyte,549,0.0,30,10_60296002_60299097,5903,Psap,0.0
860024,7712,Brain_Non-Myeloid_astrocyte,549,0.0,23,10_60296002_60299097,5903,Psap,0.0
860025,7713,Brain_Non-Myeloid_astrocyte,549,0.0,7,10_60296002_60299097,5903,Psap,0.0
860026,7719,Brain_Non-Myeloid_astrocyte,549,0.0,6,10_60296002_60299097,5903,Psap,0.0
860027,7727,Brain_Non-Myeloid_astrocyte,549,0.0,43,10_60296002_60299097,5903,Psap,0.0
860028,7747,Brain_Non-Myeloid_astrocyte,549,0.0,17,10_60296002_60299097,5903,Psap,0.0
860029,7751,Brain_Non-Myeloid_astrocyte,549,0.0,21,10_60296002_60299097,5903,Psap,0.0
860030,7759,Brain_Non-Myeloid_astrocyte,549,0.0,18,10_60296002_60299097,5903,Psap,0.0
860031,7760,Brain_Non-Myeloid_astrocyte,549,0.0,13,10_60296002_60299097,5903,Psap,0.0
860032,7764,Brain_Non-Myeloid_astrocyte,549,0.0,30,10_60296002_60299097,5903,Psap,0.0
860033,7766,Brain_Non-Myeloid_astrocyte,549,0.0,6,10_60296002_60299097,5903,Psap,0.0
860034,7767,Brain_Non-Myeloid_astrocyte,549,0.0,11,10_60296002_60299097,5903,Psap,0.0
860035,7780,Brain_Non-Myeloid_astrocyte,549,0.0,3,10_60296002_60299097,5903,Psap,0.0
860036,7783,Brain_Non-Myeloid_astrocyte,549,0.0,8,10_60296002_60299097,5903,Psap,0.0
860037,7786,Brain_Non-Myeloid_astrocyte,549,0.0,32,10_60296002_60299097,5903,Psap,0.0
860038,7788,Brain_Non-Myeloid_astrocyte,549,0.0,8,10_60296002_60299097,5903,Psap,0.0
860039,7807,Brain_Non-Myeloid_astrocyte,549,0.0,1,10_60296002_60299097,5903,Psap,0.0
