,cell_id_index,cell_type,junction_id_index,junc_count,cluster_count,junction_id,Cluster,gene_id,junc_ratio
845244,0,Brain_Non-Myeloid_brain_pericyte,548,1.0,45,10_60296002_60296304,5903,Psap,0.022222222222222223
845245,1,Brain_Non-Myeloid_brain_pericyte,548,3.0,100,10_60296002_60296304,5903,Psap,0.03
845246,2,Brain_Non-Myeloid_brain_pericyte,548,3.0,8,10_60296002_60296304,5903,Psap,0.375
845247,3,Brain_Non-Myeloid_brain_pericyte,548,2.0,220,10_60296002_60296304,5903,Psap,0.00909090909090909
845248,4,Brain_Non-Myeloid_brain_pericyte,548,7.0,661,10_60296002_60296304,5903,Psap,0.01059001512859304
845249,5,Brain_Non-Myeloid_brain_pericyte,548,4.0,115,10_60296002_60296304,5903,Psap,0.034782608695652174
845250,6,Brain_Non-Myeloid_brain_pericyte,548,2.0,64,10_60296002_60296304,5903,Psap,0.03125
845251,8,Brain_Non-Myeloid_brain_pericyte,548,1.0,82,10_60296002_60296304,5903,Psap,0.012195121951219513
845252,11,Brain_Non-Myeloid_brain_pericyte,548,4.0,386,10_60296002_60296304,5903,Psap,0.010362694300518135
845253,12,Brain_Non-Myeloid_brain_pericyte,548,3.0,347,10_60296002_60296304,5903,Psap,0.008645533141210375
845254,14,Brain_Non-Myeloid_brain_pericyte,548,17.0,124,10_60296002_60296304,5903,Psap,0.13709677419354838
845255,15,Brain_Non-Myeloid_brain_pericyte,548,37.0,172,10_60296002_60296304,5903,Psap,0.21511627906976744
845256,16,Brain_Non-Myeloid_brain_pericyte,548,76.0,80,10_60296002_60296304,5903,Psap,0.95
845257,17,Brain_Non-Myeloid_brain_pericyte,548,5.0,299,10_60296002_60296304,5903,Psap,0.016722408026755852
845258,18,Brain_Non-Myeloid_brain_pericyte,548,7.0,514,10_60296002_60296304,5903,Psap,0.013618677042801557
845259,19,Brain_Non-Myeloid_brain_pericyte,548,3.0,151,10_60296002_60296304,5903,Psap,0.019867549668874173
845260,20,Brain_Non-Myeloid_brain_pericyte,548,6.0,481,10_60296002_60296304,5903,Psap,0.012474012474012475
845261,22,Brain_Non-Myeloid_brain_pericyte,548,9.0,223,10_60296002_60296304,5903,Psap,0.04035874439461883
845262,25,Brain_Non-Myeloid_brain_pericyte,548,13.0,65,10_60296002_60296304,5903,Psap,0.2
845263,27,Brain_Non-Myeloid_brain_pericyte,548,1.0,77,10_60296002_60296304,5903,Psap,0.012987012987012988
845264,28,Brain_Non-Myeloid_brain_pericyte,548,10.0,416,10_60296002_60296304,5903,Psap,0.02403846153846154
845265,30,Brain_Non-Myeloid_brain_pericyte,548,4.0,171,10_60296002_60296304,5903,Psap,0.023391812865497075
845266,31,Brain_Non-Myeloid_brain_pericyte,548,2.0,80,10_60296002_60296304,5903,Psap,0.025
845267,36,Brain_Non-Myeloid_brain_pericyte,548,6.0,444,10_60296002_60296304,5903,Psap,0.013513513513513514
845268,37,Brain_Non-Myeloid_brain_pericyte,548,4.0,272,10_60296002_60296304,5903,Psap,0.014705882352941176
845269,38,Brain_Non-Myeloid_brain_pericyte,548,2.0,57,10_60296002_60296304,5903,Psap,0.03508771929824561
845270,39,Brain_Non-Myeloid_brain_pericyte,548,3.0,63,10_60296002_60296304,5903,Psap,0.047619047619047616
845271,41,Brain_Non-Myeloid_brain_pericyte,548,3.0,122,10_60296002_60296304,5903,Psap,0.02459016393442623
845272,46,Brain_Non-Myeloid_brain_pericyte,548,5.0,17,10_60296002_60296304,5903,Psap,0.29411764705882354
845273,47,Brain_Non-Myeloid_brain_pericyte,548,32.0,182,10_60296002_60296304,5903,Psap,0.17582417582417584
845274,48,Brain_Non-Myeloid_brain_pericyte,548,30.0,67,10_60296002_60296304,5903,Psap,0.44776119402985076
845275,49,Brain_Non-Myeloid_brain_pericyte,548,37.0,396,10_60296002_60296304,5903,Psap,0.09343434343434344
845276,53,Brain_Non-Myeloid_brain_pericyte,548,3.0,50,10_60296002_60296304,5903,Psap,0.06
845277,55,Brain_Non-Myeloid_brain_pericyte,548,2.0,253,10_60296002_60296304,5903,Psap,0.007905138339920948
845278,56,Brain_Non-Myeloid_brain_pericyte,548,10.0,68,10_60296002_60296304,5903,Psap,0.14705882352941177
845279,58,Brain_Non-Myeloid_brain_pericyte,548,22.0,319,10_60296002_60296304,5903,Psap,0.06896551724137931
845280,60,Brain_Non-Myeloid_brain_pericyte,548,3.0,6,10_60296002_60296304,5903,Psap,0.5
845281,61,Brain_Non-Myeloid_brain_pericyte,548,1.0,18,10_60296002_60296304,5903,Psap,0.05555555555555555
845282,63,Brain_Non-Myeloid_brain_pericyte,548,13.0,84,10_60296002_60296304,5903,Psap,0.15476190476190477
845283,65,Brain_Non-Myeloid_brain_pericyte,548,100.0,408,10_60296002_60296304,5903,Psap,0.24509803921568626
845284,66,Brain_Non-Myeloid_brain_pericyte,548,5.0,64,10_60296002_60296304,5903,Psap,0.078125
845285,67,Brain_Non-Myeloid_brain_pericyte,548,7.0,473,10_60296002_60296304,5903,Psap,0.014799154334038054
845286,68,Brain_Non-Myeloid_brain_pericyte,548,4.0,243,10_60296002_60296304,5903,Psap,0.01646090534979424
845287,69,Brain_Non-Myeloid_brain_pericyte,548,7.0,72,10_60296002_60296304,5903,Psap,0.09722222222222222
845288,70,Brain_Non-Myeloid_brain_pericyte,548,4.0,168,10_60296002_60296304,5903,Psap,0.023809523809523808
845289,71,Brain_Non-Myeloid_brain_pericyte,548,27.0,73,10_60296002_60296304,5903,Psap,0.3698630136986301
845290,72,Brain_Non-Myeloid_brain_pericyte,548,3.0,204,10_60296002_60296304,5903,Psap,0.014705882352941176
845291,74,Brain_Non-Myeloid_brain_pericyte,548,1.0,112,10_60296002_60296304,5903,Psap,0.008928571428571428
845292,76,Brain_Non-Myeloid_brain_pericyte,548,2.0,88,10_60296002_60296304,5903,Psap,0.022727272727272728
845293,80,Brain_Non-Myeloid_brain_pericyte,548,2.0,181,10_60296002_60296304,5903,Psap,0.011049723756906077
845294,81,Brain_Non-Myeloid_brain_pericyte,548,1.0,96,10_60296002_60296304,5903,Psap,0.010416666666666666
845295,82,Brain_Non-Myeloid_brain_pericyte,548,17.0,86,10_60296002_60296304,5903,Psap,0.19767441860465115
845296,84,Brain_Non-Myeloid_brain_pericyte,548,1.0,110,10_60296002_60296304,5903,Psap,0.00909090909090909
845297,85,Brain_Non-Myeloid_brain_pericyte,548,230.0,433,10_60296002_60296304,5903,Psap,0.5311778290993071
845298,88,Brain_Non-Myeloid_brain_pericyte,548,4.0,91,10_60296002_60296304,5903,Psap,0.04395604395604396
845299,89,Brain_Non-Myeloid_brain_pericyte,548,2.0,95,10_60296002_60296304,5903,Psap,0.021052631578947368
845300,90,Brain_Non-Myeloid_brain_pericyte,548,1.0,70,10_60296002_60296304,5903,Psap,0.014285714285714285
845301,91,Brain_Non-Myeloid_brain_pericyte,548,6.0,137,10_60296002_60296304,5903,Psap,0.043795620437956206
845302,92,Brain_Non-Myeloid_brain_pericyte,548,77.0,194,10_60296002_60296304,5903,Psap,0.39690721649484534
845303,93,Brain_Non-Myeloid_brain_pericyte,548,1.0,54,10_60296002_60296304,5903,Psap,0.018518518518518517
845304,94,Brain_Non-Myeloid_brain_pericyte,548,11.0,709,10_60296002_60296304,5903,Psap,0.015514809590973202
845305,95,Brain_Non-Myeloid_brain_pericyte,548,25.0,173,10_60296002_60296304,5903,Psap,0.14450867052023122
845306,96,Brain_Non-Myeloid_brain_pericyte,548,2.0,92,10_60296002_60296304,5903,Psap,0.021739130434782608
845307,98,Brain_Non-Myeloid_brain_pericyte,548,1.0,51,10_60296002_60296304,5903,Psap,0.0196078431372549
845308,101,Brain_Non-Myeloid_brain_pericyte,548,1.0,52,10_60296002_60296304,5903,Psap,0.019230769230769232
845309,105,Brain_Non-Myeloid_brain_pericyte,548,5.0,64,10_60296002_60296304,5903,Psap,0.078125
845310,108,Brain_Non-Myeloid_brain_pericyte,548,3.0,254,10_60296002_60296304,5903,Psap,0.011811023622047244
845311,111,Brain_Non-Myeloid_brain_pericyte,548,1.0,100,10_60296002_60296304,5903,Psap,0.01
845312,112,Brain_Non-Myeloid_brain_pericyte,548,1.0,142,10_60296002_60296304,5903,Psap,0.007042253521126761
845313,113,Brain_Non-Myeloid_brain_pericyte,548,10.0,50,10_60296002_60296304,5903,Psap,0.2
845314,114,Brain_Non-Myeloid_brain_pericyte,548,36.0,485,10_60296002_60296304,5903,Psap,0.07422680412371134
845315,118,Brain_Non-Myeloid_brain_pericyte,548,2.0,88,10_60296002_60296304,5903,Psap,0.022727272727272728
845316,119,Brain_Non-Myeloid_brain_pericyte,548,5.0,142,10_60296002_60296304,5903,Psap,0.035211267605633804
845317,120,Brain_Non-Myeloid_brain_pericyte,548,1.0,110,10_60296002_60296304,5903,Psap,0.00909090909090909
845318,121,Brain_Non-Myeloid_brain_pericyte,548,4.0,168,10_60296002_60296304,5903,Psap,0.023809523809523808
845319,123,Brain_Non-Myeloid_brain_pericyte,548,1.0,73,10_60296002_60296304,5903,Psap,0.0136986301369863
845320,124,Brain_Non-Myeloid_brain_pericyte,548,13.0,38,10_60296002_60296304,5903,Psap,0.34210526315789475
845321,126,Brain_Non-Myeloid_brain_pericyte,548,2.0,63,10_60296002_60296304,5903,Psap,0.031746031746031744
845322,128,Brain_Non-Myeloid_brain_pericyte,548,1.0,24,10_60296002_60296304,5903,Psap,0.041666666666666664
845323,130,Brain_Non-Myeloid_brain_pericyte,548,17.0,77,10_60296002_60296304,5903,Psap,0.22077922077922077
845324,131,Brain_Non-Myeloid_brain_pericyte,548,37.0,61,10_60296002_60296304,5903,Psap,0.6065573770491803
845325,133,Brain_Non-Myeloid_brain_pericyte,548,1.0,70,10_60296002_60296304,5903,Psap,0.014285714285714285
845326,137,Brain_Non-Myeloid_brain_pericyte,548,15.0,264,10_60296002_60296304,5903,Psap,0.056818181818181816
845327,138,Brain_Non-Myeloid_brain_pericyte,548,1.0,142,10_60296002_60296304,5903,Psap,0.007042253521126761
845328,139,Brain_Non-Myeloid_brain_pericyte,548,1.0,128,10_60296002_60296304,5903,Psap,0.0078125
845329,140,Brain_Non-Myeloid_brain_pericyte,548,1.0,222,10_60296002_60296304,5903,Psap,0.0045045045045045045
845330,142,Brain_Non-Myeloid_brain_pericyte,548,4.0,33,10_60296002_60296304,5903,Psap,0.12121212121212122
845331,145,Brain_Non-Myeloid_brain_pericyte,548,3.0,22,10_60296002_60296304,5903,Psap,0.13636363636363635
845332,146,Brain_Non-Myeloid_brain_pericyte,548,4.0,521,10_60296002_60296304,5903,Psap,0.007677543186180422
845333,148,Brain_Non-Myeloid_brain_pericyte,548,90.0,406,10_60296002_60296304,5903,Psap,0.22167487684729065
845334,149,Brain_Non-Myeloid_brain_pericyte,548,2.0,53,10_60296002_60296304,5903,Psap,0.03773584905660377
845335,150,Brain_Non-Myeloid_brain_pericyte,548,6.0,30,10_60296002_60296304,5903,Psap,0.2
845336,151,Brain_Non-Myeloid_brain_pericyte,548,3.0,185,10_60296002_60296304,5903,Psap,0.016216216216216217
845337,152,Brain_Non-Myeloid_brain_pericyte,548,49.0,88,10_60296002_60296304,5903,Psap,0.5568181818181818
845338,154,Brain_Non-Myeloid_brain_pericyte,548,2.0,134,10_60296002_60296304,5903,Psap,0.014925373134328358
845339,156,Brain_Non-Myeloid_oligodendrocyte_precursor_cell,548,51.0,144,10_60296002_60296304,5903,Psap,0.3541666666666667
845340,157,Brain_Non-Myeloid_oligodendrocyte_precursor_cell,548,83.0,150,10_60296002_60296304,5903,Psap,0.5533333333333333
845341,158,Brain_Non-Myeloid_oligodendrocyte_precursor_cell,548,71.0,206,10_60296002_60296304,5903,Psap,0.3446601941747573
845342,159,Brain_Non-Myeloid_oligodendrocyte_precursor_cell,548,181.0,415,10_60296002_60296304,5903,Psap,0.43614457831325304
845343,160,Brain_Non-Myeloid_oligodendrocyte_precursor_cell,548,231.0,343,10_60296002_60296304,5903,Psap,0.673469387755102
845344,161,Brain_Non-Myeloid_oligodendrocyte_precursor_cell,548,132.0,222,10_60296002_60296304,5903,Psap,0.5945945945945946
845345,162,Brain_Non-Myeloid_oligodendrocyte_precursor_cell,548,138.0,263,10_60296002_60296304,5903,Psap,0.5247148288973384
845346,163,Brain_Non-Myeloid_oligodendrocyte_precursor_cell,548,594.0,614,10_60296002_60296304,5903,Psap,0.9674267100977199
845347,164,Brain_Non-Myeloid_oligodendrocyte_precursor_cell,548,5.0,18,10_60296002_60296304,5903,Psap,0.2777777777777778
845348,165,Brain_Non-Myeloid_oligodendrocyte_precursor_cell,548,53.0,107,10_60296002_60296304,5903,Psap,0.4953271028037383
845349,166,Brain_Non-Myeloid_oligodendrocyte_precursor_cell,548,102.0,392,10_60296002_60296304,5903,Psap,0.2602040816326531
845350,167,Brain_Non-Myeloid_oligodendrocyte_precursor_cell,548,137.0,288,10_60296002_60296304,5903,Psap,0.4756944444444444
845351,168,Brain_Non-Myeloid_oligodendrocyte_precursor_cell,548,2.0,2,10_60296002_60296304,5903,Psap,1.0
845352,169,Brain_Non-Myeloid_oligodendrocyte_precursor_cell,548,1.0,3,10_60296002_60296304,5903,Psap,0.3333333333333333
845353,170,Brain_Non-Myeloid_oligodendrocyte_precursor_cell,548,33.0,33,10_60296002_60296304,5903,Psap,1.0
845354,171,Brain_Non-Myeloid_oligodendrocyte_precursor_cell,548,214.0,561,10_60296002_60296304,5903,Psap,0.38146167557932265
845355,172,Brain_Non-Myeloid_oligodendrocyte_precursor_cell,548,60.0,194,10_60296002_60296304,5903,Psap,0.30927835051546393
845356,173,Brain_Non-Myeloid_oligodendrocyte_precursor_cell,548,80.0,146,10_60296002_60296304,5903,Psap,0.547945205479452
845357,174,Brain_Non-Myeloid_oligodendrocyte_precursor_cell,548,104.0,176,10_60296002_60296304,5903,Psap,0.5909090909090909
845358,175,Brain_Non-Myeloid_oligodendrocyte_precursor_cell,548,408.0,842,10_60296002_60296304,5903,Psap,0.4845605700712589
845359,176,Brain_Non-Myeloid_oligodendrocyte_precursor_cell,548,20.0,30,10_60296002_60296304,5903,Psap,0.6666666666666666
845360,177,Brain_Non-Myeloid_oligodendrocyte_precursor_cell,548,113.0,347,10_60296002_60296304,5903,Psap,0.3256484149855908
845361,178,Brain_Non-Myeloid_oligodendrocyte_precursor_cell,548,159.0,208,10_60296002_60296304,5903,Psap,0.7644230769230769
845362,179,Brain_Non-Myeloid_oligodendrocyte_precursor_cell,548,22.0,22,10_60296002_60296304,5903,Psap,1.0
845363,180,Brain_Non-Myeloid_oligodendrocyte_precursor_cell,548,829.0,1872,10_60296002_60296304,5903,Psap,0.4428418803418803
845364,181,Brain_Non-Myeloid_oligodendrocyte_precursor_cell,548,88.0,90,10_60296002_60296304,5903,Psap,0.9777777777777777
845365,182,Brain_Non-Myeloid_oligodendrocyte_precursor_cell,548,10.0,18,10_60296002_60296304,5903,Psap,0.5555555555555556
845366,183,Brain_Non-Myeloid_oligodendrocyte_precursor_cell,548,351.0,533,10_60296002_60296304,5903,Psap,0.6585365853658537
845367,184,Brain_Non-Myeloid_oligodendrocyte_precursor_cell,548,128.0,131,10_60296002_60296304,5903,Psap,0.9770992366412213
845368,186,Brain_Non-Myeloid_oligodendrocyte_precursor_cell,548,88.0,121,10_60296002_60296304,5903,Psap,0.7272727272727273
845369,187,Brain_Non-Myeloid_oligodendrocyte_precursor_cell,548,66.0,80,10_60296002_60296304,5903,Psap,0.825
845370,188,Brain_Non-Myeloid_oligodendrocyte_precursor_cell,548,97.0,149,10_60296002_60296304,5903,Psap,0.6510067114093959
845371,189,Brain_Non-Myeloid_oligodendrocyte_precursor_cell,548,85.0,140,10_60296002_60296304,5903,Psap,0.6071428571428571
845372,190,Brain_Non-Myeloid_oligodendrocyte_precursor_cell,548,36.0,56,10_60296002_60296304,5903,Psap,0.6428571428571429
845373,191,Brain_Non-Myeloid_oligodendrocyte_precursor_cell,548,75.0,163,10_60296002_60296304,5903,Psap,0.4601226993865031
845374,192,Brain_Non-Myeloid_oligodendrocyte_precursor_cell,548,77.0,174,10_60296002_60296304,5903,Psap,0.4425287356321839
845375,193,Brain_Non-Myeloid_oligodendrocyte_precursor_cell,548,116.0,395,10_60296002_60296304,5903,Psap,0.2936708860759494
845376,194,Brain_Non-Myeloid_oligodendrocyte_precursor_cell,548,61.0,136,10_60296002_60296304,5903,Psap,0.4485294117647059
845377,196,Brain_Non-Myeloid_oligodendrocyte_precursor_cell,548,166.0,220,10_60296002_60296304,5903,Psap,0.7545454545454545
845378,197,Brain_Non-Myeloid_oligodendrocyte_precursor_cell,548,1.0,53,10_60296002_60296304,5903,Psap,0.018867924528301886
845379,198,Brain_Non-Myeloid_oligodendrocyte_precursor_cell,548,80.0,232,10_60296002_60296304,5903,Psap,0.3448275862068966
845380,199,Brain_Non-Myeloid_oligodendrocyte_precursor_cell,548,188.0,272,10_60296002_60296304,5903,Psap,0.6911764705882353
845381,200,Brain_Non-Myeloid_oligodendrocyte_precursor_cell,548,43.0,71,10_60296002_60296304,5903,Psap,0.6056338028169014
845382,201,Brain_Non-Myeloid_oligodendrocyte_precursor_cell,548,110.0,113,10_60296002_60296304,5903,Psap,0.9734513274336283
845383,202,Brain_Non-Myeloid_oligodendrocyte_precursor_cell,548,59.0,113,10_60296002_60296304,5903,Psap,0.5221238938053098
845384,203,Brain_Non-Myeloid_oligodendrocyte_precursor_cell,548,182.0,289,10_60296002_60296304,5903,Psap,0.629757785467128
845385,204,Brain_Non-Myeloid_oligodendrocyte_precursor_cell,548,126.0,131,10_60296002_60296304,5903,Psap,0.9618320610687023
845386,205,Brain_Non-Myeloid_oligodendrocyte_precursor_cell,548,99.0,149,10_60296002_60296304,5903,Psap,0.6644295302013423
845387,206,Brain_Non-Myeloid_oligodendrocyte_precursor_cell,548,41.0,62,10_60296002_60296304,5903,Psap,0.6612903225806451
845388,207,Brain_Non-Myeloid_oligodendrocyte_precursor_cell,548,15.0,43,10_60296002_60296304,5903,Psap,0.3488372093023256
845389,208,Brain_Non-Myeloid_oligodendrocyte_precursor_cell,548,5.0,6,10_60296002_60296304,5903,Psap,0.8333333333333334
845390,209,Brain_Non-Myeloid_oligodendrocyte_precursor_cell,548,128.0,237,10_60296002_60296304,5903,Psap,0.540084388185654
845391,210,Brain_Non-Myeloid_oligodendrocyte_precursor_cell,548,12.0,23,10_60296002_60296304,5903,Psap,0.5217391304347826
845392,211,Brain_Non-Myeloid_oligodendrocyte_precursor_cell,548,32.0,40,10_60296002_60296304,5903,Psap,0.8
845393,212,Brain_Non-Myeloid_oligodendrocyte_precursor_cell,548,26.0,50,10_60296002_60296304,5903,Psap,0.52
845394,213,Brain_Non-Myeloid_oligodendrocyte_precursor_cell,548,394.0,815,10_60296002_60296304,5903,Psap,0.4834355828220859
845395,214,Brain_Non-Myeloid_oligodendrocyte_precursor_cell,548,24.0,94,10_60296002_60296304,5903,Psap,0.2553191489361702
845396,215,Brain_Non-Myeloid_oligodendrocyte_precursor_cell,548,89.0,118,10_60296002_60296304,5903,Psap,0.7542372881355932
845397,216,Brain_Non-Myeloid_oligodendrocyte_precursor_cell,548,113.0,335,10_60296002_60296304,5903,Psap,0.3373134328358209
845398,217,Brain_Non-Myeloid_oligodendrocyte_precursor_cell,548,150.0,286,10_60296002_60296304,5903,Psap,0.5244755244755245
845399,218,Brain_Non-Myeloid_oligodendrocyte_precursor_cell,548,32.0,42,10_60296002_60296304,5903,Psap,0.7619047619047619
845400,219,Brain_Non-Myeloid_oligodendrocyte_precursor_cell,548,29.0,43,10_60296002_60296304,5903,Psap,0.6744186046511628
845401,220,Brain_Non-Myeloid_oligodendrocyte_precursor_cell,548,48.0,166,10_60296002_60296304,5903,Psap,0.2891566265060241
845402,221,Brain_Non-Myeloid_oligodendrocyte_precursor_cell,548,48.0,155,10_60296002_60296304,5903,Psap,0.3096774193548387
845403,222,Brain_Non-Myeloid_oligodendrocyte_precursor_cell,548,32.0,167,10_60296002_60296304,5903,Psap,0.19161676646706588
845404,223,Brain_Non-Myeloid_oligodendrocyte_precursor_cell,548,64.0,129,10_60296002_60296304,5903,Psap,0.49612403100775193
845405,224,Brain_Non-Myeloid_oligodendrocyte_precursor_cell,548,271.0,336,10_60296002_60296304,5903,Psap,0.8065476190476191
845406,225,Brain_Non-Myeloid_oligodendrocyte_precursor_cell,548,414.0,789,10_60296002_60296304,5903,Psap,0.5247148288973384
845407,226,Brain_Non-Myeloid_oligodendrocyte_precursor_cell,548,28.0,240,10_60296002_60296304,5903,Psap,0.11666666666666667
845408,227,Brain_Non-Myeloid_oligodendrocyte_precursor_cell,548,186.0,225,10_60296002_60296304,5903,Psap,0.8266666666666667
845409,228,Brain_Non-Myeloid_oligodendrocyte_precursor_cell,548,25.0,38,10_60296002_60296304,5903,Psap,0.6578947368421053
845410,229,Brain_Non-Myeloid_oligodendrocyte_precursor_cell,548,35.0,37,10_60296002_60296304,5903,Psap,0.9459459459459459
845411,230,Brain_Non-Myeloid_oligodendrocyte_precursor_cell,548,73.0,96,10_60296002_60296304,5903,Psap,0.7604166666666666
845412,231,Brain_Non-Myeloid_oligodendrocyte_precursor_cell,548,103.0,120,10_60296002_60296304,5903,Psap,0.8583333333333333
845413,232,Brain_Non-Myeloid_oligodendrocyte_precursor_cell,548,8.0,31,10_60296002_60296304,5903,Psap,0.25806451612903225
845414,233,Brain_Non-Myeloid_oligodendrocyte_precursor_cell,548,172.0,465,10_60296002_60296304,5903,Psap,0.36989247311827955
845415,234,Brain_Non-Myeloid_oligodendrocyte_precursor_cell,548,89.0,181,10_60296002_60296304,5903,Psap,0.49171270718232046
845416,235,Brain_Non-Myeloid_oligodendrocyte_precursor_cell,548,556.0,814,10_60296002_60296304,5903,Psap,0.683046683046683
845417,236,Brain_Non-Myeloid_oligodendrocyte_precursor_cell,548,249.0,273,10_60296002_60296304,5903,Psap,0.9120879120879121
845418,237,Brain_Non-Myeloid_oligodendrocyte_precursor_cell,548,174.0,207,10_60296002_60296304,5903,Psap,0.8405797101449275
845419,238,Brain_Non-Myeloid_oligodendrocyte_precursor_cell,548,103.0,175,10_60296002_60296304,5903,Psap,0.5885714285714285
845420,239,Brain_Non-Myeloid_oligodendrocyte_precursor_cell,548,690.0,718,10_60296002_60296304,5903,Psap,0.9610027855153204
845421,240,Brain_Non-Myeloid_oligodendrocyte_precursor_cell,548,14.0,143,10_60296002_60296304,5903,Psap,0.0979020979020979
845422,241,Brain_Non-Myeloid_oligodendrocyte_precursor_cell,548,52.0,143,10_60296002_60296304,5903,Psap,0.36363636363636365
845423,242,Brain_Non-Myeloid_oligodendrocyte_precursor_cell,548,261.0,650,10_60296002_60296304,5903,Psap,0.4015384615384615
845424,243,Brain_Non-Myeloid_oligodendrocyte_precursor_cell,548,9.0,16,10_60296002_60296304,5903,Psap,0.5625
845425,244,Brain_Non-Myeloid_oligodendrocyte_precursor_cell,548,21.0,40,10_60296002_60296304,5903,Psap,0.525
845426,245,Brain_Non-Myeloid_oligodendrocyte_precursor_cell,548,19.0,60,10_60296002_60296304,5903,Psap,0.31666666666666665
845427,246,Brain_Non-Myeloid_oligodendrocyte_precursor_cell,548,70.0,126,10_60296002_60296304,5903,Psap,0.5555555555555556
845428,247,Brain_Non-Myeloid_oligodendrocyte_precursor_cell,548,56.0,153,10_60296002_60296304,5903,Psap,0.3660130718954248
845429,248,Brain_Non-Myeloid_oligodendrocyte_precursor_cell,548,296.0,705,10_60296002_60296304,5903,Psap,0.4198581560283688
845430,249,Brain_Non-Myeloid_oligodendrocyte_precursor_cell,548,6.0,44,10_60296002_60296304,5903,Psap,0.13636363636363635
845431,250,Brain_Non-Myeloid_oligodendrocyte_precursor_cell,548,5.0,39,10_60296002_60296304,5903,Psap,0.1282051282051282
845432,251,Brain_Non-Myeloid_oligodendrocyte_precursor_cell,548,18.0,60,10_60296002_60296304,5903,Psap,0.3
845433,252,Brain_Non-Myeloid_oligodendrocyte_precursor_cell,548,22.0,34,10_60296002_60296304,5903,Psap,0.6470588235294118
845434,253,Brain_Non-Myeloid_oligodendrocyte_precursor_cell,548,77.0,152,10_60296002_60296304,5903,Psap,0.506578947368421
845435,254,Brain_Non-Myeloid_oligodendrocyte_precursor_cell,548,248.0,283,10_60296002_60296304,5903,Psap,0.8763250883392226
845436,255,Brain_Non-Myeloid_oligodendrocyte_precursor_cell,548,104.0,186,10_60296002_60296304,5903,Psap,0.5591397849462365
845437,256,Brain_Non-Myeloid_oligodendrocyte_precursor_cell,548,91.0,155,10_60296002_60296304,5903,Psap,0.5870967741935483
845438,257,Brain_Non-Myeloid_oligodendrocyte_precursor_cell,548,127.0,257,10_60296002_60296304,5903,Psap,0.49416342412451364
845439,258,Brain_Non-Myeloid_oligodendrocyte_precursor_cell,548,96.0,422,10_60296002_60296304,5903,Psap,0.22748815165876776
845440,259,Brain_Non-Myeloid_oligodendrocyte_precursor_cell,548,15.0,89,10_60296002_60296304,5903,Psap,0.16853932584269662
845441,260,Brain_Non-Myeloid_oligodendrocyte_precursor_cell,548,174.0,656,10_60296002_60296304,5903,Psap,0.2652439024390244
845442,261,Brain_Non-Myeloid_oligodendrocyte_precursor_cell,548,95.0,159,10_60296002_60296304,5903,Psap,0.5974842767295597
845443,262,Brain_Non-Myeloid_oligodendrocyte_precursor_cell,548,321.0,477,10_60296002_60296304,5903,Psap,0.6729559748427673
845444,263,Brain_Non-Myeloid_oligodendrocyte_precursor_cell,548,1.0,5,10_60296002_60296304,5903,Psap,0.2
845445,264,Brain_Non-Myeloid_oligodendrocyte_precursor_cell,548,115.0,188,10_60296002_60296304,5903,Psap,0.6117021276595744
845446,265,Brain_Non-Myeloid_oligodendrocyte_precursor_cell,548,131.0,265,10_60296002_60296304,5903,Psap,0.49433962264150944
845447,266,Brain_Non-Myeloid_oligodendrocyte_precursor_cell,548,37.0,65,10_60296002_60296304,5903,Psap,0.5692307692307692
845448,267,Brain_Non-Myeloid_oligodendrocyte_precursor_cell,548,11.0,21,10_60296002_60296304,5903,Psap,0.5238095238095238
845449,268,Brain_Non-Myeloid_oligodendrocyte_precursor_cell,548,11.0,88,10_60296002_60296304,5903,Psap,0.125
845450,269,Brain_Non-Myeloid_oligodendrocyte_precursor_cell,548,55.0,96,10_60296002_60296304,5903,Psap,0.5729166666666666
845451,270,Brain_Non-Myeloid_oligodendrocyte_precursor_cell,548,212.0,220,10_60296002_60296304,5903,Psap,0.9636363636363636
845452,271,Brain_Non-Myeloid_oligodendrocyte_precursor_cell,548,434.0,715,10_60296002_60296304,5903,Psap,0.606993006993007
845453,272,Brain_Non-Myeloid_oligodendrocyte_precursor_cell,548,39.0,62,10_60296002_60296304,5903,Psap,0.6290322580645161
845454,273,Brain_Non-Myeloid_oligodendrocyte_precursor_cell,548,26.0,82,10_60296002_60296304,5903,Psap,0.3170731707317073
845455,274,Brain_Non-Myeloid_oligodendrocyte_precursor_cell,548,122.0,380,10_60296002_60296304,5903,Psap,0.32105263157894737
845456,275,Brain_Non-Myeloid_oligodendrocyte_precursor_cell,548,23.0,49,10_60296002_60296304,5903,Psap,0.46938775510204084
845457,276,Brain_Non-Myeloid_oligodendrocyte_precursor_cell,548,76.0,139,10_60296002_60296304,5903,Psap,0.5467625899280576
845458,277,Brain_Non-Myeloid_oligodendrocyte_precursor_cell,548,32.0,87,10_60296002_60296304,5903,Psap,0.367816091954023
845459,278,Brain_Non-Myeloid_oligodendrocyte_precursor_cell,548,5.0,19,10_60296002_60296304,5903,Psap,0.2631578947368421
845460,279,Brain_Non-Myeloid_oligodendrocyte_precursor_cell,548,151.0,208,10_60296002_60296304,5903,Psap,0.7259615384615384
845461,280,Brain_Non-Myeloid_oligodendrocyte_precursor_cell,548,130.0,178,10_60296002_60296304,5903,Psap,0.7303370786516854
845462,281,Brain_Non-Myeloid_oligodendrocyte_precursor_cell,548,21.0,33,10_60296002_60296304,5903,Psap,0.6363636363636364
845463,282,Brain_Non-Myeloid_oligodendrocyte_precursor_cell,548,105.0,145,10_60296002_60296304,5903,Psap,0.7241379310344828
845464,283,Brain_Non-Myeloid_oligodendrocyte_precursor_cell,548,27.0,42,10_60296002_60296304,5903,Psap,0.6428571428571429
845465,284,Brain_Non-Myeloid_oligodendrocyte_precursor_cell,548,54.0,136,10_60296002_60296304,5903,Psap,0.39705882352941174
845466,285,Brain_Non-Myeloid_oligodendrocyte_precursor_cell,548,359.0,657,10_60296002_60296304,5903,Psap,0.5464231354642314
845467,287,Brain_Non-Myeloid_oligodendrocyte_precursor_cell,548,78.0,177,10_60296002_60296304,5903,Psap,0.4406779661016949
845468,288,Brain_Non-Myeloid_oligodendrocyte_precursor_cell,548,323.0,414,10_60296002_60296304,5903,Psap,0.7801932367149759
845469,289,Brain_Non-Myeloid_oligodendrocyte_precursor_cell,548,57.0,104,10_60296002_60296304,5903,Psap,0.5480769230769231
845470,290,Brain_Non-Myeloid_oligodendrocyte_precursor_cell,548,254.0,341,10_60296002_60296304,5903,Psap,0.7448680351906158
845471,291,Brain_Non-Myeloid_oligodendrocyte_precursor_cell,548,150.0,277,10_60296002_60296304,5903,Psap,0.5415162454873647
845472,292,Brain_Non-Myeloid_oligodendrocyte_precursor_cell,548,250.0,605,10_60296002_60296304,5903,Psap,0.4132231404958678
845473,293,Brain_Non-Myeloid_oligodendrocyte_precursor_cell,548,326.0,455,10_60296002_60296304,5903,Psap,0.7164835164835165
845474,294,Brain_Non-Myeloid_oligodendrocyte_precursor_cell,548,23.0,27,10_60296002_60296304,5903,Psap,0.8518518518518519
845475,295,Brain_Non-Myeloid_oligodendrocyte_precursor_cell,548,288.0,392,10_60296002_60296304,5903,Psap,0.7346938775510204
845476,296,Brain_Non-Myeloid_oligodendrocyte_precursor_cell,548,117.0,119,10_60296002_60296304,5903,Psap,0.9831932773109243
845477,297,Brain_Non-Myeloid_oligodendrocyte_precursor_cell,548,71.0,102,10_60296002_60296304,5903,Psap,0.696078431372549
845478,298,Brain_Non-Myeloid_oligodendrocyte_precursor_cell,548,242.0,340,10_60296002_60296304,5903,Psap,0.711764705882353
845479,299,Brain_Non-Myeloid_oligodendrocyte_precursor_cell,548,70.0,340,10_60296002_60296304,5903,Psap,0.20588235294117646
845480,300,Brain_Non-Myeloid_oligodendrocyte_precursor_cell,548,349.0,402,10_60296002_60296304,5903,Psap,0.8681592039800995
845481,301,Brain_Non-Myeloid_oligodendrocyte_precursor_cell,548,25.0,41,10_60296002_60296304,5903,Psap,0.6097560975609756
845482,302,Brain_Non-Myeloid_oligodendrocyte_precursor_cell,548,17.0,52,10_60296002_60296304,5903,Psap,0.3269230769230769
845483,303,Brain_Non-Myeloid_oligodendrocyte_precursor_cell,548,69.0,175,10_60296002_60296304,5903,Psap,0.3942857142857143
845484,305,Brain_Non-Myeloid_oligodendrocyte_precursor_cell,548,799.0,1528,10_60296002_60296304,5903,Psap,0.5229057591623036
845485,306,Brain_Non-Myeloid_oligodendrocyte_precursor_cell,548,24.0,33,10_60296002_60296304,5903,Psap,0.7272727272727273
845486,307,Brain_Non-Myeloid_oligodendrocyte_precursor_cell,548,31.0,59,10_60296002_60296304,5903,Psap,0.5254237288135594
845487,308,Brain_Non-Myeloid_oligodendrocyte_precursor_cell,548,48.0,105,10_60296002_60296304,5903,Psap,0.45714285714285713
845488,309,Brain_Non-Myeloid_oligodendrocyte_precursor_cell,548,17.0,52,10_60296002_60296304,5903,Psap,0.3269230769230769
845489,310,Brain_Non-Myeloid_oligodendrocyte_precursor_cell,548,8.0,74,10_60296002_60296304,5903,Psap,0.10810810810810811
845490,311,Brain_Non-Myeloid_oligodendrocyte_precursor_cell,548,57.0,65,10_60296002_60296304,5903,Psap,0.8769230769230769
845491,312,Brain_Non-Myeloid_oligodendrocyte_precursor_cell,548,90.0,378,10_60296002_60296304,5903,Psap,0.23809523809523808
845492,313,Brain_Non-Myeloid_oligodendrocyte_precursor_cell,548,113.0,149,10_60296002_60296304,5903,Psap,0.7583892617449665
845493,314,Brain_Non-Myeloid_oligodendrocyte_precursor_cell,548,642.0,1320,10_60296002_60296304,5903,Psap,0.4863636363636364
845494,315,Brain_Non-Myeloid_oligodendrocyte_precursor_cell,548,628.0,2361,10_60296002_60296304,5903,Psap,0.265988987717069
845495,316,Brain_Non-Myeloid_oligodendrocyte_precursor_cell,548,38.0,85,10_60296002_60296304,5903,Psap,0.4470588235294118
845496,317,Brain_Non-Myeloid_oligodendrocyte_precursor_cell,548,43.0,62,10_60296002_60296304,5903,Psap,0.6935483870967742
845497,318,Brain_Non-Myeloid_oligodendrocyte_precursor_cell,548,205.0,271,10_60296002_60296304,5903,Psap,0.7564575645756457
845498,319,Brain_Non-Myeloid_oligodendrocyte_precursor_cell,548,152.0,217,10_60296002_60296304,5903,Psap,0.7004608294930875
845499,320,Brain_Non-Myeloid_oligodendrocyte_precursor_cell,548,227.0,267,10_60296002_60296304,5903,Psap,0.850187265917603
845500,321,Brain_Non-Myeloid_oligodendrocyte_precursor_cell,548,162.0,167,10_60296002_60296304,5903,Psap,0.9700598802395209
845501,322,Brain_Non-Myeloid_oligodendrocyte_precursor_cell,548,56.0,124,10_60296002_60296304,5903,Psap,0.45161290322580644
845502,323,Brain_Non-Myeloid_oligodendrocyte_precursor_cell,548,23.0,37,10_60296002_60296304,5903,Psap,0.6216216216216216
845503,324,Brain_Non-Myeloid_oligodendrocyte_precursor_cell,548,25.0,32,10_60296002_60296304,5903,Psap,0.78125
845504,325,Brain_Non-Myeloid_oligodendrocyte_precursor_cell,548,30.0,105,10_60296002_60296304,5903,Psap,0.2857142857142857
845505,326,Brain_Non-Myeloid_oligodendrocyte_precursor_cell,548,70.0,185,10_60296002_60296304,5903,Psap,0.3783783783783784
845506,327,Brain_Non-Myeloid_oligodendrocyte_precursor_cell,548,241.0,320,10_60296002_60296304,5903,Psap,0.753125
845507,328,Brain_Non-Myeloid_oligodendrocyte_precursor_cell,548,198.0,445,10_60296002_60296304,5903,Psap,0.4449438202247191
845508,329,Brain_Non-Myeloid_oligodendrocyte_precursor_cell,548,74.0,119,10_60296002_60296304,5903,Psap,0.6218487394957983
845509,330,Brain_Non-Myeloid_oligodendrocyte_precursor_cell,548,50.0,81,10_60296002_60296304,5903,Psap,0.6172839506172839
845510,331,Brain_Non-Myeloid_oligodendrocyte_precursor_cell,548,72.0,85,10_60296002_60296304,5903,Psap,0.8470588235294118
845511,332,Brain_Non-Myeloid_oligodendrocyte_precursor_cell,548,109.0,139,10_60296002_60296304,5903,Psap,0.7841726618705036
845512,333,Brain_Non-Myeloid_oligodendrocyte_precursor_cell,548,51.0,80,10_60296002_60296304,5903,Psap,0.6375
845513,334,Brain_Non-Myeloid_oligodendrocyte_precursor_cell,548,489.0,694,10_60296002_60296304,5903,Psap,0.7046109510086456
845514,335,Brain_Non-Myeloid_oligodendrocyte_precursor_cell,548,141.0,200,10_60296002_60296304,5903,Psap,0.705
845515,336,Brain_Non-Myeloid_oligodendrocyte_precursor_cell,548,232.0,345,10_60296002_60296304,5903,Psap,0.672463768115942
845516,337,Brain_Non-Myeloid_oligodendrocyte_precursor_cell,548,67.0,120,10_60296002_60296304,5903,Psap,0.5583333333333333
845517,338,Brain_Non-Myeloid_oligodendrocyte_precursor_cell,548,47.0,83,10_60296002_60296304,5903,Psap,0.5662650602409639
845518,339,Brain_Non-Myeloid_oligodendrocyte_precursor_cell,548,38.0,39,10_60296002_60296304,5903,Psap,0.9743589743589743
845519,340,Brain_Non-Myeloid_oligodendrocyte_precursor_cell,548,23.0,86,10_60296002_60296304,5903,Psap,0.26744186046511625
845520,341,Brain_Non-Myeloid_oligodendrocyte_precursor_cell,548,16.0,70,10_60296002_60296304,5903,Psap,0.22857142857142856
845521,342,Brain_Non-Myeloid_oligodendrocyte_precursor_cell,548,41.0,77,10_60296002_60296304,5903,Psap,0.5324675324675324
845522,343,Brain_Non-Myeloid_oligodendrocyte_precursor_cell,548,61.0,92,10_60296002_60296304,5903,Psap,0.6630434782608695
845523,344,Brain_Non-Myeloid_oligodendrocyte_precursor_cell,548,35.0,50,10_60296002_60296304,5903,Psap,0.7
845524,345,Brain_Non-Myeloid_oligodendrocyte_precursor_cell,548,28.0,50,10_60296002_60296304,5903,Psap,0.56
845525,346,Brain_Non-Myeloid_oligodendrocyte_precursor_cell,548,44.0,67,10_60296002_60296304,5903,Psap,0.6567164179104478
845526,347,Brain_Non-Myeloid_oligodendrocyte_precursor_cell,548,6.0,28,10_60296002_60296304,5903,Psap,0.21428571428571427
845527,348,Brain_Non-Myeloid_oligodendrocyte_precursor_cell,548,65.0,109,10_60296002_60296304,5903,Psap,0.5963302752293578
845528,349,Brain_Non-Myeloid_oligodendrocyte_precursor_cell,548,45.0,82,10_60296002_60296304,5903,Psap,0.5487804878048781
845529,350,Brain_Non-Myeloid_oligodendrocyte_precursor_cell,548,42.0,325,10_60296002_60296304,5903,Psap,0.12923076923076923
845530,351,Brain_Non-Myeloid_oligodendrocyte_precursor_cell,548,8.0,20,10_60296002_60296304,5903,Psap,0.4
845531,352,Brain_Non-Myeloid_oligodendrocyte_precursor_cell,548,12.0,27,10_60296002_60296304,5903,Psap,0.4444444444444444
845532,353,Brain_Non-Myeloid_oligodendrocyte_precursor_cell,548,98.0,223,10_60296002_60296304,5903,Psap,0.43946188340807174
845533,354,Brain_Non-Myeloid_oligodendrocyte_precursor_cell,548,39.0,86,10_60296002_60296304,5903,Psap,0.45348837209302323
845534,355,Brain_Non-Myeloid_oligodendrocyte_precursor_cell,548,3.0,20,10_60296002_60296304,5903,Psap,0.15
845535,356,Brain_Non-Myeloid_oligodendrocyte_precursor_cell,548,84.0,93,10_60296002_60296304,5903,Psap,0.9032258064516129
845536,357,Brain_Non-Myeloid_oligodendrocyte_precursor_cell,548,14.0,30,10_60296002_60296304,5903,Psap,0.4666666666666667
845537,358,Brain_Non-Myeloid_oligodendrocyte_precursor_cell,548,18.0,27,10_60296002_60296304,5903,Psap,0.6666666666666666
845538,1074,Brain_Non-Myeloid_oligodendrocyte,548,78.0,364,10_60296002_60296304,5903,Psap,0.21428571428571427
845539,1075,Brain_Non-Myeloid_oligodendrocyte,548,70.0,72,10_60296002_60296304,5903,Psap,0.9722222222222222
845540,1076,Brain_Non-Myeloid_oligodendrocyte,548,1.0,81,10_60296002_60296304,5903,Psap,0.012345679012345678
845541,1078,Brain_Non-Myeloid_oligodendrocyte,548,164.0,945,10_60296002_60296304,5903,Psap,0.17354497354497356
845542,1079,Brain_Non-Myeloid_oligodendrocyte,548,7.0,307,10_60296002_60296304,5903,Psap,0.02280130293159609
845543,1080,Brain_Non-Myeloid_oligodendrocyte,548,131.0,330,10_60296002_60296304,5903,Psap,0.396969696969697
845544,1081,Brain_Non-Myeloid_oligodendrocyte,548,30.0,247,10_60296002_60296304,5903,Psap,0.1214574898785425
845545,1083,Brain_Non-Myeloid_oligodendrocyte,548,69.0,527,10_60296002_60296304,5903,Psap,0.13092979127134724
845546,1084,Brain_Non-Myeloid_oligodendrocyte,548,48.0,107,10_60296002_60296304,5903,Psap,0.4485981308411215
845547,1085,Brain_Non-Myeloid_oligodendrocyte,548,9.0,52,10_60296002_60296304,5903,Psap,0.17307692307692307
845548,1087,Brain_Non-Myeloid_oligodendrocyte,548,217.0,423,10_60296002_60296304,5903,Psap,0.5130023640661938
845549,1088,Brain_Non-Myeloid_oligodendrocyte,548,41.0,343,10_60296002_60296304,5903,Psap,0.119533527696793
845550,1089,Brain_Non-Myeloid_oligodendrocyte,548,216.0,301,10_60296002_60296304,5903,Psap,0.717607973421927
845551,1090,Brain_Non-Myeloid_oligodendrocyte,548,64.0,195,10_60296002_60296304,5903,Psap,0.3282051282051282
845552,1091,Brain_Non-Myeloid_oligodendrocyte,548,2.0,22,10_60296002_60296304,5903,Psap,0.09090909090909091
845553,1092,Brain_Non-Myeloid_oligodendrocyte,548,11.0,25,10_60296002_60296304,5903,Psap,0.44
845554,1093,Brain_Non-Myeloid_oligodendrocyte,548,7.0,44,10_60296002_60296304,5903,Psap,0.1590909090909091
845555,1094,Brain_Non-Myeloid_oligodendrocyte,548,106.0,322,10_60296002_60296304,5903,Psap,0.32919254658385094
845556,1095,Brain_Non-Myeloid_oligodendrocyte,548,46.0,275,10_60296002_60296304,5903,Psap,0.16727272727272727
845557,1096,Brain_Non-Myeloid_oligodendrocyte,548,36.0,111,10_60296002_60296304,5903,Psap,0.32432432432432434
845558,1100,Brain_Non-Myeloid_oligodendrocyte,548,126.0,129,10_60296002_60296304,5903,Psap,0.9767441860465116
845559,1102,Brain_Non-Myeloid_oligodendrocyte,548,41.0,146,10_60296002_60296304,5903,Psap,0.2808219178082192
845560,1105,Brain_Non-Myeloid_oligodendrocyte,548,69.0,72,10_60296002_60296304,5903,Psap,0.9583333333333334
845561,1109,Brain_Non-Myeloid_oligodendrocyte,548,21.0,65,10_60296002_60296304,5903,Psap,0.3230769230769231
845562,1110,Brain_Non-Myeloid_oligodendrocyte,548,98.0,230,10_60296002_60296304,5903,Psap,0.4260869565217391
845563,1111,Brain_Non-Myeloid_oligodendrocyte,548,1.0,26,10_60296002_60296304,5903,Psap,0.038461538461538464
845564,1112,Brain_Non-Myeloid_oligodendrocyte,548,2.0,2,10_60296002_60296304,5903,Psap,1.0
845565,1113,Brain_Non-Myeloid_oligodendrocyte,548,303.0,708,10_60296002_60296304,5903,Psap,0.4279661016949153
845566,1114,Brain_Non-Myeloid_oligodendrocyte,548,12.0,89,10_60296002_60296304,5903,Psap,0.1348314606741573
845567,1115,Brain_Non-Myeloid_oligodendrocyte,548,3.0,319,10_60296002_60296304,5903,Psap,0.009404388714733543
845568,1116,Brain_Non-Myeloid_oligodendrocyte,548,1.0,2,10_60296002_60296304,5903,Psap,0.5
845569,1117,Brain_Non-Myeloid_oligodendrocyte,548,65.0,693,10_60296002_60296304,5903,Psap,0.09379509379509379
845570,1118,Brain_Non-Myeloid_oligodendrocyte,548,84.0,374,10_60296002_60296304,5903,Psap,0.22459893048128343
845571,1121,Brain_Non-Myeloid_oligodendrocyte,548,480.0,1640,10_60296002_60296304,5903,Psap,0.2926829268292683
845572,1122,Brain_Non-Myeloid_oligodendrocyte,548,1.0,13,10_60296002_60296304,5903,Psap,0.07692307692307693
845573,1126,Brain_Non-Myeloid_oligodendrocyte,548,158.0,1662,10_60296002_60296304,5903,Psap,0.0950661853188929
845574,1127,Brain_Non-Myeloid_oligodendrocyte,548,147.0,310,10_60296002_60296304,5903,Psap,0.47419354838709676
845575,1128,Brain_Non-Myeloid_oligodendrocyte,548,319.0,1294,10_60296002_60296304,5903,Psap,0.24652241112828438
845576,1130,Brain_Non-Myeloid_oligodendrocyte,548,3.0,198,10_60296002_60296304,5903,Psap,0.015151515151515152
845577,1133,Brain_Non-Myeloid_oligodendrocyte,548,2.0,136,10_60296002_60296304,5903,Psap,0.014705882352941176
845578,1134,Brain_Non-Myeloid_oligodendrocyte,548,76.0,702,10_60296002_60296304,5903,Psap,0.10826210826210826
845579,1135,Brain_Non-Myeloid_oligodendrocyte,548,4.0,190,10_60296002_60296304,5903,Psap,0.021052631578947368
845580,1136,Brain_Non-Myeloid_oligodendrocyte,548,31.0,105,10_60296002_60296304,5903,Psap,0.29523809523809524
845581,1137,Brain_Non-Myeloid_oligodendrocyte,548,5.0,8,10_60296002_60296304,5903,Psap,0.625
845582,1138,Brain_Non-Myeloid_oligodendrocyte,548,1.0,22,10_60296002_60296304,5903,Psap,0.045454545454545456
845583,1139,Brain_Non-Myeloid_oligodendrocyte,548,2.0,117,10_60296002_60296304,5903,Psap,0.017094017094017096
845584,1140,Brain_Non-Myeloid_oligodendrocyte,548,15.0,15,10_60296002_60296304,5903,Psap,1.0
845585,1141,Brain_Non-Myeloid_oligodendrocyte,548,9.0,81,10_60296002_60296304,5903,Psap,0.1111111111111111
845586,1142,Brain_Non-Myeloid_oligodendrocyte,548,25.0,76,10_60296002_60296304,5903,Psap,0.32894736842105265
845587,1144,Brain_Non-Myeloid_oligodendrocyte,548,5.0,232,10_60296002_60296304,5903,Psap,0.021551724137931036
845588,1146,Brain_Non-Myeloid_oligodendrocyte,548,125.0,612,10_60296002_60296304,5903,Psap,0.2042483660130719
845589,1147,Brain_Non-Myeloid_oligodendrocyte,548,19.0,127,10_60296002_60296304,5903,Psap,0.14960629921259844
845590,1148,Brain_Non-Myeloid_oligodendrocyte,548,26.0,170,10_60296002_60296304,5903,Psap,0.15294117647058825
845591,1151,Brain_Non-Myeloid_oligodendrocyte,548,96.0,522,10_60296002_60296304,5903,Psap,0.1839080459770115
845592,1152,Brain_Non-Myeloid_oligodendrocyte,548,194.0,1951,10_60296002_60296304,5903,Psap,0.09943618657098924
845593,1155,Brain_Non-Myeloid_oligodendrocyte,548,36.0,653,10_60296002_60296304,5903,Psap,0.055130168453292494
845594,1156,Brain_Non-Myeloid_oligodendrocyte,548,2.0,69,10_60296002_60296304,5903,Psap,0.028985507246376812
845595,1157,Brain_Non-Myeloid_oligodendrocyte,548,2.0,3,10_60296002_60296304,5903,Psap,0.6666666666666666
845596,1158,Brain_Non-Myeloid_oligodendrocyte,548,2.0,113,10_60296002_60296304,5903,Psap,0.017699115044247787
845597,1159,Brain_Non-Myeloid_oligodendrocyte,548,197.0,395,10_60296002_60296304,5903,Psap,0.49873417721518987
845598,1160,Brain_Non-Myeloid_oligodendrocyte,548,32.0,223,10_60296002_60296304,5903,Psap,0.14349775784753363
845599,1161,Brain_Non-Myeloid_oligodendrocyte,548,305.0,521,10_60296002_60296304,5903,Psap,0.5854126679462572
845600,1162,Brain_Non-Myeloid_oligodendrocyte,548,6.0,27,10_60296002_60296304,5903,Psap,0.2222222222222222
845601,1163,Brain_Non-Myeloid_oligodendrocyte,548,63.0,416,10_60296002_60296304,5903,Psap,0.15144230769230768
845602,1164,Brain_Non-Myeloid_oligodendrocyte,548,302.0,492,10_60296002_60296304,5903,Psap,0.6138211382113821
845603,1165,Brain_Non-Myeloid_oligodendrocyte,548,79.0,177,10_60296002_60296304,5903,Psap,0.4463276836158192
845604,1166,Brain_Non-Myeloid_oligodendrocyte,548,295.0,912,10_60296002_60296304,5903,Psap,0.32346491228070173
845605,1167,Brain_Non-Myeloid_oligodendrocyte,548,11.0,163,10_60296002_60296304,5903,Psap,0.06748466257668712
845606,1168,Brain_Non-Myeloid_oligodendrocyte,548,9.0,77,10_60296002_60296304,5903,Psap,0.11688311688311688
845607,1169,Brain_Non-Myeloid_oligodendrocyte,548,202.0,376,10_60296002_60296304,5903,Psap,0.5372340425531915
845608,1170,Brain_Non-Myeloid_oligodendrocyte,548,230.0,1346,10_60296002_60296304,5903,Psap,0.17087667161961367
845609,1171,Brain_Non-Myeloid_oligodendrocyte,548,31.0,200,10_60296002_60296304,5903,Psap,0.155
845610,1173,Brain_Non-Myeloid_oligodendrocyte,548,40.0,386,10_60296002_60296304,5903,Psap,0.10362694300518134
845611,1174,Brain_Non-Myeloid_oligodendrocyte,548,10.0,38,10_60296002_60296304,5903,Psap,0.2631578947368421
845612,1175,Brain_Non-Myeloid_oligodendrocyte,548,21.0,709,10_60296002_60296304,5903,Psap,0.029619181946403384
845613,1176,Brain_Non-Myeloid_oligodendrocyte,548,45.0,84,10_60296002_60296304,5903,Psap,0.5357142857142857
845614,1178,Brain_Non-Myeloid_oligodendrocyte,548,5.0,329,10_60296002_60296304,5903,Psap,0.015197568389057751
845615,1179,Brain_Non-Myeloid_oligodendrocyte,548,29.0,231,10_60296002_60296304,5903,Psap,0.12554112554112554
845616,1180,Brain_Non-Myeloid_oligodendrocyte,548,8.0,105,10_60296002_60296304,5903,Psap,0.0761904761904762
845617,1182,Brain_Non-Myeloid_oligodendrocyte,548,38.0,47,10_60296002_60296304,5903,Psap,0.8085106382978723
845618,1184,Brain_Non-Myeloid_oligodendrocyte,548,1.0,26,10_60296002_60296304,5903,Psap,0.038461538461538464
845619,1185,Brain_Non-Myeloid_oligodendrocyte,548,41.0,79,10_60296002_60296304,5903,Psap,0.5189873417721519
845620,1186,Brain_Non-Myeloid_oligodendrocyte,548,2.0,56,10_60296002_60296304,5903,Psap,0.03571428571428571
845621,1187,Brain_Non-Myeloid_oligodendrocyte,548,22.0,392,10_60296002_60296304,5903,Psap,0.05612244897959184
845622,1188,Brain_Non-Myeloid_oligodendrocyte,548,17.0,135,10_60296002_60296304,5903,Psap,0.1259259259259259
845623,1189,Brain_Non-Myeloid_oligodendrocyte,548,3.0,26,10_60296002_60296304,5903,Psap,0.11538461538461539
845624,1190,Brain_Non-Myeloid_oligodendrocyte,548,45.0,227,10_60296002_60296304,5903,Psap,0.19823788546255505
845625,1191,Brain_Non-Myeloid_oligodendrocyte,548,24.0,64,10_60296002_60296304,5903,Psap,0.375
845626,1192,Brain_Non-Myeloid_oligodendrocyte,548,77.0,81,10_60296002_60296304,5903,Psap,0.9506172839506173
845627,1193,Brain_Non-Myeloid_oligodendrocyte,548,50.0,283,10_60296002_60296304,5903,Psap,0.17667844522968199
845628,1194,Brain_Non-Myeloid_oligodendrocyte,548,23.0,111,10_60296002_60296304,5903,Psap,0.2072072072072072
845629,1195,Brain_Non-Myeloid_oligodendrocyte,548,7.0,56,10_60296002_60296304,5903,Psap,0.125
845630,1196,Brain_Non-Myeloid_oligodendrocyte,548,1.0,226,10_60296002_60296304,5903,Psap,0.004424778761061947
845631,1197,Brain_Non-Myeloid_oligodendrocyte,548,92.0,526,10_60296002_60296304,5903,Psap,0.17490494296577946
845632,1198,Brain_Non-Myeloid_oligodendrocyte,548,55.0,107,10_60296002_60296304,5903,Psap,0.514018691588785
845633,1200,Brain_Non-Myeloid_oligodendrocyte,548,128.0,267,10_60296002_60296304,5903,Psap,0.4794007490636704
845634,1201,Brain_Non-Myeloid_oligodendrocyte,548,1.0,111,10_60296002_60296304,5903,Psap,0.009009009009009009
845635,1203,Brain_Non-Myeloid_oligodendrocyte,548,20.0,54,10_60296002_60296304,5903,Psap,0.37037037037037035
845636,1204,Brain_Non-Myeloid_oligodendrocyte,548,1.0,88,10_60296002_60296304,5903,Psap,0.011363636363636364
845637,1205,Brain_Non-Myeloid_oligodendrocyte,548,7.0,9,10_60296002_60296304,5903,Psap,0.7777777777777778
845638,1206,Brain_Non-Myeloid_oligodendrocyte,548,33.0,203,10_60296002_60296304,5903,Psap,0.1625615763546798
845639,1207,Brain_Non-Myeloid_oligodendrocyte,548,192.0,242,10_60296002_60296304,5903,Psap,0.7933884297520661
845640,1208,Brain_Non-Myeloid_oligodendrocyte,548,67.0,110,10_60296002_60296304,5903,Psap,0.6090909090909091
845641,1209,Brain_Non-Myeloid_oligodendrocyte,548,39.0,132,10_60296002_60296304,5903,Psap,0.29545454545454547
845642,1210,Brain_Non-Myeloid_oligodendrocyte,548,22.0,52,10_60296002_60296304,5903,Psap,0.4230769230769231
845643,1211,Brain_Non-Myeloid_oligodendrocyte,548,7.0,45,10_60296002_60296304,5903,Psap,0.15555555555555556
845644,1212,Brain_Non-Myeloid_oligodendrocyte,548,3.0,146,10_60296002_60296304,5903,Psap,0.02054794520547945
845645,1214,Brain_Non-Myeloid_oligodendrocyte,548,8.0,128,10_60296002_60296304,5903,Psap,0.0625
845646,1215,Brain_Non-Myeloid_oligodendrocyte,548,29.0,94,10_60296002_60296304,5903,Psap,0.30851063829787234
845647,1216,Brain_Non-Myeloid_oligodendrocyte,548,1.0,62,10_60296002_60296304,5903,Psap,0.016129032258064516
845648,1217,Brain_Non-Myeloid_oligodendrocyte,548,10.0,323,10_60296002_60296304,5903,Psap,0.030959752321981424
845649,1218,Brain_Non-Myeloid_oligodendrocyte,548,3.0,189,10_60296002_60296304,5903,Psap,0.015873015873015872
845650,1219,Brain_Non-Myeloid_oligodendrocyte,548,2.0,189,10_60296002_60296304,5903,Psap,0.010582010582010581
845651,1220,Brain_Non-Myeloid_oligodendrocyte,548,41.0,116,10_60296002_60296304,5903,Psap,0.35344827586206895
845652,1221,Brain_Non-Myeloid_oligodendrocyte,548,34.0,242,10_60296002_60296304,5903,Psap,0.14049586776859505
845653,1222,Brain_Non-Myeloid_oligodendrocyte,548,11.0,45,10_60296002_60296304,5903,Psap,0.24444444444444444
845654,1223,Brain_Non-Myeloid_oligodendrocyte,548,160.0,204,10_60296002_60296304,5903,Psap,0.7843137254901961
845655,1224,Brain_Non-Myeloid_oligodendrocyte,548,23.0,96,10_60296002_60296304,5903,Psap,0.23958333333333334
845656,1225,Brain_Non-Myeloid_oligodendrocyte,548,43.0,142,10_60296002_60296304,5903,Psap,0.3028169014084507
845657,1228,Brain_Non-Myeloid_oligodendrocyte,548,3.0,281,10_60296002_60296304,5903,Psap,0.010676156583629894
845658,1230,Brain_Non-Myeloid_oligodendrocyte,548,162.0,167,10_60296002_60296304,5903,Psap,0.9700598802395209
845659,1231,Brain_Non-Myeloid_oligodendrocyte,548,15.0,87,10_60296002_60296304,5903,Psap,0.1724137931034483
845660,1232,Brain_Non-Myeloid_oligodendrocyte,548,6.0,43,10_60296002_60296304,5903,Psap,0.13953488372093023
845661,1233,Brain_Non-Myeloid_oligodendrocyte,548,36.0,402,10_60296002_60296304,5903,Psap,0.08955223880597014
845662,1234,Brain_Non-Myeloid_oligodendrocyte,548,33.0,136,10_60296002_60296304,5903,Psap,0.2426470588235294
845663,1235,Brain_Non-Myeloid_oligodendrocyte,548,16.0,102,10_60296002_60296304,5903,Psap,0.1568627450980392
845664,1236,Brain_Non-Myeloid_oligodendrocyte,548,19.0,141,10_60296002_60296304,5903,Psap,0.1347517730496454
845665,1238,Brain_Non-Myeloid_oligodendrocyte,548,3.0,6,10_60296002_60296304,5903,Psap,0.5
845666,1241,Brain_Non-Myeloid_oligodendrocyte,548,11.0,610,10_60296002_60296304,5903,Psap,0.018032786885245903
845667,1242,Brain_Non-Myeloid_oligodendrocyte,548,48.0,153,10_60296002_60296304,5903,Psap,0.3137254901960784
845668,1243,Brain_Non-Myeloid_oligodendrocyte,548,3.0,227,10_60296002_60296304,5903,Psap,0.013215859030837005
845669,1245,Brain_Non-Myeloid_oligodendrocyte,548,14.0,72,10_60296002_60296304,5903,Psap,0.19444444444444445
845670,1246,Brain_Non-Myeloid_oligodendrocyte,548,76.0,335,10_60296002_60296304,5903,Psap,0.22686567164179106
845671,1247,Brain_Non-Myeloid_oligodendrocyte,548,16.0,61,10_60296002_60296304,5903,Psap,0.26229508196721313
845672,1248,Brain_Non-Myeloid_oligodendrocyte,548,188.0,422,10_60296002_60296304,5903,Psap,0.44549763033175355
845673,1249,Brain_Non-Myeloid_oligodendrocyte,548,3.0,75,10_60296002_60296304,5903,Psap,0.04
845674,1250,Brain_Non-Myeloid_oligodendrocyte,548,13.0,27,10_60296002_60296304,5903,Psap,0.48148148148148145
845675,1251,Brain_Non-Myeloid_oligodendrocyte,548,1.0,59,10_60296002_60296304,5903,Psap,0.01694915254237288
845676,1253,Brain_Non-Myeloid_oligodendrocyte,548,2.0,60,10_60296002_60296304,5903,Psap,0.03333333333333333
845677,1255,Brain_Non-Myeloid_oligodendrocyte,548,42.0,167,10_60296002_60296304,5903,Psap,0.25149700598802394
845678,1256,Brain_Non-Myeloid_oligodendrocyte,548,51.0,482,10_60296002_60296304,5903,Psap,0.10580912863070539
845679,1257,Brain_Non-Myeloid_oligodendrocyte,548,73.0,402,10_60296002_60296304,5903,Psap,0.18159203980099503
845680,1258,Brain_Non-Myeloid_oligodendrocyte,548,35.0,315,10_60296002_60296304,5903,Psap,0.1111111111111111
845681,1259,Brain_Non-Myeloid_oligodendrocyte,548,22.0,106,10_60296002_60296304,5903,Psap,0.20754716981132076
845682,1260,Brain_Non-Myeloid_oligodendrocyte,548,9.0,51,10_60296002_60296304,5903,Psap,0.17647058823529413
845683,1261,Brain_Non-Myeloid_oligodendrocyte,548,91.0,328,10_60296002_60296304,5903,Psap,0.2774390243902439
845684,1262,Brain_Non-Myeloid_oligodendrocyte,548,62.0,289,10_60296002_60296304,5903,Psap,0.21453287197231835
845685,1263,Brain_Non-Myeloid_oligodendrocyte,548,114.0,719,10_60296002_60296304,5903,Psap,0.15855354659248957
845686,1264,Brain_Non-Myeloid_oligodendrocyte,548,41.0,248,10_60296002_60296304,5903,Psap,0.16532258064516128
845687,1265,Brain_Non-Myeloid_oligodendrocyte,548,4.0,102,10_60296002_60296304,5903,Psap,0.0392156862745098
845688,1266,Brain_Non-Myeloid_oligodendrocyte,548,64.0,312,10_60296002_60296304,5903,Psap,0.20512820512820512
845689,1267,Brain_Non-Myeloid_oligodendrocyte,548,14.0,53,10_60296002_60296304,5903,Psap,0.2641509433962264
845690,1269,Brain_Non-Myeloid_oligodendrocyte,548,123.0,124,10_60296002_60296304,5903,Psap,0.9919354838709677
845691,1270,Brain_Non-Myeloid_oligodendrocyte,548,2.0,140,10_60296002_60296304,5903,Psap,0.014285714285714285
845692,1271,Brain_Non-Myeloid_oligodendrocyte,548,108.0,198,10_60296002_60296304,5903,Psap,0.5454545454545454
845693,1272,Brain_Non-Myeloid_oligodendrocyte,548,31.0,173,10_60296002_60296304,5903,Psap,0.1791907514450867
845694,1273,Brain_Non-Myeloid_oligodendrocyte,548,103.0,105,10_60296002_60296304,5903,Psap,0.9809523809523809
845695,1274,Brain_Non-Myeloid_oligodendrocyte,548,10.0,291,10_60296002_60296304,5903,Psap,0.03436426116838488
845696,1276,Brain_Non-Myeloid_oligodendrocyte,548,51.0,291,10_60296002_60296304,5903,Psap,0.17525773195876287
845697,1277,Brain_Non-Myeloid_oligodendrocyte,548,59.0,190,10_60296002_60296304,5903,Psap,0.3105263157894737
845698,1280,Brain_Non-Myeloid_oligodendrocyte,548,7.0,24,10_60296002_60296304,5903,Psap,0.2916666666666667
845699,1282,Brain_Non-Myeloid_oligodendrocyte,548,17.0,76,10_60296002_60296304,5903,Psap,0.2236842105263158
845700,1283,Brain_Non-Myeloid_oligodendrocyte,548,23.0,130,10_60296002_60296304,5903,Psap,0.17692307692307693
845701,1284,Brain_Non-Myeloid_oligodendrocyte,548,89.0,115,10_60296002_60296304,5903,Psap,0.7739130434782608
845702,1285,Brain_Non-Myeloid_oligodendrocyte,548,77.0,238,10_60296002_60296304,5903,Psap,0.3235294117647059
845703,1286,Brain_Non-Myeloid_oligodendrocyte,548,1.0,134,10_60296002_60296304,5903,Psap,0.007462686567164179
845704,1287,Brain_Non-Myeloid_oligodendrocyte,548,41.0,87,10_60296002_60296304,5903,Psap,0.47126436781609193
845705,1289,Brain_Non-Myeloid_oligodendrocyte,548,117.0,304,10_60296002_60296304,5903,Psap,0.3848684210526316
845706,1290,Brain_Non-Myeloid_oligodendrocyte,548,24.0,126,10_60296002_60296304,5903,Psap,0.19047619047619047
845707,1291,Brain_Non-Myeloid_oligodendrocyte,548,3.0,141,10_60296002_60296304,5903,Psap,0.02127659574468085
845708,1292,Brain_Non-Myeloid_oligodendrocyte,548,118.0,446,10_60296002_60296304,5903,Psap,0.2645739910313901
845709,1294,Brain_Non-Myeloid_oligodendrocyte,548,10.0,42,10_60296002_60296304,5903,Psap,0.23809523809523808
845710,1295,Brain_Non-Myeloid_oligodendrocyte,548,71.0,144,10_60296002_60296304,5903,Psap,0.4930555555555556
845711,1296,Brain_Non-Myeloid_oligodendrocyte,548,16.0,86,10_60296002_60296304,5903,Psap,0.18604651162790697
845712,1297,Brain_Non-Myeloid_oligodendrocyte,548,25.0,37,10_60296002_60296304,5903,Psap,0.6756756756756757
845713,1298,Brain_Non-Myeloid_oligodendrocyte,548,22.0,752,10_60296002_60296304,5903,Psap,0.02925531914893617
845714,1299,Brain_Non-Myeloid_oligodendrocyte,548,3.0,223,10_60296002_60296304,5903,Psap,0.013452914798206279
845715,1300,Brain_Non-Myeloid_oligodendrocyte,548,30.0,148,10_60296002_60296304,5903,Psap,0.20270270270270271
845716,1301,Brain_Non-Myeloid_oligodendrocyte,548,1.0,57,10_60296002_60296304,5903,Psap,0.017543859649122806
845717,1302,Brain_Non-Myeloid_oligodendrocyte,548,4.0,145,10_60296002_60296304,5903,Psap,0.027586206896551724
845718,1303,Brain_Non-Myeloid_oligodendrocyte,548,81.0,81,10_60296002_60296304,5903,Psap,1.0
845719,1304,Brain_Non-Myeloid_oligodendrocyte,548,16.0,33,10_60296002_60296304,5903,Psap,0.48484848484848486
845720,1305,Brain_Non-Myeloid_oligodendrocyte,548,59.0,286,10_60296002_60296304,5903,Psap,0.2062937062937063
845721,1306,Brain_Non-Myeloid_oligodendrocyte,548,32.0,124,10_60296002_60296304,5903,Psap,0.25806451612903225
845722,1307,Brain_Non-Myeloid_oligodendrocyte,548,70.0,188,10_60296002_60296304,5903,Psap,0.3723404255319149
845723,1310,Brain_Non-Myeloid_oligodendrocyte,548,87.0,300,10_60296002_60296304,5903,Psap,0.29
845724,1311,Brain_Non-Myeloid_oligodendrocyte,548,21.0,129,10_60296002_60296304,5903,Psap,0.16279069767441862
845725,1312,Brain_Non-Myeloid_oligodendrocyte,548,11.0,163,10_60296002_60296304,5903,Psap,0.06748466257668712
845726,1313,Brain_Non-Myeloid_oligodendrocyte,548,5.0,27,10_60296002_60296304,5903,Psap,0.18518518518518517
845727,1314,Brain_Non-Myeloid_oligodendrocyte,548,69.0,175,10_60296002_60296304,5903,Psap,0.3942857142857143
845728,1315,Brain_Non-Myeloid_oligodendrocyte,548,16.0,93,10_60296002_60296304,5903,Psap,0.17204301075268819
845729,1316,Brain_Non-Myeloid_oligodendrocyte,548,19.0,145,10_60296002_60296304,5903,Psap,0.1310344827586207
845730,1317,Brain_Non-Myeloid_oligodendrocyte,548,44.0,134,10_60296002_60296304,5903,Psap,0.3283582089552239
845731,1318,Brain_Non-Myeloid_oligodendrocyte,548,19.0,81,10_60296002_60296304,5903,Psap,0.2345679012345679
845732,1319,Brain_Non-Myeloid_oligodendrocyte,548,6.0,18,10_60296002_60296304,5903,Psap,0.3333333333333333
845733,1320,Brain_Non-Myeloid_oligodendrocyte,548,43.0,350,10_60296002_60296304,5903,Psap,0.12285714285714286
845734,1321,Brain_Non-Myeloid_oligodendrocyte,548,2.0,106,10_60296002_60296304,5903,Psap,0.018867924528301886
845735,1322,Brain_Non-Myeloid_oligodendrocyte,548,13.0,64,10_60296002_60296304,5903,Psap,0.203125
845736,1323,Brain_Non-Myeloid_oligodendrocyte,548,7.0,249,10_60296002_60296304,5903,Psap,0.028112449799196786
845737,1324,Brain_Non-Myeloid_oligodendrocyte,548,166.0,884,10_60296002_60296304,5903,Psap,0.18778280542986425
845738,1325,Brain_Non-Myeloid_oligodendrocyte,548,30.0,122,10_60296002_60296304,5903,Psap,0.2459016393442623
845739,1327,Brain_Non-Myeloid_oligodendrocyte,548,9.0,98,10_60296002_60296304,5903,Psap,0.09183673469387756
845740,1328,Brain_Non-Myeloid_oligodendrocyte,548,12.0,57,10_60296002_60296304,5903,Psap,0.21052631578947367
845741,1330,Brain_Non-Myeloid_oligodendrocyte,548,34.0,117,10_60296002_60296304,5903,Psap,0.2905982905982906
845742,1332,Brain_Non-Myeloid_oligodendrocyte,548,170.0,651,10_60296002_60296304,5903,Psap,0.261136712749616
845743,1333,Brain_Non-Myeloid_oligodendrocyte,548,11.0,179,10_60296002_60296304,5903,Psap,0.061452513966480445
845744,1334,Brain_Non-Myeloid_oligodendrocyte,548,26.0,180,10_60296002_60296304,5903,Psap,0.14444444444444443
845745,1335,Brain_Non-Myeloid_oligodendrocyte,548,2.0,119,10_60296002_60296304,5903,Psap,0.01680672268907563
845746,1336,Brain_Non-Myeloid_oligodendrocyte,548,53.0,215,10_60296002_60296304,5903,Psap,0.24651162790697675
845747,1337,Brain_Non-Myeloid_oligodendrocyte,548,57.0,451,10_60296002_60296304,5903,Psap,0.12638580931263857
845748,1339,Brain_Non-Myeloid_oligodendrocyte,548,7.0,407,10_60296002_60296304,5903,Psap,0.0171990171990172
845749,1340,Brain_Non-Myeloid_oligodendrocyte,548,153.0,333,10_60296002_60296304,5903,Psap,0.4594594594594595
845750,1342,Brain_Non-Myeloid_oligodendrocyte,548,1.0,64,10_60296002_60296304,5903,Psap,0.015625
845751,1343,Brain_Non-Myeloid_oligodendrocyte,548,150.0,318,10_60296002_60296304,5903,Psap,0.4716981132075472
845752,1344,Brain_Non-Myeloid_oligodendrocyte,548,75.0,549,10_60296002_60296304,5903,Psap,0.1366120218579235
845753,1345,Brain_Non-Myeloid_oligodendrocyte,548,20.0,55,10_60296002_60296304,5903,Psap,0.36363636363636365
845754,1346,Brain_Non-Myeloid_oligodendrocyte,548,100.0,247,10_60296002_60296304,5903,Psap,0.4048582995951417
845755,1347,Brain_Non-Myeloid_oligodendrocyte,548,82.0,248,10_60296002_60296304,5903,Psap,0.33064516129032256
845756,1348,Brain_Non-Myeloid_oligodendrocyte,548,2.0,175,10_60296002_60296304,5903,Psap,0.011428571428571429
845757,1349,Brain_Non-Myeloid_oligodendrocyte,548,68.0,398,10_60296002_60296304,5903,Psap,0.1708542713567839
845758,1350,Brain_Non-Myeloid_oligodendrocyte,548,31.0,266,10_60296002_60296304,5903,Psap,0.11654135338345864
845759,1351,Brain_Non-Myeloid_oligodendrocyte,548,11.0,45,10_60296002_60296304,5903,Psap,0.24444444444444444
845760,1352,Brain_Non-Myeloid_oligodendrocyte,548,47.0,143,10_60296002_60296304,5903,Psap,0.32867132867132864
845761,1353,Brain_Non-Myeloid_oligodendrocyte,548,6.0,362,10_60296002_60296304,5903,Psap,0.016574585635359115
845762,1354,Brain_Non-Myeloid_oligodendrocyte,548,36.0,145,10_60296002_60296304,5903,Psap,0.2482758620689655
845763,1355,Brain_Non-Myeloid_oligodendrocyte,548,187.0,586,10_60296002_60296304,5903,Psap,0.3191126279863481
845764,1356,Brain_Non-Myeloid_oligodendrocyte,548,31.0,313,10_60296002_60296304,5903,Psap,0.09904153354632587
845765,1357,Brain_Non-Myeloid_oligodendrocyte,548,17.0,325,10_60296002_60296304,5903,Psap,0.052307692307692305
845766,1358,Brain_Non-Myeloid_oligodendrocyte,548,61.0,129,10_60296002_60296304,5903,Psap,0.4728682170542636
845767,1359,Brain_Non-Myeloid_oligodendrocyte,548,7.0,333,10_60296002_60296304,5903,Psap,0.021021021021021023
845768,1360,Brain_Non-Myeloid_oligodendrocyte,548,20.0,174,10_60296002_60296304,5903,Psap,0.11494252873563218
845769,1361,Brain_Non-Myeloid_oligodendrocyte,548,4.0,19,10_60296002_60296304,5903,Psap,0.21052631578947367
845770,1362,Brain_Non-Myeloid_oligodendrocyte,548,19.0,130,10_60296002_60296304,5903,Psap,0.14615384615384616
845771,1363,Brain_Non-Myeloid_oligodendrocyte,548,58.0,297,10_60296002_60296304,5903,Psap,0.19528619528619529
845772,1364,Brain_Non-Myeloid_oligodendrocyte,548,34.0,94,10_60296002_60296304,5903,Psap,0.3617021276595745
845773,1365,Brain_Non-Myeloid_oligodendrocyte,548,48.0,608,10_60296002_60296304,5903,Psap,0.07894736842105263
845774,1366,Brain_Non-Myeloid_oligodendrocyte,548,2.0,39,10_60296002_60296304,5903,Psap,0.05128205128205128
845775,1367,Brain_Non-Myeloid_oligodendrocyte,548,15.0,107,10_60296002_60296304,5903,Psap,0.14018691588785046
845776,1368,Brain_Non-Myeloid_oligodendrocyte,548,6.0,392,10_60296002_60296304,5903,Psap,0.015306122448979591
845777,1369,Brain_Non-Myeloid_oligodendrocyte,548,30.0,152,10_60296002_60296304,5903,Psap,0.19736842105263158
845778,1370,Brain_Non-Myeloid_oligodendrocyte,548,65.0,460,10_60296002_60296304,5903,Psap,0.14130434782608695
845779,1371,Brain_Non-Myeloid_oligodendrocyte,548,3.0,72,10_60296002_60296304,5903,Psap,0.041666666666666664
845780,1372,Brain_Non-Myeloid_oligodendrocyte,548,46.0,137,10_60296002_60296304,5903,Psap,0.3357664233576642
845781,1373,Brain_Non-Myeloid_oligodendrocyte,548,1.0,196,10_60296002_60296304,5903,Psap,0.00510204081632653
845782,1375,Brain_Non-Myeloid_oligodendrocyte,548,99.0,188,10_60296002_60296304,5903,Psap,0.526595744680851
845783,1376,Brain_Non-Myeloid_oligodendrocyte,548,15.0,90,10_60296002_60296304,5903,Psap,0.16666666666666666
845784,1377,Brain_Non-Myeloid_oligodendrocyte,548,23.0,114,10_60296002_60296304,5903,Psap,0.20175438596491227
845785,1378,Brain_Non-Myeloid_oligodendrocyte,548,264.0,609,10_60296002_60296304,5903,Psap,0.43349753694581283
845786,1379,Brain_Non-Myeloid_oligodendrocyte,548,1.0,114,10_60296002_60296304,5903,Psap,0.008771929824561403
845787,1380,Brain_Non-Myeloid_oligodendrocyte,548,7.0,126,10_60296002_60296304,5903,Psap,0.05555555555555555
845788,1381,Brain_Non-Myeloid_oligodendrocyte,548,54.0,247,10_60296002_60296304,5903,Psap,0.21862348178137653
845789,1382,Brain_Non-Myeloid_oligodendrocyte,548,1.0,20,10_60296002_60296304,5903,Psap,0.05
845790,1383,Brain_Non-Myeloid_oligodendrocyte,548,38.0,163,10_60296002_60296304,5903,Psap,0.2331288343558282
845791,1384,Brain_Non-Myeloid_oligodendrocyte,548,138.0,424,10_60296002_60296304,5903,Psap,0.32547169811320753
845792,1385,Brain_Non-Myeloid_oligodendrocyte,548,17.0,39,10_60296002_60296304,5903,Psap,0.4358974358974359
845793,1386,Brain_Non-Myeloid_oligodendrocyte,548,77.0,152,10_60296002_60296304,5903,Psap,0.506578947368421
845794,1387,Brain_Non-Myeloid_oligodendrocyte,548,26.0,225,10_60296002_60296304,5903,Psap,0.11555555555555555
845795,1390,Brain_Non-Myeloid_oligodendrocyte,548,2.0,176,10_60296002_60296304,5903,Psap,0.011363636363636364
845796,1392,Brain_Non-Myeloid_oligodendrocyte,548,82.0,502,10_60296002_60296304,5903,Psap,0.16334661354581673
845797,1393,Brain_Non-Myeloid_oligodendrocyte,548,142.0,412,10_60296002_60296304,5903,Psap,0.3446601941747573
845798,1394,Brain_Non-Myeloid_oligodendrocyte,548,137.0,397,10_60296002_60296304,5903,Psap,0.345088161209068
845799,1395,Brain_Non-Myeloid_oligodendrocyte,548,1.0,50,10_60296002_60296304,5903,Psap,0.02
845800,1396,Brain_Non-Myeloid_oligodendrocyte,548,187.0,593,10_60296002_60296304,5903,Psap,0.31534569983136596
845801,1397,Brain_Non-Myeloid_oligodendrocyte,548,1.0,48,10_60296002_60296304,5903,Psap,0.020833333333333332
845802,1398,Brain_Non-Myeloid_oligodendrocyte,548,8.0,161,10_60296002_60296304,5903,Psap,0.049689440993788817
845803,1400,Brain_Non-Myeloid_oligodendrocyte,548,5.0,395,10_60296002_60296304,5903,Psap,0.012658227848101266
845804,1401,Brain_Non-Myeloid_oligodendrocyte,548,38.0,138,10_60296002_60296304,5903,Psap,0.2753623188405797
845805,1402,Brain_Non-Myeloid_oligodendrocyte,548,56.0,258,10_60296002_60296304,5903,Psap,0.21705426356589147
845806,1403,Brain_Non-Myeloid_oligodendrocyte,548,11.0,798,10_60296002_60296304,5903,Psap,0.013784461152882205
845807,1404,Brain_Non-Myeloid_oligodendrocyte,548,174.0,1236,10_60296002_60296304,5903,Psap,0.1407766990291262
845808,1405,Brain_Non-Myeloid_oligodendrocyte,548,21.0,110,10_60296002_60296304,5903,Psap,0.19090909090909092
845809,1406,Brain_Non-Myeloid_oligodendrocyte,548,13.0,97,10_60296002_60296304,5903,Psap,0.13402061855670103
845810,1407,Brain_Non-Myeloid_oligodendrocyte,548,31.0,44,10_60296002_60296304,5903,Psap,0.7045454545454546
845811,1408,Brain_Non-Myeloid_oligodendrocyte,548,87.0,395,10_60296002_60296304,5903,Psap,0.22025316455696203
845812,1409,Brain_Non-Myeloid_oligodendrocyte,548,2.0,71,10_60296002_60296304,5903,Psap,0.028169014084507043
845813,1410,Brain_Non-Myeloid_oligodendrocyte,548,196.0,412,10_60296002_60296304,5903,Psap,0.47572815533980584
845814,1411,Brain_Non-Myeloid_oligodendrocyte,548,15.0,15,10_60296002_60296304,5903,Psap,1.0
845815,1412,Brain_Non-Myeloid_oligodendrocyte,548,104.0,318,10_60296002_60296304,5903,Psap,0.3270440251572327
845816,1413,Brain_Non-Myeloid_oligodendrocyte,548,25.0,81,10_60296002_60296304,5903,Psap,0.30864197530864196
845817,1414,Brain_Non-Myeloid_oligodendrocyte,548,22.0,64,10_60296002_60296304,5903,Psap,0.34375
845818,1415,Brain_Non-Myeloid_oligodendrocyte,548,125.0,529,10_60296002_60296304,5903,Psap,0.23629489603024575
845819,1416,Brain_Non-Myeloid_oligodendrocyte,548,63.0,546,10_60296002_60296304,5903,Psap,0.11538461538461539
845820,1417,Brain_Non-Myeloid_oligodendrocyte,548,65.0,669,10_60296002_60296304,5903,Psap,0.09715994020926756
845821,1418,Brain_Non-Myeloid_oligodendrocyte,548,1.0,119,10_60296002_60296304,5903,Psap,0.008403361344537815
845822,1419,Brain_Non-Myeloid_oligodendrocyte,548,30.0,302,10_60296002_60296304,5903,Psap,0.09933774834437085
845823,1420,Brain_Non-Myeloid_oligodendrocyte,548,289.0,658,10_60296002_60296304,5903,Psap,0.439209726443769
845824,1422,Brain_Non-Myeloid_oligodendrocyte,548,3.0,72,10_60296002_60296304,5903,Psap,0.041666666666666664
845825,1423,Brain_Non-Myeloid_oligodendrocyte,548,5.0,42,10_60296002_60296304,5903,Psap,0.11904761904761904
845826,1424,Brain_Non-Myeloid_oligodendrocyte,548,16.0,54,10_60296002_60296304,5903,Psap,0.2962962962962963
845827,1425,Brain_Non-Myeloid_oligodendrocyte,548,8.0,78,10_60296002_60296304,5903,Psap,0.10256410256410256
845828,1426,Brain_Non-Myeloid_oligodendrocyte,548,4.0,396,10_60296002_60296304,5903,Psap,0.010101010101010102
845829,1427,Brain_Non-Myeloid_oligodendrocyte,548,115.0,252,10_60296002_60296304,5903,Psap,0.45634920634920634
845830,1428,Brain_Non-Myeloid_oligodendrocyte,548,3.0,17,10_60296002_60296304,5903,Psap,0.17647058823529413
845831,1429,Brain_Non-Myeloid_oligodendrocyte,548,3.0,173,10_60296002_60296304,5903,Psap,0.017341040462427744
845832,1430,Brain_Non-Myeloid_oligodendrocyte,548,91.0,344,10_60296002_60296304,5903,Psap,0.26453488372093026
845833,1431,Brain_Non-Myeloid_oligodendrocyte,548,32.0,74,10_60296002_60296304,5903,Psap,0.43243243243243246
845834,1432,Brain_Non-Myeloid_oligodendrocyte,548,70.0,238,10_60296002_60296304,5903,Psap,0.29411764705882354
845835,1433,Brain_Non-Myeloid_oligodendrocyte,548,10.0,37,10_60296002_60296304,5903,Psap,0.2702702702702703
845836,1434,Brain_Non-Myeloid_oligodendrocyte,548,74.0,142,10_60296002_60296304,5903,Psap,0.5211267605633803
845837,1435,Brain_Non-Myeloid_oligodendrocyte,548,8.0,83,10_60296002_60296304,5903,Psap,0.0963855421686747
845838,1436,Brain_Non-Myeloid_oligodendrocyte,548,27.0,107,10_60296002_60296304,5903,Psap,0.2523364485981308
845839,1439,Brain_Non-Myeloid_oligodendrocyte,548,106.0,189,10_60296002_60296304,5903,Psap,0.5608465608465608
845840,1442,Brain_Non-Myeloid_oligodendrocyte,548,6.0,14,10_60296002_60296304,5903,Psap,0.42857142857142855
845841,1443,Brain_Non-Myeloid_oligodendrocyte,548,30.0,1429,10_60296002_60296304,5903,Psap,0.02099370188943317
845842,1444,Brain_Non-Myeloid_oligodendrocyte,548,4.0,167,10_60296002_60296304,5903,Psap,0.023952095808383235
845843,1445,Brain_Non-Myeloid_oligodendrocyte,548,61.0,224,10_60296002_60296304,5903,Psap,0.27232142857142855
845844,1446,Brain_Non-Myeloid_oligodendrocyte,548,23.0,152,10_60296002_60296304,5903,Psap,0.1513157894736842
845845,1447,Brain_Non-Myeloid_oligodendrocyte,548,82.0,496,10_60296002_60296304,5903,Psap,0.16532258064516128
845846,1448,Brain_Non-Myeloid_oligodendrocyte,548,2.0,92,10_60296002_60296304,5903,Psap,0.021739130434782608
845847,1449,Brain_Non-Myeloid_oligodendrocyte,548,6.0,109,10_60296002_60296304,5903,Psap,0.05504587155963303
845848,1450,Brain_Non-Myeloid_oligodendrocyte,548,21.0,106,10_60296002_60296304,5903,Psap,0.19811320754716982
845849,1453,Brain_Non-Myeloid_oligodendrocyte,548,83.0,289,10_60296002_60296304,5903,Psap,0.28719723183391005
845850,1454,Brain_Non-Myeloid_oligodendrocyte,548,7.0,265,10_60296002_60296304,5903,Psap,0.026415094339622643
845851,1455,Brain_Non-Myeloid_oligodendrocyte,548,53.0,168,10_60296002_60296304,5903,Psap,0.31547619047619047
845852,1456,Brain_Non-Myeloid_oligodendrocyte,548,85.0,296,10_60296002_60296304,5903,Psap,0.28716216216216217
845853,1457,Brain_Non-Myeloid_oligodendrocyte,548,83.0,242,10_60296002_60296304,5903,Psap,0.34297520661157027
845854,1459,Brain_Non-Myeloid_oligodendrocyte,548,23.0,72,10_60296002_60296304,5903,Psap,0.3194444444444444
845855,1460,Brain_Non-Myeloid_oligodendrocyte,548,45.0,209,10_60296002_60296304,5903,Psap,0.215311004784689
845856,1461,Brain_Non-Myeloid_oligodendrocyte,548,13.0,158,10_60296002_60296304,5903,Psap,0.08227848101265822
845857,1462,Brain_Non-Myeloid_oligodendrocyte,548,19.0,59,10_60296002_60296304,5903,Psap,0.3220338983050847
845858,1464,Brain_Non-Myeloid_oligodendrocyte,548,6.0,63,10_60296002_60296304,5903,Psap,0.09523809523809523
845859,1465,Brain_Non-Myeloid_oligodendrocyte,548,43.0,180,10_60296002_60296304,5903,Psap,0.2388888888888889
845860,1466,Brain_Non-Myeloid_oligodendrocyte,548,32.0,173,10_60296002_60296304,5903,Psap,0.18497109826589594
845861,1467,Brain_Non-Myeloid_oligodendrocyte,548,26.0,75,10_60296002_60296304,5903,Psap,0.3466666666666667
845862,1468,Brain_Non-Myeloid_oligodendrocyte,548,34.0,88,10_60296002_60296304,5903,Psap,0.38636363636363635
845863,1469,Brain_Non-Myeloid_oligodendrocyte,548,39.0,267,10_60296002_60296304,5903,Psap,0.14606741573033707
845864,1471,Brain_Non-Myeloid_oligodendrocyte,548,77.0,163,10_60296002_60296304,5903,Psap,0.4723926380368098
845865,1472,Brain_Non-Myeloid_oligodendrocyte,548,13.0,79,10_60296002_60296304,5903,Psap,0.16455696202531644
845866,1475,Brain_Non-Myeloid_oligodendrocyte,548,29.0,82,10_60296002_60296304,5903,Psap,0.35365853658536583
845867,1476,Brain_Non-Myeloid_oligodendrocyte,548,1.0,122,10_60296002_60296304,5903,Psap,0.00819672131147541
845868,1477,Brain_Non-Myeloid_oligodendrocyte,548,20.0,131,10_60296002_60296304,5903,Psap,0.15267175572519084
845869,1478,Brain_Non-Myeloid_oligodendrocyte,548,4.0,49,10_60296002_60296304,5903,Psap,0.08163265306122448
845870,1479,Brain_Non-Myeloid_oligodendrocyte,548,76.0,238,10_60296002_60296304,5903,Psap,0.31932773109243695
845871,1480,Brain_Non-Myeloid_oligodendrocyte,548,52.0,130,10_60296002_60296304,5903,Psap,0.4
845872,1481,Brain_Non-Myeloid_oligodendrocyte,548,115.0,259,10_60296002_60296304,5903,Psap,0.444015444015444
845873,1482,Brain_Non-Myeloid_oligodendrocyte,548,382.0,1319,10_60296002_60296304,5903,Psap,0.2896133434420015
845874,1483,Brain_Non-Myeloid_oligodendrocyte,548,26.0,57,10_60296002_60296304,5903,Psap,0.45614035087719296
845875,1484,Brain_Non-Myeloid_oligodendrocyte,548,5.0,180,10_60296002_60296304,5903,Psap,0.027777777777777776
845876,1485,Brain_Non-Myeloid_oligodendrocyte,548,4.0,9,10_60296002_60296304,5903,Psap,0.4444444444444444
845877,1486,Brain_Non-Myeloid_oligodendrocyte,548,49.0,263,10_60296002_60296304,5903,Psap,0.18631178707224336
845878,1487,Brain_Non-Myeloid_oligodendrocyte,548,54.0,466,10_60296002_60296304,5903,Psap,0.11587982832618025
845879,1488,Brain_Non-Myeloid_oligodendrocyte,548,34.0,195,10_60296002_60296304,5903,Psap,0.17435897435897435
845880,1489,Brain_Non-Myeloid_oligodendrocyte,548,28.0,184,10_60296002_60296304,5903,Psap,0.15217391304347827
845881,1490,Brain_Non-Myeloid_oligodendrocyte,548,114.0,258,10_60296002_60296304,5903,Psap,0.4418604651162791
845882,1491,Brain_Non-Myeloid_oligodendrocyte,548,31.0,394,10_60296002_60296304,5903,Psap,0.07868020304568528
845883,1492,Brain_Non-Myeloid_oligodendrocyte,548,136.0,259,10_60296002_60296304,5903,Psap,0.525096525096525
845884,1493,Brain_Non-Myeloid_oligodendrocyte,548,11.0,496,10_60296002_60296304,5903,Psap,0.02217741935483871
845885,1494,Brain_Non-Myeloid_oligodendrocyte,548,33.0,45,10_60296002_60296304,5903,Psap,0.7333333333333333
845886,1495,Brain_Non-Myeloid_oligodendrocyte,548,3.0,114,10_60296002_60296304,5903,Psap,0.02631578947368421
845887,1497,Brain_Non-Myeloid_oligodendrocyte,548,1.0,193,10_60296002_60296304,5903,Psap,0.0051813471502590676
845888,1498,Brain_Non-Myeloid_oligodendrocyte,548,62.0,269,10_60296002_60296304,5903,Psap,0.23048327137546468
845889,1499,Brain_Non-Myeloid_oligodendrocyte,548,3.0,3,10_60296002_60296304,5903,Psap,1.0
845890,1501,Brain_Non-Myeloid_oligodendrocyte,548,110.0,221,10_60296002_60296304,5903,Psap,0.497737556561086
845891,1502,Brain_Non-Myeloid_oligodendrocyte,548,22.0,40,10_60296002_60296304,5903,Psap,0.55
845892,1503,Brain_Non-Myeloid_oligodendrocyte,548,43.0,54,10_60296002_60296304,5903,Psap,0.7962962962962963
845893,1505,Brain_Non-Myeloid_oligodendrocyte,548,4.0,25,10_60296002_60296304,5903,Psap,0.16
845894,1506,Brain_Non-Myeloid_oligodendrocyte,548,84.0,228,10_60296002_60296304,5903,Psap,0.3684210526315789
845895,1508,Brain_Non-Myeloid_oligodendrocyte,548,106.0,1112,10_60296002_60296304,5903,Psap,0.09532374100719425
845896,1509,Brain_Non-Myeloid_oligodendrocyte,548,17.0,53,10_60296002_60296304,5903,Psap,0.32075471698113206
845897,1510,Brain_Non-Myeloid_oligodendrocyte,548,34.0,296,10_60296002_60296304,5903,Psap,0.11486486486486487
845898,1511,Brain_Non-Myeloid_oligodendrocyte,548,14.0,163,10_60296002_60296304,5903,Psap,0.08588957055214724
845899,1512,Brain_Non-Myeloid_oligodendrocyte,548,8.0,410,10_60296002_60296304,5903,Psap,0.01951219512195122
845900,1513,Brain_Non-Myeloid_oligodendrocyte,548,13.0,275,10_60296002_60296304,5903,Psap,0.04727272727272727
845901,1514,Brain_Non-Myeloid_oligodendrocyte,548,3.0,68,10_60296002_60296304,5903,Psap,0.04411764705882353
845902,1515,Brain_Non-Myeloid_oligodendrocyte,548,45.0,117,10_60296002_60296304,5903,Psap,0.38461538461538464
845903,1517,Brain_Non-Myeloid_oligodendrocyte,548,85.0,223,10_60296002_60296304,5903,Psap,0.3811659192825112
845904,1518,Brain_Non-Myeloid_oligodendrocyte,548,222.0,389,10_60296002_60296304,5903,Psap,0.570694087403599
845905,1519,Brain_Non-Myeloid_oligodendrocyte,548,25.0,146,10_60296002_60296304,5903,Psap,0.17123287671232876
845906,1521,Brain_Non-Myeloid_oligodendrocyte,548,2.0,45,10_60296002_60296304,5903,Psap,0.044444444444444446
845907,1522,Brain_Non-Myeloid_oligodendrocyte,548,36.0,108,10_60296002_60296304,5903,Psap,0.3333333333333333
845908,1523,Brain_Non-Myeloid_oligodendrocyte,548,21.0,84,10_60296002_60296304,5903,Psap,0.25
845909,1524,Brain_Non-Myeloid_oligodendrocyte,548,5.0,254,10_60296002_60296304,5903,Psap,0.01968503937007874
845910,1525,Brain_Non-Myeloid_oligodendrocyte,548,22.0,194,10_60296002_60296304,5903,Psap,0.1134020618556701
845911,1526,Brain_Non-Myeloid_oligodendrocyte,548,10.0,208,10_60296002_60296304,5903,Psap,0.04807692307692308
845912,1528,Brain_Non-Myeloid_oligodendrocyte,548,84.0,196,10_60296002_60296304,5903,Psap,0.42857142857142855
845913,1529,Brain_Non-Myeloid_oligodendrocyte,548,24.0,74,10_60296002_60296304,5903,Psap,0.32432432432432434
845914,1531,Brain_Non-Myeloid_oligodendrocyte,548,136.0,273,10_60296002_60296304,5903,Psap,0.4981684981684982
845915,1533,Brain_Non-Myeloid_oligodendrocyte,548,1.0,53,10_60296002_60296304,5903,Psap,0.018867924528301886
845916,1535,Brain_Non-Myeloid_oligodendrocyte,548,133.0,262,10_60296002_60296304,5903,Psap,0.5076335877862596
845917,1536,Brain_Non-Myeloid_oligodendrocyte,548,35.0,208,10_60296002_60296304,5903,Psap,0.16826923076923078
845918,1537,Brain_Non-Myeloid_oligodendrocyte,548,38.0,111,10_60296002_60296304,5903,Psap,0.34234234234234234
845919,1538,Brain_Non-Myeloid_oligodendrocyte,548,43.0,105,10_60296002_60296304,5903,Psap,0.4095238095238095
845920,1539,Brain_Non-Myeloid_oligodendrocyte,548,65.0,65,10_60296002_60296304,5903,Psap,1.0
845921,1540,Brain_Non-Myeloid_oligodendrocyte,548,238.0,736,10_60296002_60296304,5903,Psap,0.3233695652173913
845922,1541,Brain_Non-Myeloid_oligodendrocyte,548,96.0,1025,10_60296002_60296304,5903,Psap,0.09365853658536585
845923,1542,Brain_Non-Myeloid_oligodendrocyte,548,50.0,263,10_60296002_60296304,5903,Psap,0.19011406844106463
845924,1544,Brain_Non-Myeloid_oligodendrocyte,548,51.0,113,10_60296002_60296304,5903,Psap,0.45132743362831856
845925,1545,Brain_Non-Myeloid_oligodendrocyte,548,3.0,145,10_60296002_60296304,5903,Psap,0.020689655172413793
845926,1546,Brain_Non-Myeloid_oligodendrocyte,548,93.0,197,10_60296002_60296304,5903,Psap,0.4720812182741117
845927,1548,Brain_Non-Myeloid_oligodendrocyte,548,2.0,132,10_60296002_60296304,5903,Psap,0.015151515151515152
845928,1549,Brain_Non-Myeloid_oligodendrocyte,548,52.0,257,10_60296002_60296304,5903,Psap,0.20233463035019456
845929,1550,Brain_Non-Myeloid_oligodendrocyte,548,3.0,130,10_60296002_60296304,5903,Psap,0.023076923076923078
845930,1552,Brain_Non-Myeloid_oligodendrocyte,548,57.0,206,10_60296002_60296304,5903,Psap,0.2766990291262136
845931,1555,Brain_Non-Myeloid_oligodendrocyte,548,66.0,206,10_60296002_60296304,5903,Psap,0.32038834951456313
845932,1556,Brain_Non-Myeloid_oligodendrocyte,548,205.0,390,10_60296002_60296304,5903,Psap,0.5256410256410257
845933,1557,Brain_Non-Myeloid_oligodendrocyte,548,45.0,105,10_60296002_60296304,5903,Psap,0.42857142857142855
845934,1558,Brain_Non-Myeloid_oligodendrocyte,548,28.0,30,10_60296002_60296304,5903,Psap,0.9333333333333333
845935,1559,Brain_Non-Myeloid_oligodendrocyte,548,129.0,288,10_60296002_60296304,5903,Psap,0.4479166666666667
845936,1560,Brain_Non-Myeloid_oligodendrocyte,548,26.0,115,10_60296002_60296304,5903,Psap,0.22608695652173913
845937,1561,Brain_Non-Myeloid_oligodendrocyte,548,1.0,275,10_60296002_60296304,5903,Psap,0.0036363636363636364
845938,1562,Brain_Non-Myeloid_oligodendrocyte,548,31.0,170,10_60296002_60296304,5903,Psap,0.18235294117647058
845939,1563,Brain_Non-Myeloid_oligodendrocyte,548,21.0,97,10_60296002_60296304,5903,Psap,0.21649484536082475
845940,1564,Brain_Non-Myeloid_oligodendrocyte,548,166.0,418,10_60296002_60296304,5903,Psap,0.39712918660287083
845941,1565,Brain_Non-Myeloid_oligodendrocyte,548,19.0,119,10_60296002_60296304,5903,Psap,0.15966386554621848
845942,1566,Brain_Non-Myeloid_oligodendrocyte,548,19.0,148,10_60296002_60296304,5903,Psap,0.12837837837837837
845943,1567,Brain_Non-Myeloid_oligodendrocyte,548,71.0,380,10_60296002_60296304,5903,Psap,0.1868421052631579
845944,1568,Brain_Non-Myeloid_oligodendrocyte,548,1.0,147,10_60296002_60296304,5903,Psap,0.006802721088435374
845945,1569,Brain_Non-Myeloid_oligodendrocyte,548,28.0,215,10_60296002_60296304,5903,Psap,0.13023255813953488
845946,1570,Brain_Non-Myeloid_oligodendrocyte,548,7.0,15,10_60296002_60296304,5903,Psap,0.4666666666666667
845947,1571,Brain_Non-Myeloid_oligodendrocyte,548,28.0,390,10_60296002_60296304,5903,Psap,0.07179487179487179
845948,1572,Brain_Non-Myeloid_oligodendrocyte,548,153.0,360,10_60296002_60296304,5903,Psap,0.425
845949,1573,Brain_Non-Myeloid_oligodendrocyte,548,3.0,91,10_60296002_60296304,5903,Psap,0.03296703296703297
845950,1574,Brain_Non-Myeloid_oligodendrocyte,548,5.0,44,10_60296002_60296304,5903,Psap,0.11363636363636363
845951,1575,Brain_Non-Myeloid_oligodendrocyte,548,168.0,654,10_60296002_60296304,5903,Psap,0.25688073394495414
845952,1576,Brain_Non-Myeloid_oligodendrocyte,548,29.0,210,10_60296002_60296304,5903,Psap,0.1380952380952381
845953,1577,Brain_Non-Myeloid_oligodendrocyte,548,212.0,291,10_60296002_60296304,5903,Psap,0.7285223367697594
845954,1579,Brain_Non-Myeloid_oligodendrocyte,548,1.0,82,10_60296002_60296304,5903,Psap,0.012195121951219513
845955,1580,Brain_Non-Myeloid_oligodendrocyte,548,31.0,200,10_60296002_60296304,5903,Psap,0.155
845956,1581,Brain_Non-Myeloid_oligodendrocyte,548,51.0,103,10_60296002_60296304,5903,Psap,0.49514563106796117
845957,1582,Brain_Non-Myeloid_oligodendrocyte,548,13.0,82,10_60296002_60296304,5903,Psap,0.15853658536585366
845958,1583,Brain_Non-Myeloid_oligodendrocyte,548,79.0,121,10_60296002_60296304,5903,Psap,0.6528925619834711
845959,1584,Brain_Non-Myeloid_oligodendrocyte,548,82.0,304,10_60296002_60296304,5903,Psap,0.26973684210526316
845960,1585,Brain_Non-Myeloid_oligodendrocyte,548,37.0,279,10_60296002_60296304,5903,Psap,0.13261648745519714
845961,1586,Brain_Non-Myeloid_oligodendrocyte,548,52.0,119,10_60296002_60296304,5903,Psap,0.4369747899159664
845962,1587,Brain_Non-Myeloid_oligodendrocyte,548,40.0,131,10_60296002_60296304,5903,Psap,0.3053435114503817
845963,1588,Brain_Non-Myeloid_oligodendrocyte,548,7.0,130,10_60296002_60296304,5903,Psap,0.05384615384615385
845964,1589,Brain_Non-Myeloid_oligodendrocyte,548,100.0,315,10_60296002_60296304,5903,Psap,0.31746031746031744
845965,1591,Brain_Non-Myeloid_oligodendrocyte,548,2.0,114,10_60296002_60296304,5903,Psap,0.017543859649122806
845966,1593,Brain_Non-Myeloid_oligodendrocyte,548,1.0,34,10_60296002_60296304,5903,Psap,0.029411764705882353
845967,1594,Brain_Non-Myeloid_oligodendrocyte,548,10.0,127,10_60296002_60296304,5903,Psap,0.07874015748031496
845968,1596,Brain_Non-Myeloid_oligodendrocyte,548,40.0,62,10_60296002_60296304,5903,Psap,0.6451612903225806
845969,1597,Brain_Non-Myeloid_oligodendrocyte,548,12.0,21,10_60296002_60296304,5903,Psap,0.5714285714285714
845970,1598,Brain_Non-Myeloid_oligodendrocyte,548,1.0,65,10_60296002_60296304,5903,Psap,0.015384615384615385
845971,1600,Brain_Non-Myeloid_oligodendrocyte,548,6.0,219,10_60296002_60296304,5903,Psap,0.0273972602739726
845972,1601,Brain_Non-Myeloid_oligodendrocyte,548,12.0,85,10_60296002_60296304,5903,Psap,0.1411764705882353
845973,1603,Brain_Non-Myeloid_oligodendrocyte,548,97.0,486,10_60296002_60296304,5903,Psap,0.19958847736625515
845974,1605,Brain_Non-Myeloid_oligodendrocyte,548,88.0,338,10_60296002_60296304,5903,Psap,0.2603550295857988
845975,1606,Brain_Non-Myeloid_oligodendrocyte,548,4.0,160,10_60296002_60296304,5903,Psap,0.025
845976,1607,Brain_Non-Myeloid_oligodendrocyte,548,21.0,886,10_60296002_60296304,5903,Psap,0.023702031602708805
845977,1608,Brain_Non-Myeloid_oligodendrocyte,548,122.0,127,10_60296002_60296304,5903,Psap,0.9606299212598425
845978,1609,Brain_Non-Myeloid_oligodendrocyte,548,16.0,52,10_60296002_60296304,5903,Psap,0.3076923076923077
845979,1611,Brain_Non-Myeloid_oligodendrocyte,548,28.0,208,10_60296002_60296304,5903,Psap,0.1346153846153846
845980,1613,Brain_Non-Myeloid_oligodendrocyte,548,47.0,100,10_60296002_60296304,5903,Psap,0.47
845981,1615,Brain_Non-Myeloid_oligodendrocyte,548,19.0,122,10_60296002_60296304,5903,Psap,0.1557377049180328
845982,1616,Brain_Non-Myeloid_oligodendrocyte,548,96.0,1139,10_60296002_60296304,5903,Psap,0.08428446005267778
845983,1617,Brain_Non-Myeloid_oligodendrocyte,548,54.0,188,10_60296002_60296304,5903,Psap,0.2872340425531915
845984,1618,Brain_Non-Myeloid_oligodendrocyte,548,5.0,174,10_60296002_60296304,5903,Psap,0.028735632183908046
845985,1619,Brain_Non-Myeloid_oligodendrocyte,548,1.0,92,10_60296002_60296304,5903,Psap,0.010869565217391304
845986,1620,Brain_Non-Myeloid_oligodendrocyte,548,41.0,80,10_60296002_60296304,5903,Psap,0.5125
845987,1621,Brain_Non-Myeloid_oligodendrocyte,548,56.0,433,10_60296002_60296304,5903,Psap,0.12933025404157045
845988,1622,Brain_Non-Myeloid_oligodendrocyte,548,52.0,190,10_60296002_60296304,5903,Psap,0.2736842105263158
845989,1623,Brain_Non-Myeloid_oligodendrocyte,548,33.0,47,10_60296002_60296304,5903,Psap,0.7021276595744681
845990,1624,Brain_Non-Myeloid_oligodendrocyte,548,29.0,209,10_60296002_60296304,5903,Psap,0.13875598086124402
845991,1625,Brain_Non-Myeloid_oligodendrocyte,548,4.0,17,10_60296002_60296304,5903,Psap,0.23529411764705882
845992,1626,Brain_Non-Myeloid_oligodendrocyte,548,89.0,333,10_60296002_60296304,5903,Psap,0.2672672672672673
845993,1627,Brain_Non-Myeloid_oligodendrocyte,548,17.0,133,10_60296002_60296304,5903,Psap,0.12781954887218044
845994,1629,Brain_Non-Myeloid_oligodendrocyte,548,54.0,234,10_60296002_60296304,5903,Psap,0.23076923076923078
845995,1630,Brain_Non-Myeloid_oligodendrocyte,548,31.0,130,10_60296002_60296304,5903,Psap,0.23846153846153847
845996,1631,Brain_Non-Myeloid_oligodendrocyte,548,3.0,93,10_60296002_60296304,5903,Psap,0.03225806451612903
845997,1632,Brain_Non-Myeloid_oligodendrocyte,548,224.0,544,10_60296002_60296304,5903,Psap,0.4117647058823529
845998,1633,Brain_Non-Myeloid_oligodendrocyte,548,106.0,397,10_60296002_60296304,5903,Psap,0.26700251889168763
845999,1634,Brain_Non-Myeloid_oligodendrocyte,548,36.0,88,10_60296002_60296304,5903,Psap,0.4090909090909091
846000,1636,Brain_Non-Myeloid_oligodendrocyte,548,5.0,67,10_60296002_60296304,5903,Psap,0.07462686567164178
846001,1637,Brain_Non-Myeloid_oligodendrocyte,548,16.0,234,10_60296002_60296304,5903,Psap,0.06837606837606838
846002,1638,Brain_Non-Myeloid_oligodendrocyte,548,2.0,168,10_60296002_60296304,5903,Psap,0.011904761904761904
846003,1639,Brain_Non-Myeloid_oligodendrocyte,548,22.0,58,10_60296002_60296304,5903,Psap,0.3793103448275862
846004,1640,Brain_Non-Myeloid_oligodendrocyte,548,153.0,695,10_60296002_60296304,5903,Psap,0.22014388489208633
846005,1642,Brain_Non-Myeloid_oligodendrocyte,548,57.0,184,10_60296002_60296304,5903,Psap,0.30978260869565216
846006,1643,Brain_Non-Myeloid_oligodendrocyte,548,160.0,368,10_60296002_60296304,5903,Psap,0.43478260869565216
846007,1644,Brain_Non-Myeloid_oligodendrocyte,548,31.0,162,10_60296002_60296304,5903,Psap,0.19135802469135801
846008,1645,Brain_Non-Myeloid_oligodendrocyte,548,52.0,154,10_60296002_60296304,5903,Psap,0.33766233766233766
846009,1646,Brain_Non-Myeloid_oligodendrocyte,548,91.0,259,10_60296002_60296304,5903,Psap,0.35135135135135137
846010,1647,Brain_Non-Myeloid_oligodendrocyte,548,41.0,133,10_60296002_60296304,5903,Psap,0.3082706766917293
846011,1648,Brain_Non-Myeloid_oligodendrocyte,548,38.0,312,10_60296002_60296304,5903,Psap,0.12179487179487179
846012,1649,Brain_Non-Myeloid_oligodendrocyte,548,44.0,135,10_60296002_60296304,5903,Psap,0.32592592592592595
846013,1650,Brain_Non-Myeloid_oligodendrocyte,548,69.0,197,10_60296002_60296304,5903,Psap,0.350253807106599
846014,1651,Brain_Non-Myeloid_oligodendrocyte,548,179.0,892,10_60296002_60296304,5903,Psap,0.2006726457399103
846015,1653,Brain_Non-Myeloid_oligodendrocyte,548,78.0,263,10_60296002_60296304,5903,Psap,0.2965779467680608
846016,1654,Brain_Non-Myeloid_oligodendrocyte,548,8.0,370,10_60296002_60296304,5903,Psap,0.021621621621621623
846017,1656,Brain_Non-Myeloid_oligodendrocyte,548,16.0,26,10_60296002_60296304,5903,Psap,0.6153846153846154
846018,1657,Brain_Non-Myeloid_oligodendrocyte,548,4.0,109,10_60296002_60296304,5903,Psap,0.03669724770642202
846019,1659,Brain_Non-Myeloid_oligodendrocyte,548,14.0,93,10_60296002_60296304,5903,Psap,0.15053763440860216
846020,1660,Brain_Non-Myeloid_oligodendrocyte,548,58.0,440,10_60296002_60296304,5903,Psap,0.1318181818181818
846021,1661,Brain_Non-Myeloid_oligodendrocyte,548,76.0,338,10_60296002_60296304,5903,Psap,0.22485207100591717
846022,1662,Brain_Non-Myeloid_oligodendrocyte,548,122.0,925,10_60296002_60296304,5903,Psap,0.1318918918918919
846023,1663,Brain_Non-Myeloid_oligodendrocyte,548,4.0,312,10_60296002_60296304,5903,Psap,0.01282051282051282
846024,1664,Brain_Non-Myeloid_oligodendrocyte,548,6.0,190,10_60296002_60296304,5903,Psap,0.031578947368421054
846025,1665,Brain_Non-Myeloid_oligodendrocyte,548,99.0,1060,10_60296002_60296304,5903,Psap,0.09339622641509433
846026,1666,Brain_Non-Myeloid_oligodendrocyte,548,17.0,143,10_60296002_60296304,5903,Psap,0.11888111888111888
846027,1667,Brain_Non-Myeloid_oligodendrocyte,548,95.0,296,10_60296002_60296304,5903,Psap,0.32094594594594594
846028,1668,Brain_Non-Myeloid_oligodendrocyte,548,16.0,41,10_60296002_60296304,5903,Psap,0.3902439024390244
846029,1669,Brain_Non-Myeloid_oligodendrocyte,548,186.0,755,10_60296002_60296304,5903,Psap,0.24635761589403973
846030,1670,Brain_Non-Myeloid_oligodendrocyte,548,9.0,548,10_60296002_60296304,5903,Psap,0.016423357664233577
846031,1671,Brain_Non-Myeloid_oligodendrocyte,548,20.0,258,10_60296002_60296304,5903,Psap,0.07751937984496124
846032,1672,Brain_Non-Myeloid_oligodendrocyte,548,42.0,140,10_60296002_60296304,5903,Psap,0.3
846033,1673,Brain_Non-Myeloid_oligodendrocyte,548,35.0,171,10_60296002_60296304,5903,Psap,0.2046783625730994
846034,1674,Brain_Non-Myeloid_oligodendrocyte,548,105.0,370,10_60296002_60296304,5903,Psap,0.28378378378378377
846035,1675,Brain_Non-Myeloid_oligodendrocyte,548,28.0,334,10_60296002_60296304,5903,Psap,0.08383233532934131
846036,1676,Brain_Non-Myeloid_oligodendrocyte,548,18.0,44,10_60296002_60296304,5903,Psap,0.4090909090909091
846037,1677,Brain_Non-Myeloid_oligodendrocyte,548,60.0,172,10_60296002_60296304,5903,Psap,0.3488372093023256
846038,1678,Brain_Non-Myeloid_oligodendrocyte,548,79.0,348,10_60296002_60296304,5903,Psap,0.22701149425287356
846039,1679,Brain_Non-Myeloid_oligodendrocyte,548,11.0,130,10_60296002_60296304,5903,Psap,0.08461538461538462
846040,1680,Brain_Non-Myeloid_oligodendrocyte,548,36.0,154,10_60296002_60296304,5903,Psap,0.23376623376623376
846041,1681,Brain_Non-Myeloid_oligodendrocyte,548,12.0,53,10_60296002_60296304,5903,Psap,0.22641509433962265
846042,1682,Brain_Non-Myeloid_oligodendrocyte,548,18.0,25,10_60296002_60296304,5903,Psap,0.72
846043,1683,Brain_Non-Myeloid_oligodendrocyte,548,105.0,721,10_60296002_60296304,5903,Psap,0.14563106796116504
846044,1685,Brain_Non-Myeloid_oligodendrocyte,548,21.0,47,10_60296002_60296304,5903,Psap,0.44680851063829785
846045,1686,Brain_Non-Myeloid_oligodendrocyte,548,9.0,188,10_60296002_60296304,5903,Psap,0.047872340425531915
846046,1687,Brain_Non-Myeloid_oligodendrocyte,548,41.0,170,10_60296002_60296304,5903,Psap,0.2411764705882353
846047,1688,Brain_Non-Myeloid_oligodendrocyte,548,34.0,45,10_60296002_60296304,5903,Psap,0.7555555555555555
846048,1689,Brain_Non-Myeloid_oligodendrocyte,548,58.0,129,10_60296002_60296304,5903,Psap,0.4496124031007752
846049,1690,Brain_Non-Myeloid_oligodendrocyte,548,27.0,95,10_60296002_60296304,5903,Psap,0.28421052631578947
846050,1691,Brain_Non-Myeloid_oligodendrocyte,548,84.0,887,10_60296002_60296304,5903,Psap,0.09470124013528748
846051,1692,Brain_Non-Myeloid_oligodendrocyte,548,15.0,58,10_60296002_60296304,5903,Psap,0.25862068965517243
846052,1693,Brain_Non-Myeloid_oligodendrocyte,548,60.0,233,10_60296002_60296304,5903,Psap,0.2575107296137339
846053,1694,Brain_Non-Myeloid_oligodendrocyte,548,15.0,153,10_60296002_60296304,5903,Psap,0.09803921568627451
846054,1695,Brain_Non-Myeloid_oligodendrocyte,548,185.0,539,10_60296002_60296304,5903,Psap,0.3432282003710575
846055,1696,Brain_Non-Myeloid_oligodendrocyte,548,3.0,23,10_60296002_60296304,5903,Psap,0.13043478260869565
846056,1697,Brain_Non-Myeloid_oligodendrocyte,548,123.0,413,10_60296002_60296304,5903,Psap,0.29782082324455206
846057,1698,Brain_Non-Myeloid_oligodendrocyte,548,36.0,229,10_60296002_60296304,5903,Psap,0.1572052401746725
846058,1699,Brain_Non-Myeloid_oligodendrocyte,548,1.0,21,10_60296002_60296304,5903,Psap,0.047619047619047616
846059,1700,Brain_Non-Myeloid_oligodendrocyte,548,19.0,70,10_60296002_60296304,5903,Psap,0.2714285714285714
846060,1701,Brain_Non-Myeloid_oligodendrocyte,548,37.0,137,10_60296002_60296304,5903,Psap,0.27007299270072993
846061,1707,Brain_Non-Myeloid_oligodendrocyte,548,50.0,291,10_60296002_60296304,5903,Psap,0.1718213058419244
846062,1708,Brain_Non-Myeloid_oligodendrocyte,548,55.0,374,10_60296002_60296304,5903,Psap,0.14705882352941177
846063,1709,Brain_Non-Myeloid_oligodendrocyte,548,233.0,531,10_60296002_60296304,5903,Psap,0.4387947269303202
846064,1710,Brain_Non-Myeloid_oligodendrocyte,548,82.0,296,10_60296002_60296304,5903,Psap,0.27702702702702703
846065,1711,Brain_Non-Myeloid_oligodendrocyte,548,11.0,74,10_60296002_60296304,5903,Psap,0.14864864864864866
846066,1712,Brain_Non-Myeloid_oligodendrocyte,548,56.0,372,10_60296002_60296304,5903,Psap,0.15053763440860216
846067,1713,Brain_Non-Myeloid_oligodendrocyte,548,56.0,90,10_60296002_60296304,5903,Psap,0.6222222222222222
846068,1714,Brain_Non-Myeloid_oligodendrocyte,548,2.0,82,10_60296002_60296304,5903,Psap,0.024390243902439025
846069,1715,Brain_Non-Myeloid_oligodendrocyte,548,1.0,108,10_60296002_60296304,5903,Psap,0.009259259259259259
846070,1716,Brain_Non-Myeloid_oligodendrocyte,548,296.0,468,10_60296002_60296304,5903,Psap,0.6324786324786325
846071,1717,Brain_Non-Myeloid_oligodendrocyte,548,18.0,174,10_60296002_60296304,5903,Psap,0.10344827586206896
846072,1718,Brain_Non-Myeloid_oligodendrocyte,548,11.0,71,10_60296002_60296304,5903,Psap,0.15492957746478872
846073,1719,Brain_Non-Myeloid_oligodendrocyte,548,132.0,188,10_60296002_60296304,5903,Psap,0.7021276595744681
846074,1720,Brain_Non-Myeloid_oligodendrocyte,548,11.0,86,10_60296002_60296304,5903,Psap,0.12790697674418605
846075,1721,Brain_Non-Myeloid_oligodendrocyte,548,69.0,246,10_60296002_60296304,5903,Psap,0.2804878048780488
846076,1722,Brain_Non-Myeloid_oligodendrocyte,548,16.0,61,10_60296002_60296304,5903,Psap,0.26229508196721313
846077,1724,Brain_Non-Myeloid_oligodendrocyte,548,23.0,92,10_60296002_60296304,5903,Psap,0.25
846078,1725,Brain_Non-Myeloid_oligodendrocyte,548,5.0,56,10_60296002_60296304,5903,Psap,0.08928571428571429
846079,1726,Brain_Non-Myeloid_oligodendrocyte,548,91.0,253,10_60296002_60296304,5903,Psap,0.35968379446640314
846080,1727,Brain_Non-Myeloid_oligodendrocyte,548,61.0,171,10_60296002_60296304,5903,Psap,0.3567251461988304
846081,1728,Brain_Non-Myeloid_oligodendrocyte,548,11.0,303,10_60296002_60296304,5903,Psap,0.036303630363036306
846082,1729,Brain_Non-Myeloid_oligodendrocyte,548,122.0,575,10_60296002_60296304,5903,Psap,0.21217391304347827
846083,1730,Brain_Non-Myeloid_oligodendrocyte,548,9.0,136,10_60296002_60296304,5903,Psap,0.0661764705882353
846084,1732,Brain_Non-Myeloid_oligodendrocyte,548,72.0,260,10_60296002_60296304,5903,Psap,0.27692307692307694
846085,1733,Brain_Non-Myeloid_oligodendrocyte,548,27.0,93,10_60296002_60296304,5903,Psap,0.2903225806451613
846086,1734,Brain_Non-Myeloid_oligodendrocyte,548,35.0,119,10_60296002_60296304,5903,Psap,0.29411764705882354
846087,1735,Brain_Non-Myeloid_oligodendrocyte,548,7.0,33,10_60296002_60296304,5903,Psap,0.21212121212121213
846088,1736,Brain_Non-Myeloid_oligodendrocyte,548,3.0,61,10_60296002_60296304,5903,Psap,0.04918032786885246
846089,1738,Brain_Non-Myeloid_oligodendrocyte,548,70.0,238,10_60296002_60296304,5903,Psap,0.29411764705882354
846090,1740,Brain_Non-Myeloid_oligodendrocyte,548,329.0,667,10_60296002_60296304,5903,Psap,0.49325337331334335
846091,1741,Brain_Non-Myeloid_oligodendrocyte,548,19.0,192,10_60296002_60296304,5903,Psap,0.09895833333333333
846092,1742,Brain_Non-Myeloid_oligodendrocyte,548,37.0,70,10_60296002_60296304,5903,Psap,0.5285714285714286
846093,1744,Brain_Non-Myeloid_oligodendrocyte,548,167.0,743,10_60296002_60296304,5903,Psap,0.22476446837146702
846094,1745,Brain_Non-Myeloid_oligodendrocyte,548,69.0,257,10_60296002_60296304,5903,Psap,0.26848249027237353
846095,1746,Brain_Non-Myeloid_oligodendrocyte,548,114.0,307,10_60296002_60296304,5903,Psap,0.3713355048859935
846096,1748,Brain_Non-Myeloid_oligodendrocyte,548,89.0,761,10_60296002_60296304,5903,Psap,0.11695137976346912
846097,1750,Brain_Non-Myeloid_oligodendrocyte,548,12.0,35,10_60296002_60296304,5903,Psap,0.34285714285714286
846098,1751,Brain_Non-Myeloid_oligodendrocyte,548,2.0,144,10_60296002_60296304,5903,Psap,0.013888888888888888
846099,1752,Brain_Non-Myeloid_oligodendrocyte,548,5.0,386,10_60296002_60296304,5903,Psap,0.012953367875647668
846100,1754,Brain_Non-Myeloid_oligodendrocyte,548,12.0,177,10_60296002_60296304,5903,Psap,0.06779661016949153
846101,1755,Brain_Non-Myeloid_oligodendrocyte,548,68.0,125,10_60296002_60296304,5903,Psap,0.544
846102,1757,Brain_Non-Myeloid_oligodendrocyte,548,55.0,306,10_60296002_60296304,5903,Psap,0.17973856209150327
846103,1758,Brain_Non-Myeloid_oligodendrocyte,548,9.0,71,10_60296002_60296304,5903,Psap,0.1267605633802817
846104,1759,Brain_Non-Myeloid_oligodendrocyte,548,570.0,582,10_60296002_60296304,5903,Psap,0.979381443298969
846105,1760,Brain_Non-Myeloid_oligodendrocyte,548,6.0,513,10_60296002_60296304,5903,Psap,0.011695906432748537
846106,1761,Brain_Non-Myeloid_oligodendrocyte,548,2.0,148,10_60296002_60296304,5903,Psap,0.013513513513513514
846107,1762,Brain_Non-Myeloid_oligodendrocyte,548,25.0,156,10_60296002_60296304,5903,Psap,0.16025641025641027
846108,1764,Brain_Non-Myeloid_oligodendrocyte,548,47.0,162,10_60296002_60296304,5903,Psap,0.29012345679012347
846109,1765,Brain_Non-Myeloid_oligodendrocyte,548,26.0,63,10_60296002_60296304,5903,Psap,0.4126984126984127
846110,1766,Brain_Non-Myeloid_oligodendrocyte,548,11.0,52,10_60296002_60296304,5903,Psap,0.21153846153846154
846111,1767,Brain_Non-Myeloid_oligodendrocyte,548,31.0,147,10_60296002_60296304,5903,Psap,0.2108843537414966
846112,1770,Brain_Non-Myeloid_oligodendrocyte,548,11.0,37,10_60296002_60296304,5903,Psap,0.2972972972972973
846113,1771,Brain_Non-Myeloid_oligodendrocyte,548,89.0,216,10_60296002_60296304,5903,Psap,0.41203703703703703
846114,1772,Brain_Non-Myeloid_oligodendrocyte,548,136.0,377,10_60296002_60296304,5903,Psap,0.36074270557029176
846115,1773,Brain_Non-Myeloid_oligodendrocyte,548,36.0,85,10_60296002_60296304,5903,Psap,0.4235294117647059
846116,1774,Brain_Non-Myeloid_oligodendrocyte,548,10.0,508,10_60296002_60296304,5903,Psap,0.01968503937007874
846117,1775,Brain_Non-Myeloid_oligodendrocyte,548,14.0,63,10_60296002_60296304,5903,Psap,0.2222222222222222
846118,1776,Brain_Non-Myeloid_oligodendrocyte,548,1.0,70,10_60296002_60296304,5903,Psap,0.014285714285714285
846119,1777,Brain_Non-Myeloid_oligodendrocyte,548,65.0,546,10_60296002_60296304,5903,Psap,0.11904761904761904
846120,1778,Brain_Non-Myeloid_oligodendrocyte,548,40.0,206,10_60296002_60296304,5903,Psap,0.1941747572815534
846121,1779,Brain_Non-Myeloid_oligodendrocyte,548,115.0,769,10_60296002_60296304,5903,Psap,0.14954486345903772
846122,1780,Brain_Non-Myeloid_oligodendrocyte,548,47.0,303,10_60296002_60296304,5903,Psap,0.1551155115511551
846123,1781,Brain_Non-Myeloid_oligodendrocyte,548,327.0,743,10_60296002_60296304,5903,Psap,0.44010767160161507
846124,1782,Brain_Non-Myeloid_oligodendrocyte,548,17.0,201,10_60296002_60296304,5903,Psap,0.0845771144278607
846125,1783,Brain_Non-Myeloid_oligodendrocyte,548,20.0,178,10_60296002_60296304,5903,Psap,0.11235955056179775
846126,1784,Brain_Non-Myeloid_oligodendrocyte,548,31.0,116,10_60296002_60296304,5903,Psap,0.2672413793103448
846127,1785,Brain_Non-Myeloid_oligodendrocyte,548,17.0,94,10_60296002_60296304,5903,Psap,0.18085106382978725
846128,1786,Brain_Non-Myeloid_oligodendrocyte,548,120.0,299,10_60296002_60296304,5903,Psap,0.4013377926421405
846129,1787,Brain_Non-Myeloid_oligodendrocyte,548,31.0,182,10_60296002_60296304,5903,Psap,0.17032967032967034
846130,1788,Brain_Non-Myeloid_oligodendrocyte,548,13.0,98,10_60296002_60296304,5903,Psap,0.1326530612244898
846131,1789,Brain_Non-Myeloid_oligodendrocyte,548,40.0,115,10_60296002_60296304,5903,Psap,0.34782608695652173
846132,1790,Brain_Non-Myeloid_oligodendrocyte,548,113.0,311,10_60296002_60296304,5903,Psap,0.3633440514469453
846133,1791,Brain_Non-Myeloid_oligodendrocyte,548,79.0,308,10_60296002_60296304,5903,Psap,0.2564935064935065
846134,1793,Brain_Non-Myeloid_oligodendrocyte,548,35.0,145,10_60296002_60296304,5903,Psap,0.2413793103448276
846135,1795,Brain_Non-Myeloid_oligodendrocyte,548,3.0,19,10_60296002_60296304,5903,Psap,0.15789473684210525
846136,1796,Brain_Non-Myeloid_oligodendrocyte,548,4.0,146,10_60296002_60296304,5903,Psap,0.0273972602739726
846137,1797,Brain_Non-Myeloid_oligodendrocyte,548,7.0,371,10_60296002_60296304,5903,Psap,0.018867924528301886
846138,1798,Brain_Non-Myeloid_oligodendrocyte,548,236.0,506,10_60296002_60296304,5903,Psap,0.466403162055336
846139,1799,Brain_Non-Myeloid_oligodendrocyte,548,21.0,100,10_60296002_60296304,5903,Psap,0.21
846140,1800,Brain_Non-Myeloid_oligodendrocyte,548,22.0,78,10_60296002_60296304,5903,Psap,0.28205128205128205
846141,1801,Brain_Non-Myeloid_oligodendrocyte,548,8.0,186,10_60296002_60296304,5903,Psap,0.043010752688172046
846142,1802,Brain_Non-Myeloid_oligodendrocyte,548,24.0,90,10_60296002_60296304,5903,Psap,0.26666666666666666
846143,1803,Brain_Non-Myeloid_oligodendrocyte,548,269.0,1059,10_60296002_60296304,5903,Psap,0.25401322001888577
846144,1804,Brain_Non-Myeloid_oligodendrocyte,548,5.0,17,10_60296002_60296304,5903,Psap,0.29411764705882354
846145,1805,Brain_Non-Myeloid_oligodendrocyte,548,35.0,362,10_60296002_60296304,5903,Psap,0.09668508287292818
846146,1807,Brain_Non-Myeloid_oligodendrocyte,548,10.0,82,10_60296002_60296304,5903,Psap,0.12195121951219512
846147,1808,Brain_Non-Myeloid_oligodendrocyte,548,3.0,113,10_60296002_60296304,5903,Psap,0.02654867256637168
846148,1809,Brain_Non-Myeloid_oligodendrocyte,548,10.0,103,10_60296002_60296304,5903,Psap,0.0970873786407767
846149,1810,Brain_Non-Myeloid_oligodendrocyte,548,50.0,278,10_60296002_60296304,5903,Psap,0.17985611510791366
846150,1811,Brain_Non-Myeloid_oligodendrocyte,548,3.0,183,10_60296002_60296304,5903,Psap,0.01639344262295082
846151,1812,Brain_Non-Myeloid_oligodendrocyte,548,10.0,24,10_60296002_60296304,5903,Psap,0.4166666666666667
846152,1813,Brain_Non-Myeloid_oligodendrocyte,548,3.0,83,10_60296002_60296304,5903,Psap,0.03614457831325301
846153,1814,Brain_Non-Myeloid_oligodendrocyte,548,10.0,135,10_60296002_60296304,5903,Psap,0.07407407407407407
846154,1816,Brain_Non-Myeloid_oligodendrocyte,548,37.0,276,10_60296002_60296304,5903,Psap,0.13405797101449277
846155,1818,Brain_Non-Myeloid_oligodendrocyte,548,4.0,97,10_60296002_60296304,5903,Psap,0.041237113402061855
846156,1819,Brain_Non-Myeloid_oligodendrocyte,548,8.0,29,10_60296002_60296304,5903,Psap,0.27586206896551724
846157,1820,Brain_Non-Myeloid_oligodendrocyte,548,83.0,84,10_60296002_60296304,5903,Psap,0.9880952380952381
846158,1821,Brain_Non-Myeloid_oligodendrocyte,548,156.0,158,10_60296002_60296304,5903,Psap,0.9873417721518988
846159,1822,Brain_Non-Myeloid_oligodendrocyte,548,28.0,150,10_60296002_60296304,5903,Psap,0.18666666666666668
846160,1823,Brain_Non-Myeloid_oligodendrocyte,548,25.0,137,10_60296002_60296304,5903,Psap,0.18248175182481752
846161,1824,Brain_Non-Myeloid_oligodendrocyte,548,69.0,521,10_60296002_60296304,5903,Psap,0.1324376199616123
846162,1828,Brain_Non-Myeloid_oligodendrocyte,548,46.0,68,10_60296002_60296304,5903,Psap,0.6764705882352942
846163,1829,Brain_Non-Myeloid_oligodendrocyte,548,9.0,160,10_60296002_60296304,5903,Psap,0.05625
846164,1830,Brain_Non-Myeloid_oligodendrocyte,548,1.0,20,10_60296002_60296304,5903,Psap,0.05
846165,1831,Brain_Non-Myeloid_oligodendrocyte,548,4.0,411,10_60296002_60296304,5903,Psap,0.009732360097323601
846166,1832,Brain_Non-Myeloid_oligodendrocyte,548,38.0,132,10_60296002_60296304,5903,Psap,0.2878787878787879
846167,1833,Brain_Non-Myeloid_oligodendrocyte,548,128.0,404,10_60296002_60296304,5903,Psap,0.31683168316831684
846168,1834,Brain_Non-Myeloid_oligodendrocyte,548,9.0,44,10_60296002_60296304,5903,Psap,0.20454545454545456
846169,1835,Brain_Non-Myeloid_oligodendrocyte,548,3.0,150,10_60296002_60296304,5903,Psap,0.02
846170,1836,Brain_Non-Myeloid_oligodendrocyte,548,38.0,91,10_60296002_60296304,5903,Psap,0.4175824175824176
846171,1837,Brain_Non-Myeloid_oligodendrocyte,548,1.0,10,10_60296002_60296304,5903,Psap,0.1
846172,1838,Brain_Non-Myeloid_oligodendrocyte,548,59.0,77,10_60296002_60296304,5903,Psap,0.7662337662337663
846173,1839,Brain_Non-Myeloid_oligodendrocyte,548,24.0,128,10_60296002_60296304,5903,Psap,0.1875
846174,1840,Brain_Non-Myeloid_oligodendrocyte,548,145.0,332,10_60296002_60296304,5903,Psap,0.4367469879518072
846175,1841,Brain_Non-Myeloid_oligodendrocyte,548,137.0,417,10_60296002_60296304,5903,Psap,0.328537170263789
846176,1842,Brain_Non-Myeloid_oligodendrocyte,548,16.0,60,10_60296002_60296304,5903,Psap,0.26666666666666666
846177,1843,Brain_Non-Myeloid_oligodendrocyte,548,29.0,196,10_60296002_60296304,5903,Psap,0.14795918367346939
846178,1844,Brain_Non-Myeloid_oligodendrocyte,548,41.0,162,10_60296002_60296304,5903,Psap,0.25308641975308643
846179,1845,Brain_Non-Myeloid_oligodendrocyte,548,24.0,152,10_60296002_60296304,5903,Psap,0.15789473684210525
846180,1846,Brain_Non-Myeloid_oligodendrocyte,548,87.0,467,10_60296002_60296304,5903,Psap,0.18629550321199143
846181,1847,Brain_Non-Myeloid_oligodendrocyte,548,75.0,229,10_60296002_60296304,5903,Psap,0.32751091703056767
846182,1848,Brain_Non-Myeloid_oligodendrocyte,548,40.0,184,10_60296002_60296304,5903,Psap,0.21739130434782608
846183,1849,Brain_Non-Myeloid_oligodendrocyte,548,24.0,122,10_60296002_60296304,5903,Psap,0.19672131147540983
846184,1850,Brain_Non-Myeloid_oligodendrocyte,548,3.0,107,10_60296002_60296304,5903,Psap,0.028037383177570093
846185,1851,Brain_Non-Myeloid_oligodendrocyte,548,39.0,114,10_60296002_60296304,5903,Psap,0.34210526315789475
846186,1852,Brain_Non-Myeloid_oligodendrocyte,548,35.0,106,10_60296002_60296304,5903,Psap,0.330188679245283
846187,1853,Brain_Non-Myeloid_oligodendrocyte,548,22.0,135,10_60296002_60296304,5903,Psap,0.16296296296296298
846188,1854,Brain_Non-Myeloid_oligodendrocyte,548,40.0,358,10_60296002_60296304,5903,Psap,0.11173184357541899
846189,1855,Brain_Non-Myeloid_oligodendrocyte,548,7.0,52,10_60296002_60296304,5903,Psap,0.1346153846153846
846190,1857,Brain_Non-Myeloid_oligodendrocyte,548,146.0,148,10_60296002_60296304,5903,Psap,0.9864864864864865
846191,1858,Brain_Non-Myeloid_oligodendrocyte,548,52.0,144,10_60296002_60296304,5903,Psap,0.3611111111111111
846192,1859,Brain_Non-Myeloid_oligodendrocyte,548,32.0,57,10_60296002_60296304,5903,Psap,0.5614035087719298
846193,1860,Brain_Non-Myeloid_oligodendrocyte,548,12.0,141,10_60296002_60296304,5903,Psap,0.0851063829787234
846194,1861,Brain_Non-Myeloid_oligodendrocyte,548,8.0,434,10_60296002_60296304,5903,Psap,0.018433179723502304
846195,1862,Brain_Non-Myeloid_oligodendrocyte,548,2.0,135,10_60296002_60296304,5903,Psap,0.014814814814814815
846196,1863,Brain_Non-Myeloid_oligodendrocyte,548,9.0,51,10_60296002_60296304,5903,Psap,0.17647058823529413
846197,1864,Brain_Non-Myeloid_oligodendrocyte,548,6.0,201,10_60296002_60296304,5903,Psap,0.029850746268656716
846198,1865,Brain_Non-Myeloid_oligodendrocyte,548,23.0,190,10_60296002_60296304,5903,Psap,0.12105263157894737
846199,1866,Brain_Non-Myeloid_oligodendrocyte,548,23.0,107,10_60296002_60296304,5903,Psap,0.21495327102803738
846200,1867,Brain_Non-Myeloid_oligodendrocyte,548,4.0,14,10_60296002_60296304,5903,Psap,0.2857142857142857
846201,1868,Brain_Non-Myeloid_oligodendrocyte,548,65.0,314,10_60296002_60296304,5903,Psap,0.2070063694267516
846202,1870,Brain_Non-Myeloid_oligodendrocyte,548,51.0,334,10_60296002_60296304,5903,Psap,0.15269461077844312
846203,1871,Brain_Non-Myeloid_oligodendrocyte,548,8.0,318,10_60296002_60296304,5903,Psap,0.025157232704402517
846204,1872,Brain_Non-Myeloid_oligodendrocyte,548,114.0,337,10_60296002_60296304,5903,Psap,0.33827893175074186
846205,1873,Brain_Non-Myeloid_oligodendrocyte,548,33.0,82,10_60296002_60296304,5903,Psap,0.4024390243902439
846206,1874,Brain_Non-Myeloid_oligodendrocyte,548,59.0,752,10_60296002_60296304,5903,Psap,0.07845744680851063
846207,1875,Brain_Non-Myeloid_oligodendrocyte,548,18.0,93,10_60296002_60296304,5903,Psap,0.1935483870967742
846208,1876,Brain_Non-Myeloid_oligodendrocyte,548,65.0,112,10_60296002_60296304,5903,Psap,0.5803571428571429
846209,1877,Brain_Non-Myeloid_oligodendrocyte,548,1.0,64,10_60296002_60296304,5903,Psap,0.015625
846210,1878,Brain_Non-Myeloid_oligodendrocyte,548,6.0,53,10_60296002_60296304,5903,Psap,0.11320754716981132
846211,1879,Brain_Non-Myeloid_oligodendrocyte,548,1.0,66,10_60296002_60296304,5903,Psap,0.015151515151515152
846212,1881,Brain_Non-Myeloid_oligodendrocyte,548,486.0,1436,10_60296002_60296304,5903,Psap,0.3384401114206128
846213,1882,Brain_Non-Myeloid_oligodendrocyte,548,129.0,321,10_60296002_60296304,5903,Psap,0.40186915887850466
846214,1883,Brain_Non-Myeloid_oligodendrocyte,548,17.0,223,10_60296002_60296304,5903,Psap,0.07623318385650224
846215,1884,Brain_Non-Myeloid_oligodendrocyte,548,20.0,44,10_60296002_60296304,5903,Psap,0.45454545454545453
846216,1885,Brain_Non-Myeloid_oligodendrocyte,548,223.0,965,10_60296002_60296304,5903,Psap,0.23108808290155441
846217,1886,Brain_Non-Myeloid_oligodendrocyte,548,72.0,154,10_60296002_60296304,5903,Psap,0.4675324675324675
846218,1887,Brain_Non-Myeloid_oligodendrocyte,548,50.0,420,10_60296002_60296304,5903,Psap,0.11904761904761904
846219,1888,Brain_Non-Myeloid_oligodendrocyte,548,6.0,39,10_60296002_60296304,5903,Psap,0.15384615384615385
846220,1889,Brain_Non-Myeloid_oligodendrocyte,548,6.0,434,10_60296002_60296304,5903,Psap,0.013824884792626729
846221,1890,Brain_Non-Myeloid_oligodendrocyte,548,52.0,260,10_60296002_60296304,5903,Psap,0.2
846222,1891,Brain_Non-Myeloid_oligodendrocyte,548,53.0,188,10_60296002_60296304,5903,Psap,0.28191489361702127
846223,1894,Brain_Non-Myeloid_oligodendrocyte,548,163.0,381,10_60296002_60296304,5903,Psap,0.42782152230971127
846224,1896,Brain_Non-Myeloid_oligodendrocyte,548,26.0,180,10_60296002_60296304,5903,Psap,0.14444444444444443
846225,1897,Brain_Non-Myeloid_oligodendrocyte,548,24.0,198,10_60296002_60296304,5903,Psap,0.12121212121212122
846226,1898,Brain_Non-Myeloid_oligodendrocyte,548,85.0,237,10_60296002_60296304,5903,Psap,0.35864978902953587
846227,1899,Brain_Non-Myeloid_oligodendrocyte,548,36.0,314,10_60296002_60296304,5903,Psap,0.11464968152866242
846228,1900,Brain_Non-Myeloid_oligodendrocyte,548,2.0,168,10_60296002_60296304,5903,Psap,0.011904761904761904
846229,1901,Brain_Non-Myeloid_oligodendrocyte,548,59.0,264,10_60296002_60296304,5903,Psap,0.22348484848484848
846230,1902,Brain_Non-Myeloid_oligodendrocyte,548,10.0,191,10_60296002_60296304,5903,Psap,0.05235602094240838
846231,1903,Brain_Non-Myeloid_oligodendrocyte,548,26.0,309,10_60296002_60296304,5903,Psap,0.08414239482200647
846232,1904,Brain_Non-Myeloid_oligodendrocyte,548,1.0,30,10_60296002_60296304,5903,Psap,0.03333333333333333
846233,1905,Brain_Non-Myeloid_oligodendrocyte,548,1.0,54,10_60296002_60296304,5903,Psap,0.018518518518518517
846234,1906,Brain_Non-Myeloid_oligodendrocyte,548,18.0,71,10_60296002_60296304,5903,Psap,0.2535211267605634
846235,1907,Brain_Non-Myeloid_oligodendrocyte,548,286.0,1622,10_60296002_60296304,5903,Psap,0.17632552404438964
846236,1908,Brain_Non-Myeloid_oligodendrocyte,548,23.0,231,10_60296002_60296304,5903,Psap,0.09956709956709957
846237,1909,Brain_Non-Myeloid_oligodendrocyte,548,13.0,93,10_60296002_60296304,5903,Psap,0.13978494623655913
846238,1910,Brain_Non-Myeloid_oligodendrocyte,548,19.0,93,10_60296002_60296304,5903,Psap,0.20430107526881722
846239,1911,Brain_Non-Myeloid_oligodendrocyte,548,13.0,50,10_60296002_60296304,5903,Psap,0.26
846240,1912,Brain_Non-Myeloid_oligodendrocyte,548,178.0,315,10_60296002_60296304,5903,Psap,0.5650793650793651
846241,1913,Brain_Non-Myeloid_oligodendrocyte,548,7.0,116,10_60296002_60296304,5903,Psap,0.0603448275862069
846242,1914,Brain_Non-Myeloid_oligodendrocyte,548,13.0,86,10_60296002_60296304,5903,Psap,0.1511627906976744
846243,1915,Brain_Non-Myeloid_oligodendrocyte,548,2.0,46,10_60296002_60296304,5903,Psap,0.043478260869565216
846244,1916,Brain_Non-Myeloid_oligodendrocyte,548,16.0,150,10_60296002_60296304,5903,Psap,0.10666666666666667
846245,1917,Brain_Non-Myeloid_oligodendrocyte,548,20.0,192,10_60296002_60296304,5903,Psap,0.10416666666666667
846246,1919,Brain_Non-Myeloid_oligodendrocyte,548,18.0,358,10_60296002_60296304,5903,Psap,0.05027932960893855
846247,1920,Brain_Non-Myeloid_oligodendrocyte,548,1.0,219,10_60296002_60296304,5903,Psap,0.0045662100456621
846248,1921,Brain_Non-Myeloid_oligodendrocyte,548,80.0,254,10_60296002_60296304,5903,Psap,0.31496062992125984
846249,1922,Brain_Non-Myeloid_oligodendrocyte,548,412.0,947,10_60296002_60296304,5903,Psap,0.4350580781414995
846250,1923,Brain_Non-Myeloid_oligodendrocyte,548,9.0,250,10_60296002_60296304,5903,Psap,0.036
846251,1924,Brain_Non-Myeloid_oligodendrocyte,548,69.0,354,10_60296002_60296304,5903,Psap,0.19491525423728814
846252,1925,Brain_Non-Myeloid_oligodendrocyte,548,500.0,903,10_60296002_60296304,5903,Psap,0.5537098560354374
846253,1927,Brain_Non-Myeloid_oligodendrocyte,548,33.0,352,10_60296002_60296304,5903,Psap,0.09375
846254,1928,Brain_Non-Myeloid_oligodendrocyte,548,6.0,68,10_60296002_60296304,5903,Psap,0.08823529411764706
846255,1929,Brain_Non-Myeloid_oligodendrocyte,548,234.0,689,10_60296002_60296304,5903,Psap,0.33962264150943394
846256,1930,Brain_Non-Myeloid_oligodendrocyte,548,23.0,177,10_60296002_60296304,5903,Psap,0.12994350282485875
846257,1932,Brain_Non-Myeloid_oligodendrocyte,548,34.0,87,10_60296002_60296304,5903,Psap,0.39080459770114945
846258,1934,Brain_Non-Myeloid_oligodendrocyte,548,29.0,132,10_60296002_60296304,5903,Psap,0.2196969696969697
846259,1935,Brain_Non-Myeloid_oligodendrocyte,548,145.0,326,10_60296002_60296304,5903,Psap,0.4447852760736196
846260,1936,Brain_Non-Myeloid_oligodendrocyte,548,10.0,520,10_60296002_60296304,5903,Psap,0.019230769230769232
846261,1938,Brain_Non-Myeloid_oligodendrocyte,548,28.0,45,10_60296002_60296304,5903,Psap,0.6222222222222222
846262,1939,Brain_Non-Myeloid_oligodendrocyte,548,107.0,155,10_60296002_60296304,5903,Psap,0.6903225806451613
846263,1940,Brain_Non-Myeloid_oligodendrocyte,548,21.0,220,10_60296002_60296304,5903,Psap,0.09545454545454546
846264,1941,Brain_Non-Myeloid_oligodendrocyte,548,65.0,168,10_60296002_60296304,5903,Psap,0.3869047619047619
846265,1943,Brain_Non-Myeloid_oligodendrocyte,548,35.0,105,10_60296002_60296304,5903,Psap,0.3333333333333333
846266,1944,Brain_Non-Myeloid_oligodendrocyte,548,33.0,325,10_60296002_60296304,5903,Psap,0.10153846153846154
846267,1945,Brain_Non-Myeloid_oligodendrocyte,548,2.0,138,10_60296002_60296304,5903,Psap,0.014492753623188406
846268,1946,Brain_Non-Myeloid_oligodendrocyte,548,8.0,246,10_60296002_60296304,5903,Psap,0.032520325203252036
846269,1947,Brain_Non-Myeloid_oligodendrocyte,548,30.0,87,10_60296002_60296304,5903,Psap,0.3448275862068966
846270,1948,Brain_Non-Myeloid_oligodendrocyte,548,60.0,268,10_60296002_60296304,5903,Psap,0.22388059701492538
846271,1949,Brain_Non-Myeloid_oligodendrocyte,548,13.0,132,10_60296002_60296304,5903,Psap,0.09848484848484848
846272,1951,Brain_Non-Myeloid_oligodendrocyte,548,2.0,47,10_60296002_60296304,5903,Psap,0.0425531914893617
846273,1952,Brain_Non-Myeloid_oligodendrocyte,548,6.0,38,10_60296002_60296304,5903,Psap,0.15789473684210525
846274,1953,Brain_Non-Myeloid_oligodendrocyte,548,27.0,37,10_60296002_60296304,5903,Psap,0.7297297297297297
846275,1954,Brain_Non-Myeloid_oligodendrocyte,548,26.0,163,10_60296002_60296304,5903,Psap,0.15950920245398773
846276,1955,Brain_Non-Myeloid_oligodendrocyte,548,24.0,117,10_60296002_60296304,5903,Psap,0.20512820512820512
846277,1956,Brain_Non-Myeloid_oligodendrocyte,548,610.0,618,10_60296002_60296304,5903,Psap,0.9870550161812298
846278,1957,Brain_Non-Myeloid_oligodendrocyte,548,3.0,112,10_60296002_60296304,5903,Psap,0.026785714285714284
846279,1958,Brain_Non-Myeloid_oligodendrocyte,548,225.0,1064,10_60296002_60296304,5903,Psap,0.21146616541353383
846280,1959,Brain_Non-Myeloid_oligodendrocyte,548,51.0,210,10_60296002_60296304,5903,Psap,0.24285714285714285
846281,1960,Brain_Non-Myeloid_oligodendrocyte,548,19.0,124,10_60296002_60296304,5903,Psap,0.1532258064516129
846282,1961,Brain_Non-Myeloid_oligodendrocyte,548,19.0,138,10_60296002_60296304,5903,Psap,0.13768115942028986
846283,1962,Brain_Non-Myeloid_oligodendrocyte,548,63.0,88,10_60296002_60296304,5903,Psap,0.7159090909090909
846284,1963,Brain_Non-Myeloid_oligodendrocyte,548,194.0,590,10_60296002_60296304,5903,Psap,0.3288135593220339
846285,1966,Brain_Non-Myeloid_oligodendrocyte,548,100.0,372,10_60296002_60296304,5903,Psap,0.26881720430107525
846286,1967,Brain_Non-Myeloid_oligodendrocyte,548,49.0,728,10_60296002_60296304,5903,Psap,0.0673076923076923
846287,1968,Brain_Non-Myeloid_oligodendrocyte,548,16.0,149,10_60296002_60296304,5903,Psap,0.10738255033557047
846288,1969,Brain_Non-Myeloid_oligodendrocyte,548,33.0,229,10_60296002_60296304,5903,Psap,0.14410480349344978
846289,1970,Brain_Non-Myeloid_oligodendrocyte,548,38.0,202,10_60296002_60296304,5903,Psap,0.18811881188118812
846290,1971,Brain_Non-Myeloid_oligodendrocyte,548,2.0,154,10_60296002_60296304,5903,Psap,0.012987012987012988
846291,1973,Brain_Non-Myeloid_oligodendrocyte,548,108.0,310,10_60296002_60296304,5903,Psap,0.34838709677419355
846292,1974,Brain_Non-Myeloid_oligodendrocyte,548,8.0,86,10_60296002_60296304,5903,Psap,0.09302325581395349
846293,1975,Brain_Non-Myeloid_oligodendrocyte,548,20.0,119,10_60296002_60296304,5903,Psap,0.16806722689075632
846294,1976,Brain_Non-Myeloid_oligodendrocyte,548,3.0,76,10_60296002_60296304,5903,Psap,0.039473684210526314
846295,1977,Brain_Non-Myeloid_oligodendrocyte,548,23.0,77,10_60296002_60296304,5903,Psap,0.2987012987012987
846296,1978,Brain_Non-Myeloid_oligodendrocyte,548,19.0,81,10_60296002_60296304,5903,Psap,0.2345679012345679
846297,1981,Brain_Non-Myeloid_oligodendrocyte,548,166.0,471,10_60296002_60296304,5903,Psap,0.3524416135881104
846298,1984,Brain_Non-Myeloid_oligodendrocyte,548,114.0,306,10_60296002_60296304,5903,Psap,0.37254901960784315
846299,1985,Brain_Non-Myeloid_oligodendrocyte,548,34.0,79,10_60296002_60296304,5903,Psap,0.43037974683544306
846300,1986,Brain_Non-Myeloid_oligodendrocyte,548,175.0,312,10_60296002_60296304,5903,Psap,0.5608974358974359
846301,1987,Brain_Non-Myeloid_oligodendrocyte,548,5.0,126,10_60296002_60296304,5903,Psap,0.03968253968253968
846302,1988,Brain_Non-Myeloid_oligodendrocyte,548,98.0,224,10_60296002_60296304,5903,Psap,0.4375
846303,1989,Brain_Non-Myeloid_oligodendrocyte,548,22.0,90,10_60296002_60296304,5903,Psap,0.24444444444444444
846304,1990,Brain_Non-Myeloid_oligodendrocyte,548,3.0,150,10_60296002_60296304,5903,Psap,0.02
846305,1991,Brain_Non-Myeloid_oligodendrocyte,548,5.0,217,10_60296002_60296304,5903,Psap,0.02304147465437788
846306,1992,Brain_Non-Myeloid_oligodendrocyte,548,20.0,115,10_60296002_60296304,5903,Psap,0.17391304347826086
846307,1993,Brain_Non-Myeloid_oligodendrocyte,548,161.0,793,10_60296002_60296304,5903,Psap,0.2030264817150063
846308,1994,Brain_Non-Myeloid_oligodendrocyte,548,140.0,459,10_60296002_60296304,5903,Psap,0.30501089324618735
846309,1995,Brain_Non-Myeloid_oligodendrocyte,548,15.0,60,10_60296002_60296304,5903,Psap,0.25
846310,1996,Brain_Non-Myeloid_oligodendrocyte,548,8.0,250,10_60296002_60296304,5903,Psap,0.032
846311,1998,Brain_Non-Myeloid_oligodendrocyte,548,50.0,199,10_60296002_60296304,5903,Psap,0.25125628140703515
846312,1999,Brain_Non-Myeloid_oligodendrocyte,548,7.0,83,10_60296002_60296304,5903,Psap,0.08433734939759036
846313,2000,Brain_Non-Myeloid_oligodendrocyte,548,92.0,411,10_60296002_60296304,5903,Psap,0.22384428223844283
846314,2001,Brain_Non-Myeloid_oligodendrocyte,548,7.0,33,10_60296002_60296304,5903,Psap,0.21212121212121213
846315,2002,Brain_Non-Myeloid_oligodendrocyte,548,8.0,60,10_60296002_60296304,5903,Psap,0.13333333333333333
846316,2003,Brain_Non-Myeloid_oligodendrocyte,548,22.0,162,10_60296002_60296304,5903,Psap,0.13580246913580246
846317,2004,Brain_Non-Myeloid_oligodendrocyte,548,65.0,773,10_60296002_60296304,5903,Psap,0.08408796895213454
846318,2005,Brain_Non-Myeloid_oligodendrocyte,548,6.0,177,10_60296002_60296304,5903,Psap,0.03389830508474576
846319,2007,Brain_Non-Myeloid_oligodendrocyte,548,10.0,49,10_60296002_60296304,5903,Psap,0.20408163265306123
846320,2009,Brain_Non-Myeloid_oligodendrocyte,548,1.0,24,10_60296002_60296304,5903,Psap,0.041666666666666664
846321,2010,Brain_Non-Myeloid_oligodendrocyte,548,32.0,131,10_60296002_60296304,5903,Psap,0.24427480916030533
846322,2013,Brain_Non-Myeloid_oligodendrocyte,548,21.0,85,10_60296002_60296304,5903,Psap,0.24705882352941178
846323,2014,Brain_Non-Myeloid_oligodendrocyte,548,209.0,920,10_60296002_60296304,5903,Psap,0.22717391304347825
846324,2015,Brain_Non-Myeloid_oligodendrocyte,548,14.0,68,10_60296002_60296304,5903,Psap,0.20588235294117646
846325,2017,Brain_Non-Myeloid_oligodendrocyte,548,17.0,54,10_60296002_60296304,5903,Psap,0.3148148148148148
846326,2018,Brain_Non-Myeloid_oligodendrocyte,548,35.0,185,10_60296002_60296304,5903,Psap,0.1891891891891892
846327,2019,Brain_Non-Myeloid_oligodendrocyte,548,136.0,574,10_60296002_60296304,5903,Psap,0.23693379790940766
846328,2022,Brain_Non-Myeloid_oligodendrocyte,548,49.0,155,10_60296002_60296304,5903,Psap,0.3161290322580645
846329,2023,Brain_Non-Myeloid_oligodendrocyte,548,76.0,186,10_60296002_60296304,5903,Psap,0.40860215053763443
846330,2024,Brain_Non-Myeloid_oligodendrocyte,548,18.0,170,10_60296002_60296304,5903,Psap,0.10588235294117647
846331,2025,Brain_Non-Myeloid_oligodendrocyte,548,35.0,152,10_60296002_60296304,5903,Psap,0.23026315789473684
846332,2026,Brain_Non-Myeloid_oligodendrocyte,548,16.0,17,10_60296002_60296304,5903,Psap,0.9411764705882353
846333,2027,Brain_Non-Myeloid_oligodendrocyte,548,40.0,63,10_60296002_60296304,5903,Psap,0.6349206349206349
846334,2028,Brain_Non-Myeloid_oligodendrocyte,548,78.0,227,10_60296002_60296304,5903,Psap,0.3436123348017621
846335,2029,Brain_Non-Myeloid_oligodendrocyte,548,14.0,238,10_60296002_60296304,5903,Psap,0.058823529411764705
846336,2030,Brain_Non-Myeloid_oligodendrocyte,548,69.0,361,10_60296002_60296304,5903,Psap,0.19113573407202217
846337,2031,Brain_Non-Myeloid_oligodendrocyte,548,69.0,863,10_60296002_60296304,5903,Psap,0.07995365005793743
846338,2032,Brain_Non-Myeloid_oligodendrocyte,548,1.0,116,10_60296002_60296304,5903,Psap,0.008620689655172414
846339,2033,Brain_Non-Myeloid_oligodendrocyte,548,1.0,114,10_60296002_60296304,5903,Psap,0.008771929824561403
846340,2035,Brain_Non-Myeloid_oligodendrocyte,548,15.0,84,10_60296002_60296304,5903,Psap,0.17857142857142858
846341,2037,Brain_Non-Myeloid_oligodendrocyte,548,92.0,230,10_60296002_60296304,5903,Psap,0.4
846342,2038,Brain_Non-Myeloid_oligodendrocyte,548,26.0,104,10_60296002_60296304,5903,Psap,0.25
846343,2039,Brain_Non-Myeloid_oligodendrocyte,548,117.0,840,10_60296002_60296304,5903,Psap,0.1392857142857143
846344,2040,Brain_Non-Myeloid_oligodendrocyte,548,5.0,42,10_60296002_60296304,5903,Psap,0.11904761904761904
846345,2042,Brain_Non-Myeloid_oligodendrocyte,548,109.0,928,10_60296002_60296304,5903,Psap,0.11745689655172414
846346,2043,Brain_Non-Myeloid_oligodendrocyte,548,120.0,497,10_60296002_60296304,5903,Psap,0.2414486921529175
846347,2044,Brain_Non-Myeloid_oligodendrocyte,548,38.0,147,10_60296002_60296304,5903,Psap,0.2585034013605442
846348,2045,Brain_Non-Myeloid_oligodendrocyte,548,27.0,120,10_60296002_60296304,5903,Psap,0.225
846349,2046,Brain_Non-Myeloid_oligodendrocyte,548,34.0,130,10_60296002_60296304,5903,Psap,0.26153846153846155
846350,2047,Brain_Non-Myeloid_oligodendrocyte,548,16.0,186,10_60296002_60296304,5903,Psap,0.08602150537634409
846351,2048,Brain_Non-Myeloid_oligodendrocyte,548,33.0,234,10_60296002_60296304,5903,Psap,0.14102564102564102
846352,2049,Brain_Non-Myeloid_oligodendrocyte,548,3.0,39,10_60296002_60296304,5903,Psap,0.07692307692307693
846353,2050,Brain_Non-Myeloid_oligodendrocyte,548,16.0,185,10_60296002_60296304,5903,Psap,0.08648648648648649
846354,2051,Brain_Non-Myeloid_oligodendrocyte,548,5.0,144,10_60296002_60296304,5903,Psap,0.034722222222222224
846355,2052,Brain_Non-Myeloid_oligodendrocyte,548,45.0,243,10_60296002_60296304,5903,Psap,0.18518518518518517
846356,2053,Brain_Non-Myeloid_oligodendrocyte,548,8.0,122,10_60296002_60296304,5903,Psap,0.06557377049180328
846357,2054,Brain_Non-Myeloid_oligodendrocyte,548,87.0,252,10_60296002_60296304,5903,Psap,0.34523809523809523
846358,2055,Brain_Non-Myeloid_oligodendrocyte,548,2.0,70,10_60296002_60296304,5903,Psap,0.02857142857142857
846359,2056,Brain_Non-Myeloid_oligodendrocyte,548,60.0,811,10_60296002_60296304,5903,Psap,0.07398273736128237
846360,2058,Brain_Non-Myeloid_oligodendrocyte,548,27.0,199,10_60296002_60296304,5903,Psap,0.135678391959799
846361,2059,Brain_Non-Myeloid_oligodendrocyte,548,42.0,113,10_60296002_60296304,5903,Psap,0.37168141592920356
846362,2060,Brain_Non-Myeloid_oligodendrocyte,548,37.0,195,10_60296002_60296304,5903,Psap,0.18974358974358974
846363,2061,Brain_Non-Myeloid_oligodendrocyte,548,8.0,30,10_60296002_60296304,5903,Psap,0.26666666666666666
846364,2062,Brain_Non-Myeloid_oligodendrocyte,548,4.0,56,10_60296002_60296304,5903,Psap,0.07142857142857142
846365,2063,Brain_Non-Myeloid_oligodendrocyte,548,240.0,1384,10_60296002_60296304,5903,Psap,0.17341040462427745
846366,2064,Brain_Non-Myeloid_oligodendrocyte,548,35.0,131,10_60296002_60296304,5903,Psap,0.26717557251908397
846367,2065,Brain_Non-Myeloid_oligodendrocyte,548,17.0,59,10_60296002_60296304,5903,Psap,0.288135593220339
846368,2066,Brain_Non-Myeloid_oligodendrocyte,548,10.0,122,10_60296002_60296304,5903,Psap,0.08196721311475409
846369,2067,Brain_Non-Myeloid_oligodendrocyte,548,38.0,67,10_60296002_60296304,5903,Psap,0.5671641791044776
846370,2068,Brain_Non-Myeloid_oligodendrocyte,548,3.0,18,10_60296002_60296304,5903,Psap,0.16666666666666666
846371,2070,Brain_Non-Myeloid_oligodendrocyte,548,38.0,142,10_60296002_60296304,5903,Psap,0.2676056338028169
846372,2071,Brain_Non-Myeloid_oligodendrocyte,548,9.0,68,10_60296002_60296304,5903,Psap,0.1323529411764706
846373,2072,Brain_Non-Myeloid_oligodendrocyte,548,32.0,57,10_60296002_60296304,5903,Psap,0.5614035087719298
846374,2073,Brain_Non-Myeloid_oligodendrocyte,548,8.0,26,10_60296002_60296304,5903,Psap,0.3076923076923077
846375,2074,Brain_Non-Myeloid_oligodendrocyte,548,551.0,1583,10_60296002_60296304,5903,Psap,0.34807327858496523
846376,2076,Brain_Non-Myeloid_oligodendrocyte,548,4.0,174,10_60296002_60296304,5903,Psap,0.022988505747126436
846377,2077,Brain_Non-Myeloid_oligodendrocyte,548,14.0,62,10_60296002_60296304,5903,Psap,0.22580645161290322
846378,2078,Brain_Non-Myeloid_oligodendrocyte,548,17.0,150,10_60296002_60296304,5903,Psap,0.11333333333333333
846379,2079,Brain_Non-Myeloid_oligodendrocyte,548,1.0,9,10_60296002_60296304,5903,Psap,0.1111111111111111
846380,2080,Brain_Non-Myeloid_oligodendrocyte,548,288.0,691,10_60296002_60296304,5903,Psap,0.41678726483357453
846381,2081,Brain_Non-Myeloid_oligodendrocyte,548,53.0,284,10_60296002_60296304,5903,Psap,0.18661971830985916
846382,2082,Brain_Non-Myeloid_oligodendrocyte,548,37.0,157,10_60296002_60296304,5903,Psap,0.2356687898089172
846383,2083,Brain_Non-Myeloid_oligodendrocyte,548,18.0,54,10_60296002_60296304,5903,Psap,0.3333333333333333
846384,2084,Brain_Non-Myeloid_oligodendrocyte,548,9.0,52,10_60296002_60296304,5903,Psap,0.17307692307692307
846385,2086,Brain_Non-Myeloid_oligodendrocyte,548,28.0,98,10_60296002_60296304,5903,Psap,0.2857142857142857
846386,2087,Brain_Non-Myeloid_oligodendrocyte,548,2.0,130,10_60296002_60296304,5903,Psap,0.015384615384615385
846387,2089,Brain_Non-Myeloid_oligodendrocyte,548,93.0,392,10_60296002_60296304,5903,Psap,0.2372448979591837
846388,2090,Brain_Non-Myeloid_oligodendrocyte,548,11.0,48,10_60296002_60296304,5903,Psap,0.22916666666666666
846389,2092,Brain_Non-Myeloid_oligodendrocyte,548,29.0,195,10_60296002_60296304,5903,Psap,0.14871794871794872
846390,2094,Brain_Non-Myeloid_oligodendrocyte,548,37.0,166,10_60296002_60296304,5903,Psap,0.22289156626506024
846391,2095,Brain_Non-Myeloid_oligodendrocyte,548,191.0,997,10_60296002_60296304,5903,Psap,0.19157472417251756
846392,2096,Brain_Non-Myeloid_oligodendrocyte,548,4.0,259,10_60296002_60296304,5903,Psap,0.015444015444015444
846393,2098,Brain_Non-Myeloid_oligodendrocyte,548,34.0,75,10_60296002_60296304,5903,Psap,0.4533333333333333
846394,2099,Brain_Non-Myeloid_oligodendrocyte,548,63.0,204,10_60296002_60296304,5903,Psap,0.3088235294117647
846395,2100,Brain_Non-Myeloid_oligodendrocyte,548,177.0,305,10_60296002_60296304,5903,Psap,0.580327868852459
846396,2101,Brain_Non-Myeloid_oligodendrocyte,548,12.0,135,10_60296002_60296304,5903,Psap,0.08888888888888889
846397,2102,Brain_Non-Myeloid_oligodendrocyte,548,25.0,269,10_60296002_60296304,5903,Psap,0.09293680297397769
846398,2103,Brain_Non-Myeloid_oligodendrocyte,548,118.0,209,10_60296002_60296304,5903,Psap,0.5645933014354066
846399,2104,Brain_Non-Myeloid_oligodendrocyte,548,23.0,104,10_60296002_60296304,5903,Psap,0.22115384615384615
846400,2105,Brain_Non-Myeloid_oligodendrocyte,548,6.0,235,10_60296002_60296304,5903,Psap,0.02553191489361702
846401,2106,Brain_Non-Myeloid_oligodendrocyte,548,15.0,115,10_60296002_60296304,5903,Psap,0.13043478260869565
846402,2107,Brain_Non-Myeloid_oligodendrocyte,548,3.0,311,10_60296002_60296304,5903,Psap,0.00964630225080386
846403,2108,Brain_Non-Myeloid_oligodendrocyte,548,11.0,105,10_60296002_60296304,5903,Psap,0.10476190476190476
846404,2110,Brain_Non-Myeloid_oligodendrocyte,548,453.0,1858,10_60296002_60296304,5903,Psap,0.24381054897739504
846405,2111,Brain_Non-Myeloid_oligodendrocyte,548,33.0,194,10_60296002_60296304,5903,Psap,0.17010309278350516
846406,2113,Brain_Non-Myeloid_oligodendrocyte,548,27.0,28,10_60296002_60296304,5903,Psap,0.9642857142857143
846407,2114,Brain_Non-Myeloid_oligodendrocyte,548,58.0,129,10_60296002_60296304,5903,Psap,0.4496124031007752
846408,2115,Brain_Non-Myeloid_oligodendrocyte,548,357.0,1502,10_60296002_60296304,5903,Psap,0.23768308921438083
846409,2116,Brain_Non-Myeloid_oligodendrocyte,548,119.0,280,10_60296002_60296304,5903,Psap,0.425
846410,2117,Brain_Non-Myeloid_oligodendrocyte,548,52.0,404,10_60296002_60296304,5903,Psap,0.12871287128712872
846411,2118,Brain_Non-Myeloid_oligodendrocyte,548,101.0,203,10_60296002_60296304,5903,Psap,0.4975369458128079
846412,2119,Brain_Non-Myeloid_oligodendrocyte,548,37.0,136,10_60296002_60296304,5903,Psap,0.27205882352941174
846413,2120,Brain_Non-Myeloid_oligodendrocyte,548,375.0,641,10_60296002_60296304,5903,Psap,0.5850234009360374
846414,2121,Brain_Non-Myeloid_oligodendrocyte,548,46.0,274,10_60296002_60296304,5903,Psap,0.1678832116788321
846415,2122,Brain_Non-Myeloid_oligodendrocyte,548,14.0,115,10_60296002_60296304,5903,Psap,0.12173913043478261
846416,2124,Brain_Non-Myeloid_oligodendrocyte,548,4.0,21,10_60296002_60296304,5903,Psap,0.19047619047619047
846417,2125,Brain_Non-Myeloid_oligodendrocyte,548,27.0,87,10_60296002_60296304,5903,Psap,0.3103448275862069
846418,2126,Brain_Non-Myeloid_oligodendrocyte,548,1.0,321,10_60296002_60296304,5903,Psap,0.003115264797507788
846419,2127,Brain_Non-Myeloid_oligodendrocyte,548,9.0,57,10_60296002_60296304,5903,Psap,0.15789473684210525
846420,2128,Brain_Non-Myeloid_oligodendrocyte,548,1.0,13,10_60296002_60296304,5903,Psap,0.07692307692307693
846421,2129,Brain_Non-Myeloid_oligodendrocyte,548,234.0,914,10_60296002_60296304,5903,Psap,0.25601750547045954
846422,2130,Brain_Non-Myeloid_oligodendrocyte,548,1.0,64,10_60296002_60296304,5903,Psap,0.015625
846423,2132,Brain_Non-Myeloid_oligodendrocyte,548,152.0,400,10_60296002_60296304,5903,Psap,0.38
846424,2134,Brain_Non-Myeloid_oligodendrocyte,548,16.0,76,10_60296002_60296304,5903,Psap,0.21052631578947367
846425,2135,Brain_Non-Myeloid_oligodendrocyte,548,98.0,891,10_60296002_60296304,5903,Psap,0.10998877665544332
846426,2136,Brain_Non-Myeloid_oligodendrocyte,548,29.0,110,10_60296002_60296304,5903,Psap,0.2636363636363636
846427,2137,Brain_Non-Myeloid_oligodendrocyte,548,12.0,111,10_60296002_60296304,5903,Psap,0.10810810810810811
846428,2138,Brain_Non-Myeloid_oligodendrocyte,548,1.0,178,10_60296002_60296304,5903,Psap,0.0056179775280898875
846429,2140,Brain_Non-Myeloid_oligodendrocyte,548,28.0,288,10_60296002_60296304,5903,Psap,0.09722222222222222
846430,2141,Brain_Non-Myeloid_oligodendrocyte,548,161.0,364,10_60296002_60296304,5903,Psap,0.4423076923076923
846431,2142,Brain_Non-Myeloid_oligodendrocyte,548,47.0,104,10_60296002_60296304,5903,Psap,0.4519230769230769
846432,2143,Brain_Non-Myeloid_oligodendrocyte,548,135.0,371,10_60296002_60296304,5903,Psap,0.3638814016172507
846433,2144,Brain_Non-Myeloid_oligodendrocyte,548,130.0,232,10_60296002_60296304,5903,Psap,0.5603448275862069
846434,2146,Brain_Non-Myeloid_oligodendrocyte,548,1.0,10,10_60296002_60296304,5903,Psap,0.1
846435,2147,Brain_Non-Myeloid_oligodendrocyte,548,57.0,266,10_60296002_60296304,5903,Psap,0.21428571428571427
846436,2148,Brain_Non-Myeloid_oligodendrocyte,548,43.0,193,10_60296002_60296304,5903,Psap,0.22279792746113988
846437,2149,Brain_Non-Myeloid_oligodendrocyte,548,7.0,227,10_60296002_60296304,5903,Psap,0.030837004405286344
846438,2151,Brain_Non-Myeloid_oligodendrocyte,548,3.0,76,10_60296002_60296304,5903,Psap,0.039473684210526314
846439,2152,Brain_Non-Myeloid_oligodendrocyte,548,4.0,55,10_60296002_60296304,5903,Psap,0.07272727272727272
846440,2153,Brain_Non-Myeloid_oligodendrocyte,548,3.0,103,10_60296002_60296304,5903,Psap,0.02912621359223301
846441,2154,Brain_Non-Myeloid_oligodendrocyte,548,52.0,166,10_60296002_60296304,5903,Psap,0.3132530120481928
846442,2155,Brain_Non-Myeloid_oligodendrocyte,548,9.0,114,10_60296002_60296304,5903,Psap,0.07894736842105263
846443,2156,Brain_Non-Myeloid_oligodendrocyte,548,2.0,207,10_60296002_60296304,5903,Psap,0.00966183574879227
846444,2157,Brain_Non-Myeloid_oligodendrocyte,548,21.0,109,10_60296002_60296304,5903,Psap,0.1926605504587156
846445,2158,Brain_Non-Myeloid_oligodendrocyte,548,166.0,172,10_60296002_60296304,5903,Psap,0.9651162790697675
846446,2159,Brain_Non-Myeloid_oligodendrocyte,548,3.0,172,10_60296002_60296304,5903,Psap,0.01744186046511628
846447,2160,Brain_Non-Myeloid_oligodendrocyte,548,3.0,135,10_60296002_60296304,5903,Psap,0.022222222222222223
846448,2161,Brain_Non-Myeloid_oligodendrocyte,548,484.0,909,10_60296002_60296304,5903,Psap,0.5324532453245324
846449,2162,Brain_Non-Myeloid_oligodendrocyte,548,1.0,181,10_60296002_60296304,5903,Psap,0.0055248618784530384
846450,2163,Brain_Non-Myeloid_oligodendrocyte,548,12.0,331,10_60296002_60296304,5903,Psap,0.03625377643504532
846451,2165,Brain_Non-Myeloid_oligodendrocyte,548,16.0,39,10_60296002_60296304,5903,Psap,0.41025641025641024
846452,2167,Brain_Non-Myeloid_oligodendrocyte,548,5.0,27,10_60296002_60296304,5903,Psap,0.18518518518518517
846453,2168,Brain_Non-Myeloid_oligodendrocyte,548,398.0,743,10_60296002_60296304,5903,Psap,0.5356662180349933
846454,2170,Brain_Non-Myeloid_oligodendrocyte,548,50.0,257,10_60296002_60296304,5903,Psap,0.19455252918287938
846455,2171,Brain_Non-Myeloid_oligodendrocyte,548,46.0,145,10_60296002_60296304,5903,Psap,0.31724137931034485
846456,2172,Brain_Non-Myeloid_oligodendrocyte,548,38.0,296,10_60296002_60296304,5903,Psap,0.12837837837837837
846457,2173,Brain_Non-Myeloid_oligodendrocyte,548,29.0,120,10_60296002_60296304,5903,Psap,0.24166666666666667
846458,2174,Brain_Non-Myeloid_oligodendrocyte,548,9.0,22,10_60296002_60296304,5903,Psap,0.4090909090909091
846459,2176,Brain_Non-Myeloid_oligodendrocyte,548,33.0,75,10_60296002_60296304,5903,Psap,0.44
846460,2177,Brain_Non-Myeloid_oligodendrocyte,548,70.0,381,10_60296002_60296304,5903,Psap,0.1837270341207349
846461,2178,Brain_Non-Myeloid_oligodendrocyte,548,23.0,251,10_60296002_60296304,5903,Psap,0.09163346613545817
846462,2179,Brain_Non-Myeloid_oligodendrocyte,548,18.0,392,10_60296002_60296304,5903,Psap,0.04591836734693878
846463,2180,Brain_Non-Myeloid_oligodendrocyte,548,74.0,451,10_60296002_60296304,5903,Psap,0.164079822616408
846464,2181,Brain_Non-Myeloid_oligodendrocyte,548,2.0,48,10_60296002_60296304,5903,Psap,0.041666666666666664
846465,2182,Brain_Non-Myeloid_oligodendrocyte,548,54.0,229,10_60296002_60296304,5903,Psap,0.23580786026200873
846466,2183,Brain_Non-Myeloid_oligodendrocyte,548,6.0,19,10_60296002_60296304,5903,Psap,0.3157894736842105
846467,2184,Brain_Non-Myeloid_oligodendrocyte,548,4.0,68,10_60296002_60296304,5903,Psap,0.058823529411764705
846468,2185,Brain_Non-Myeloid_oligodendrocyte,548,2.0,12,10_60296002_60296304,5903,Psap,0.16666666666666666
846469,2186,Brain_Non-Myeloid_oligodendrocyte,548,8.0,58,10_60296002_60296304,5903,Psap,0.13793103448275862
846470,2187,Brain_Non-Myeloid_oligodendrocyte,548,36.0,1324,10_60296002_60296304,5903,Psap,0.027190332326283987
846471,2188,Brain_Non-Myeloid_oligodendrocyte,548,1.0,198,10_60296002_60296304,5903,Psap,0.005050505050505051
846472,2189,Brain_Non-Myeloid_oligodendrocyte,548,1.0,37,10_60296002_60296304,5903,Psap,0.02702702702702703
846473,2190,Brain_Non-Myeloid_oligodendrocyte,548,52.0,135,10_60296002_60296304,5903,Psap,0.3851851851851852
846474,2192,Brain_Non-Myeloid_oligodendrocyte,548,13.0,1659,10_60296002_60296304,5903,Psap,0.007836045810729355
846475,2193,Brain_Non-Myeloid_oligodendrocyte,548,42.0,385,10_60296002_60296304,5903,Psap,0.10909090909090909
846476,2194,Brain_Non-Myeloid_oligodendrocyte,548,76.0,266,10_60296002_60296304,5903,Psap,0.2857142857142857
846477,2195,Brain_Non-Myeloid_oligodendrocyte,548,36.0,37,10_60296002_60296304,5903,Psap,0.972972972972973
846478,2196,Brain_Non-Myeloid_oligodendrocyte,548,47.0,156,10_60296002_60296304,5903,Psap,0.30128205128205127
846479,2197,Brain_Non-Myeloid_oligodendrocyte,548,99.0,297,10_60296002_60296304,5903,Psap,0.3333333333333333
846480,2198,Brain_Non-Myeloid_oligodendrocyte,548,5.0,207,10_60296002_60296304,5903,Psap,0.024154589371980676
846481,2199,Brain_Non-Myeloid_oligodendrocyte,548,38.0,140,10_60296002_60296304,5903,Psap,0.2714285714285714
846482,2201,Brain_Non-Myeloid_oligodendrocyte,548,55.0,348,10_60296002_60296304,5903,Psap,0.15804597701149425
846483,2202,Brain_Non-Myeloid_oligodendrocyte,548,12.0,168,10_60296002_60296304,5903,Psap,0.07142857142857142
846484,2203,Brain_Non-Myeloid_oligodendrocyte,548,39.0,396,10_60296002_60296304,5903,Psap,0.09848484848484848
846485,2206,Brain_Non-Myeloid_oligodendrocyte,548,1.0,122,10_60296002_60296304,5903,Psap,0.00819672131147541
846486,2207,Brain_Non-Myeloid_oligodendrocyte,548,30.0,78,10_60296002_60296304,5903,Psap,0.38461538461538464
846487,2208,Brain_Non-Myeloid_oligodendrocyte,548,46.0,218,10_60296002_60296304,5903,Psap,0.21100917431192662
846488,2209,Brain_Non-Myeloid_oligodendrocyte,548,35.0,236,10_60296002_60296304,5903,Psap,0.1483050847457627
846489,2210,Brain_Non-Myeloid_oligodendrocyte,548,71.0,584,10_60296002_60296304,5903,Psap,0.12157534246575342
846490,2211,Brain_Non-Myeloid_oligodendrocyte,548,1.0,129,10_60296002_60296304,5903,Psap,0.007751937984496124
846491,2212,Brain_Non-Myeloid_oligodendrocyte,548,49.0,353,10_60296002_60296304,5903,Psap,0.1388101983002833
846492,2213,Brain_Non-Myeloid_oligodendrocyte,548,20.0,90,10_60296002_60296304,5903,Psap,0.2222222222222222
846493,2214,Brain_Non-Myeloid_oligodendrocyte,548,58.0,147,10_60296002_60296304,5903,Psap,0.3945578231292517
846494,2215,Brain_Non-Myeloid_oligodendrocyte,548,10.0,72,10_60296002_60296304,5903,Psap,0.1388888888888889
846495,2217,Brain_Non-Myeloid_oligodendrocyte,548,46.0,286,10_60296002_60296304,5903,Psap,0.16083916083916083
846496,2219,Brain_Non-Myeloid_oligodendrocyte,548,1.0,74,10_60296002_60296304,5903,Psap,0.013513513513513514
846497,2220,Brain_Non-Myeloid_oligodendrocyte,548,22.0,116,10_60296002_60296304,5903,Psap,0.1896551724137931
846498,2221,Brain_Non-Myeloid_oligodendrocyte,548,31.0,31,10_60296002_60296304,5903,Psap,1.0
846499,2222,Brain_Non-Myeloid_oligodendrocyte,548,17.0,50,10_60296002_60296304,5903,Psap,0.34
846500,2224,Brain_Non-Myeloid_oligodendrocyte,548,17.0,50,10_60296002_60296304,5903,Psap,0.34
846501,2225,Brain_Non-Myeloid_oligodendrocyte,548,16.0,52,10_60296002_60296304,5903,Psap,0.3076923076923077
846502,2226,Brain_Non-Myeloid_oligodendrocyte,548,12.0,32,10_60296002_60296304,5903,Psap,0.375
846503,2228,Brain_Non-Myeloid_oligodendrocyte,548,20.0,171,10_60296002_60296304,5903,Psap,0.11695906432748537
846504,2229,Brain_Non-Myeloid_oligodendrocyte,548,21.0,94,10_60296002_60296304,5903,Psap,0.22340425531914893
846505,2230,Brain_Non-Myeloid_oligodendrocyte,548,158.0,196,10_60296002_60296304,5903,Psap,0.8061224489795918
846506,2231,Brain_Non-Myeloid_oligodendrocyte,548,192.0,1056,10_60296002_60296304,5903,Psap,0.18181818181818182
846507,2232,Brain_Non-Myeloid_oligodendrocyte,548,37.0,214,10_60296002_60296304,5903,Psap,0.17289719626168223
846508,2233,Brain_Non-Myeloid_oligodendrocyte,548,33.0,189,10_60296002_60296304,5903,Psap,0.1746031746031746
846509,2235,Brain_Non-Myeloid_oligodendrocyte,548,2.0,286,10_60296002_60296304,5903,Psap,0.006993006993006993
846510,2236,Brain_Non-Myeloid_oligodendrocyte,548,12.0,128,10_60296002_60296304,5903,Psap,0.09375
846511,2237,Brain_Non-Myeloid_oligodendrocyte,548,45.0,83,10_60296002_60296304,5903,Psap,0.5421686746987951
846512,2238,Brain_Non-Myeloid_oligodendrocyte,548,4.0,22,10_60296002_60296304,5903,Psap,0.18181818181818182
846513,2241,Brain_Non-Myeloid_oligodendrocyte,548,4.0,26,10_60296002_60296304,5903,Psap,0.15384615384615385
846514,2242,Brain_Non-Myeloid_oligodendrocyte,548,17.0,129,10_60296002_60296304,5903,Psap,0.13178294573643412
846515,2243,Brain_Non-Myeloid_oligodendrocyte,548,97.0,403,10_60296002_60296304,5903,Psap,0.24069478908188585
846516,2246,Brain_Non-Myeloid_oligodendrocyte,548,124.0,384,10_60296002_60296304,5903,Psap,0.3229166666666667
846517,2247,Brain_Non-Myeloid_oligodendrocyte,548,58.0,236,10_60296002_60296304,5903,Psap,0.2457627118644068
846518,2248,Brain_Non-Myeloid_oligodendrocyte,548,60.0,80,10_60296002_60296304,5903,Psap,0.75
846519,2249,Brain_Non-Myeloid_oligodendrocyte,548,28.0,76,10_60296002_60296304,5903,Psap,0.3684210526315789
846520,2250,Brain_Non-Myeloid_oligodendrocyte,548,20.0,970,10_60296002_60296304,5903,Psap,0.020618556701030927
846521,2251,Brain_Non-Myeloid_oligodendrocyte,548,1.0,120,10_60296002_60296304,5903,Psap,0.008333333333333333
846522,2252,Brain_Non-Myeloid_oligodendrocyte,548,79.0,247,10_60296002_60296304,5903,Psap,0.31983805668016196
846523,2253,Brain_Non-Myeloid_oligodendrocyte,548,2.0,169,10_60296002_60296304,5903,Psap,0.011834319526627219
846524,2255,Brain_Non-Myeloid_oligodendrocyte,548,27.0,559,10_60296002_60296304,5903,Psap,0.04830053667262969
846525,2256,Brain_Non-Myeloid_oligodendrocyte,548,27.0,110,10_60296002_60296304,5903,Psap,0.24545454545454545
846526,2257,Brain_Non-Myeloid_oligodendrocyte,548,5.0,220,10_60296002_60296304,5903,Psap,0.022727272727272728
846527,2260,Brain_Non-Myeloid_oligodendrocyte,548,21.0,60,10_60296002_60296304,5903,Psap,0.35
846528,2261,Brain_Non-Myeloid_oligodendrocyte,548,368.0,1012,10_60296002_60296304,5903,Psap,0.36363636363636365
846529,2262,Brain_Non-Myeloid_oligodendrocyte,548,10.0,228,10_60296002_60296304,5903,Psap,0.043859649122807015
846530,2264,Brain_Non-Myeloid_oligodendrocyte,548,36.0,181,10_60296002_60296304,5903,Psap,0.19889502762430938
846531,2265,Brain_Non-Myeloid_oligodendrocyte,548,18.0,109,10_60296002_60296304,5903,Psap,0.1651376146788991
846532,2266,Brain_Non-Myeloid_oligodendrocyte,548,96.0,184,10_60296002_60296304,5903,Psap,0.5217391304347826
846533,2267,Brain_Non-Myeloid_oligodendrocyte,548,68.0,371,10_60296002_60296304,5903,Psap,0.18328840970350405
846534,2268,Brain_Non-Myeloid_oligodendrocyte,548,37.0,167,10_60296002_60296304,5903,Psap,0.2215568862275449
846535,2269,Brain_Non-Myeloid_oligodendrocyte,548,3.0,54,10_60296002_60296304,5903,Psap,0.05555555555555555
846536,2270,Brain_Non-Myeloid_oligodendrocyte,548,46.0,130,10_60296002_60296304,5903,Psap,0.35384615384615387
846537,2271,Brain_Non-Myeloid_oligodendrocyte,548,78.0,225,10_60296002_60296304,5903,Psap,0.3466666666666667
846538,2272,Brain_Non-Myeloid_oligodendrocyte,548,28.0,125,10_60296002_60296304,5903,Psap,0.224
846539,2273,Brain_Non-Myeloid_oligodendrocyte,548,35.0,103,10_60296002_60296304,5903,Psap,0.33980582524271846
846540,2274,Brain_Non-Myeloid_oligodendrocyte,548,55.0,211,10_60296002_60296304,5903,Psap,0.26066350710900477
846541,2275,Brain_Non-Myeloid_oligodendrocyte,548,2.0,12,10_60296002_60296304,5903,Psap,0.16666666666666666
846542,2276,Brain_Non-Myeloid_oligodendrocyte,548,77.0,288,10_60296002_60296304,5903,Psap,0.2673611111111111
846543,2277,Brain_Non-Myeloid_oligodendrocyte,548,4.0,161,10_60296002_60296304,5903,Psap,0.024844720496894408
846544,2278,Brain_Non-Myeloid_oligodendrocyte,548,2.0,279,10_60296002_60296304,5903,Psap,0.007168458781362007
846545,2279,Brain_Non-Myeloid_oligodendrocyte,548,30.0,278,10_60296002_60296304,5903,Psap,0.1079136690647482
846546,2280,Brain_Non-Myeloid_oligodendrocyte,548,37.0,103,10_60296002_60296304,5903,Psap,0.3592233009708738
846547,2281,Brain_Non-Myeloid_oligodendrocyte,548,119.0,404,10_60296002_60296304,5903,Psap,0.29455445544554454
846548,2282,Brain_Non-Myeloid_oligodendrocyte,548,14.0,94,10_60296002_60296304,5903,Psap,0.14893617021276595
846549,2283,Brain_Non-Myeloid_oligodendrocyte,548,33.0,299,10_60296002_60296304,5903,Psap,0.11036789297658862
846550,2284,Brain_Non-Myeloid_oligodendrocyte,548,120.0,372,10_60296002_60296304,5903,Psap,0.3225806451612903
846551,2285,Brain_Non-Myeloid_oligodendrocyte,548,225.0,1147,10_60296002_60296304,5903,Psap,0.1961639058413252
846552,2286,Brain_Non-Myeloid_oligodendrocyte,548,27.0,256,10_60296002_60296304,5903,Psap,0.10546875
846553,2287,Brain_Non-Myeloid_oligodendrocyte,548,1.0,120,10_60296002_60296304,5903,Psap,0.008333333333333333
846554,2289,Brain_Non-Myeloid_oligodendrocyte,548,68.0,187,10_60296002_60296304,5903,Psap,0.36363636363636365
846555,2290,Brain_Non-Myeloid_oligodendrocyte,548,17.0,73,10_60296002_60296304,5903,Psap,0.2328767123287671
846556,2291,Brain_Non-Myeloid_oligodendrocyte,548,11.0,149,10_60296002_60296304,5903,Psap,0.0738255033557047
846557,2293,Brain_Non-Myeloid_oligodendrocyte,548,103.0,221,10_60296002_60296304,5903,Psap,0.4660633484162896
846558,2294,Brain_Non-Myeloid_oligodendrocyte,548,68.0,181,10_60296002_60296304,5903,Psap,0.3756906077348066
846559,2295,Brain_Non-Myeloid_oligodendrocyte,548,2.0,10,10_60296002_60296304,5903,Psap,0.2
846560,2296,Brain_Non-Myeloid_oligodendrocyte,548,8.0,25,10_60296002_60296304,5903,Psap,0.32
846561,2297,Brain_Non-Myeloid_oligodendrocyte,548,3.0,35,10_60296002_60296304,5903,Psap,0.08571428571428572
846562,2298,Brain_Non-Myeloid_oligodendrocyte,548,123.0,423,10_60296002_60296304,5903,Psap,0.2907801418439716
846563,2299,Brain_Non-Myeloid_oligodendrocyte,548,2.0,100,10_60296002_60296304,5903,Psap,0.02
846564,2301,Brain_Non-Myeloid_oligodendrocyte,548,1.0,199,10_60296002_60296304,5903,Psap,0.005025125628140704
846565,2302,Brain_Non-Myeloid_oligodendrocyte,548,153.0,1215,10_60296002_60296304,5903,Psap,0.1259259259259259
846566,2303,Brain_Non-Myeloid_oligodendrocyte,548,8.0,22,10_60296002_60296304,5903,Psap,0.36363636363636365
846567,2304,Brain_Non-Myeloid_oligodendrocyte,548,35.0,178,10_60296002_60296304,5903,Psap,0.19662921348314608
846568,2305,Brain_Non-Myeloid_oligodendrocyte,548,70.0,72,10_60296002_60296304,5903,Psap,0.9722222222222222
846569,2308,Brain_Non-Myeloid_oligodendrocyte,548,15.0,121,10_60296002_60296304,5903,Psap,0.12396694214876033
846570,2309,Brain_Non-Myeloid_oligodendrocyte,548,56.0,76,10_60296002_60296304,5903,Psap,0.7368421052631579
846571,2311,Brain_Non-Myeloid_oligodendrocyte,548,27.0,251,10_60296002_60296304,5903,Psap,0.10756972111553785
846572,2313,Brain_Non-Myeloid_oligodendrocyte,548,13.0,49,10_60296002_60296304,5903,Psap,0.2653061224489796
846573,2314,Brain_Non-Myeloid_oligodendrocyte,548,47.0,320,10_60296002_60296304,5903,Psap,0.146875
846574,2315,Brain_Non-Myeloid_oligodendrocyte,548,1.0,4,10_60296002_60296304,5903,Psap,0.25
846575,2316,Brain_Non-Myeloid_oligodendrocyte,548,3.0,93,10_60296002_60296304,5903,Psap,0.03225806451612903
846576,2319,Brain_Non-Myeloid_oligodendrocyte,548,9.0,159,10_60296002_60296304,5903,Psap,0.05660377358490566
846577,2320,Brain_Non-Myeloid_oligodendrocyte,548,11.0,301,10_60296002_60296304,5903,Psap,0.036544850498338874
846578,2323,Brain_Non-Myeloid_oligodendrocyte,548,26.0,109,10_60296002_60296304,5903,Psap,0.23853211009174313
846579,2324,Brain_Non-Myeloid_oligodendrocyte,548,1.0,60,10_60296002_60296304,5903,Psap,0.016666666666666666
846580,2325,Brain_Non-Myeloid_oligodendrocyte,548,57.0,262,10_60296002_60296304,5903,Psap,0.21755725190839695
846581,2326,Brain_Non-Myeloid_oligodendrocyte,548,1.0,65,10_60296002_60296304,5903,Psap,0.015384615384615385
846582,2327,Brain_Non-Myeloid_oligodendrocyte,548,22.0,181,10_60296002_60296304,5903,Psap,0.12154696132596685
846583,2328,Brain_Non-Myeloid_oligodendrocyte,548,1.0,322,10_60296002_60296304,5903,Psap,0.003105590062111801
846584,2329,Brain_Non-Myeloid_oligodendrocyte,548,9.0,247,10_60296002_60296304,5903,Psap,0.03643724696356275
846585,2330,Brain_Non-Myeloid_oligodendrocyte,548,3.0,8,10_60296002_60296304,5903,Psap,0.375
846586,2331,Brain_Non-Myeloid_oligodendrocyte,548,9.0,55,10_60296002_60296304,5903,Psap,0.16363636363636364
846587,2332,Brain_Non-Myeloid_oligodendrocyte,548,20.0,20,10_60296002_60296304,5903,Psap,1.0
846588,2333,Brain_Non-Myeloid_oligodendrocyte,548,77.0,368,10_60296002_60296304,5903,Psap,0.20923913043478262
846589,2335,Brain_Non-Myeloid_oligodendrocyte,548,60.0,166,10_60296002_60296304,5903,Psap,0.3614457831325301
846590,2336,Brain_Non-Myeloid_oligodendrocyte,548,25.0,47,10_60296002_60296304,5903,Psap,0.5319148936170213
846591,2337,Brain_Non-Myeloid_oligodendrocyte,548,3.0,10,10_60296002_60296304,5903,Psap,0.3
846592,2338,Brain_Non-Myeloid_oligodendrocyte,548,70.0,99,10_60296002_60296304,5903,Psap,0.7070707070707071
846593,2340,Brain_Non-Myeloid_oligodendrocyte,548,59.0,448,10_60296002_60296304,5903,Psap,0.13169642857142858
846594,2341,Brain_Non-Myeloid_oligodendrocyte,548,15.0,667,10_60296002_60296304,5903,Psap,0.022488755622188907
846595,2344,Brain_Non-Myeloid_oligodendrocyte,548,35.0,215,10_60296002_60296304,5903,Psap,0.16279069767441862
846596,2345,Brain_Non-Myeloid_oligodendrocyte,548,103.0,316,10_60296002_60296304,5903,Psap,0.3259493670886076
846597,2346,Brain_Non-Myeloid_oligodendrocyte,548,36.0,233,10_60296002_60296304,5903,Psap,0.15450643776824036
846598,2349,Brain_Non-Myeloid_oligodendrocyte,548,54.0,186,10_60296002_60296304,5903,Psap,0.2903225806451613
846599,2350,Brain_Non-Myeloid_oligodendrocyte,548,10.0,82,10_60296002_60296304,5903,Psap,0.12195121951219512
846600,2351,Brain_Non-Myeloid_oligodendrocyte,548,1.0,1,10_60296002_60296304,5903,Psap,1.0
846601,2352,Brain_Non-Myeloid_oligodendrocyte,548,28.0,526,10_60296002_60296304,5903,Psap,0.053231939163498096
846602,2353,Brain_Non-Myeloid_oligodendrocyte,548,17.0,42,10_60296002_60296304,5903,Psap,0.40476190476190477
846603,2354,Brain_Non-Myeloid_oligodendrocyte,548,92.0,118,10_60296002_60296304,5903,Psap,0.7796610169491526
846604,2355,Brain_Non-Myeloid_oligodendrocyte,548,4.0,198,10_60296002_60296304,5903,Psap,0.020202020202020204
846605,2356,Brain_Non-Myeloid_oligodendrocyte,548,13.0,99,10_60296002_60296304,5903,Psap,0.13131313131313133
846606,2357,Brain_Non-Myeloid_oligodendrocyte,548,23.0,177,10_60296002_60296304,5903,Psap,0.12994350282485875
846607,2358,Brain_Non-Myeloid_oligodendrocyte,548,9.0,96,10_60296002_60296304,5903,Psap,0.09375
846608,2360,Brain_Non-Myeloid_oligodendrocyte,548,37.0,283,10_60296002_60296304,5903,Psap,0.13074204946996468
846609,2363,Brain_Non-Myeloid_oligodendrocyte,548,29.0,127,10_60296002_60296304,5903,Psap,0.2283464566929134
846610,2364,Brain_Non-Myeloid_oligodendrocyte,548,21.0,98,10_60296002_60296304,5903,Psap,0.21428571428571427
846611,2365,Brain_Non-Myeloid_oligodendrocyte,548,8.0,79,10_60296002_60296304,5903,Psap,0.10126582278481013
846612,2366,Brain_Non-Myeloid_oligodendrocyte,548,1.0,79,10_60296002_60296304,5903,Psap,0.012658227848101266
846613,2367,Brain_Non-Myeloid_oligodendrocyte,548,23.0,39,10_60296002_60296304,5903,Psap,0.5897435897435898
846614,2368,Brain_Non-Myeloid_oligodendrocyte,548,34.0,247,10_60296002_60296304,5903,Psap,0.13765182186234817
846615,2369,Brain_Non-Myeloid_oligodendrocyte,548,6.0,146,10_60296002_60296304,5903,Psap,0.0410958904109589
846616,2370,Brain_Non-Myeloid_oligodendrocyte,548,2.0,176,10_60296002_60296304,5903,Psap,0.011363636363636364
846617,2371,Brain_Non-Myeloid_oligodendrocyte,548,19.0,278,10_60296002_60296304,5903,Psap,0.0683453237410072
846618,2372,Brain_Non-Myeloid_oligodendrocyte,548,94.0,208,10_60296002_60296304,5903,Psap,0.4519230769230769
846619,2373,Brain_Non-Myeloid_oligodendrocyte,548,59.0,255,10_60296002_60296304,5903,Psap,0.23137254901960785
846620,2374,Brain_Non-Myeloid_oligodendrocyte,548,17.0,949,10_60296002_60296304,5903,Psap,0.01791359325605901
846621,2376,Brain_Non-Myeloid_oligodendrocyte,548,59.0,159,10_60296002_60296304,5903,Psap,0.3710691823899371
846622,2377,Brain_Non-Myeloid_oligodendrocyte,548,11.0,23,10_60296002_60296304,5903,Psap,0.4782608695652174
846623,2378,Brain_Non-Myeloid_oligodendrocyte,548,14.0,81,10_60296002_60296304,5903,Psap,0.1728395061728395
846624,2379,Brain_Non-Myeloid_oligodendrocyte,548,27.0,166,10_60296002_60296304,5903,Psap,0.16265060240963855
846625,2380,Brain_Non-Myeloid_oligodendrocyte,548,40.0,97,10_60296002_60296304,5903,Psap,0.41237113402061853
846626,2382,Brain_Non-Myeloid_oligodendrocyte,548,9.0,50,10_60296002_60296304,5903,Psap,0.18
846627,2383,Brain_Non-Myeloid_oligodendrocyte,548,174.0,342,10_60296002_60296304,5903,Psap,0.5087719298245614
846628,2384,Brain_Non-Myeloid_oligodendrocyte,548,15.0,30,10_60296002_60296304,5903,Psap,0.5
846629,2385,Brain_Non-Myeloid_oligodendrocyte,548,79.0,568,10_60296002_60296304,5903,Psap,0.13908450704225353
846630,2386,Brain_Non-Myeloid_oligodendrocyte,548,7.0,38,10_60296002_60296304,5903,Psap,0.18421052631578946
846631,2387,Brain_Non-Myeloid_oligodendrocyte,548,3.0,143,10_60296002_60296304,5903,Psap,0.02097902097902098
846632,2388,Brain_Non-Myeloid_oligodendrocyte,548,54.0,245,10_60296002_60296304,5903,Psap,0.22040816326530613
846633,2389,Brain_Non-Myeloid_oligodendrocyte,548,4.0,36,10_60296002_60296304,5903,Psap,0.1111111111111111
846634,2390,Brain_Non-Myeloid_oligodendrocyte,548,36.0,171,10_60296002_60296304,5903,Psap,0.21052631578947367
846635,2391,Brain_Non-Myeloid_oligodendrocyte,548,13.0,87,10_60296002_60296304,5903,Psap,0.14942528735632185
846636,2393,Brain_Non-Myeloid_oligodendrocyte,548,31.0,123,10_60296002_60296304,5903,Psap,0.25203252032520324
846637,2394,Brain_Non-Myeloid_oligodendrocyte,548,9.0,58,10_60296002_60296304,5903,Psap,0.15517241379310345
846638,2395,Brain_Non-Myeloid_oligodendrocyte,548,10.0,99,10_60296002_60296304,5903,Psap,0.10101010101010101
846639,2396,Brain_Non-Myeloid_oligodendrocyte,548,23.0,110,10_60296002_60296304,5903,Psap,0.20909090909090908
846640,2397,Brain_Non-Myeloid_oligodendrocyte,548,14.0,255,10_60296002_60296304,5903,Psap,0.054901960784313725
846641,2398,Brain_Non-Myeloid_oligodendrocyte,548,33.0,47,10_60296002_60296304,5903,Psap,0.7021276595744681
846642,2399,Brain_Non-Myeloid_oligodendrocyte,548,71.0,74,10_60296002_60296304,5903,Psap,0.9594594594594594
846643,2400,Brain_Non-Myeloid_oligodendrocyte,548,5.0,215,10_60296002_60296304,5903,Psap,0.023255813953488372
846644,2401,Brain_Non-Myeloid_oligodendrocyte,548,21.0,201,10_60296002_60296304,5903,Psap,0.1044776119402985
846645,2402,Brain_Non-Myeloid_oligodendrocyte,548,21.0,165,10_60296002_60296304,5903,Psap,0.12727272727272726
846646,2404,Brain_Non-Myeloid_oligodendrocyte,548,74.0,99,10_60296002_60296304,5903,Psap,0.7474747474747475
846647,2405,Brain_Non-Myeloid_oligodendrocyte,548,6.0,89,10_60296002_60296304,5903,Psap,0.06741573033707865
846648,2406,Brain_Non-Myeloid_oligodendrocyte,548,212.0,372,10_60296002_60296304,5903,Psap,0.5698924731182796
846649,2408,Brain_Non-Myeloid_oligodendrocyte,548,12.0,115,10_60296002_60296304,5903,Psap,0.10434782608695652
846650,2409,Brain_Non-Myeloid_oligodendrocyte,548,42.0,101,10_60296002_60296304,5903,Psap,0.4158415841584158
846651,2410,Brain_Non-Myeloid_oligodendrocyte,548,127.0,567,10_60296002_60296304,5903,Psap,0.2239858906525573
846652,2411,Brain_Non-Myeloid_oligodendrocyte,548,8.0,250,10_60296002_60296304,5903,Psap,0.032
846653,2412,Brain_Non-Myeloid_oligodendrocyte,548,3.0,383,10_60296002_60296304,5903,Psap,0.007832898172323759
846654,2415,Brain_Non-Myeloid_oligodendrocyte,548,6.0,124,10_60296002_60296304,5903,Psap,0.04838709677419355
846655,2416,Brain_Non-Myeloid_oligodendrocyte,548,504.0,523,10_60296002_60296304,5903,Psap,0.9636711281070746
846656,2418,Brain_Non-Myeloid_oligodendrocyte,548,130.0,278,10_60296002_60296304,5903,Psap,0.4676258992805755
846657,2419,Brain_Non-Myeloid_oligodendrocyte,548,5.0,35,10_60296002_60296304,5903,Psap,0.14285714285714285
846658,2420,Brain_Non-Myeloid_oligodendrocyte,548,17.0,103,10_60296002_60296304,5903,Psap,0.1650485436893204
846659,2421,Brain_Non-Myeloid_oligodendrocyte,548,858.0,2636,10_60296002_60296304,5903,Psap,0.3254931714719272
846660,2423,Brain_Non-Myeloid_oligodendrocyte,548,6.0,28,10_60296002_60296304,5903,Psap,0.21428571428571427
846661,2424,Brain_Non-Myeloid_oligodendrocyte,548,714.0,815,10_60296002_60296304,5903,Psap,0.8760736196319019
846662,2425,Brain_Non-Myeloid_oligodendrocyte,548,3.0,78,10_60296002_60296304,5903,Psap,0.038461538461538464
846663,2426,Brain_Non-Myeloid_oligodendrocyte,548,75.0,4463,10_60296002_60296304,5903,Psap,0.016804839793860632
846664,2427,Brain_Non-Myeloid_oligodendrocyte,548,262.0,293,10_60296002_60296304,5903,Psap,0.89419795221843
846665,2428,Brain_Non-Myeloid_oligodendrocyte,548,11.0,27,10_60296002_60296304,5903,Psap,0.4074074074074074
846666,2429,Brain_Non-Myeloid_oligodendrocyte,548,199.0,200,10_60296002_60296304,5903,Psap,0.995
846667,2431,Brain_Non-Myeloid_oligodendrocyte,548,6.0,246,10_60296002_60296304,5903,Psap,0.024390243902439025
846668,2432,Brain_Non-Myeloid_oligodendrocyte,548,3.0,62,10_60296002_60296304,5903,Psap,0.04838709677419355
846669,2433,Brain_Non-Myeloid_oligodendrocyte,548,49.0,266,10_60296002_60296304,5903,Psap,0.18421052631578946
846670,2434,Brain_Non-Myeloid_oligodendrocyte,548,17.0,177,10_60296002_60296304,5903,Psap,0.096045197740113
846671,2435,Brain_Non-Myeloid_oligodendrocyte,548,1.0,2,10_60296002_60296304,5903,Psap,0.5
846672,2436,Brain_Non-Myeloid_oligodendrocyte,548,45.0,194,10_60296002_60296304,5903,Psap,0.23195876288659795
846673,2437,Brain_Non-Myeloid_oligodendrocyte,548,32.0,101,10_60296002_60296304,5903,Psap,0.31683168316831684
846674,2438,Brain_Non-Myeloid_oligodendrocyte,548,3.0,387,10_60296002_60296304,5903,Psap,0.007751937984496124
846675,2439,Brain_Non-Myeloid_oligodendrocyte,548,11.0,648,10_60296002_60296304,5903,Psap,0.016975308641975308
846676,2440,Brain_Non-Myeloid_oligodendrocyte,548,3.0,26,10_60296002_60296304,5903,Psap,0.11538461538461539
846677,2441,Brain_Non-Myeloid_oligodendrocyte,548,13.0,147,10_60296002_60296304,5903,Psap,0.08843537414965986
846678,2442,Brain_Non-Myeloid_oligodendrocyte,548,91.0,366,10_60296002_60296304,5903,Psap,0.24863387978142076
846679,2444,Brain_Non-Myeloid_oligodendrocyte,548,56.0,168,10_60296002_60296304,5903,Psap,0.3333333333333333
846680,2445,Brain_Non-Myeloid_oligodendrocyte,548,28.0,226,10_60296002_60296304,5903,Psap,0.12389380530973451
846681,2446,Brain_Non-Myeloid_oligodendrocyte,548,32.0,398,10_60296002_60296304,5903,Psap,0.08040201005025126
846682,2447,Brain_Non-Myeloid_oligodendrocyte,548,26.0,57,10_60296002_60296304,5903,Psap,0.45614035087719296
846683,2448,Brain_Non-Myeloid_oligodendrocyte,548,27.0,232,10_60296002_60296304,5903,Psap,0.11637931034482758
846684,2449,Brain_Non-Myeloid_oligodendrocyte,548,111.0,168,10_60296002_60296304,5903,Psap,0.6607142857142857
846685,2450,Brain_Non-Myeloid_oligodendrocyte,548,147.0,310,10_60296002_60296304,5903,Psap,0.47419354838709676
846686,2452,Brain_Non-Myeloid_oligodendrocyte,548,41.0,111,10_60296002_60296304,5903,Psap,0.36936936936936937
846687,2453,Brain_Non-Myeloid_oligodendrocyte,548,1.0,82,10_60296002_60296304,5903,Psap,0.012195121951219513
846688,2454,Brain_Non-Myeloid_oligodendrocyte,548,1.0,43,10_60296002_60296304,5903,Psap,0.023255813953488372
846689,2455,Brain_Non-Myeloid_oligodendrocyte,548,90.0,225,10_60296002_60296304,5903,Psap,0.4
846690,2456,Brain_Non-Myeloid_oligodendrocyte,548,4.0,216,10_60296002_60296304,5903,Psap,0.018518518518518517
846691,2460,Brain_Non-Myeloid_oligodendrocyte,548,30.0,72,10_60296002_60296304,5903,Psap,0.4166666666666667
846692,2461,Brain_Non-Myeloid_oligodendrocyte,548,3.0,48,10_60296002_60296304,5903,Psap,0.0625
846693,2462,Brain_Non-Myeloid_oligodendrocyte,548,112.0,617,10_60296002_60296304,5903,Psap,0.18152350081037277
846694,2464,Brain_Non-Myeloid_oligodendrocyte,548,109.0,694,10_60296002_60296304,5903,Psap,0.15706051873198848
846695,2465,Brain_Non-Myeloid_oligodendrocyte,548,102.0,460,10_60296002_60296304,5903,Psap,0.2217391304347826
846696,2466,Brain_Non-Myeloid_oligodendrocyte,548,115.0,383,10_60296002_60296304,5903,Psap,0.3002610966057441
846697,2468,Brain_Non-Myeloid_oligodendrocyte,548,67.0,167,10_60296002_60296304,5903,Psap,0.40119760479041916
846698,2469,Brain_Non-Myeloid_oligodendrocyte,548,43.0,109,10_60296002_60296304,5903,Psap,0.3944954128440367
846699,2470,Brain_Non-Myeloid_oligodendrocyte,548,17.0,102,10_60296002_60296304,5903,Psap,0.16666666666666666
846700,2471,Brain_Non-Myeloid_oligodendrocyte,548,4.0,51,10_60296002_60296304,5903,Psap,0.0784313725490196
846701,2472,Brain_Non-Myeloid_oligodendrocyte,548,39.0,179,10_60296002_60296304,5903,Psap,0.21787709497206703
846702,2473,Brain_Non-Myeloid_oligodendrocyte,548,69.0,204,10_60296002_60296304,5903,Psap,0.3382352941176471
846703,2475,Brain_Non-Myeloid_oligodendrocyte,548,3.0,60,10_60296002_60296304,5903,Psap,0.05
846704,2476,Brain_Non-Myeloid_oligodendrocyte,548,2.0,124,10_60296002_60296304,5903,Psap,0.016129032258064516
846705,2478,Brain_Non-Myeloid_oligodendrocyte,548,35.0,158,10_60296002_60296304,5903,Psap,0.22151898734177214
846706,2479,Brain_Non-Myeloid_oligodendrocyte,548,75.0,165,10_60296002_60296304,5903,Psap,0.45454545454545453
846707,2480,Brain_Non-Myeloid_oligodendrocyte,548,82.0,323,10_60296002_60296304,5903,Psap,0.25386996904024767
846708,2481,Brain_Non-Myeloid_oligodendrocyte,548,92.0,137,10_60296002_60296304,5903,Psap,0.6715328467153284
846709,2484,Brain_Non-Myeloid_oligodendrocyte,548,47.0,135,10_60296002_60296304,5903,Psap,0.34814814814814815
846710,2485,Brain_Non-Myeloid_oligodendrocyte,548,11.0,91,10_60296002_60296304,5903,Psap,0.12087912087912088
846711,2486,Brain_Non-Myeloid_oligodendrocyte,548,244.0,630,10_60296002_60296304,5903,Psap,0.3873015873015873
846712,2487,Brain_Non-Myeloid_oligodendrocyte,548,39.0,208,10_60296002_60296304,5903,Psap,0.1875
846713,2489,Brain_Non-Myeloid_oligodendrocyte,548,35.0,235,10_60296002_60296304,5903,Psap,0.14893617021276595
846714,2490,Brain_Non-Myeloid_oligodendrocyte,548,17.0,212,10_60296002_60296304,5903,Psap,0.08018867924528301
846715,2491,Brain_Non-Myeloid_oligodendrocyte,548,14.0,189,10_60296002_60296304,5903,Psap,0.07407407407407407
846716,2492,Brain_Non-Myeloid_oligodendrocyte,548,129.0,354,10_60296002_60296304,5903,Psap,0.3644067796610169
846717,2493,Brain_Non-Myeloid_oligodendrocyte,548,23.0,208,10_60296002_60296304,5903,Psap,0.11057692307692307
846718,2494,Brain_Non-Myeloid_oligodendrocyte,548,5.0,46,10_60296002_60296304,5903,Psap,0.10869565217391304
846719,2496,Brain_Non-Myeloid_oligodendrocyte,548,14.0,73,10_60296002_60296304,5903,Psap,0.1917808219178082
846720,2497,Brain_Non-Myeloid_oligodendrocyte,548,3.0,62,10_60296002_60296304,5903,Psap,0.04838709677419355
846721,2498,Brain_Non-Myeloid_oligodendrocyte,548,1.0,129,10_60296002_60296304,5903,Psap,0.007751937984496124
846722,2499,Brain_Non-Myeloid_oligodendrocyte,548,4.0,272,10_60296002_60296304,5903,Psap,0.014705882352941176
846723,2501,Brain_Non-Myeloid_oligodendrocyte,548,14.0,21,10_60296002_60296304,5903,Psap,0.6666666666666666
846724,2502,Brain_Non-Myeloid_oligodendrocyte,548,4.0,133,10_60296002_60296304,5903,Psap,0.03007518796992481
846725,2504,Brain_Non-Myeloid_oligodendrocyte,548,6.0,331,10_60296002_60296304,5903,Psap,0.01812688821752266
846726,2506,Brain_Non-Myeloid_oligodendrocyte,548,63.0,283,10_60296002_60296304,5903,Psap,0.2226148409893993
846727,2507,Brain_Non-Myeloid_oligodendrocyte,548,37.0,64,10_60296002_60296304,5903,Psap,0.578125
846728,2508,Brain_Non-Myeloid_oligodendrocyte,548,16.0,230,10_60296002_60296304,5903,Psap,0.06956521739130435
846729,2509,Brain_Non-Myeloid_oligodendrocyte,548,37.0,179,10_60296002_60296304,5903,Psap,0.20670391061452514
846730,2510,Brain_Non-Myeloid_oligodendrocyte,548,2.0,26,10_60296002_60296304,5903,Psap,0.07692307692307693
846731,2511,Brain_Non-Myeloid_oligodendrocyte,548,62.0,276,10_60296002_60296304,5903,Psap,0.2246376811594203
846732,2512,Brain_Non-Myeloid_oligodendrocyte,548,4.0,173,10_60296002_60296304,5903,Psap,0.023121387283236993
846733,2513,Brain_Non-Myeloid_oligodendrocyte,548,40.0,333,10_60296002_60296304,5903,Psap,0.12012012012012012
846734,2514,Brain_Non-Myeloid_oligodendrocyte,548,3.0,7,10_60296002_60296304,5903,Psap,0.42857142857142855
846735,2515,Brain_Non-Myeloid_oligodendrocyte,548,1.0,125,10_60296002_60296304,5903,Psap,0.008
846736,2516,Brain_Non-Myeloid_oligodendrocyte,548,3.0,40,10_60296002_60296304,5903,Psap,0.075
846737,2517,Brain_Non-Myeloid_oligodendrocyte,548,1.0,2,10_60296002_60296304,5903,Psap,0.5
846738,2518,Brain_Non-Myeloid_oligodendrocyte,548,36.0,96,10_60296002_60296304,5903,Psap,0.375
846739,2519,Brain_Non-Myeloid_oligodendrocyte,548,1.0,32,10_60296002_60296304,5903,Psap,0.03125
846740,2520,Brain_Non-Myeloid_oligodendrocyte,548,63.0,127,10_60296002_60296304,5903,Psap,0.49606299212598426
846741,2521,Brain_Non-Myeloid_oligodendrocyte,548,2.0,25,10_60296002_60296304,5903,Psap,0.08
846742,2522,Brain_Non-Myeloid_oligodendrocyte,548,33.0,164,10_60296002_60296304,5903,Psap,0.20121951219512196
846743,2523,Brain_Non-Myeloid_oligodendrocyte,548,66.0,490,10_60296002_60296304,5903,Psap,0.1346938775510204
846744,2524,Brain_Non-Myeloid_oligodendrocyte,548,14.0,144,10_60296002_60296304,5903,Psap,0.09722222222222222
846745,2525,Brain_Non-Myeloid_oligodendrocyte,548,23.0,154,10_60296002_60296304,5903,Psap,0.14935064935064934
846746,2526,Brain_Non-Myeloid_oligodendrocyte,548,30.0,343,10_60296002_60296304,5903,Psap,0.08746355685131195
846747,2528,Brain_Non-Myeloid_oligodendrocyte,548,6.0,77,10_60296002_60296304,5903,Psap,0.07792207792207792
846748,2529,Brain_Non-Myeloid_oligodendrocyte,548,1.0,62,10_60296002_60296304,5903,Psap,0.016129032258064516
846749,2530,Brain_Non-Myeloid_oligodendrocyte,548,190.0,823,10_60296002_60296304,5903,Psap,0.23086269744835966
846750,2531,Brain_Non-Myeloid_oligodendrocyte,548,50.0,247,10_60296002_60296304,5903,Psap,0.20242914979757085
846751,2532,Brain_Non-Myeloid_oligodendrocyte,548,33.0,157,10_60296002_60296304,5903,Psap,0.21019108280254778
846752,2533,Brain_Non-Myeloid_oligodendrocyte,548,6.0,110,10_60296002_60296304,5903,Psap,0.05454545454545454
846753,2534,Brain_Non-Myeloid_oligodendrocyte,548,130.0,268,10_60296002_60296304,5903,Psap,0.48507462686567165
846754,2535,Brain_Non-Myeloid_oligodendrocyte,548,1.0,87,10_60296002_60296304,5903,Psap,0.011494252873563218
846755,2536,Brain_Non-Myeloid_oligodendrocyte,548,54.0,269,10_60296002_60296304,5903,Psap,0.20074349442379183
846756,2538,Brain_Non-Myeloid_oligodendrocyte,548,9.0,143,10_60296002_60296304,5903,Psap,0.06293706293706294
846757,2539,Brain_Non-Myeloid_oligodendrocyte,548,5.0,21,10_60296002_60296304,5903,Psap,0.23809523809523808
846758,2540,Brain_Non-Myeloid_oligodendrocyte,548,28.0,156,10_60296002_60296304,5903,Psap,0.1794871794871795
846759,2541,Brain_Non-Myeloid_oligodendrocyte,548,24.0,152,10_60296002_60296304,5903,Psap,0.15789473684210525
846760,2544,Brain_Non-Myeloid_oligodendrocyte,548,22.0,152,10_60296002_60296304,5903,Psap,0.14473684210526316
846761,2546,Brain_Non-Myeloid_oligodendrocyte,548,26.0,101,10_60296002_60296304,5903,Psap,0.25742574257425743
846762,2548,Brain_Non-Myeloid_oligodendrocyte,548,87.0,155,10_60296002_60296304,5903,Psap,0.5612903225806452
846763,2549,Brain_Non-Myeloid_oligodendrocyte,548,129.0,135,10_60296002_60296304,5903,Psap,0.9555555555555556
846764,2550,Brain_Non-Myeloid_oligodendrocyte,548,298.0,840,10_60296002_60296304,5903,Psap,0.3547619047619048
846765,2551,Brain_Non-Myeloid_oligodendrocyte,548,5.0,237,10_60296002_60296304,5903,Psap,0.02109704641350211
846766,2553,Brain_Non-Myeloid_oligodendrocyte,548,38.0,53,10_60296002_60296304,5903,Psap,0.7169811320754716
846767,2554,Brain_Non-Myeloid_oligodendrocyte,548,32.0,102,10_60296002_60296304,5903,Psap,0.3137254901960784
846768,2555,Brain_Non-Myeloid_oligodendrocyte,548,3.0,97,10_60296002_60296304,5903,Psap,0.030927835051546393
846769,2556,Brain_Non-Myeloid_oligodendrocyte,548,6.0,55,10_60296002_60296304,5903,Psap,0.10909090909090909
846770,2557,Brain_Non-Myeloid_oligodendrocyte,548,39.0,63,10_60296002_60296304,5903,Psap,0.6190476190476191
846771,2558,Brain_Non-Myeloid_oligodendrocyte,548,9.0,51,10_60296002_60296304,5903,Psap,0.17647058823529413
846772,2559,Brain_Non-Myeloid_oligodendrocyte,548,32.0,77,10_60296002_60296304,5903,Psap,0.4155844155844156
846773,2560,Brain_Non-Myeloid_oligodendrocyte,548,3.0,86,10_60296002_60296304,5903,Psap,0.03488372093023256
846774,2561,Brain_Non-Myeloid_oligodendrocyte,548,39.0,191,10_60296002_60296304,5903,Psap,0.20418848167539266
846775,2562,Brain_Non-Myeloid_oligodendrocyte,548,2.0,3,10_60296002_60296304,5903,Psap,0.6666666666666666
846776,2563,Brain_Non-Myeloid_oligodendrocyte,548,5.0,40,10_60296002_60296304,5903,Psap,0.125
846777,2564,Brain_Non-Myeloid_oligodendrocyte,548,111.0,536,10_60296002_60296304,5903,Psap,0.20708955223880596
846778,2565,Brain_Non-Myeloid_oligodendrocyte,548,6.0,54,10_60296002_60296304,5903,Psap,0.1111111111111111
846779,2566,Brain_Non-Myeloid_oligodendrocyte,548,6.0,211,10_60296002_60296304,5903,Psap,0.02843601895734597
846780,2567,Brain_Non-Myeloid_oligodendrocyte,548,2.0,3,10_60296002_60296304,5903,Psap,0.6666666666666666
846781,2568,Brain_Non-Myeloid_oligodendrocyte,548,1.0,27,10_60296002_60296304,5903,Psap,0.037037037037037035
846782,2569,Brain_Non-Myeloid_oligodendrocyte,548,6.0,8,10_60296002_60296304,5903,Psap,0.75
846783,2572,Brain_Non-Myeloid_oligodendrocyte,548,84.0,135,10_60296002_60296304,5903,Psap,0.6222222222222222
846784,2573,Brain_Non-Myeloid_oligodendrocyte,548,1.0,305,10_60296002_60296304,5903,Psap,0.003278688524590164
846785,2574,Brain_Non-Myeloid_oligodendrocyte,548,18.0,48,10_60296002_60296304,5903,Psap,0.375
846786,2575,Brain_Non-Myeloid_oligodendrocyte,548,22.0,83,10_60296002_60296304,5903,Psap,0.26506024096385544
846787,2576,Brain_Non-Myeloid_oligodendrocyte,548,62.0,292,10_60296002_60296304,5903,Psap,0.21232876712328766
846788,2577,Brain_Non-Myeloid_oligodendrocyte,548,2.0,7,10_60296002_60296304,5903,Psap,0.2857142857142857
846789,2578,Brain_Non-Myeloid_oligodendrocyte,548,6.0,28,10_60296002_60296304,5903,Psap,0.21428571428571427
846790,2579,Brain_Non-Myeloid_oligodendrocyte,548,7.0,61,10_60296002_60296304,5903,Psap,0.11475409836065574
846791,2581,Brain_Non-Myeloid_oligodendrocyte,548,6.0,34,10_60296002_60296304,5903,Psap,0.17647058823529413
846792,2582,Brain_Non-Myeloid_oligodendrocyte,548,2.0,5,10_60296002_60296304,5903,Psap,0.4
846793,2583,Brain_Non-Myeloid_oligodendrocyte,548,2.0,26,10_60296002_60296304,5903,Psap,0.07692307692307693
846794,2584,Brain_Non-Myeloid_oligodendrocyte,548,15.0,95,10_60296002_60296304,5903,Psap,0.15789473684210525
846795,2585,Brain_Non-Myeloid_oligodendrocyte,548,18.0,67,10_60296002_60296304,5903,Psap,0.26865671641791045
846796,2586,Brain_Non-Myeloid_oligodendrocyte,548,12.0,61,10_60296002_60296304,5903,Psap,0.19672131147540983
846797,2589,Brain_Non-Myeloid_oligodendrocyte,548,263.0,544,10_60296002_60296304,5903,Psap,0.4834558823529412
846798,2590,Brain_Non-Myeloid_oligodendrocyte,548,25.0,103,10_60296002_60296304,5903,Psap,0.24271844660194175
846799,2591,Brain_Non-Myeloid_oligodendrocyte,548,26.0,101,10_60296002_60296304,5903,Psap,0.25742574257425743
846800,2592,Brain_Non-Myeloid_oligodendrocyte,548,7.0,32,10_60296002_60296304,5903,Psap,0.21875
846801,2593,Brain_Non-Myeloid_oligodendrocyte,548,1.0,50,10_60296002_60296304,5903,Psap,0.02
846802,2595,Brain_Non-Myeloid_oligodendrocyte,548,8.0,35,10_60296002_60296304,5903,Psap,0.22857142857142856
846803,2596,Brain_Non-Myeloid_oligodendrocyte,548,45.0,158,10_60296002_60296304,5903,Psap,0.2848101265822785
846804,2597,Brain_Non-Myeloid_oligodendrocyte,548,2.0,11,10_60296002_60296304,5903,Psap,0.18181818181818182
846805,2598,Brain_Non-Myeloid_oligodendrocyte,548,96.0,770,10_60296002_60296304,5903,Psap,0.12467532467532468
846806,2599,Brain_Non-Myeloid_oligodendrocyte,548,8.0,32,10_60296002_60296304,5903,Psap,0.25
846807,2600,Brain_Non-Myeloid_oligodendrocyte,548,32.0,194,10_60296002_60296304,5903,Psap,0.16494845360824742
846808,2601,Brain_Non-Myeloid_oligodendrocyte,548,4.0,52,10_60296002_60296304,5903,Psap,0.07692307692307693
846809,2602,Brain_Non-Myeloid_oligodendrocyte,548,52.0,454,10_60296002_60296304,5903,Psap,0.1145374449339207
846810,2603,Brain_Non-Myeloid_oligodendrocyte,548,7.0,181,10_60296002_60296304,5903,Psap,0.03867403314917127
846811,2605,Brain_Non-Myeloid_oligodendrocyte,548,6.0,189,10_60296002_60296304,5903,Psap,0.031746031746031744
846812,2606,Brain_Non-Myeloid_oligodendrocyte,548,16.0,206,10_60296002_60296304,5903,Psap,0.07766990291262135
846813,2608,Brain_Non-Myeloid_oligodendrocyte,548,4.0,6,10_60296002_60296304,5903,Psap,0.6666666666666666
846814,2609,Brain_Non-Myeloid_oligodendrocyte,548,16.0,131,10_60296002_60296304,5903,Psap,0.12213740458015267
846815,2610,Brain_Non-Myeloid_oligodendrocyte,548,111.0,200,10_60296002_60296304,5903,Psap,0.555
846816,2611,Brain_Non-Myeloid_oligodendrocyte,548,2.0,166,10_60296002_60296304,5903,Psap,0.012048192771084338
846817,2614,Brain_Non-Myeloid_oligodendrocyte,548,61.0,215,10_60296002_60296304,5903,Psap,0.2837209302325581
846818,2616,Brain_Non-Myeloid_oligodendrocyte,548,10.0,25,10_60296002_60296304,5903,Psap,0.4
846819,2617,Brain_Non-Myeloid_oligodendrocyte,548,212.0,217,10_60296002_60296304,5903,Psap,0.9769585253456221
846820,2618,Brain_Non-Myeloid_oligodendrocyte,548,17.0,181,10_60296002_60296304,5903,Psap,0.09392265193370165
846821,2619,Brain_Non-Myeloid_oligodendrocyte,548,8.0,29,10_60296002_60296304,5903,Psap,0.27586206896551724
846822,2620,Brain_Non-Myeloid_oligodendrocyte,548,80.0,165,10_60296002_60296304,5903,Psap,0.48484848484848486
846823,2621,Brain_Non-Myeloid_oligodendrocyte,548,77.0,468,10_60296002_60296304,5903,Psap,0.16452991452991453
846824,2622,Brain_Non-Myeloid_oligodendrocyte,548,34.0,176,10_60296002_60296304,5903,Psap,0.19318181818181818
846825,2623,Brain_Non-Myeloid_oligodendrocyte,548,15.0,59,10_60296002_60296304,5903,Psap,0.2542372881355932
846826,2624,Brain_Non-Myeloid_oligodendrocyte,548,67.0,247,10_60296002_60296304,5903,Psap,0.27125506072874495
846827,2625,Brain_Non-Myeloid_oligodendrocyte,548,71.0,414,10_60296002_60296304,5903,Psap,0.17149758454106281
846828,2626,Brain_Non-Myeloid_oligodendrocyte,548,11.0,75,10_60296002_60296304,5903,Psap,0.14666666666666667
846829,2627,Brain_Non-Myeloid_oligodendrocyte,548,54.0,160,10_60296002_60296304,5903,Psap,0.3375
846830,2631,Brain_Non-Myeloid_oligodendrocyte,548,25.0,136,10_60296002_60296304,5903,Psap,0.18382352941176472
846831,2632,Brain_Non-Myeloid_oligodendrocyte,548,2.0,2,10_60296002_60296304,5903,Psap,1.0
846832,2634,Brain_Non-Myeloid_oligodendrocyte,548,47.0,201,10_60296002_60296304,5903,Psap,0.23383084577114427
846833,2635,Brain_Non-Myeloid_oligodendrocyte,548,41.0,114,10_60296002_60296304,5903,Psap,0.35964912280701755
846834,2636,Brain_Non-Myeloid_oligodendrocyte,548,2.0,2,10_60296002_60296304,5903,Psap,1.0
846835,2637,Brain_Non-Myeloid_oligodendrocyte,548,13.0,609,10_60296002_60296304,5903,Psap,0.021346469622331693
846836,2639,Brain_Non-Myeloid_oligodendrocyte,548,13.0,45,10_60296002_60296304,5903,Psap,0.28888888888888886
846837,2640,Brain_Non-Myeloid_oligodendrocyte,548,11.0,108,10_60296002_60296304,5903,Psap,0.10185185185185185
846838,2641,Brain_Non-Myeloid_oligodendrocyte,548,60.0,90,10_60296002_60296304,5903,Psap,0.6666666666666666
846839,2642,Brain_Non-Myeloid_oligodendrocyte,548,42.0,143,10_60296002_60296304,5903,Psap,0.2937062937062937
846840,2643,Brain_Non-Myeloid_oligodendrocyte,548,3.0,11,10_60296002_60296304,5903,Psap,0.2727272727272727
846841,2645,Brain_Non-Myeloid_oligodendrocyte,548,12.0,34,10_60296002_60296304,5903,Psap,0.35294117647058826
846842,2647,Brain_Non-Myeloid_oligodendrocyte,548,23.0,69,10_60296002_60296304,5903,Psap,0.3333333333333333
846843,2648,Brain_Non-Myeloid_neuron,548,2.0,2,10_60296002_60296304,5903,Psap,1.0
846844,2649,Brain_Non-Myeloid_neuron,548,37.0,39,10_60296002_60296304,5903,Psap,0.9487179487179487
846845,2650,Brain_Non-Myeloid_neuron,548,14.0,15,10_60296002_60296304,5903,Psap,0.9333333333333333
846846,2651,Brain_Non-Myeloid_neuron,548,153.0,156,10_60296002_60296304,5903,Psap,0.9807692307692307
846847,2652,Brain_Non-Myeloid_neuron,548,164.0,172,10_60296002_60296304,5903,Psap,0.9534883720930233
846848,2653,Brain_Non-Myeloid_neuron,548,43.0,62,10_60296002_60296304,5903,Psap,0.6935483870967742
846849,2654,Brain_Non-Myeloid_neuron,548,24.0,45,10_60296002_60296304,5903,Psap,0.5333333333333333
846850,2655,Brain_Non-Myeloid_neuron,548,45.0,48,10_60296002_60296304,5903,Psap,0.9375
846851,2656,Brain_Non-Myeloid_neuron,548,37.0,46,10_60296002_60296304,5903,Psap,0.8043478260869565
846852,2657,Brain_Non-Myeloid_neuron,548,354.0,592,10_60296002_60296304,5903,Psap,0.597972972972973
846853,2658,Brain_Non-Myeloid_neuron,548,44.0,209,10_60296002_60296304,5903,Psap,0.21052631578947367
846854,2659,Brain_Non-Myeloid_neuron,548,23.0,25,10_60296002_60296304,5903,Psap,0.92
846855,2660,Brain_Non-Myeloid_neuron,548,215.0,303,10_60296002_60296304,5903,Psap,0.7095709570957096
846856,2661,Brain_Non-Myeloid_neuron,548,23.0,28,10_60296002_60296304,5903,Psap,0.8214285714285714
846857,2662,Brain_Non-Myeloid_neuron,548,68.0,93,10_60296002_60296304,5903,Psap,0.7311827956989247
846858,2663,Brain_Non-Myeloid_neuron,548,438.0,539,10_60296002_60296304,5903,Psap,0.8126159554730983
846859,2664,Brain_Non-Myeloid_neuron,548,131.0,136,10_60296002_60296304,5903,Psap,0.9632352941176471
846860,2665,Brain_Non-Myeloid_neuron,548,12.0,12,10_60296002_60296304,5903,Psap,1.0
846861,2666,Brain_Non-Myeloid_neuron,548,46.0,50,10_60296002_60296304,5903,Psap,0.92
846862,2667,Brain_Non-Myeloid_neuron,548,673.0,875,10_60296002_60296304,5903,Psap,0.7691428571428571
846863,2668,Brain_Non-Myeloid_neuron,548,192.0,206,10_60296002_60296304,5903,Psap,0.9320388349514563
846864,2669,Brain_Non-Myeloid_neuron,548,18.0,18,10_60296002_60296304,5903,Psap,1.0
846865,2670,Brain_Non-Myeloid_neuron,548,63.0,78,10_60296002_60296304,5903,Psap,0.8076923076923077
846866,2671,Brain_Non-Myeloid_neuron,548,1.0,1,10_60296002_60296304,5903,Psap,1.0
846867,2672,Brain_Non-Myeloid_neuron,548,10.0,10,10_60296002_60296304,5903,Psap,1.0
846868,2673,Brain_Non-Myeloid_neuron,548,19.0,19,10_60296002_60296304,5903,Psap,1.0
846869,2674,Brain_Non-Myeloid_neuron,548,213.0,325,10_60296002_60296304,5903,Psap,0.6553846153846153
846870,2675,Brain_Non-Myeloid_neuron,548,35.0,35,10_60296002_60296304,5903,Psap,1.0
846871,2676,Brain_Non-Myeloid_neuron,548,45.0,59,10_60296002_60296304,5903,Psap,0.7627118644067796
846872,2677,Brain_Non-Myeloid_neuron,548,171.0,218,10_60296002_60296304,5903,Psap,0.7844036697247706
846873,2678,Brain_Non-Myeloid_neuron,548,210.0,217,10_60296002_60296304,5903,Psap,0.967741935483871
846874,2679,Brain_Non-Myeloid_neuron,548,364.0,439,10_60296002_60296304,5903,Psap,0.8291571753986332
846875,2680,Brain_Non-Myeloid_neuron,548,93.0,98,10_60296002_60296304,5903,Psap,0.9489795918367347
846876,2681,Brain_Non-Myeloid_neuron,548,245.0,255,10_60296002_60296304,5903,Psap,0.9607843137254902
846877,2682,Brain_Non-Myeloid_neuron,548,29.0,33,10_60296002_60296304,5903,Psap,0.8787878787878788
846878,2683,Brain_Non-Myeloid_neuron,548,187.0,194,10_60296002_60296304,5903,Psap,0.9639175257731959
846879,2684,Brain_Non-Myeloid_neuron,548,57.0,62,10_60296002_60296304,5903,Psap,0.9193548387096774
846880,2685,Brain_Non-Myeloid_neuron,548,45.0,65,10_60296002_60296304,5903,Psap,0.6923076923076923
846881,2686,Brain_Non-Myeloid_neuron,548,33.0,34,10_60296002_60296304,5903,Psap,0.9705882352941176
846882,2687,Brain_Non-Myeloid_neuron,548,174.0,178,10_60296002_60296304,5903,Psap,0.9775280898876404
846883,2688,Brain_Non-Myeloid_neuron,548,13.0,22,10_60296002_60296304,5903,Psap,0.5909090909090909
846884,2689,Brain_Non-Myeloid_neuron,548,7.0,7,10_60296002_60296304,5903,Psap,1.0
846885,2690,Brain_Non-Myeloid_neuron,548,7.0,7,10_60296002_60296304,5903,Psap,1.0
846886,2691,Brain_Non-Myeloid_neuron,548,5.0,5,10_60296002_60296304,5903,Psap,1.0
846887,2692,Brain_Non-Myeloid_neuron,548,64.0,70,10_60296002_60296304,5903,Psap,0.9142857142857143
846888,2693,Brain_Non-Myeloid_neuron,548,81.0,82,10_60296002_60296304,5903,Psap,0.9878048780487805
846889,2694,Brain_Non-Myeloid_neuron,548,204.0,207,10_60296002_60296304,5903,Psap,0.9855072463768116
846890,2695,Brain_Non-Myeloid_neuron,548,126.0,130,10_60296002_60296304,5903,Psap,0.9692307692307692
846891,2696,Brain_Non-Myeloid_neuron,548,58.0,102,10_60296002_60296304,5903,Psap,0.5686274509803921
846892,2698,Brain_Non-Myeloid_neuron,548,20.0,25,10_60296002_60296304,5903,Psap,0.8
846893,2699,Brain_Non-Myeloid_neuron,548,34.0,35,10_60296002_60296304,5903,Psap,0.9714285714285714
846894,2701,Brain_Non-Myeloid_neuron,548,17.0,18,10_60296002_60296304,5903,Psap,0.9444444444444444
846895,2702,Brain_Non-Myeloid_neuron,548,10.0,12,10_60296002_60296304,5903,Psap,0.8333333333333334
846896,2703,Brain_Non-Myeloid_neuron,548,12.0,14,10_60296002_60296304,5903,Psap,0.8571428571428571
846897,2704,Brain_Non-Myeloid_neuron,548,95.0,131,10_60296002_60296304,5903,Psap,0.7251908396946565
846898,2705,Brain_Non-Myeloid_neuron,548,19.0,21,10_60296002_60296304,5903,Psap,0.9047619047619048
846899,2706,Brain_Non-Myeloid_neuron,548,131.0,187,10_60296002_60296304,5903,Psap,0.7005347593582888
846900,2707,Brain_Non-Myeloid_neuron,548,34.0,48,10_60296002_60296304,5903,Psap,0.7083333333333334
846901,2708,Brain_Non-Myeloid_neuron,548,81.0,83,10_60296002_60296304,5903,Psap,0.9759036144578314
846902,2709,Brain_Non-Myeloid_neuron,548,8.0,8,10_60296002_60296304,5903,Psap,1.0
846903,2710,Brain_Non-Myeloid_neuron,548,21.0,22,10_60296002_60296304,5903,Psap,0.9545454545454546
846904,2711,Brain_Non-Myeloid_neuron,548,6.0,19,10_60296002_60296304,5903,Psap,0.3157894736842105
846905,2712,Brain_Non-Myeloid_neuron,548,206.0,214,10_60296002_60296304,5903,Psap,0.9626168224299065
846906,2713,Brain_Non-Myeloid_neuron,548,12.0,16,10_60296002_60296304,5903,Psap,0.75
846907,2714,Brain_Non-Myeloid_neuron,548,68.0,70,10_60296002_60296304,5903,Psap,0.9714285714285714
846908,2715,Brain_Non-Myeloid_neuron,548,36.0,153,10_60296002_60296304,5903,Psap,0.23529411764705882
846909,2716,Brain_Non-Myeloid_neuron,548,103.0,162,10_60296002_60296304,5903,Psap,0.6358024691358025
846910,2717,Brain_Non-Myeloid_neuron,548,157.0,187,10_60296002_60296304,5903,Psap,0.839572192513369
846911,2718,Brain_Non-Myeloid_neuron,548,42.0,44,10_60296002_60296304,5903,Psap,0.9545454545454546
846912,2719,Brain_Non-Myeloid_neuron,548,84.0,120,10_60296002_60296304,5903,Psap,0.7
846913,2720,Brain_Non-Myeloid_neuron,548,278.0,402,10_60296002_60296304,5903,Psap,0.6915422885572139
846914,2721,Brain_Non-Myeloid_neuron,548,33.0,34,10_60296002_60296304,5903,Psap,0.9705882352941176
846915,2722,Brain_Non-Myeloid_neuron,548,9.0,17,10_60296002_60296304,5903,Psap,0.5294117647058824
846916,2723,Brain_Non-Myeloid_neuron,548,13.0,14,10_60296002_60296304,5903,Psap,0.9285714285714286
846917,2724,Brain_Non-Myeloid_neuron,548,215.0,219,10_60296002_60296304,5903,Psap,0.9817351598173516
846918,2725,Brain_Non-Myeloid_neuron,548,83.0,84,10_60296002_60296304,5903,Psap,0.9880952380952381
846919,2726,Brain_Non-Myeloid_neuron,548,511.0,527,10_60296002_60296304,5903,Psap,0.969639468690702
846920,2727,Brain_Non-Myeloid_neuron,548,69.0,72,10_60296002_60296304,5903,Psap,0.9583333333333334
846921,2728,Brain_Non-Myeloid_neuron,548,1.0,26,10_60296002_60296304,5903,Psap,0.038461538461538464
846922,2729,Brain_Non-Myeloid_neuron,548,301.0,387,10_60296002_60296304,5903,Psap,0.7777777777777778
846923,2731,Brain_Non-Myeloid_neuron,548,18.0,20,10_60296002_60296304,5903,Psap,0.9
846924,2733,Brain_Non-Myeloid_neuron,548,96.0,97,10_60296002_60296304,5903,Psap,0.9896907216494846
846925,2735,Brain_Non-Myeloid_neuron,548,192.0,198,10_60296002_60296304,5903,Psap,0.9696969696969697
846926,2736,Brain_Non-Myeloid_neuron,548,4.0,17,10_60296002_60296304,5903,Psap,0.23529411764705882
846927,2737,Brain_Non-Myeloid_neuron,548,83.0,89,10_60296002_60296304,5903,Psap,0.9325842696629213
846928,2739,Brain_Non-Myeloid_neuron,548,433.0,541,10_60296002_60296304,5903,Psap,0.800369685767098
846929,2740,Brain_Non-Myeloid_neuron,548,47.0,49,10_60296002_60296304,5903,Psap,0.9591836734693877
846930,2742,Brain_Non-Myeloid_neuron,548,121.0,135,10_60296002_60296304,5903,Psap,0.8962962962962963
846931,2743,Brain_Non-Myeloid_neuron,548,339.0,513,10_60296002_60296304,5903,Psap,0.6608187134502924
846932,2744,Brain_Non-Myeloid_neuron,548,460.0,649,10_60296002_60296304,5903,Psap,0.7087827426810478
846933,2745,Brain_Non-Myeloid_neuron,548,108.0,110,10_60296002_60296304,5903,Psap,0.9818181818181818
846934,2746,Brain_Non-Myeloid_neuron,548,36.0,41,10_60296002_60296304,5903,Psap,0.8780487804878049
846935,2747,Brain_Non-Myeloid_neuron,548,3.0,3,10_60296002_60296304,5903,Psap,1.0
846936,2748,Brain_Non-Myeloid_neuron,548,208.0,422,10_60296002_60296304,5903,Psap,0.4928909952606635
846937,2750,Brain_Non-Myeloid_neuron,548,204.0,214,10_60296002_60296304,5903,Psap,0.9532710280373832
846938,2751,Brain_Non-Myeloid_neuron,548,75.0,77,10_60296002_60296304,5903,Psap,0.974025974025974
846939,2752,Brain_Non-Myeloid_neuron,548,17.0,17,10_60296002_60296304,5903,Psap,1.0
846940,2753,Brain_Non-Myeloid_neuron,548,17.0,20,10_60296002_60296304,5903,Psap,0.85
846941,2754,Brain_Non-Myeloid_neuron,548,173.0,176,10_60296002_60296304,5903,Psap,0.9829545454545454
846942,2755,Brain_Non-Myeloid_neuron,548,4.0,4,10_60296002_60296304,5903,Psap,1.0
846943,2756,Brain_Non-Myeloid_neuron,548,10.0,10,10_60296002_60296304,5903,Psap,1.0
846944,2757,Brain_Non-Myeloid_neuron,548,98.0,100,10_60296002_60296304,5903,Psap,0.98
846945,2760,Brain_Non-Myeloid_neuron,548,124.0,127,10_60296002_60296304,5903,Psap,0.9763779527559056
846946,2761,Brain_Non-Myeloid_neuron,548,139.0,143,10_60296002_60296304,5903,Psap,0.972027972027972
846947,2763,Brain_Non-Myeloid_neuron,548,42.0,44,10_60296002_60296304,5903,Psap,0.9545454545454546
846948,2764,Brain_Non-Myeloid_neuron,548,28.0,28,10_60296002_60296304,5903,Psap,1.0
846949,2765,Brain_Non-Myeloid_neuron,548,28.0,28,10_60296002_60296304,5903,Psap,1.0
846950,2766,Brain_Non-Myeloid_neuron,548,7.0,7,10_60296002_60296304,5903,Psap,1.0
846951,2767,Brain_Non-Myeloid_neuron,548,5.0,5,10_60296002_60296304,5903,Psap,1.0
846952,2768,Brain_Non-Myeloid_neuron,548,58.0,60,10_60296002_60296304,5903,Psap,0.9666666666666667
846953,2770,Brain_Non-Myeloid_neuron,548,3.0,4,10_60296002_60296304,5903,Psap,0.75
846954,2771,Brain_Non-Myeloid_neuron,548,2.0,2,10_60296002_60296304,5903,Psap,1.0
846955,2772,Brain_Non-Myeloid_neuron,548,25.0,25,10_60296002_60296304,5903,Psap,1.0
846956,2773,Brain_Non-Myeloid_neuron,548,65.0,70,10_60296002_60296304,5903,Psap,0.9285714285714286
846957,2774,Brain_Non-Myeloid_neuron,548,1.0,19,10_60296002_60296304,5903,Psap,0.05263157894736842
846958,2775,Brain_Non-Myeloid_neuron,548,315.0,361,10_60296002_60296304,5903,Psap,0.8725761772853186
846959,2776,Brain_Non-Myeloid_neuron,548,36.0,36,10_60296002_60296304,5903,Psap,1.0
846960,2778,Brain_Non-Myeloid_neuron,548,77.0,161,10_60296002_60296304,5903,Psap,0.4782608695652174
846961,2779,Brain_Non-Myeloid_neuron,548,189.0,190,10_60296002_60296304,5903,Psap,0.9947368421052631
846962,2780,Brain_Non-Myeloid_neuron,548,15.0,24,10_60296002_60296304,5903,Psap,0.625
846963,2782,Brain_Non-Myeloid_neuron,548,105.0,106,10_60296002_60296304,5903,Psap,0.9905660377358491
846964,2783,Brain_Non-Myeloid_neuron,548,49.0,67,10_60296002_60296304,5903,Psap,0.7313432835820896
846965,2784,Brain_Non-Myeloid_neuron,548,18.0,18,10_60296002_60296304,5903,Psap,1.0
846966,2785,Brain_Non-Myeloid_neuron,548,4.0,4,10_60296002_60296304,5903,Psap,1.0
846967,2787,Brain_Non-Myeloid_neuron,548,28.0,30,10_60296002_60296304,5903,Psap,0.9333333333333333
846968,2788,Brain_Non-Myeloid_neuron,548,25.0,25,10_60296002_60296304,5903,Psap,1.0
846969,2789,Brain_Non-Myeloid_neuron,548,157.0,163,10_60296002_60296304,5903,Psap,0.9631901840490797
846970,2790,Brain_Non-Myeloid_neuron,548,341.0,368,10_60296002_60296304,5903,Psap,0.9266304347826086
846971,2791,Brain_Non-Myeloid_neuron,548,72.0,72,10_60296002_60296304,5903,Psap,1.0
846972,2792,Brain_Non-Myeloid_neuron,548,30.0,31,10_60296002_60296304,5903,Psap,0.967741935483871
846973,2793,Brain_Non-Myeloid_neuron,548,251.0,319,10_60296002_60296304,5903,Psap,0.786833855799373
846974,2795,Brain_Non-Myeloid_neuron,548,9.0,26,10_60296002_60296304,5903,Psap,0.34615384615384615
846975,2796,Brain_Non-Myeloid_neuron,548,65.0,66,10_60296002_60296304,5903,Psap,0.9848484848484849
846976,2797,Brain_Non-Myeloid_neuron,548,40.0,41,10_60296002_60296304,5903,Psap,0.975609756097561
846977,2798,Brain_Non-Myeloid_neuron,548,491.0,570,10_60296002_60296304,5903,Psap,0.8614035087719298
846978,2799,Brain_Non-Myeloid_neuron,548,230.0,233,10_60296002_60296304,5903,Psap,0.9871244635193133
846979,2800,Brain_Non-Myeloid_neuron,548,38.0,39,10_60296002_60296304,5903,Psap,0.9743589743589743
846980,2801,Brain_Non-Myeloid_neuron,548,281.0,321,10_60296002_60296304,5903,Psap,0.8753894080996885
846981,2802,Brain_Non-Myeloid_neuron,548,8.0,8,10_60296002_60296304,5903,Psap,1.0
846982,2805,Brain_Non-Myeloid_neuron,548,77.0,93,10_60296002_60296304,5903,Psap,0.8279569892473119
846983,2806,Brain_Non-Myeloid_neuron,548,317.0,332,10_60296002_60296304,5903,Psap,0.9548192771084337
846984,2808,Brain_Non-Myeloid_neuron,548,254.0,260,10_60296002_60296304,5903,Psap,0.9769230769230769
846985,2810,Brain_Non-Myeloid_neuron,548,654.0,822,10_60296002_60296304,5903,Psap,0.7956204379562044
846986,2811,Brain_Non-Myeloid_neuron,548,16.0,16,10_60296002_60296304,5903,Psap,1.0
846987,2812,Brain_Non-Myeloid_neuron,548,125.0,126,10_60296002_60296304,5903,Psap,0.9920634920634921
846988,2813,Brain_Non-Myeloid_neuron,548,27.0,34,10_60296002_60296304,5903,Psap,0.7941176470588235
846989,2814,Brain_Non-Myeloid_neuron,548,390.0,476,10_60296002_60296304,5903,Psap,0.819327731092437
846990,2817,Brain_Non-Myeloid_neuron,548,23.0,39,10_60296002_60296304,5903,Psap,0.5897435897435898
846991,2818,Brain_Non-Myeloid_neuron,548,345.0,429,10_60296002_60296304,5903,Psap,0.8041958041958042
846992,2821,Brain_Non-Myeloid_neuron,548,11.0,63,10_60296002_60296304,5903,Psap,0.1746031746031746
846993,2822,Brain_Non-Myeloid_neuron,548,459.0,643,10_60296002_60296304,5903,Psap,0.713841368584759
846994,2823,Brain_Non-Myeloid_neuron,548,2.0,2,10_60296002_60296304,5903,Psap,1.0
846995,2824,Brain_Non-Myeloid_neuron,548,5.0,5,10_60296002_60296304,5903,Psap,1.0
846996,2825,Brain_Non-Myeloid_neuron,548,9.0,11,10_60296002_60296304,5903,Psap,0.8181818181818182
846997,2826,Brain_Non-Myeloid_neuron,548,53.0,99,10_60296002_60296304,5903,Psap,0.5353535353535354
846998,2827,Brain_Non-Myeloid_neuron,548,72.0,77,10_60296002_60296304,5903,Psap,0.935064935064935
846999,2828,Brain_Non-Myeloid_neuron,548,1.0,3,10_60296002_60296304,5903,Psap,0.3333333333333333
847000,2829,Brain_Non-Myeloid_neuron,548,65.0,83,10_60296002_60296304,5903,Psap,0.7831325301204819
847001,2830,Brain_Non-Myeloid_neuron,548,46.0,60,10_60296002_60296304,5903,Psap,0.7666666666666667
847002,2831,Brain_Non-Myeloid_neuron,548,54.0,102,10_60296002_60296304,5903,Psap,0.5294117647058824
847003,2832,Brain_Non-Myeloid_neuron,548,70.0,102,10_60296002_60296304,5903,Psap,0.6862745098039216
847004,2833,Brain_Non-Myeloid_neuron,548,306.0,315,10_60296002_60296304,5903,Psap,0.9714285714285714
847005,2834,Brain_Non-Myeloid_neuron,548,247.0,254,10_60296002_60296304,5903,Psap,0.9724409448818898
847006,2835,Brain_Non-Myeloid_neuron,548,5.0,7,10_60296002_60296304,5903,Psap,0.7142857142857143
847007,2837,Brain_Non-Myeloid_neuron,548,638.0,658,10_60296002_60296304,5903,Psap,0.9696048632218845
847008,2838,Brain_Non-Myeloid_neuron,548,326.0,336,10_60296002_60296304,5903,Psap,0.9702380952380952
847009,2839,Brain_Non-Myeloid_neuron,548,127.0,132,10_60296002_60296304,5903,Psap,0.9621212121212122
847010,2840,Brain_Non-Myeloid_neuron,548,6.0,6,10_60296002_60296304,5903,Psap,1.0
847011,2841,Brain_Non-Myeloid_neuron,548,10.0,10,10_60296002_60296304,5903,Psap,1.0
847012,2842,Brain_Non-Myeloid_neuron,548,156.0,160,10_60296002_60296304,5903,Psap,0.975
847013,2844,Brain_Non-Myeloid_neuron,548,111.0,114,10_60296002_60296304,5903,Psap,0.9736842105263158
847014,2845,Brain_Non-Myeloid_neuron,548,25.0,58,10_60296002_60296304,5903,Psap,0.43103448275862066
847015,2846,Brain_Non-Myeloid_neuron,548,137.0,192,10_60296002_60296304,5903,Psap,0.7135416666666666
847016,2848,Brain_Non-Myeloid_neuron,548,12.0,13,10_60296002_60296304,5903,Psap,0.9230769230769231
847017,2849,Brain_Non-Myeloid_neuron,548,61.0,65,10_60296002_60296304,5903,Psap,0.9384615384615385
847018,2850,Brain_Non-Myeloid_neuron,548,39.0,67,10_60296002_60296304,5903,Psap,0.582089552238806
847019,2851,Brain_Non-Myeloid_neuron,548,52.0,113,10_60296002_60296304,5903,Psap,0.46017699115044247
847020,2852,Brain_Non-Myeloid_neuron,548,59.0,64,10_60296002_60296304,5903,Psap,0.921875
847021,2853,Brain_Non-Myeloid_neuron,548,2.0,5,10_60296002_60296304,5903,Psap,0.4
847022,2855,Brain_Non-Myeloid_neuron,548,60.0,62,10_60296002_60296304,5903,Psap,0.967741935483871
847023,2856,Brain_Non-Myeloid_neuron,548,77.0,120,10_60296002_60296304,5903,Psap,0.6416666666666667
847024,2857,Brain_Non-Myeloid_neuron,548,9.0,434,10_60296002_60296304,5903,Psap,0.020737327188940093
847025,2858,Brain_Non-Myeloid_neuron,548,109.0,112,10_60296002_60296304,5903,Psap,0.9732142857142857
847026,2859,Brain_Non-Myeloid_neuron,548,333.0,487,10_60296002_60296304,5903,Psap,0.6837782340862423
847027,2860,Brain_Non-Myeloid_neuron,548,3.0,3,10_60296002_60296304,5903,Psap,1.0
847028,2861,Brain_Non-Myeloid_neuron,548,22.0,22,10_60296002_60296304,5903,Psap,1.0
847029,2862,Brain_Non-Myeloid_neuron,548,229.0,238,10_60296002_60296304,5903,Psap,0.9621848739495799
847030,2863,Brain_Non-Myeloid_neuron,548,2.0,3,10_60296002_60296304,5903,Psap,0.6666666666666666
847031,2864,Brain_Non-Myeloid_neuron,548,240.0,266,10_60296002_60296304,5903,Psap,0.9022556390977443
847032,2865,Brain_Non-Myeloid_neuron,548,17.0,17,10_60296002_60296304,5903,Psap,1.0
847033,2866,Brain_Non-Myeloid_neuron,548,19.0,21,10_60296002_60296304,5903,Psap,0.9047619047619048
847034,2868,Brain_Non-Myeloid_neuron,548,289.0,303,10_60296002_60296304,5903,Psap,0.9537953795379538
847035,2869,Brain_Non-Myeloid_neuron,548,197.0,203,10_60296002_60296304,5903,Psap,0.9704433497536946
847036,2870,Brain_Non-Myeloid_neuron,548,127.0,148,10_60296002_60296304,5903,Psap,0.8581081081081081
847037,2871,Brain_Non-Myeloid_neuron,548,91.0,93,10_60296002_60296304,5903,Psap,0.978494623655914
847038,2872,Brain_Non-Myeloid_neuron,548,11.0,30,10_60296002_60296304,5903,Psap,0.36666666666666664
847039,2873,Brain_Non-Myeloid_neuron,548,891.0,910,10_60296002_60296304,5903,Psap,0.9791208791208791
847040,2875,Brain_Non-Myeloid_neuron,548,318.0,438,10_60296002_60296304,5903,Psap,0.726027397260274
847041,2876,Brain_Non-Myeloid_neuron,548,45.0,48,10_60296002_60296304,5903,Psap,0.9375
847042,2877,Brain_Non-Myeloid_neuron,548,2.0,4,10_60296002_60296304,5903,Psap,0.5
847043,2879,Brain_Non-Myeloid_neuron,548,212.0,218,10_60296002_60296304,5903,Psap,0.9724770642201835
847044,2881,Brain_Non-Myeloid_neuron,548,5.0,6,10_60296002_60296304,5903,Psap,0.8333333333333334
847045,2882,Brain_Non-Myeloid_neuron,548,66.0,95,10_60296002_60296304,5903,Psap,0.6947368421052632
847046,2883,Brain_Non-Myeloid_neuron,548,69.0,69,10_60296002_60296304,5903,Psap,1.0
847047,2884,Brain_Non-Myeloid_neuron,548,77.0,79,10_60296002_60296304,5903,Psap,0.9746835443037974
847048,2885,Brain_Non-Myeloid_neuron,548,45.0,48,10_60296002_60296304,5903,Psap,0.9375
847049,2886,Brain_Non-Myeloid_neuron,548,8.0,13,10_60296002_60296304,5903,Psap,0.6153846153846154
847050,2887,Brain_Non-Myeloid_neuron,548,57.0,155,10_60296002_60296304,5903,Psap,0.36774193548387096
847051,2888,Brain_Non-Myeloid_neuron,548,2.0,2,10_60296002_60296304,5903,Psap,1.0
847052,2889,Brain_Non-Myeloid_neuron,548,122.0,164,10_60296002_60296304,5903,Psap,0.7439024390243902
847053,2891,Brain_Non-Myeloid_neuron,548,67.0,75,10_60296002_60296304,5903,Psap,0.8933333333333333
847054,2892,Brain_Non-Myeloid_neuron,548,81.0,82,10_60296002_60296304,5903,Psap,0.9878048780487805
847055,2893,Brain_Non-Myeloid_neuron,548,390.0,401,10_60296002_60296304,5903,Psap,0.972568578553616
847056,2895,Brain_Non-Myeloid_neuron,548,8.0,8,10_60296002_60296304,5903,Psap,1.0
847057,2896,Brain_Non-Myeloid_neuron,548,45.0,45,10_60296002_60296304,5903,Psap,1.0
847058,2897,Brain_Non-Myeloid_neuron,548,106.0,110,10_60296002_60296304,5903,Psap,0.9636363636363636
847059,2898,Brain_Non-Myeloid_neuron,548,4.0,39,10_60296002_60296304,5903,Psap,0.10256410256410256
847060,2900,Brain_Non-Myeloid_neuron,548,269.0,280,10_60296002_60296304,5903,Psap,0.9607142857142857
847061,2901,Brain_Non-Myeloid_neuron,548,140.0,158,10_60296002_60296304,5903,Psap,0.8860759493670886
847062,2902,Brain_Non-Myeloid_neuron,548,195.0,206,10_60296002_60296304,5903,Psap,0.9466019417475728
847063,2903,Brain_Non-Myeloid_neuron,548,6.0,7,10_60296002_60296304,5903,Psap,0.8571428571428571
847064,2904,Brain_Non-Myeloid_neuron,548,44.0,48,10_60296002_60296304,5903,Psap,0.9166666666666666
847065,2906,Brain_Non-Myeloid_neuron,548,65.0,68,10_60296002_60296304,5903,Psap,0.9558823529411765
847066,2908,Brain_Non-Myeloid_neuron,548,215.0,244,10_60296002_60296304,5903,Psap,0.8811475409836066
847067,2909,Brain_Non-Myeloid_neuron,548,42.0,93,10_60296002_60296304,5903,Psap,0.45161290322580644
847068,2910,Brain_Non-Myeloid_neuron,548,39.0,50,10_60296002_60296304,5903,Psap,0.78
847069,2911,Brain_Non-Myeloid_neuron,548,294.0,306,10_60296002_60296304,5903,Psap,0.9607843137254902
847070,2912,Brain_Non-Myeloid_neuron,548,269.0,316,10_60296002_60296304,5903,Psap,0.8512658227848101
847071,2913,Brain_Non-Myeloid_neuron,548,16.0,17,10_60296002_60296304,5903,Psap,0.9411764705882353
847072,2915,Brain_Non-Myeloid_neuron,548,4.0,11,10_60296002_60296304,5903,Psap,0.36363636363636365
847073,2916,Brain_Non-Myeloid_neuron,548,2.0,2,10_60296002_60296304,5903,Psap,1.0
847074,2917,Brain_Non-Myeloid_neuron,548,12.0,13,10_60296002_60296304,5903,Psap,0.9230769230769231
847075,2918,Brain_Non-Myeloid_neuron,548,288.0,316,10_60296002_60296304,5903,Psap,0.9113924050632911
847076,2919,Brain_Non-Myeloid_neuron,548,81.0,82,10_60296002_60296304,5903,Psap,0.9878048780487805
847077,2920,Brain_Non-Myeloid_neuron,548,413.0,422,10_60296002_60296304,5903,Psap,0.9786729857819905
847078,2921,Brain_Non-Myeloid_neuron,548,2.0,3,10_60296002_60296304,5903,Psap,0.6666666666666666
847079,2922,Brain_Non-Myeloid_neuron,548,605.0,748,10_60296002_60296304,5903,Psap,0.8088235294117647
847080,2923,Brain_Non-Myeloid_neuron,548,196.0,204,10_60296002_60296304,5903,Psap,0.9607843137254902
847081,2924,Brain_Non-Myeloid_neuron,548,1.0,1,10_60296002_60296304,5903,Psap,1.0
847082,2925,Brain_Non-Myeloid_neuron,548,2.0,2,10_60296002_60296304,5903,Psap,1.0
847083,2926,Brain_Non-Myeloid_neuron,548,19.0,19,10_60296002_60296304,5903,Psap,1.0
847084,2927,Brain_Non-Myeloid_neuron,548,81.0,91,10_60296002_60296304,5903,Psap,0.8901098901098901
847085,2928,Brain_Non-Myeloid_neuron,548,135.0,142,10_60296002_60296304,5903,Psap,0.9507042253521126
847086,3014,Brain_Myeloid_microglial_cell,548,11.0,90,10_60296002_60296304,5903,Psap,0.12222222222222222
847087,3017,Brain_Myeloid_microglial_cell,548,8.0,8,10_60296002_60296304,5903,Psap,1.0
847088,3025,Brain_Myeloid_microglial_cell,548,18.0,1297,10_60296002_60296304,5903,Psap,0.013878180416345412
847089,3083,Brain_Myeloid_microglial_cell,548,21.0,583,10_60296002_60296304,5903,Psap,0.036020583190394515
847090,3086,Brain_Myeloid_microglial_cell,548,1.0,136,10_60296002_60296304,5903,Psap,0.007352941176470588
847091,3284,Brain_Myeloid_microglial_cell,548,1.0,76,10_60296002_60296304,5903,Psap,0.013157894736842105
847092,3368,Brain_Myeloid_microglial_cell,548,5.0,268,10_60296002_60296304,5903,Psap,0.018656716417910446
847093,3384,Brain_Myeloid_microglial_cell,548,7.0,456,10_60296002_60296304,5903,Psap,0.015350877192982455
847094,3581,Brain_Myeloid_microglial_cell,548,4.0,174,10_60296002_60296304,5903,Psap,0.022988505747126436
847095,3583,Brain_Myeloid_microglial_cell,548,2.0,332,10_60296002_60296304,5903,Psap,0.006024096385542169
847096,3590,Brain_Myeloid_microglial_cell,548,5.0,305,10_60296002_60296304,5903,Psap,0.01639344262295082
847097,3601,Brain_Myeloid_microglial_cell,548,14.0,679,10_60296002_60296304,5903,Psap,0.020618556701030927
847098,3620,Brain_Myeloid_microglial_cell,548,12.0,137,10_60296002_60296304,5903,Psap,0.08759124087591241
847099,3680,Brain_Myeloid_microglial_cell,548,4.0,196,10_60296002_60296304,5903,Psap,0.02040816326530612
847100,3683,Brain_Myeloid_microglial_cell,548,3.0,136,10_60296002_60296304,5903,Psap,0.022058823529411766
847101,3693,Brain_Myeloid_microglial_cell,548,9.0,689,10_60296002_60296304,5903,Psap,0.013062409288824383
847102,3698,Brain_Myeloid_microglial_cell,548,134.0,992,10_60296002_60296304,5903,Psap,0.1350806451612903
847103,3705,Brain_Myeloid_microglial_cell,548,3.0,174,10_60296002_60296304,5903,Psap,0.017241379310344827
847104,3774,Brain_Myeloid_microglial_cell,548,1.0,155,10_60296002_60296304,5903,Psap,0.0064516129032258064
847105,3775,Brain_Myeloid_microglial_cell,548,4.0,184,10_60296002_60296304,5903,Psap,0.021739130434782608
847106,3777,Brain_Myeloid_microglial_cell,548,8.0,259,10_60296002_60296304,5903,Psap,0.03088803088803089
847107,3779,Brain_Myeloid_microglial_cell,548,1.0,82,10_60296002_60296304,5903,Psap,0.012195121951219513
847108,3783,Brain_Myeloid_microglial_cell,548,1.0,114,10_60296002_60296304,5903,Psap,0.008771929824561403
847109,3789,Brain_Myeloid_microglial_cell,548,3.0,290,10_60296002_60296304,5903,Psap,0.010344827586206896
847110,3795,Brain_Myeloid_microglial_cell,548,7.0,986,10_60296002_60296304,5903,Psap,0.007099391480730223
847111,3805,Brain_Myeloid_microglial_cell,548,2.0,414,10_60296002_60296304,5903,Psap,0.004830917874396135
847112,3816,Brain_Myeloid_microglial_cell,548,11.0,557,10_60296002_60296304,5903,Psap,0.019748653500897665
847113,3827,Brain_Myeloid_microglial_cell,548,11.0,472,10_60296002_60296304,5903,Psap,0.023305084745762712
847114,3838,Brain_Myeloid_microglial_cell,548,8.0,581,10_60296002_60296304,5903,Psap,0.013769363166953529
847115,3849,Brain_Myeloid_microglial_cell,548,6.0,234,10_60296002_60296304,5903,Psap,0.02564102564102564
847116,3861,Brain_Myeloid_microglial_cell,548,13.0,693,10_60296002_60296304,5903,Psap,0.01875901875901876
847117,3863,Brain_Myeloid_microglial_cell,548,12.0,822,10_60296002_60296304,5903,Psap,0.014598540145985401
847118,3884,Brain_Myeloid_microglial_cell,548,3.0,83,10_60296002_60296304,5903,Psap,0.03614457831325301
847119,3895,Brain_Myeloid_microglial_cell,548,5.0,297,10_60296002_60296304,5903,Psap,0.016835016835016835
847120,3912,Brain_Myeloid_microglial_cell,548,25.0,484,10_60296002_60296304,5903,Psap,0.05165289256198347
847121,3956,Brain_Myeloid_microglial_cell,548,17.0,553,10_60296002_60296304,5903,Psap,0.03074141048824593
847122,3975,Brain_Myeloid_microglial_cell,548,3.0,145,10_60296002_60296304,5903,Psap,0.020689655172413793
847123,4009,Brain_Myeloid_microglial_cell,548,5.0,109,10_60296002_60296304,5903,Psap,0.045871559633027525
847124,4020,Brain_Myeloid_microglial_cell,548,95.0,1276,10_60296002_60296304,5903,Psap,0.07445141065830721
847125,4032,Brain_Myeloid_microglial_cell,548,7.0,372,10_60296002_60296304,5903,Psap,0.01881720430107527
847126,4065,Brain_Myeloid_microglial_cell,548,19.0,1140,10_60296002_60296304,5903,Psap,0.016666666666666666
847127,4073,Brain_Myeloid_microglial_cell,548,3.0,159,10_60296002_60296304,5903,Psap,0.018867924528301886
847128,4178,Brain_Myeloid_microglial_cell,548,95.0,406,10_60296002_60296304,5903,Psap,0.23399014778325122
847129,4272,Brain_Myeloid_microglial_cell,548,8.0,543,10_60296002_60296304,5903,Psap,0.014732965009208104
847130,4370,Brain_Myeloid_microglial_cell,548,5.0,303,10_60296002_60296304,5903,Psap,0.0165016501650165
847131,4373,Brain_Myeloid_microglial_cell,548,1.0,94,10_60296002_60296304,5903,Psap,0.010638297872340425
847132,4376,Brain_Myeloid_microglial_cell,548,13.0,411,10_60296002_60296304,5903,Psap,0.031630170316301706
847133,4464,Brain_Myeloid_microglial_cell,548,11.0,670,10_60296002_60296304,5903,Psap,0.016417910447761194
847134,4469,Brain_Myeloid_microglial_cell,548,14.0,683,10_60296002_60296304,5903,Psap,0.020497803806734993
847135,4472,Brain_Myeloid_microglial_cell,548,5.0,334,10_60296002_60296304,5903,Psap,0.014970059880239521
847136,4563,Brain_Myeloid_microglial_cell,548,11.0,800,10_60296002_60296304,5903,Psap,0.01375
847137,4566,Brain_Myeloid_microglial_cell,548,1.0,184,10_60296002_60296304,5903,Psap,0.005434782608695652
847138,4657,Brain_Myeloid_microglial_cell,548,4.0,228,10_60296002_60296304,5903,Psap,0.017543859649122806
847139,4658,Brain_Myeloid_microglial_cell,548,1.0,396,10_60296002_60296304,5903,Psap,0.0025252525252525255
847140,4661,Brain_Myeloid_microglial_cell,548,5.0,566,10_60296002_60296304,5903,Psap,0.0088339222614841
847141,4751,Brain_Myeloid_microglial_cell,548,80.0,235,10_60296002_60296304,5903,Psap,0.3404255319148936
847142,4755,Brain_Myeloid_microglial_cell,548,79.0,670,10_60296002_60296304,5903,Psap,0.11791044776119403
847143,4759,Brain_Myeloid_microglial_cell,548,3.0,276,10_60296002_60296304,5903,Psap,0.010869565217391304
847144,4805,Brain_Myeloid_microglial_cell,548,148.0,1988,10_60296002_60296304,5903,Psap,0.0744466800804829
847145,4826,Brain_Myeloid_microglial_cell,548,83.0,694,10_60296002_60296304,5903,Psap,0.11959654178674352
847146,4835,Brain_Myeloid_microglial_cell,548,52.0,1092,10_60296002_60296304,5903,Psap,0.047619047619047616
847147,4841,Brain_Myeloid_microglial_cell,548,22.0,741,10_60296002_60296304,5903,Psap,0.029689608636977057
847148,4855,Brain_Myeloid_microglial_cell,548,8.0,754,10_60296002_60296304,5903,Psap,0.010610079575596816
847149,4856,Brain_Myeloid_microglial_cell,548,30.0,41,10_60296002_60296304,5903,Psap,0.7317073170731707
847150,4859,Brain_Myeloid_microglial_cell,548,8.0,241,10_60296002_60296304,5903,Psap,0.03319502074688797
847151,4905,Brain_Myeloid_microglial_cell,548,3.0,373,10_60296002_60296304,5903,Psap,0.00804289544235925
847152,4926,Brain_Myeloid_microglial_cell,548,1.0,148,10_60296002_60296304,5903,Psap,0.006756756756756757
847153,4947,Brain_Myeloid_microglial_cell,548,20.0,463,10_60296002_60296304,5903,Psap,0.04319654427645788
847154,4959,Brain_Myeloid_microglial_cell,548,7.0,302,10_60296002_60296304,5903,Psap,0.023178807947019868
847155,4964,Brain_Myeloid_microglial_cell,548,3.0,345,10_60296002_60296304,5903,Psap,0.008695652173913044
847156,4969,Brain_Myeloid_microglial_cell,548,3.0,190,10_60296002_60296304,5903,Psap,0.015789473684210527
847157,5050,Brain_Myeloid_microglial_cell,548,5.0,299,10_60296002_60296304,5903,Psap,0.016722408026755852
847158,5051,Brain_Myeloid_microglial_cell,548,1.0,127,10_60296002_60296304,5903,Psap,0.007874015748031496
847159,5054,Brain_Myeloid_microglial_cell,548,6.0,411,10_60296002_60296304,5903,Psap,0.014598540145985401
847160,5057,Brain_Myeloid_microglial_cell,548,6.0,541,10_60296002_60296304,5903,Psap,0.011090573012939002
847161,5064,Brain_Myeloid_microglial_cell,548,9.0,846,10_60296002_60296304,5903,Psap,0.010638297872340425
847162,5108,Brain_Myeloid_microglial_cell,548,128.0,525,10_60296002_60296304,5903,Psap,0.2438095238095238
847163,5146,Brain_Myeloid_microglial_cell,548,2.0,119,10_60296002_60296304,5903,Psap,0.01680672268907563
847164,5149,Brain_Myeloid_microglial_cell,548,3.0,247,10_60296002_60296304,5903,Psap,0.012145748987854251
847165,5150,Brain_Myeloid_microglial_cell,548,3.0,410,10_60296002_60296304,5903,Psap,0.007317073170731708
847166,5153,Brain_Myeloid_microglial_cell,548,12.0,662,10_60296002_60296304,5903,Psap,0.01812688821752266
847167,5157,Brain_Myeloid_microglial_cell,548,5.0,120,10_60296002_60296304,5903,Psap,0.041666666666666664
847168,5161,Brain_Myeloid_microglial_cell,548,10.0,459,10_60296002_60296304,5903,Psap,0.02178649237472767
847169,5217,Brain_Myeloid_microglial_cell,548,7.0,418,10_60296002_60296304,5903,Psap,0.01674641148325359
847170,5239,Brain_Myeloid_microglial_cell,548,4.0,201,10_60296002_60296304,5903,Psap,0.01990049751243781
847171,5242,Brain_Myeloid_microglial_cell,548,4.0,263,10_60296002_60296304,5903,Psap,0.015209125475285171
847172,5248,Brain_Myeloid_microglial_cell,548,12.0,631,10_60296002_60296304,5903,Psap,0.01901743264659271
847173,5249,Brain_Myeloid_microglial_cell,548,4.0,223,10_60296002_60296304,5903,Psap,0.017937219730941704
847174,5252,Brain_Myeloid_microglial_cell,548,10.0,478,10_60296002_60296304,5903,Psap,0.02092050209205021
847175,5255,Brain_Myeloid_microglial_cell,548,67.0,615,10_60296002_60296304,5903,Psap,0.10894308943089431
847176,5260,Brain_Myeloid_microglial_cell,548,11.0,629,10_60296002_60296304,5903,Psap,0.017488076311605722
847177,5265,Brain_Myeloid_microglial_cell,548,32.0,363,10_60296002_60296304,5903,Psap,0.0881542699724518
847178,5333,Brain_Myeloid_microglial_cell,548,38.0,455,10_60296002_60296304,5903,Psap,0.08351648351648351
847179,5337,Brain_Myeloid_microglial_cell,548,3.0,530,10_60296002_60296304,5903,Psap,0.005660377358490566
847180,5341,Brain_Myeloid_microglial_cell,548,136.0,1242,10_60296002_60296304,5903,Psap,0.10950080515297907
847181,5342,Brain_Myeloid_microglial_cell,548,2.0,315,10_60296002_60296304,5903,Psap,0.006349206349206349
847182,5343,Brain_Myeloid_microglial_cell,548,2.0,129,10_60296002_60296304,5903,Psap,0.015503875968992248
847183,5346,Brain_Myeloid_microglial_cell,548,76.0,638,10_60296002_60296304,5903,Psap,0.11912225705329153
847184,5349,Brain_Myeloid_microglial_cell,548,2.0,146,10_60296002_60296304,5903,Psap,0.0136986301369863
847185,5356,Brain_Myeloid_microglial_cell,548,13.0,173,10_60296002_60296304,5903,Psap,0.07514450867052024
847186,5436,Brain_Myeloid_microglial_cell,548,5.0,390,10_60296002_60296304,5903,Psap,0.01282051282051282
847187,5438,Brain_Myeloid_microglial_cell,548,27.0,171,10_60296002_60296304,5903,Psap,0.15789473684210525
847188,5444,Brain_Myeloid_microglial_cell,548,6.0,436,10_60296002_60296304,5903,Psap,0.013761467889908258
847189,5447,Brain_Myeloid_microglial_cell,548,6.0,254,10_60296002_60296304,5903,Psap,0.023622047244094488
847190,5450,Brain_Myeloid_microglial_cell,548,28.0,384,10_60296002_60296304,5903,Psap,0.07291666666666667
847191,5455,Brain_Myeloid_microglial_cell,548,1.0,79,10_60296002_60296304,5903,Psap,0.012658227848101266
847192,5501,Brain_Myeloid_microglial_cell,548,2.0,178,10_60296002_60296304,5903,Psap,0.011235955056179775
847193,5534,Brain_Myeloid_microglial_cell,548,6.0,338,10_60296002_60296304,5903,Psap,0.01775147928994083
847194,5536,Brain_Myeloid_microglial_cell,548,4.0,279,10_60296002_60296304,5903,Psap,0.014336917562724014
847195,5541,Brain_Myeloid_microglial_cell,548,11.0,692,10_60296002_60296304,5903,Psap,0.015895953757225433
847196,5542,Brain_Myeloid_microglial_cell,548,8.0,206,10_60296002_60296304,5903,Psap,0.038834951456310676
847197,5545,Brain_Myeloid_microglial_cell,548,32.0,245,10_60296002_60296304,5903,Psap,0.1306122448979592
847198,5548,Brain_Myeloid_microglial_cell,548,8.0,423,10_60296002_60296304,5903,Psap,0.018912529550827423
847199,5594,Brain_Myeloid_microglial_cell,548,3.0,124,10_60296002_60296304,5903,Psap,0.024193548387096774
847200,5633,Brain_Myeloid_microglial_cell,548,3.0,97,10_60296002_60296304,5903,Psap,0.030927835051546393
847201,5636,Brain_Myeloid_microglial_cell,548,7.0,462,10_60296002_60296304,5903,Psap,0.015151515151515152
847202,5733,Brain_Myeloid_microglial_cell,548,29.0,239,10_60296002_60296304,5903,Psap,0.12133891213389121
847203,5744,Brain_Myeloid_microglial_cell,548,1.0,159,10_60296002_60296304,5903,Psap,0.006289308176100629
847204,5832,Brain_Myeloid_microglial_cell,548,70.0,209,10_60296002_60296304,5903,Psap,0.3349282296650718
847205,5833,Brain_Myeloid_microglial_cell,548,6.0,475,10_60296002_60296304,5903,Psap,0.01263157894736842
847206,5841,Brain_Myeloid_microglial_cell,548,52.0,644,10_60296002_60296304,5903,Psap,0.08074534161490683
847207,5929,Brain_Myeloid_microglial_cell,548,20.0,140,10_60296002_60296304,5903,Psap,0.14285714285714285
847208,5930,Brain_Myeloid_microglial_cell,548,6.0,280,10_60296002_60296304,5903,Psap,0.02142857142857143
847209,5932,Brain_Myeloid_microglial_cell,548,3.0,382,10_60296002_60296304,5903,Psap,0.007853403141361256
847210,6032,Brain_Myeloid_microglial_cell,548,2.0,209,10_60296002_60296304,5903,Psap,0.009569377990430622
847211,6033,Brain_Myeloid_microglial_cell,548,6.0,106,10_60296002_60296304,5903,Psap,0.05660377358490566
847212,6063,Brain_Myeloid_microglial_cell,548,13.0,561,10_60296002_60296304,5903,Psap,0.023172905525846704
847213,6069,Brain_Myeloid_microglial_cell,548,7.0,1179,10_60296002_60296304,5903,Psap,0.005937234944868533
847214,6074,Brain_Myeloid_microglial_cell,548,12.0,928,10_60296002_60296304,5903,Psap,0.01293103448275862
847215,6128,Brain_Myeloid_microglial_cell,548,5.0,187,10_60296002_60296304,5903,Psap,0.026737967914438502
847216,6132,Brain_Myeloid_microglial_cell,548,13.0,575,10_60296002_60296304,5903,Psap,0.022608695652173914
847217,6137,Brain_Myeloid_microglial_cell,548,3.0,423,10_60296002_60296304,5903,Psap,0.0070921985815602835
847218,6171,Brain_Myeloid_microglial_cell,548,81.0,1575,10_60296002_60296304,5903,Psap,0.05142857142857143
847219,6175,Brain_Myeloid_microglial_cell,548,1.0,57,10_60296002_60296304,5903,Psap,0.017543859649122806
847220,6182,Brain_Myeloid_microglial_cell,548,15.0,137,10_60296002_60296304,5903,Psap,0.10948905109489052
847221,6194,Brain_Myeloid_microglial_cell,548,17.0,950,10_60296002_60296304,5903,Psap,0.017894736842105262
847222,6227,Brain_Myeloid_microglial_cell,548,3.0,50,10_60296002_60296304,5903,Psap,0.06
847223,6228,Brain_Myeloid_microglial_cell,548,85.0,5442,10_60296002_60296304,5903,Psap,0.01561925762587284
847224,6232,Brain_Myeloid_microglial_cell,548,5.0,256,10_60296002_60296304,5903,Psap,0.01953125
847225,6275,Brain_Myeloid_microglial_cell,548,6.0,266,10_60296002_60296304,5903,Psap,0.022556390977443608
847226,6279,Brain_Myeloid_microglial_cell,548,12.0,330,10_60296002_60296304,5903,Psap,0.03636363636363636
847227,6287,Brain_Myeloid_microglial_cell,548,1.0,160,10_60296002_60296304,5903,Psap,0.00625
847228,6334,Brain_Myeloid_microglial_cell,548,3.0,278,10_60296002_60296304,5903,Psap,0.01079136690647482
847229,6366,Brain_Myeloid_microglial_cell,548,32.0,336,10_60296002_60296304,5903,Psap,0.09523809523809523
847230,6371,Brain_Myeloid_microglial_cell,548,5.0,197,10_60296002_60296304,5903,Psap,0.025380710659898477
847231,6375,Brain_Myeloid_microglial_cell,548,4.0,339,10_60296002_60296304,5903,Psap,0.011799410029498525
847232,6386,Brain_Myeloid_microglial_cell,548,6.0,260,10_60296002_60296304,5903,Psap,0.023076923076923078
847233,6395,Brain_Myeloid_microglial_cell,548,2.0,147,10_60296002_60296304,5903,Psap,0.013605442176870748
847234,6407,Brain_Myeloid_microglial_cell,548,2.0,165,10_60296002_60296304,5903,Psap,0.012121212121212121
847235,6425,Brain_Myeloid_microglial_cell,548,14.0,480,10_60296002_60296304,5903,Psap,0.029166666666666667
847236,6428,Brain_Myeloid_microglial_cell,548,6.0,179,10_60296002_60296304,5903,Psap,0.0335195530726257
847237,6431,Brain_Myeloid_microglial_cell,548,4.0,97,10_60296002_60296304,5903,Psap,0.041237113402061855
847238,6467,Brain_Myeloid_microglial_cell,548,10.0,647,10_60296002_60296304,5903,Psap,0.015455950540958269
847239,6472,Brain_Myeloid_microglial_cell,548,7.0,313,10_60296002_60296304,5903,Psap,0.022364217252396165
847240,6476,Brain_Myeloid_microglial_cell,548,2.0,147,10_60296002_60296304,5903,Psap,0.013605442176870748
847241,6484,Brain_Myeloid_microglial_cell,548,3.0,95,10_60296002_60296304,5903,Psap,0.031578947368421054
847242,6493,Brain_Myeloid_microglial_cell,548,2.0,198,10_60296002_60296304,5903,Psap,0.010101010101010102
847243,6515,Brain_Myeloid_microglial_cell,548,4.0,226,10_60296002_60296304,5903,Psap,0.017699115044247787
847244,6524,Brain_Myeloid_microglial_cell,548,5.0,68,10_60296002_60296304,5903,Psap,0.07352941176470588
847245,6556,Brain_Myeloid_microglial_cell,548,1.0,209,10_60296002_60296304,5903,Psap,0.004784688995215311
847246,6564,Brain_Myeloid_microglial_cell,548,14.0,630,10_60296002_60296304,5903,Psap,0.022222222222222223
847247,6571,Brain_Myeloid_microglial_cell,548,1.0,93,10_60296002_60296304,5903,Psap,0.010752688172043012
847248,6576,Brain_Myeloid_microglial_cell,548,10.0,492,10_60296002_60296304,5903,Psap,0.02032520325203252
847249,6580,Brain_Myeloid_microglial_cell,548,6.0,324,10_60296002_60296304,5903,Psap,0.018518518518518517
847250,6588,Brain_Myeloid_microglial_cell,548,2.0,173,10_60296002_60296304,5903,Psap,0.011560693641618497
847251,6599,Brain_Myeloid_microglial_cell,548,67.0,879,10_60296002_60296304,5903,Psap,0.07622298065984073
847252,6620,Brain_Myeloid_microglial_cell,548,14.0,848,10_60296002_60296304,5903,Psap,0.01650943396226415
847253,6621,Brain_Myeloid_microglial_cell,548,3.0,111,10_60296002_60296304,5903,Psap,0.02702702702702703
847254,6623,Brain_Myeloid_microglial_cell,548,1.0,195,10_60296002_60296304,5903,Psap,0.005128205128205128
847255,6624,Brain_Myeloid_microglial_cell,548,8.0,331,10_60296002_60296304,5903,Psap,0.02416918429003021
847256,6626,Brain_Myeloid_microglial_cell,548,1.0,167,10_60296002_60296304,5903,Psap,0.005988023952095809
847257,6628,Brain_Myeloid_microglial_cell,548,5.0,66,10_60296002_60296304,5903,Psap,0.07575757575757576
847258,6636,Brain_Myeloid_microglial_cell,548,12.0,993,10_60296002_60296304,5903,Psap,0.012084592145015106
847259,6640,Brain_Myeloid_microglial_cell,548,1.0,126,10_60296002_60296304,5903,Psap,0.007936507936507936
847260,6645,Brain_Myeloid_microglial_cell,548,1.0,52,10_60296002_60296304,5903,Psap,0.019230769230769232
847261,6650,Brain_Myeloid_microglial_cell,548,12.0,439,10_60296002_60296304,5903,Psap,0.02733485193621868
847262,6656,Brain_Myeloid_microglial_cell,548,3.0,142,10_60296002_60296304,5903,Psap,0.02112676056338028
847263,6663,Brain_Myeloid_microglial_cell,548,2.0,108,10_60296002_60296304,5903,Psap,0.018518518518518517
847264,6674,Brain_Myeloid_microglial_cell,548,7.0,495,10_60296002_60296304,5903,Psap,0.014141414141414142
847265,6678,Brain_Myeloid_microglial_cell,548,1.0,112,10_60296002_60296304,5903,Psap,0.008928571428571428
847266,6696,Brain_Myeloid_microglial_cell,548,3.0,193,10_60296002_60296304,5903,Psap,0.015544041450777202
847267,6711,Brain_Myeloid_microglial_cell,548,6.0,426,10_60296002_60296304,5903,Psap,0.014084507042253521
847268,6719,Brain_Myeloid_microglial_cell,548,61.0,727,10_60296002_60296304,5903,Psap,0.08390646492434663
847269,6720,Brain_Myeloid_microglial_cell,548,3.0,217,10_60296002_60296304,5903,Psap,0.013824884792626729
847270,6721,Brain_Myeloid_microglial_cell,548,2.0,89,10_60296002_60296304,5903,Psap,0.02247191011235955
847271,6722,Brain_Myeloid_microglial_cell,548,2.0,227,10_60296002_60296304,5903,Psap,0.00881057268722467
847272,6724,Brain_Myeloid_microglial_cell,548,66.0,585,10_60296002_60296304,5903,Psap,0.11282051282051282
847273,6726,Brain_Myeloid_microglial_cell,548,30.0,420,10_60296002_60296304,5903,Psap,0.07142857142857142
847274,6728,Brain_Myeloid_microglial_cell,548,4.0,420,10_60296002_60296304,5903,Psap,0.009523809523809525
847275,6730,Brain_Myeloid_microglial_cell,548,7.0,575,10_60296002_60296304,5903,Psap,0.01217391304347826
847276,6732,Brain_Myeloid_microglial_cell,548,40.0,1959,10_60296002_60296304,5903,Psap,0.02041858090862685
847277,6737,Brain_Myeloid_microglial_cell,548,7.0,249,10_60296002_60296304,5903,Psap,0.028112449799196786
847278,6741,Brain_Myeloid_microglial_cell,548,2.0,214,10_60296002_60296304,5903,Psap,0.009345794392523364
847279,6746,Brain_Myeloid_microglial_cell,548,6.0,561,10_60296002_60296304,5903,Psap,0.0106951871657754
847280,6752,Brain_Myeloid_microglial_cell,548,5.0,84,10_60296002_60296304,5903,Psap,0.05952380952380952
847281,6758,Brain_Myeloid_microglial_cell,548,2.0,122,10_60296002_60296304,5903,Psap,0.01639344262295082
847282,6765,Brain_Myeloid_microglial_cell,548,1.0,64,10_60296002_60296304,5903,Psap,0.015625
847283,6774,Brain_Myeloid_microglial_cell,548,1.0,43,10_60296002_60296304,5903,Psap,0.023255813953488372
847284,6778,Brain_Myeloid_microglial_cell,548,2.0,117,10_60296002_60296304,5903,Psap,0.017094017094017096
847285,6786,Brain_Myeloid_microglial_cell,548,2.0,194,10_60296002_60296304,5903,Psap,0.010309278350515464
847286,6795,Brain_Myeloid_microglial_cell,548,75.0,605,10_60296002_60296304,5903,Psap,0.12396694214876033
847287,6807,Brain_Myeloid_microglial_cell,548,4.0,307,10_60296002_60296304,5903,Psap,0.013029315960912053
847288,6811,Brain_Myeloid_microglial_cell,548,19.0,936,10_60296002_60296304,5903,Psap,0.0202991452991453
847289,6821,Brain_Myeloid_microglial_cell,548,6.0,409,10_60296002_60296304,5903,Psap,0.014669926650366748
847290,6824,Brain_Myeloid_microglial_cell,548,5.0,30,10_60296002_60296304,5903,Psap,0.16666666666666666
847291,6828,Brain_Myeloid_microglial_cell,548,1.0,71,10_60296002_60296304,5903,Psap,0.014084507042253521
847292,6833,Brain_Myeloid_microglial_cell,548,33.0,262,10_60296002_60296304,5903,Psap,0.12595419847328243
847293,6838,Brain_Myeloid_microglial_cell,548,3.0,294,10_60296002_60296304,5903,Psap,0.01020408163265306
847294,6848,Brain_Myeloid_microglial_cell,548,14.0,756,10_60296002_60296304,5903,Psap,0.018518518518518517
847295,6853,Brain_Myeloid_microglial_cell,548,3.0,105,10_60296002_60296304,5903,Psap,0.02857142857142857
847296,6861,Brain_Myeloid_microglial_cell,548,2.0,152,10_60296002_60296304,5903,Psap,0.013157894736842105
847297,6868,Brain_Myeloid_microglial_cell,548,2.0,72,10_60296002_60296304,5903,Psap,0.027777777777777776
847298,6921,Brain_Myeloid_microglial_cell,548,6.0,113,10_60296002_60296304,5903,Psap,0.05309734513274336
847299,6926,Brain_Myeloid_microglial_cell,548,2.0,139,10_60296002_60296304,5903,Psap,0.014388489208633094
847300,7021,Brain_Myeloid_microglial_cell,548,2.0,226,10_60296002_60296304,5903,Psap,0.008849557522123894
847301,7117,Brain_Myeloid_microglial_cell,548,118.0,1889,10_60296002_60296304,5903,Psap,0.06246691371095818
847302,7220,Brain_Myeloid_microglial_cell,548,4.0,232,10_60296002_60296304,5903,Psap,0.017241379310344827
847303,7316,Brain_Myeloid_microglial_cell,548,4.0,83,10_60296002_60296304,5903,Psap,0.04819277108433735
847304,7384,Brain_Non-Myeloid_astrocyte,548,1.0,72,10_60296002_60296304,5903,Psap,0.013888888888888888
847305,7385,Brain_Non-Myeloid_astrocyte,548,73.0,74,10_60296002_60296304,5903,Psap,0.9864864864864865
847306,7386,Brain_Non-Myeloid_astrocyte,548,13.0,13,10_60296002_60296304,5903,Psap,1.0
847307,7387,Brain_Non-Myeloid_astrocyte,548,89.0,93,10_60296002_60296304,5903,Psap,0.956989247311828
847308,7391,Brain_Non-Myeloid_astrocyte,548,44.0,45,10_60296002_60296304,5903,Psap,0.9777777777777777
847309,7392,Brain_Non-Myeloid_astrocyte,548,421.0,462,10_60296002_60296304,5903,Psap,0.9112554112554112
847310,7393,Brain_Non-Myeloid_astrocyte,548,3.0,3,10_60296002_60296304,5903,Psap,1.0
847311,7394,Brain_Non-Myeloid_astrocyte,548,313.0,322,10_60296002_60296304,5903,Psap,0.9720496894409938
847312,7395,Brain_Non-Myeloid_astrocyte,548,399.0,408,10_60296002_60296304,5903,Psap,0.9779411764705882
847313,7396,Brain_Non-Myeloid_astrocyte,548,65.0,91,10_60296002_60296304,5903,Psap,0.7142857142857143
847314,7397,Brain_Non-Myeloid_astrocyte,548,12.0,12,10_60296002_60296304,5903,Psap,1.0
847315,7398,Brain_Non-Myeloid_astrocyte,548,275.0,284,10_60296002_60296304,5903,Psap,0.9683098591549296
847316,7399,Brain_Non-Myeloid_astrocyte,548,157.0,166,10_60296002_60296304,5903,Psap,0.9457831325301205
847317,7400,Brain_Non-Myeloid_astrocyte,548,20.0,22,10_60296002_60296304,5903,Psap,0.9090909090909091
847318,7401,Brain_Non-Myeloid_astrocyte,548,43.0,51,10_60296002_60296304,5903,Psap,0.8431372549019608
847319,7402,Brain_Non-Myeloid_astrocyte,548,226.0,240,10_60296002_60296304,5903,Psap,0.9416666666666667
847320,7403,Brain_Non-Myeloid_astrocyte,548,17.0,17,10_60296002_60296304,5903,Psap,1.0
847321,7404,Brain_Non-Myeloid_astrocyte,548,72.0,84,10_60296002_60296304,5903,Psap,0.8571428571428571
847322,7407,Brain_Non-Myeloid_astrocyte,548,35.0,64,10_60296002_60296304,5903,Psap,0.546875
847323,7408,Brain_Non-Myeloid_astrocyte,548,1.0,1,10_60296002_60296304,5903,Psap,1.0
847324,7409,Brain_Non-Myeloid_astrocyte,548,15.0,16,10_60296002_60296304,5903,Psap,0.9375
847325,7410,Brain_Non-Myeloid_astrocyte,548,62.0,91,10_60296002_60296304,5903,Psap,0.6813186813186813
847326,7411,Brain_Non-Myeloid_astrocyte,548,283.0,307,10_60296002_60296304,5903,Psap,0.9218241042345277
847327,7412,Brain_Non-Myeloid_astrocyte,548,104.0,138,10_60296002_60296304,5903,Psap,0.7536231884057971
847328,7413,Brain_Non-Myeloid_astrocyte,548,390.0,405,10_60296002_60296304,5903,Psap,0.9629629629629629
847329,7415,Brain_Non-Myeloid_astrocyte,548,52.0,70,10_60296002_60296304,5903,Psap,0.7428571428571429
847330,7416,Brain_Non-Myeloid_astrocyte,548,162.0,282,10_60296002_60296304,5903,Psap,0.574468085106383
847331,7417,Brain_Non-Myeloid_astrocyte,548,1015.0,1141,10_60296002_60296304,5903,Psap,0.8895705521472392
847332,7418,Brain_Non-Myeloid_astrocyte,548,9.0,10,10_60296002_60296304,5903,Psap,0.9
847333,7419,Brain_Non-Myeloid_astrocyte,548,6.0,6,10_60296002_60296304,5903,Psap,1.0
847334,7420,Brain_Non-Myeloid_astrocyte,548,503.0,683,10_60296002_60296304,5903,Psap,0.7364568081991215
847335,7421,Brain_Non-Myeloid_astrocyte,548,17.0,17,10_60296002_60296304,5903,Psap,1.0
847336,7422,Brain_Non-Myeloid_astrocyte,548,263.0,282,10_60296002_60296304,5903,Psap,0.9326241134751773
847337,7423,Brain_Non-Myeloid_astrocyte,548,126.0,127,10_60296002_60296304,5903,Psap,0.9921259842519685
847338,7424,Brain_Non-Myeloid_astrocyte,548,84.0,86,10_60296002_60296304,5903,Psap,0.9767441860465116
847339,7425,Brain_Non-Myeloid_astrocyte,548,34.0,36,10_60296002_60296304,5903,Psap,0.9444444444444444
847340,7426,Brain_Non-Myeloid_astrocyte,548,65.0,222,10_60296002_60296304,5903,Psap,0.2927927927927928
847341,7428,Brain_Non-Myeloid_astrocyte,548,499.0,531,10_60296002_60296304,5903,Psap,0.9397363465160076
847342,7429,Brain_Non-Myeloid_astrocyte,548,117.0,119,10_60296002_60296304,5903,Psap,0.9831932773109243
847343,7431,Brain_Non-Myeloid_astrocyte,548,4.0,4,10_60296002_60296304,5903,Psap,1.0
847344,7432,Brain_Non-Myeloid_astrocyte,548,66.0,329,10_60296002_60296304,5903,Psap,0.2006079027355623
847345,7433,Brain_Non-Myeloid_astrocyte,548,86.0,121,10_60296002_60296304,5903,Psap,0.7107438016528925
847346,7434,Brain_Non-Myeloid_astrocyte,548,31.0,62,10_60296002_60296304,5903,Psap,0.5
847347,7435,Brain_Non-Myeloid_astrocyte,548,18.0,18,10_60296002_60296304,5903,Psap,1.0
847348,7436,Brain_Non-Myeloid_astrocyte,548,1.0,1,10_60296002_60296304,5903,Psap,1.0
847349,7438,Brain_Non-Myeloid_astrocyte,548,246.0,254,10_60296002_60296304,5903,Psap,0.968503937007874
847350,7439,Brain_Non-Myeloid_astrocyte,548,109.0,118,10_60296002_60296304,5903,Psap,0.923728813559322
847351,7440,Brain_Non-Myeloid_astrocyte,548,215.0,234,10_60296002_60296304,5903,Psap,0.9188034188034188
847352,7441,Brain_Non-Myeloid_astrocyte,548,277.0,285,10_60296002_60296304,5903,Psap,0.9719298245614035
847353,7442,Brain_Non-Myeloid_astrocyte,548,66.0,69,10_60296002_60296304,5903,Psap,0.9565217391304348
847354,7443,Brain_Non-Myeloid_astrocyte,548,168.0,241,10_60296002_60296304,5903,Psap,0.6970954356846473
847355,7444,Brain_Non-Myeloid_astrocyte,548,50.0,53,10_60296002_60296304,5903,Psap,0.9433962264150944
847356,7445,Brain_Non-Myeloid_astrocyte,548,2.0,172,10_60296002_60296304,5903,Psap,0.011627906976744186
847357,7446,Brain_Non-Myeloid_astrocyte,548,274.0,327,10_60296002_60296304,5903,Psap,0.8379204892966361
847358,7447,Brain_Non-Myeloid_astrocyte,548,10.0,10,10_60296002_60296304,5903,Psap,1.0
847359,7448,Brain_Non-Myeloid_astrocyte,548,64.0,64,10_60296002_60296304,5903,Psap,1.0
847360,7449,Brain_Non-Myeloid_astrocyte,548,163.0,282,10_60296002_60296304,5903,Psap,0.5780141843971631
847361,7450,Brain_Non-Myeloid_astrocyte,548,13.0,13,10_60296002_60296304,5903,Psap,1.0
847362,7451,Brain_Non-Myeloid_astrocyte,548,191.0,243,10_60296002_60296304,5903,Psap,0.7860082304526749
847363,7452,Brain_Non-Myeloid_astrocyte,548,39.0,39,10_60296002_60296304,5903,Psap,1.0
847364,7453,Brain_Non-Myeloid_astrocyte,548,159.0,161,10_60296002_60296304,5903,Psap,0.9875776397515528
847365,7455,Brain_Non-Myeloid_astrocyte,548,80.0,102,10_60296002_60296304,5903,Psap,0.7843137254901961
847366,7456,Brain_Non-Myeloid_astrocyte,548,378.0,390,10_60296002_60296304,5903,Psap,0.9692307692307692
847367,7457,Brain_Non-Myeloid_astrocyte,548,107.0,111,10_60296002_60296304,5903,Psap,0.963963963963964
847368,7458,Brain_Non-Myeloid_astrocyte,548,45.0,47,10_60296002_60296304,5903,Psap,0.9574468085106383
847369,7460,Brain_Non-Myeloid_astrocyte,548,92.0,97,10_60296002_60296304,5903,Psap,0.9484536082474226
847370,7461,Brain_Non-Myeloid_astrocyte,548,113.0,241,10_60296002_60296304,5903,Psap,0.46887966804979253
847371,7462,Brain_Non-Myeloid_astrocyte,548,316.0,378,10_60296002_60296304,5903,Psap,0.8359788359788359
847372,7464,Brain_Non-Myeloid_astrocyte,548,23.0,26,10_60296002_60296304,5903,Psap,0.8846153846153846
847373,7465,Brain_Non-Myeloid_astrocyte,548,103.0,104,10_60296002_60296304,5903,Psap,0.9903846153846154
847374,7466,Brain_Non-Myeloid_astrocyte,548,50.0,51,10_60296002_60296304,5903,Psap,0.9803921568627451
847375,7467,Brain_Non-Myeloid_astrocyte,548,56.0,56,10_60296002_60296304,5903,Psap,1.0
847376,7469,Brain_Non-Myeloid_astrocyte,548,24.0,30,10_60296002_60296304,5903,Psap,0.8
847377,7470,Brain_Non-Myeloid_astrocyte,548,27.0,34,10_60296002_60296304,5903,Psap,0.7941176470588235
847378,7471,Brain_Non-Myeloid_astrocyte,548,272.0,318,10_60296002_60296304,5903,Psap,0.8553459119496856
847379,7472,Brain_Non-Myeloid_astrocyte,548,254.0,260,10_60296002_60296304,5903,Psap,0.9769230769230769
847380,7473,Brain_Non-Myeloid_astrocyte,548,79.0,310,10_60296002_60296304,5903,Psap,0.25483870967741934
847381,7474,Brain_Non-Myeloid_astrocyte,548,196.0,211,10_60296002_60296304,5903,Psap,0.9289099526066351
847382,7477,Brain_Non-Myeloid_astrocyte,548,303.0,319,10_60296002_60296304,5903,Psap,0.9498432601880877
847383,7479,Brain_Non-Myeloid_astrocyte,548,1169.0,1206,10_60296002_60296304,5903,Psap,0.9693200663349917
847384,7480,Brain_Non-Myeloid_astrocyte,548,8.0,32,10_60296002_60296304,5903,Psap,0.25
847385,7482,Brain_Non-Myeloid_astrocyte,548,3.0,97,10_60296002_60296304,5903,Psap,0.030927835051546393
847386,7483,Brain_Non-Myeloid_astrocyte,548,386.0,552,10_60296002_60296304,5903,Psap,0.6992753623188406
847387,7484,Brain_Non-Myeloid_astrocyte,548,43.0,67,10_60296002_60296304,5903,Psap,0.6417910447761194
847388,7485,Brain_Non-Myeloid_astrocyte,548,52.0,54,10_60296002_60296304,5903,Psap,0.9629629629629629
847389,7486,Brain_Non-Myeloid_astrocyte,548,184.0,300,10_60296002_60296304,5903,Psap,0.6133333333333333
847390,7487,Brain_Non-Myeloid_astrocyte,548,224.0,258,10_60296002_60296304,5903,Psap,0.8682170542635659
847391,7488,Brain_Non-Myeloid_astrocyte,548,96.0,168,10_60296002_60296304,5903,Psap,0.5714285714285714
847392,7489,Brain_Non-Myeloid_astrocyte,548,186.0,282,10_60296002_60296304,5903,Psap,0.6595744680851063
847393,7490,Brain_Non-Myeloid_astrocyte,548,227.0,299,10_60296002_60296304,5903,Psap,0.7591973244147158
847394,7491,Brain_Non-Myeloid_astrocyte,548,44.0,46,10_60296002_60296304,5903,Psap,0.9565217391304348
847395,7492,Brain_Non-Myeloid_astrocyte,548,31.0,62,10_60296002_60296304,5903,Psap,0.5
847396,7493,Brain_Non-Myeloid_astrocyte,548,297.0,364,10_60296002_60296304,5903,Psap,0.8159340659340659
847397,7494,Brain_Non-Myeloid_astrocyte,548,5.0,5,10_60296002_60296304,5903,Psap,1.0
847398,7495,Brain_Non-Myeloid_astrocyte,548,43.0,44,10_60296002_60296304,5903,Psap,0.9772727272727273
847399,7496,Brain_Non-Myeloid_astrocyte,548,98.0,133,10_60296002_60296304,5903,Psap,0.7368421052631579
847400,7497,Brain_Non-Myeloid_astrocyte,548,37.0,39,10_60296002_60296304,5903,Psap,0.9487179487179487
847401,7498,Brain_Non-Myeloid_astrocyte,548,125.0,128,10_60296002_60296304,5903,Psap,0.9765625
847402,7500,Brain_Non-Myeloid_astrocyte,548,119.0,136,10_60296002_60296304,5903,Psap,0.875
847403,7502,Brain_Non-Myeloid_astrocyte,548,364.0,367,10_60296002_60296304,5903,Psap,0.9918256130790191
847404,7503,Brain_Non-Myeloid_astrocyte,548,48.0,79,10_60296002_60296304,5903,Psap,0.6075949367088608
847405,7504,Brain_Non-Myeloid_astrocyte,548,40.0,46,10_60296002_60296304,5903,Psap,0.8695652173913043
847406,7505,Brain_Non-Myeloid_astrocyte,548,44.0,46,10_60296002_60296304,5903,Psap,0.9565217391304348
847407,7506,Brain_Non-Myeloid_astrocyte,548,3.0,5,10_60296002_60296304,5903,Psap,0.6
847408,7507,Brain_Non-Myeloid_astrocyte,548,423.0,439,10_60296002_60296304,5903,Psap,0.9635535307517085
847409,7508,Brain_Non-Myeloid_astrocyte,548,106.0,149,10_60296002_60296304,5903,Psap,0.7114093959731543
847410,7509,Brain_Non-Myeloid_astrocyte,548,30.0,31,10_60296002_60296304,5903,Psap,0.967741935483871
847411,7511,Brain_Non-Myeloid_astrocyte,548,6.0,51,10_60296002_60296304,5903,Psap,0.11764705882352941
847412,7512,Brain_Non-Myeloid_astrocyte,548,3.0,3,10_60296002_60296304,5903,Psap,1.0
847413,7514,Brain_Non-Myeloid_astrocyte,548,21.0,22,10_60296002_60296304,5903,Psap,0.9545454545454546
847414,7515,Brain_Non-Myeloid_astrocyte,548,130.0,143,10_60296002_60296304,5903,Psap,0.9090909090909091
847415,7516,Brain_Non-Myeloid_astrocyte,548,128.0,145,10_60296002_60296304,5903,Psap,0.8827586206896552
847416,7517,Brain_Non-Myeloid_astrocyte,548,27.0,46,10_60296002_60296304,5903,Psap,0.5869565217391305
847417,7518,Brain_Non-Myeloid_astrocyte,548,46.0,46,10_60296002_60296304,5903,Psap,1.0
847418,7519,Brain_Non-Myeloid_astrocyte,548,3.0,209,10_60296002_60296304,5903,Psap,0.014354066985645933
847419,7520,Brain_Non-Myeloid_astrocyte,548,128.0,140,10_60296002_60296304,5903,Psap,0.9142857142857143
847420,7521,Brain_Non-Myeloid_astrocyte,548,351.0,356,10_60296002_60296304,5903,Psap,0.9859550561797753
847421,7522,Brain_Non-Myeloid_astrocyte,548,94.0,128,10_60296002_60296304,5903,Psap,0.734375
847422,7523,Brain_Non-Myeloid_astrocyte,548,11.0,11,10_60296002_60296304,5903,Psap,1.0
847423,7524,Brain_Non-Myeloid_astrocyte,548,232.0,239,10_60296002_60296304,5903,Psap,0.9707112970711297
847424,7525,Brain_Non-Myeloid_astrocyte,548,14.0,14,10_60296002_60296304,5903,Psap,1.0
847425,7526,Brain_Non-Myeloid_astrocyte,548,104.0,121,10_60296002_60296304,5903,Psap,0.859504132231405
847426,7527,Brain_Non-Myeloid_astrocyte,548,518.0,609,10_60296002_60296304,5903,Psap,0.8505747126436781
847427,7528,Brain_Non-Myeloid_astrocyte,548,131.0,135,10_60296002_60296304,5903,Psap,0.9703703703703703
847428,7529,Brain_Non-Myeloid_astrocyte,548,4.0,23,10_60296002_60296304,5903,Psap,0.17391304347826086
847429,7530,Brain_Non-Myeloid_astrocyte,548,41.0,98,10_60296002_60296304,5903,Psap,0.41836734693877553
847430,7531,Brain_Non-Myeloid_astrocyte,548,82.0,130,10_60296002_60296304,5903,Psap,0.6307692307692307
847431,7532,Brain_Non-Myeloid_astrocyte,548,109.0,113,10_60296002_60296304,5903,Psap,0.9646017699115044
847432,7533,Brain_Non-Myeloid_astrocyte,548,24.0,24,10_60296002_60296304,5903,Psap,1.0
847433,7534,Brain_Non-Myeloid_astrocyte,548,67.0,68,10_60296002_60296304,5903,Psap,0.9852941176470589
847434,7535,Brain_Non-Myeloid_astrocyte,548,4.0,267,10_60296002_60296304,5903,Psap,0.0149812734082397
847435,7536,Brain_Non-Myeloid_astrocyte,548,285.0,310,10_60296002_60296304,5903,Psap,0.9193548387096774
847436,7537,Brain_Non-Myeloid_astrocyte,548,323.0,334,10_60296002_60296304,5903,Psap,0.9670658682634731
847437,7538,Brain_Non-Myeloid_astrocyte,548,109.0,128,10_60296002_60296304,5903,Psap,0.8515625
847438,7539,Brain_Non-Myeloid_astrocyte,548,417.0,696,10_60296002_60296304,5903,Psap,0.5991379310344828
847439,7540,Brain_Non-Myeloid_astrocyte,548,2.0,2,10_60296002_60296304,5903,Psap,1.0
847440,7541,Brain_Non-Myeloid_astrocyte,548,80.0,85,10_60296002_60296304,5903,Psap,0.9411764705882353
847441,7542,Brain_Non-Myeloid_astrocyte,548,63.0,133,10_60296002_60296304,5903,Psap,0.47368421052631576
847442,7543,Brain_Non-Myeloid_astrocyte,548,169.0,174,10_60296002_60296304,5903,Psap,0.9712643678160919
847443,7544,Brain_Non-Myeloid_astrocyte,548,166.0,205,10_60296002_60296304,5903,Psap,0.8097560975609757
847444,7545,Brain_Non-Myeloid_astrocyte,548,55.0,69,10_60296002_60296304,5903,Psap,0.7971014492753623
847445,7547,Brain_Non-Myeloid_astrocyte,548,12.0,12,10_60296002_60296304,5903,Psap,1.0
847446,7548,Brain_Non-Myeloid_astrocyte,548,103.0,106,10_60296002_60296304,5903,Psap,0.9716981132075472
847447,7549,Brain_Non-Myeloid_astrocyte,548,156.0,162,10_60296002_60296304,5903,Psap,0.9629629629629629
847448,7550,Brain_Non-Myeloid_astrocyte,548,153.0,155,10_60296002_60296304,5903,Psap,0.9870967741935484
847449,7551,Brain_Non-Myeloid_astrocyte,548,223.0,253,10_60296002_60296304,5903,Psap,0.8814229249011858
847450,7552,Brain_Non-Myeloid_astrocyte,548,246.0,252,10_60296002_60296304,5903,Psap,0.9761904761904762
847451,7553,Brain_Non-Myeloid_astrocyte,548,175.0,181,10_60296002_60296304,5903,Psap,0.9668508287292817
847452,7554,Brain_Non-Myeloid_astrocyte,548,558.0,575,10_60296002_60296304,5903,Psap,0.9704347826086956
847453,7555,Brain_Non-Myeloid_astrocyte,548,106.0,163,10_60296002_60296304,5903,Psap,0.6503067484662577
847454,7556,Brain_Non-Myeloid_astrocyte,548,210.0,291,10_60296002_60296304,5903,Psap,0.7216494845360825
847455,7557,Brain_Non-Myeloid_astrocyte,548,48.0,62,10_60296002_60296304,5903,Psap,0.7741935483870968
847456,7558,Brain_Non-Myeloid_astrocyte,548,143.0,522,10_60296002_60296304,5903,Psap,0.2739463601532567
847457,7560,Brain_Non-Myeloid_astrocyte,548,125.0,127,10_60296002_60296304,5903,Psap,0.984251968503937
847458,7561,Brain_Non-Myeloid_astrocyte,548,90.0,114,10_60296002_60296304,5903,Psap,0.7894736842105263
847459,7562,Brain_Non-Myeloid_astrocyte,548,134.0,139,10_60296002_60296304,5903,Psap,0.9640287769784173
847460,7563,Brain_Non-Myeloid_astrocyte,548,22.0,22,10_60296002_60296304,5903,Psap,1.0
847461,7564,Brain_Non-Myeloid_astrocyte,548,587.0,625,10_60296002_60296304,5903,Psap,0.9392
847462,7565,Brain_Non-Myeloid_astrocyte,548,17.0,18,10_60296002_60296304,5903,Psap,0.9444444444444444
847463,7566,Brain_Non-Myeloid_astrocyte,548,100.0,130,10_60296002_60296304,5903,Psap,0.7692307692307693
847464,7567,Brain_Non-Myeloid_astrocyte,548,77.0,135,10_60296002_60296304,5903,Psap,0.5703703703703704
847465,7568,Brain_Non-Myeloid_astrocyte,548,424.0,444,10_60296002_60296304,5903,Psap,0.954954954954955
847466,7569,Brain_Non-Myeloid_astrocyte,548,326.0,335,10_60296002_60296304,5903,Psap,0.9731343283582089
847467,7570,Brain_Non-Myeloid_astrocyte,548,175.0,377,10_60296002_60296304,5903,Psap,0.46419098143236076
847468,7571,Brain_Non-Myeloid_astrocyte,548,5.0,6,10_60296002_60296304,5903,Psap,0.8333333333333334
847469,7572,Brain_Non-Myeloid_astrocyte,548,354.0,366,10_60296002_60296304,5903,Psap,0.9672131147540983
847470,7573,Brain_Non-Myeloid_astrocyte,548,145.0,186,10_60296002_60296304,5903,Psap,0.7795698924731183
847471,7574,Brain_Non-Myeloid_astrocyte,548,41.0,122,10_60296002_60296304,5903,Psap,0.3360655737704918
847472,7575,Brain_Non-Myeloid_astrocyte,548,684.0,749,10_60296002_60296304,5903,Psap,0.9132176234979973
847473,7576,Brain_Non-Myeloid_astrocyte,548,58.0,60,10_60296002_60296304,5903,Psap,0.9666666666666667
847474,7577,Brain_Non-Myeloid_astrocyte,548,141.0,145,10_60296002_60296304,5903,Psap,0.9724137931034482
847475,7579,Brain_Non-Myeloid_astrocyte,548,88.0,182,10_60296002_60296304,5903,Psap,0.4835164835164835
847476,7582,Brain_Non-Myeloid_astrocyte,548,40.0,42,10_60296002_60296304,5903,Psap,0.9523809523809523
847477,7583,Brain_Non-Myeloid_astrocyte,548,269.0,329,10_60296002_60296304,5903,Psap,0.817629179331307
847478,7584,Brain_Non-Myeloid_astrocyte,548,90.0,106,10_60296002_60296304,5903,Psap,0.8490566037735849
847479,7585,Brain_Non-Myeloid_astrocyte,548,64.0,290,10_60296002_60296304,5903,Psap,0.2206896551724138
847480,7586,Brain_Non-Myeloid_astrocyte,548,309.0,371,10_60296002_60296304,5903,Psap,0.8328840970350404
847481,7587,Brain_Non-Myeloid_astrocyte,548,229.0,239,10_60296002_60296304,5903,Psap,0.9581589958158996
847482,7589,Brain_Non-Myeloid_astrocyte,548,12.0,12,10_60296002_60296304,5903,Psap,1.0
847483,7590,Brain_Non-Myeloid_astrocyte,548,22.0,22,10_60296002_60296304,5903,Psap,1.0
847484,7592,Brain_Non-Myeloid_astrocyte,548,53.0,74,10_60296002_60296304,5903,Psap,0.7162162162162162
847485,7593,Brain_Non-Myeloid_astrocyte,548,24.0,26,10_60296002_60296304,5903,Psap,0.9230769230769231
847486,7595,Brain_Non-Myeloid_astrocyte,548,253.0,312,10_60296002_60296304,5903,Psap,0.8108974358974359
847487,7596,Brain_Non-Myeloid_astrocyte,548,31.0,46,10_60296002_60296304,5903,Psap,0.6739130434782609
847488,7597,Brain_Non-Myeloid_astrocyte,548,276.0,393,10_60296002_60296304,5903,Psap,0.7022900763358778
847489,7599,Brain_Non-Myeloid_astrocyte,548,230.0,252,10_60296002_60296304,5903,Psap,0.9126984126984127
847490,7600,Brain_Non-Myeloid_astrocyte,548,147.0,177,10_60296002_60296304,5903,Psap,0.8305084745762712
847491,7601,Brain_Non-Myeloid_astrocyte,548,378.0,500,10_60296002_60296304,5903,Psap,0.756
847492,7602,Brain_Non-Myeloid_astrocyte,548,19.0,21,10_60296002_60296304,5903,Psap,0.9047619047619048
847493,7603,Brain_Non-Myeloid_astrocyte,548,128.0,167,10_60296002_60296304,5903,Psap,0.7664670658682635
847494,7604,Brain_Non-Myeloid_astrocyte,548,100.0,107,10_60296002_60296304,5903,Psap,0.9345794392523364
847495,7605,Brain_Non-Myeloid_astrocyte,548,64.0,67,10_60296002_60296304,5903,Psap,0.9552238805970149
847496,7606,Brain_Non-Myeloid_astrocyte,548,4.0,7,10_60296002_60296304,5903,Psap,0.5714285714285714
847497,7607,Brain_Non-Myeloid_astrocyte,548,73.0,75,10_60296002_60296304,5903,Psap,0.9733333333333334
847498,7608,Brain_Non-Myeloid_astrocyte,548,50.0,51,10_60296002_60296304,5903,Psap,0.9803921568627451
847499,7609,Brain_Non-Myeloid_astrocyte,548,16.0,22,10_60296002_60296304,5903,Psap,0.7272727272727273
847500,7610,Brain_Non-Myeloid_astrocyte,548,60.0,64,10_60296002_60296304,5903,Psap,0.9375
847501,7611,Brain_Non-Myeloid_astrocyte,548,35.0,36,10_60296002_60296304,5903,Psap,0.9722222222222222
847502,7612,Brain_Non-Myeloid_astrocyte,548,117.0,189,10_60296002_60296304,5903,Psap,0.6190476190476191
847503,7613,Brain_Non-Myeloid_astrocyte,548,1316.0,1535,10_60296002_60296304,5903,Psap,0.857328990228013
847504,7614,Brain_Non-Myeloid_astrocyte,548,16.0,20,10_60296002_60296304,5903,Psap,0.8
847505,7615,Brain_Non-Myeloid_astrocyte,548,179.0,247,10_60296002_60296304,5903,Psap,0.7246963562753036
847506,7616,Brain_Non-Myeloid_astrocyte,548,3.0,3,10_60296002_60296304,5903,Psap,1.0
847507,7617,Brain_Non-Myeloid_astrocyte,548,55.0,97,10_60296002_60296304,5903,Psap,0.5670103092783505
847508,7618,Brain_Non-Myeloid_astrocyte,548,61.0,63,10_60296002_60296304,5903,Psap,0.9682539682539683
847509,7619,Brain_Non-Myeloid_astrocyte,548,865.0,897,10_60296002_60296304,5903,Psap,0.9643255295429208
847510,7620,Brain_Non-Myeloid_astrocyte,548,6.0,609,10_60296002_60296304,5903,Psap,0.009852216748768473
847511,7621,Brain_Non-Myeloid_astrocyte,548,71.0,73,10_60296002_60296304,5903,Psap,0.9726027397260274
847512,7622,Brain_Non-Myeloid_astrocyte,548,126.0,198,10_60296002_60296304,5903,Psap,0.6363636363636364
847513,7623,Brain_Non-Myeloid_astrocyte,548,12.0,12,10_60296002_60296304,5903,Psap,1.0
847514,7625,Brain_Non-Myeloid_astrocyte,548,29.0,71,10_60296002_60296304,5903,Psap,0.4084507042253521
847515,7626,Brain_Non-Myeloid_astrocyte,548,31.0,32,10_60296002_60296304,5903,Psap,0.96875
847516,7628,Brain_Non-Myeloid_astrocyte,548,501.0,520,10_60296002_60296304,5903,Psap,0.9634615384615385
847517,7629,Brain_Non-Myeloid_astrocyte,548,20.0,42,10_60296002_60296304,5903,Psap,0.47619047619047616
847518,7630,Brain_Non-Myeloid_astrocyte,548,62.0,72,10_60296002_60296304,5903,Psap,0.8611111111111112
847519,7631,Brain_Non-Myeloid_astrocyte,548,2323.0,2382,10_60296002_60296304,5903,Psap,0.9752308984047019
847520,7632,Brain_Non-Myeloid_astrocyte,548,32.0,33,10_60296002_60296304,5903,Psap,0.9696969696969697
847521,7634,Brain_Non-Myeloid_astrocyte,548,795.0,879,10_60296002_60296304,5903,Psap,0.9044368600682594
847522,7635,Brain_Non-Myeloid_astrocyte,548,15.0,19,10_60296002_60296304,5903,Psap,0.7894736842105263
847523,7636,Brain_Non-Myeloid_astrocyte,548,116.0,120,10_60296002_60296304,5903,Psap,0.9666666666666667
847524,7637,Brain_Non-Myeloid_astrocyte,548,272.0,603,10_60296002_60296304,5903,Psap,0.45107794361525705
847525,7638,Brain_Non-Myeloid_astrocyte,548,17.0,17,10_60296002_60296304,5903,Psap,1.0
847526,7639,Brain_Non-Myeloid_astrocyte,548,82.0,86,10_60296002_60296304,5903,Psap,0.9534883720930233
847527,7640,Brain_Non-Myeloid_astrocyte,548,39.0,113,10_60296002_60296304,5903,Psap,0.34513274336283184
847528,7642,Brain_Non-Myeloid_astrocyte,548,104.0,142,10_60296002_60296304,5903,Psap,0.7323943661971831
847529,7643,Brain_Non-Myeloid_astrocyte,548,1090.0,1139,10_60296002_60296304,5903,Psap,0.9569798068481123
847530,7644,Brain_Non-Myeloid_astrocyte,548,184.0,187,10_60296002_60296304,5903,Psap,0.983957219251337
847531,7645,Brain_Non-Myeloid_astrocyte,548,1780.0,2315,10_60296002_60296304,5903,Psap,0.7688984881209503
847532,7647,Brain_Non-Myeloid_astrocyte,548,887.0,917,10_60296002_60296304,5903,Psap,0.9672846237731734
847533,7648,Brain_Non-Myeloid_astrocyte,548,657.0,671,10_60296002_60296304,5903,Psap,0.9791356184798807
847534,7649,Brain_Non-Myeloid_astrocyte,548,52.0,52,10_60296002_60296304,5903,Psap,1.0
847535,7650,Brain_Non-Myeloid_astrocyte,548,126.0,165,10_60296002_60296304,5903,Psap,0.7636363636363637
847536,7651,Brain_Non-Myeloid_astrocyte,548,46.0,55,10_60296002_60296304,5903,Psap,0.8363636363636363
847537,7652,Brain_Non-Myeloid_astrocyte,548,35.0,72,10_60296002_60296304,5903,Psap,0.4861111111111111
847538,7653,Brain_Non-Myeloid_astrocyte,548,42.0,42,10_60296002_60296304,5903,Psap,1.0
847539,7654,Brain_Non-Myeloid_astrocyte,548,925.0,946,10_60296002_60296304,5903,Psap,0.9778012684989429
847540,7656,Brain_Non-Myeloid_astrocyte,548,56.0,65,10_60296002_60296304,5903,Psap,0.8615384615384616
847541,7657,Brain_Non-Myeloid_astrocyte,548,664.0,840,10_60296002_60296304,5903,Psap,0.7904761904761904
847542,7658,Brain_Non-Myeloid_astrocyte,548,61.0,62,10_60296002_60296304,5903,Psap,0.9838709677419355
847543,7659,Brain_Non-Myeloid_astrocyte,548,7.0,8,10_60296002_60296304,5903,Psap,0.875
847544,7660,Brain_Non-Myeloid_astrocyte,548,70.0,504,10_60296002_60296304,5903,Psap,0.1388888888888889
847545,7661,Brain_Non-Myeloid_astrocyte,548,18.0,18,10_60296002_60296304,5903,Psap,1.0
847546,7662,Brain_Non-Myeloid_astrocyte,548,159.0,219,10_60296002_60296304,5903,Psap,0.726027397260274
847547,7663,Brain_Non-Myeloid_astrocyte,548,65.0,66,10_60296002_60296304,5903,Psap,0.9848484848484849
847548,7664,Brain_Non-Myeloid_astrocyte,548,88.0,93,10_60296002_60296304,5903,Psap,0.946236559139785
847549,7666,Brain_Non-Myeloid_astrocyte,548,77.0,178,10_60296002_60296304,5903,Psap,0.43258426966292135
847550,7667,Brain_Non-Myeloid_astrocyte,548,4.0,4,10_60296002_60296304,5903,Psap,1.0
847551,7669,Brain_Non-Myeloid_astrocyte,548,134.0,311,10_60296002_60296304,5903,Psap,0.43086816720257237
847552,7670,Brain_Non-Myeloid_astrocyte,548,22.0,35,10_60296002_60296304,5903,Psap,0.6285714285714286
847553,7671,Brain_Non-Myeloid_astrocyte,548,127.0,174,10_60296002_60296304,5903,Psap,0.7298850574712644
847554,7672,Brain_Non-Myeloid_astrocyte,548,24.0,28,10_60296002_60296304,5903,Psap,0.8571428571428571
847555,7673,Brain_Non-Myeloid_astrocyte,548,27.0,34,10_60296002_60296304,5903,Psap,0.7941176470588235
847556,7674,Brain_Non-Myeloid_astrocyte,548,49.0,61,10_60296002_60296304,5903,Psap,0.8032786885245902
847557,7675,Brain_Non-Myeloid_astrocyte,548,108.0,154,10_60296002_60296304,5903,Psap,0.7012987012987013
847558,7676,Brain_Non-Myeloid_astrocyte,548,185.0,187,10_60296002_60296304,5903,Psap,0.9893048128342246
847559,7677,Brain_Non-Myeloid_astrocyte,548,24.0,31,10_60296002_60296304,5903,Psap,0.7741935483870968
847560,7678,Brain_Non-Myeloid_astrocyte,548,122.0,126,10_60296002_60296304,5903,Psap,0.9682539682539683
847561,7679,Brain_Non-Myeloid_astrocyte,548,848.0,901,10_60296002_60296304,5903,Psap,0.9411764705882353
847562,7680,Brain_Non-Myeloid_astrocyte,548,2.0,7,10_60296002_60296304,5903,Psap,0.2857142857142857
847563,7681,Brain_Non-Myeloid_astrocyte,548,6221.0,6881,10_60296002_60296304,5903,Psap,0.9040837087632612
847564,7682,Brain_Non-Myeloid_astrocyte,548,509.0,607,10_60296002_60296304,5903,Psap,0.8385502471169687
847565,7683,Brain_Non-Myeloid_astrocyte,548,194.0,196,10_60296002_60296304,5903,Psap,0.9897959183673469
847566,7684,Brain_Non-Myeloid_astrocyte,548,106.0,165,10_60296002_60296304,5903,Psap,0.6424242424242425
847567,7685,Brain_Non-Myeloid_astrocyte,548,63.0,64,10_60296002_60296304,5903,Psap,0.984375
847568,7686,Brain_Non-Myeloid_astrocyte,548,30.0,30,10_60296002_60296304,5903,Psap,1.0
847569,7687,Brain_Non-Myeloid_astrocyte,548,55.0,57,10_60296002_60296304,5903,Psap,0.9649122807017544
847570,7688,Brain_Non-Myeloid_astrocyte,548,108.0,108,10_60296002_60296304,5903,Psap,1.0
847571,7689,Brain_Non-Myeloid_astrocyte,548,628.0,754,10_60296002_60296304,5903,Psap,0.8328912466843501
847572,7690,Brain_Non-Myeloid_astrocyte,548,737.0,899,10_60296002_60296304,5903,Psap,0.8197997775305895
847573,7691,Brain_Non-Myeloid_astrocyte,548,50.0,50,10_60296002_60296304,5903,Psap,1.0
847574,7692,Brain_Non-Myeloid_astrocyte,548,142.0,221,10_60296002_60296304,5903,Psap,0.6425339366515838
847575,7693,Brain_Non-Myeloid_astrocyte,548,34.0,35,10_60296002_60296304,5903,Psap,0.9714285714285714
847576,7694,Brain_Non-Myeloid_astrocyte,548,256.0,266,10_60296002_60296304,5903,Psap,0.9624060150375939
847577,7696,Brain_Non-Myeloid_astrocyte,548,168.0,172,10_60296002_60296304,5903,Psap,0.9767441860465116
847578,7697,Brain_Non-Myeloid_astrocyte,548,37.0,38,10_60296002_60296304,5903,Psap,0.9736842105263158
847579,7698,Brain_Non-Myeloid_astrocyte,548,15.0,17,10_60296002_60296304,5903,Psap,0.8823529411764706
847580,7699,Brain_Non-Myeloid_astrocyte,548,37.0,455,10_60296002_60296304,5903,Psap,0.08131868131868132
847581,7700,Brain_Non-Myeloid_astrocyte,548,153.0,161,10_60296002_60296304,5903,Psap,0.9503105590062112
847582,7701,Brain_Non-Myeloid_astrocyte,548,125.0,137,10_60296002_60296304,5903,Psap,0.9124087591240876
847583,7702,Brain_Non-Myeloid_astrocyte,548,291.0,303,10_60296002_60296304,5903,Psap,0.9603960396039604
847584,7703,Brain_Non-Myeloid_astrocyte,548,8.0,9,10_60296002_60296304,5903,Psap,0.8888888888888888
847585,7704,Brain_Non-Myeloid_astrocyte,548,57.0,60,10_60296002_60296304,5903,Psap,0.95
847586,7706,Brain_Non-Myeloid_astrocyte,548,208.0,213,10_60296002_60296304,5903,Psap,0.9765258215962441
847587,7708,Brain_Non-Myeloid_astrocyte,548,36.0,58,10_60296002_60296304,5903,Psap,0.6206896551724138
847588,7709,Brain_Non-Myeloid_astrocyte,548,26.0,26,10_60296002_60296304,5903,Psap,1.0
847589,7710,Brain_Non-Myeloid_astrocyte,548,30.0,30,10_60296002_60296304,5903,Psap,1.0
847590,7711,Brain_Non-Myeloid_astrocyte,548,149.0,174,10_60296002_60296304,5903,Psap,0.8563218390804598
847591,7712,Brain_Non-Myeloid_astrocyte,548,23.0,23,10_60296002_60296304,5903,Psap,1.0
847592,7713,Brain_Non-Myeloid_astrocyte,548,7.0,7,10_60296002_60296304,5903,Psap,1.0
847593,7714,Brain_Non-Myeloid_astrocyte,548,43.0,56,10_60296002_60296304,5903,Psap,0.7678571428571429
847594,7715,Brain_Non-Myeloid_astrocyte,548,113.0,129,10_60296002_60296304,5903,Psap,0.875968992248062
847595,7717,Brain_Non-Myeloid_astrocyte,548,116.0,124,10_60296002_60296304,5903,Psap,0.9354838709677419
847596,7718,Brain_Non-Myeloid_astrocyte,548,83.0,91,10_60296002_60296304,5903,Psap,0.9120879120879121
847597,7719,Brain_Non-Myeloid_astrocyte,548,6.0,6,10_60296002_60296304,5903,Psap,1.0
847598,7720,Brain_Non-Myeloid_astrocyte,548,118.0,131,10_60296002_60296304,5903,Psap,0.9007633587786259
847599,7721,Brain_Non-Myeloid_astrocyte,548,74.0,82,10_60296002_60296304,5903,Psap,0.9024390243902439
847600,7722,Brain_Non-Myeloid_astrocyte,548,76.0,87,10_60296002_60296304,5903,Psap,0.8735632183908046
847601,7723,Brain_Non-Myeloid_astrocyte,548,4.0,10,10_60296002_60296304,5903,Psap,0.4
847602,7724,Brain_Non-Myeloid_astrocyte,548,20.0,136,10_60296002_60296304,5903,Psap,0.14705882352941177
847603,7725,Brain_Non-Myeloid_astrocyte,548,152.0,161,10_60296002_60296304,5903,Psap,0.9440993788819876
847604,7726,Brain_Non-Myeloid_astrocyte,548,122.0,156,10_60296002_60296304,5903,Psap,0.782051282051282
847605,7727,Brain_Non-Myeloid_astrocyte,548,43.0,43,10_60296002_60296304,5903,Psap,1.0
847606,7728,Brain_Non-Myeloid_astrocyte,548,104.0,107,10_60296002_60296304,5903,Psap,0.9719626168224299
847607,7731,Brain_Non-Myeloid_astrocyte,548,60.0,98,10_60296002_60296304,5903,Psap,0.6122448979591837
847608,7733,Brain_Non-Myeloid_astrocyte,548,58.0,60,10_60296002_60296304,5903,Psap,0.9666666666666667
847609,7734,Brain_Non-Myeloid_astrocyte,548,342.0,368,10_60296002_60296304,5903,Psap,0.9293478260869565
847610,7735,Brain_Non-Myeloid_astrocyte,548,79.0,85,10_60296002_60296304,5903,Psap,0.9294117647058824
847611,7736,Brain_Non-Myeloid_astrocyte,548,1571.0,2300,10_60296002_60296304,5903,Psap,0.6830434782608695
847612,7737,Brain_Non-Myeloid_astrocyte,548,334.0,345,10_60296002_60296304,5903,Psap,0.9681159420289855
847613,7738,Brain_Non-Myeloid_astrocyte,548,132.0,164,10_60296002_60296304,5903,Psap,0.8048780487804879
847614,7740,Brain_Non-Myeloid_astrocyte,548,198.0,207,10_60296002_60296304,5903,Psap,0.9565217391304348
847615,7741,Brain_Non-Myeloid_astrocyte,548,60.0,68,10_60296002_60296304,5903,Psap,0.8823529411764706
847616,7742,Brain_Non-Myeloid_astrocyte,548,29.0,31,10_60296002_60296304,5903,Psap,0.9354838709677419
847617,7743,Brain_Non-Myeloid_astrocyte,548,15.0,27,10_60296002_60296304,5903,Psap,0.5555555555555556
847618,7746,Brain_Non-Myeloid_astrocyte,548,148.0,209,10_60296002_60296304,5903,Psap,0.7081339712918661
847619,7747,Brain_Non-Myeloid_astrocyte,548,17.0,17,10_60296002_60296304,5903,Psap,1.0
847620,7748,Brain_Non-Myeloid_astrocyte,548,15.0,30,10_60296002_60296304,5903,Psap,0.5
847621,7749,Brain_Non-Myeloid_astrocyte,548,155.0,161,10_60296002_60296304,5903,Psap,0.9627329192546584
847622,7750,Brain_Non-Myeloid_astrocyte,548,1.0,39,10_60296002_60296304,5903,Psap,0.02564102564102564
847623,7751,Brain_Non-Myeloid_astrocyte,548,21.0,21,10_60296002_60296304,5903,Psap,1.0
847624,7752,Brain_Non-Myeloid_astrocyte,548,31.0,32,10_60296002_60296304,5903,Psap,0.96875
847625,7754,Brain_Non-Myeloid_astrocyte,548,96.0,101,10_60296002_60296304,5903,Psap,0.9504950495049505
847626,7756,Brain_Non-Myeloid_astrocyte,548,29.0,30,10_60296002_60296304,5903,Psap,0.9666666666666667
847627,7757,Brain_Non-Myeloid_astrocyte,548,195.0,253,10_60296002_60296304,5903,Psap,0.7707509881422925
847628,7758,Brain_Non-Myeloid_astrocyte,548,40.0,57,10_60296002_60296304,5903,Psap,0.7017543859649122
847629,7759,Brain_Non-Myeloid_astrocyte,548,18.0,18,10_60296002_60296304,5903,Psap,1.0
847630,7760,Brain_Non-Myeloid_astrocyte,548,13.0,13,10_60296002_60296304,5903,Psap,1.0
847631,7761,Brain_Non-Myeloid_astrocyte,548,118.0,119,10_60296002_60296304,5903,Psap,0.9915966386554622
847632,7762,Brain_Non-Myeloid_astrocyte,548,39.0,40,10_60296002_60296304,5903,Psap,0.975
847633,7763,Brain_Non-Myeloid_astrocyte,548,84.0,104,10_60296002_60296304,5903,Psap,0.8076923076923077
847634,7764,Brain_Non-Myeloid_astrocyte,548,30.0,30,10_60296002_60296304,5903,Psap,1.0
847635,7765,Brain_Non-Myeloid_astrocyte,548,640.0,678,10_60296002_60296304,5903,Psap,0.943952802359882
847636,7766,Brain_Non-Myeloid_astrocyte,548,6.0,6,10_60296002_60296304,5903,Psap,1.0
847637,7767,Brain_Non-Myeloid_astrocyte,548,11.0,11,10_60296002_60296304,5903,Psap,1.0
847638,7768,Brain_Non-Myeloid_astrocyte,548,196.0,272,10_60296002_60296304,5903,Psap,0.7205882352941176
847639,7769,Brain_Non-Myeloid_astrocyte,548,125.0,191,10_60296002_60296304,5903,Psap,0.6544502617801047
847640,7770,Brain_Non-Myeloid_astrocyte,548,63.0,72,10_60296002_60296304,5903,Psap,0.875
847641,7772,Brain_Non-Myeloid_astrocyte,548,16.0,17,10_60296002_60296304,5903,Psap,0.9411764705882353
847642,7773,Brain_Non-Myeloid_astrocyte,548,332.0,337,10_60296002_60296304,5903,Psap,0.9851632047477745
847643,7774,Brain_Non-Myeloid_astrocyte,548,148.0,270,10_60296002_60296304,5903,Psap,0.5481481481481482
847644,7776,Brain_Non-Myeloid_astrocyte,548,83.0,105,10_60296002_60296304,5903,Psap,0.7904761904761904
847645,7778,Brain_Non-Myeloid_astrocyte,548,118.0,129,10_60296002_60296304,5903,Psap,0.9147286821705426
847646,7779,Brain_Non-Myeloid_astrocyte,548,29.0,35,10_60296002_60296304,5903,Psap,0.8285714285714286
847647,7780,Brain_Non-Myeloid_astrocyte,548,3.0,3,10_60296002_60296304,5903,Psap,1.0
847648,7782,Brain_Non-Myeloid_astrocyte,548,156.0,164,10_60296002_60296304,5903,Psap,0.9512195121951219
847649,7783,Brain_Non-Myeloid_astrocyte,548,8.0,8,10_60296002_60296304,5903,Psap,1.0
847650,7784,Brain_Non-Myeloid_astrocyte,548,80.0,82,10_60296002_60296304,5903,Psap,0.975609756097561
847651,7785,Brain_Non-Myeloid_astrocyte,548,8.0,9,10_60296002_60296304,5903,Psap,0.8888888888888888
847652,7786,Brain_Non-Myeloid_astrocyte,548,32.0,32,10_60296002_60296304,5903,Psap,1.0
847653,7787,Brain_Non-Myeloid_astrocyte,548,131.0,132,10_60296002_60296304,5903,Psap,0.9924242424242424
847654,7788,Brain_Non-Myeloid_astrocyte,548,8.0,8,10_60296002_60296304,5903,Psap,1.0
847655,7789,Brain_Non-Myeloid_astrocyte,548,140.0,162,10_60296002_60296304,5903,Psap,0.8641975308641975
847656,7790,Brain_Non-Myeloid_astrocyte,548,27.0,30,10_60296002_60296304,5903,Psap,0.9
847657,7791,Brain_Non-Myeloid_astrocyte,548,123.0,132,10_60296002_60296304,5903,Psap,0.9318181818181818
847658,7792,Brain_Non-Myeloid_astrocyte,548,21.0,24,10_60296002_60296304,5903,Psap,0.875
847659,7794,Brain_Non-Myeloid_astrocyte,548,340.0,395,10_60296002_60296304,5903,Psap,0.8607594936708861
847660,7795,Brain_Non-Myeloid_astrocyte,548,167.0,187,10_60296002_60296304,5903,Psap,0.893048128342246
847661,7796,Brain_Non-Myeloid_astrocyte,548,77.0,80,10_60296002_60296304,5903,Psap,0.9625
847662,7797,Brain_Non-Myeloid_astrocyte,548,18.0,20,10_60296002_60296304,5903,Psap,0.9
847663,7798,Brain_Non-Myeloid_astrocyte,548,40.0,53,10_60296002_60296304,5903,Psap,0.7547169811320755
847664,7799,Brain_Non-Myeloid_astrocyte,548,65.0,66,10_60296002_60296304,5903,Psap,0.9848484848484849
847665,7800,Brain_Non-Myeloid_astrocyte,548,71.0,82,10_60296002_60296304,5903,Psap,0.8658536585365854
847666,7801,Brain_Non-Myeloid_astrocyte,548,25.0,27,10_60296002_60296304,5903,Psap,0.9259259259259259
847667,7802,Brain_Non-Myeloid_astrocyte,548,82.0,97,10_60296002_60296304,5903,Psap,0.845360824742268
847668,7803,Brain_Non-Myeloid_astrocyte,548,304.0,333,10_60296002_60296304,5903,Psap,0.9129129129129129
847669,7805,Brain_Non-Myeloid_astrocyte,548,37.0,49,10_60296002_60296304,5903,Psap,0.7551020408163265
847670,7806,Brain_Non-Myeloid_astrocyte,548,10.0,12,10_60296002_60296304,5903,Psap,0.8333333333333334
847671,7807,Brain_Non-Myeloid_astrocyte,548,1.0,1,10_60296002_60296304,5903,Psap,1.0
847672,7808,Brain_Non-Myeloid_astrocyte,548,18.0,28,10_60296002_60296304,5903,Psap,0.6428571428571429
847673,7809,Brain_Non-Myeloid_astrocyte,548,84.0,87,10_60296002_60296304,5903,Psap,0.9655172413793104
847674,7810,Brain_Non-Myeloid_astrocyte,548,27.0,29,10_60296002_60296304,5903,Psap,0.9310344827586207
847675,7811,Brain_Non-Myeloid_astrocyte,548,112.0,113,10_60296002_60296304,5903,Psap,0.9911504424778761
847676,7813,Brain_Non-Myeloid_astrocyte,548,22.0,23,10_60296002_60296304,5903,Psap,0.9565217391304348
847677,7814,Brain_Non-Myeloid_astrocyte,548,26.0,54,10_60296002_60296304,5903,Psap,0.48148148148148145
847678,9,Brain_Non-Myeloid_brain_pericyte,548,0.0,5,10_60296002_60296304,5903,Psap,0.0
847679,10,Brain_Non-Myeloid_brain_pericyte,548,0.0,14,10_60296002_60296304,5903,Psap,0.0
847680,21,Brain_Non-Myeloid_brain_pericyte,548,0.0,5,10_60296002_60296304,5903,Psap,0.0
847681,23,Brain_Non-Myeloid_brain_pericyte,548,0.0,5,10_60296002_60296304,5903,Psap,0.0
847682,26,Brain_Non-Myeloid_brain_pericyte,548,0.0,12,10_60296002_60296304,5903,Psap,0.0
847683,29,Brain_Non-Myeloid_brain_pericyte,548,0.0,8,10_60296002_60296304,5903,Psap,0.0
847684,32,Brain_Non-Myeloid_brain_pericyte,548,0.0,2,10_60296002_60296304,5903,Psap,0.0
847685,33,Brain_Non-Myeloid_brain_pericyte,548,0.0,44,10_60296002_60296304,5903,Psap,0.0
847686,34,Brain_Non-Myeloid_brain_pericyte,548,0.0,184,10_60296002_60296304,5903,Psap,0.0
847687,35,Brain_Non-Myeloid_brain_pericyte,548,0.0,2,10_60296002_60296304,5903,Psap,0.0
847688,42,Brain_Non-Myeloid_brain_pericyte,548,0.0,80,10_60296002_60296304,5903,Psap,0.0
847689,43,Brain_Non-Myeloid_brain_pericyte,548,0.0,1,10_60296002_60296304,5903,Psap,0.0
847690,44,Brain_Non-Myeloid_brain_pericyte,548,0.0,3,10_60296002_60296304,5903,Psap,0.0
847691,45,Brain_Non-Myeloid_brain_pericyte,548,0.0,63,10_60296002_60296304,5903,Psap,0.0
847692,50,Brain_Non-Myeloid_brain_pericyte,548,0.0,74,10_60296002_60296304,5903,Psap,0.0
847693,51,Brain_Non-Myeloid_brain_pericyte,548,0.0,35,10_60296002_60296304,5903,Psap,0.0
847694,52,Brain_Non-Myeloid_brain_pericyte,548,0.0,16,10_60296002_60296304,5903,Psap,0.0
847695,54,Brain_Non-Myeloid_brain_pericyte,548,0.0,320,10_60296002_60296304,5903,Psap,0.0
847696,57,Brain_Non-Myeloid_brain_pericyte,548,0.0,13,10_60296002_60296304,5903,Psap,0.0
847697,59,Brain_Non-Myeloid_brain_pericyte,548,0.0,41,10_60296002_60296304,5903,Psap,0.0
847698,62,Brain_Non-Myeloid_brain_pericyte,548,0.0,68,10_60296002_60296304,5903,Psap,0.0
847699,64,Brain_Non-Myeloid_brain_pericyte,548,0.0,3,10_60296002_60296304,5903,Psap,0.0
847700,73,Brain_Non-Myeloid_brain_pericyte,548,0.0,93,10_60296002_60296304,5903,Psap,0.0
847701,77,Brain_Non-Myeloid_brain_pericyte,548,0.0,121,10_60296002_60296304,5903,Psap,0.0
847702,78,Brain_Non-Myeloid_brain_pericyte,548,0.0,16,10_60296002_60296304,5903,Psap,0.0
847703,79,Brain_Non-Myeloid_brain_pericyte,548,0.0,35,10_60296002_60296304,5903,Psap,0.0
847704,86,Brain_Non-Myeloid_brain_pericyte,548,0.0,1,10_60296002_60296304,5903,Psap,0.0
847705,87,Brain_Non-Myeloid_brain_pericyte,548,0.0,21,10_60296002_60296304,5903,Psap,0.0
847706,97,Brain_Non-Myeloid_brain_pericyte,548,0.0,89,10_60296002_60296304,5903,Psap,0.0
847707,99,Brain_Non-Myeloid_brain_pericyte,548,0.0,19,10_60296002_60296304,5903,Psap,0.0
847708,100,Brain_Non-Myeloid_brain_pericyte,548,0.0,39,10_60296002_60296304,5903,Psap,0.0
847709,102,Brain_Non-Myeloid_brain_pericyte,548,0.0,150,10_60296002_60296304,5903,Psap,0.0
847710,104,Brain_Non-Myeloid_brain_pericyte,548,0.0,55,10_60296002_60296304,5903,Psap,0.0
847711,106,Brain_Non-Myeloid_brain_pericyte,548,0.0,5,10_60296002_60296304,5903,Psap,0.0
847712,107,Brain_Non-Myeloid_brain_pericyte,548,0.0,24,10_60296002_60296304,5903,Psap,0.0
847713,109,Brain_Non-Myeloid_brain_pericyte,548,0.0,14,10_60296002_60296304,5903,Psap,0.0
847714,110,Brain_Non-Myeloid_brain_pericyte,548,0.0,59,10_60296002_60296304,5903,Psap,0.0
847715,115,Brain_Non-Myeloid_brain_pericyte,548,0.0,39,10_60296002_60296304,5903,Psap,0.0
847716,116,Brain_Non-Myeloid_brain_pericyte,548,0.0,7,10_60296002_60296304,5903,Psap,0.0
847717,117,Brain_Non-Myeloid_brain_pericyte,548,0.0,85,10_60296002_60296304,5903,Psap,0.0
847718,127,Brain_Non-Myeloid_brain_pericyte,548,0.0,40,10_60296002_60296304,5903,Psap,0.0
847719,129,Brain_Non-Myeloid_brain_pericyte,548,0.0,89,10_60296002_60296304,5903,Psap,0.0
847720,132,Brain_Non-Myeloid_brain_pericyte,548,0.0,37,10_60296002_60296304,5903,Psap,0.0
847721,134,Brain_Non-Myeloid_brain_pericyte,548,0.0,28,10_60296002_60296304,5903,Psap,0.0
847722,135,Brain_Non-Myeloid_brain_pericyte,548,0.0,41,10_60296002_60296304,5903,Psap,0.0
847723,136,Brain_Non-Myeloid_brain_pericyte,548,0.0,63,10_60296002_60296304,5903,Psap,0.0
847724,141,Brain_Non-Myeloid_brain_pericyte,548,0.0,21,10_60296002_60296304,5903,Psap,0.0
847725,143,Brain_Non-Myeloid_brain_pericyte,548,0.0,11,10_60296002_60296304,5903,Psap,0.0
847726,144,Brain_Non-Myeloid_brain_pericyte,548,0.0,6,10_60296002_60296304,5903,Psap,0.0
847727,147,Brain_Non-Myeloid_brain_pericyte,548,0.0,38,10_60296002_60296304,5903,Psap,0.0
847728,153,Brain_Non-Myeloid_brain_pericyte,548,0.0,61,10_60296002_60296304,5903,Psap,0.0
847729,155,Brain_Non-Myeloid_brain_pericyte,548,0.0,41,10_60296002_60296304,5903,Psap,0.0
847730,195,Brain_Non-Myeloid_oligodendrocyte_precursor_cell,548,0.0,1,10_60296002_60296304,5903,Psap,0.0
847731,286,Brain_Non-Myeloid_oligodendrocyte_precursor_cell,548,0.0,49,10_60296002_60296304,5903,Psap,0.0
847732,304,Brain_Non-Myeloid_oligodendrocyte_precursor_cell,548,0.0,48,10_60296002_60296304,5903,Psap,0.0
847733,359,Brain_Non-Myeloid_endothelial_cell,548,0.0,19,10_60296002_60296304,5903,Psap,0.0
847734,360,Brain_Non-Myeloid_endothelial_cell,548,0.0,1,10_60296002_60296304,5903,Psap,0.0
847735,361,Brain_Non-Myeloid_endothelial_cell,548,0.0,13,10_60296002_60296304,5903,Psap,0.0
847736,362,Brain_Non-Myeloid_endothelial_cell,548,0.0,2,10_60296002_60296304,5903,Psap,0.0
847737,363,Brain_Non-Myeloid_endothelial_cell,548,0.0,9,10_60296002_60296304,5903,Psap,0.0
847738,364,Brain_Non-Myeloid_endothelial_cell,548,0.0,3,10_60296002_60296304,5903,Psap,0.0
847739,367,Brain_Non-Myeloid_endothelial_cell,548,0.0,28,10_60296002_60296304,5903,Psap,0.0
847740,368,Brain_Non-Myeloid_endothelial_cell,548,0.0,5,10_60296002_60296304,5903,Psap,0.0
847741,369,Brain_Non-Myeloid_endothelial_cell,548,0.0,164,10_60296002_60296304,5903,Psap,0.0
847742,370,Brain_Non-Myeloid_endothelial_cell,548,0.0,21,10_60296002_60296304,5903,Psap,0.0
847743,371,Brain_Non-Myeloid_endothelial_cell,548,0.0,3,10_60296002_60296304,5903,Psap,0.0
847744,372,Brain_Non-Myeloid_endothelial_cell,548,0.0,38,10_60296002_60296304,5903,Psap,0.0
847745,373,Brain_Non-Myeloid_endothelial_cell,548,0.0,22,10_60296002_60296304,5903,Psap,0.0
847746,374,Brain_Non-Myeloid_endothelial_cell,548,0.0,123,10_60296002_60296304,5903,Psap,0.0
847747,375,Brain_Non-Myeloid_endothelial_cell,548,0.0,86,10_60296002_60296304,5903,Psap,0.0
847748,376,Brain_Non-Myeloid_endothelial_cell,548,0.0,28,10_60296002_60296304,5903,Psap,0.0
847749,377,Brain_Non-Myeloid_endothelial_cell,548,0.0,52,10_60296002_60296304,5903,Psap,0.0
847750,379,Brain_Non-Myeloid_endothelial_cell,548,0.0,53,10_60296002_60296304,5903,Psap,0.0
847751,381,Brain_Non-Myeloid_endothelial_cell,548,0.0,6,10_60296002_60296304,5903,Psap,0.0
847752,382,Brain_Non-Myeloid_endothelial_cell,548,0.0,56,10_60296002_60296304,5903,Psap,0.0
847753,383,Brain_Non-Myeloid_endothelial_cell,548,0.0,1,10_60296002_60296304,5903,Psap,0.0
847754,384,Brain_Non-Myeloid_endothelial_cell,548,0.0,168,10_60296002_60296304,5903,Psap,0.0
847755,385,Brain_Non-Myeloid_endothelial_cell,548,0.0,26,10_60296002_60296304,5903,Psap,0.0
847756,386,Brain_Non-Myeloid_endothelial_cell,548,0.0,265,10_60296002_60296304,5903,Psap,0.0
847757,388,Brain_Non-Myeloid_endothelial_cell,548,0.0,308,10_60296002_60296304,5903,Psap,0.0
847758,389,Brain_Non-Myeloid_endothelial_cell,548,0.0,18,10_60296002_60296304,5903,Psap,0.0
847759,390,Brain_Non-Myeloid_endothelial_cell,548,0.0,259,10_60296002_60296304,5903,Psap,0.0
847760,392,Brain_Non-Myeloid_endothelial_cell,548,0.0,91,10_60296002_60296304,5903,Psap,0.0
847761,393,Brain_Non-Myeloid_endothelial_cell,548,0.0,30,10_60296002_60296304,5903,Psap,0.0
847762,394,Brain_Non-Myeloid_endothelial_cell,548,0.0,19,10_60296002_60296304,5903,Psap,0.0
847763,395,Brain_Non-Myeloid_endothelial_cell,548,0.0,108,10_60296002_60296304,5903,Psap,0.0
847764,396,Brain_Non-Myeloid_endothelial_cell,548,0.0,41,10_60296002_60296304,5903,Psap,0.0
847765,397,Brain_Non-Myeloid_endothelial_cell,548,0.0,88,10_60296002_60296304,5903,Psap,0.0
847766,398,Brain_Non-Myeloid_endothelial_cell,548,0.0,111,10_60296002_60296304,5903,Psap,0.0
847767,399,Brain_Non-Myeloid_endothelial_cell,548,0.0,217,10_60296002_60296304,5903,Psap,0.0
847768,400,Brain_Non-Myeloid_endothelial_cell,548,0.0,178,10_60296002_60296304,5903,Psap,0.0
847769,401,Brain_Non-Myeloid_endothelial_cell,548,0.0,210,10_60296002_60296304,5903,Psap,0.0
847770,402,Brain_Non-Myeloid_endothelial_cell,548,0.0,60,10_60296002_60296304,5903,Psap,0.0
847771,403,Brain_Non-Myeloid_endothelial_cell,548,0.0,46,10_60296002_60296304,5903,Psap,0.0
847772,404,Brain_Non-Myeloid_endothelial_cell,548,0.0,229,10_60296002_60296304,5903,Psap,0.0
847773,405,Brain_Non-Myeloid_endothelial_cell,548,0.0,672,10_60296002_60296304,5903,Psap,0.0
847774,406,Brain_Non-Myeloid_endothelial_cell,548,0.0,26,10_60296002_60296304,5903,Psap,0.0
847775,407,Brain_Non-Myeloid_endothelial_cell,548,0.0,21,10_60296002_60296304,5903,Psap,0.0
847776,408,Brain_Non-Myeloid_endothelial_cell,548,0.0,10,10_60296002_60296304,5903,Psap,0.0
847777,409,Brain_Non-Myeloid_endothelial_cell,548,0.0,7,10_60296002_60296304,5903,Psap,0.0
847778,410,Brain_Non-Myeloid_endothelial_cell,548,0.0,18,10_60296002_60296304,5903,Psap,0.0
847779,411,Brain_Non-Myeloid_endothelial_cell,548,0.0,1,10_60296002_60296304,5903,Psap,0.0
847780,412,Brain_Non-Myeloid_endothelial_cell,548,0.0,44,10_60296002_60296304,5903,Psap,0.0
847781,413,Brain_Non-Myeloid_endothelial_cell,548,0.0,38,10_60296002_60296304,5903,Psap,0.0
847782,414,Brain_Non-Myeloid_endothelial_cell,548,0.0,6,10_60296002_60296304,5903,Psap,0.0
847783,415,Brain_Non-Myeloid_endothelial_cell,548,0.0,1,10_60296002_60296304,5903,Psap,0.0
847784,417,Brain_Non-Myeloid_endothelial_cell,548,0.0,32,10_60296002_60296304,5903,Psap,0.0
847785,418,Brain_Non-Myeloid_endothelial_cell,548,0.0,45,10_60296002_60296304,5903,Psap,0.0
847786,420,Brain_Non-Myeloid_endothelial_cell,548,0.0,252,10_60296002_60296304,5903,Psap,0.0
847787,422,Brain_Non-Myeloid_endothelial_cell,548,0.0,121,10_60296002_60296304,5903,Psap,0.0
847788,424,Brain_Non-Myeloid_endothelial_cell,548,0.0,27,10_60296002_60296304,5903,Psap,0.0
847789,427,Brain_Non-Myeloid_endothelial_cell,548,0.0,1,10_60296002_60296304,5903,Psap,0.0
847790,428,Brain_Non-Myeloid_endothelial_cell,548,0.0,70,10_60296002_60296304,5903,Psap,0.0
847791,429,Brain_Non-Myeloid_endothelial_cell,548,0.0,50,10_60296002_60296304,5903,Psap,0.0
847792,431,Brain_Non-Myeloid_endothelial_cell,548,0.0,1,10_60296002_60296304,5903,Psap,0.0
847793,432,Brain_Non-Myeloid_endothelial_cell,548,0.0,47,10_60296002_60296304,5903,Psap,0.0
847794,433,Brain_Non-Myeloid_endothelial_cell,548,0.0,15,10_60296002_60296304,5903,Psap,0.0
847795,434,Brain_Non-Myeloid_endothelial_cell,548,0.0,9,10_60296002_60296304,5903,Psap,0.0
847796,437,Brain_Non-Myeloid_endothelial_cell,548,0.0,43,10_60296002_60296304,5903,Psap,0.0
847797,438,Brain_Non-Myeloid_endothelial_cell,548,0.0,216,10_60296002_60296304,5903,Psap,0.0
847798,439,Brain_Non-Myeloid_endothelial_cell,548,0.0,19,10_60296002_60296304,5903,Psap,0.0
847799,440,Brain_Non-Myeloid_endothelial_cell,548,0.0,74,10_60296002_60296304,5903,Psap,0.0
847800,441,Brain_Non-Myeloid_endothelial_cell,548,0.0,27,10_60296002_60296304,5903,Psap,0.0
847801,444,Brain_Non-Myeloid_endothelial_cell,548,0.0,4,10_60296002_60296304,5903,Psap,0.0
847802,445,Brain_Non-Myeloid_endothelial_cell,548,0.0,12,10_60296002_60296304,5903,Psap,0.0
847803,447,Brain_Non-Myeloid_endothelial_cell,548,0.0,69,10_60296002_60296304,5903,Psap,0.0
847804,448,Brain_Non-Myeloid_endothelial_cell,548,0.0,57,10_60296002_60296304,5903,Psap,0.0
847805,449,Brain_Non-Myeloid_endothelial_cell,548,0.0,60,10_60296002_60296304,5903,Psap,0.0
847806,450,Brain_Non-Myeloid_endothelial_cell,548,0.0,45,10_60296002_60296304,5903,Psap,0.0
847807,451,Brain_Non-Myeloid_endothelial_cell,548,0.0,22,10_60296002_60296304,5903,Psap,0.0
847808,452,Brain_Non-Myeloid_endothelial_cell,548,0.0,42,10_60296002_60296304,5903,Psap,0.0
847809,453,Brain_Non-Myeloid_endothelial_cell,548,0.0,47,10_60296002_60296304,5903,Psap,0.0
847810,455,Brain_Non-Myeloid_endothelial_cell,548,0.0,91,10_60296002_60296304,5903,Psap,0.0
847811,456,Brain_Non-Myeloid_endothelial_cell,548,0.0,43,10_60296002_60296304,5903,Psap,0.0
847812,457,Brain_Non-Myeloid_endothelial_cell,548,0.0,19,10_60296002_60296304,5903,Psap,0.0
847813,458,Brain_Non-Myeloid_endothelial_cell,548,0.0,33,10_60296002_60296304,5903,Psap,0.0
847814,459,Brain_Non-Myeloid_endothelial_cell,548,0.0,523,10_60296002_60296304,5903,Psap,0.0
847815,460,Brain_Non-Myeloid_endothelial_cell,548,0.0,164,10_60296002_60296304,5903,Psap,0.0
847816,461,Brain_Non-Myeloid_endothelial_cell,548,0.0,147,10_60296002_60296304,5903,Psap,0.0
847817,462,Brain_Non-Myeloid_endothelial_cell,548,0.0,48,10_60296002_60296304,5903,Psap,0.0
847818,463,Brain_Non-Myeloid_endothelial_cell,548,0.0,26,10_60296002_60296304,5903,Psap,0.0
847819,464,Brain_Non-Myeloid_endothelial_cell,548,0.0,10,10_60296002_60296304,5903,Psap,0.0
847820,466,Brain_Non-Myeloid_endothelial_cell,548,0.0,1,10_60296002_60296304,5903,Psap,0.0
847821,467,Brain_Non-Myeloid_endothelial_cell,548,0.0,103,10_60296002_60296304,5903,Psap,0.0
847822,468,Brain_Non-Myeloid_endothelial_cell,548,0.0,88,10_60296002_60296304,5903,Psap,0.0
847823,469,Brain_Non-Myeloid_endothelial_cell,548,0.0,175,10_60296002_60296304,5903,Psap,0.0
847824,470,Brain_Non-Myeloid_endothelial_cell,548,0.0,30,10_60296002_60296304,5903,Psap,0.0
847825,471,Brain_Non-Myeloid_endothelial_cell,548,0.0,53,10_60296002_60296304,5903,Psap,0.0
847826,473,Brain_Non-Myeloid_endothelial_cell,548,0.0,81,10_60296002_60296304,5903,Psap,0.0
847827,474,Brain_Non-Myeloid_endothelial_cell,548,0.0,334,10_60296002_60296304,5903,Psap,0.0
847828,475,Brain_Non-Myeloid_endothelial_cell,548,0.0,59,10_60296002_60296304,5903,Psap,0.0
847829,476,Brain_Non-Myeloid_endothelial_cell,548,0.0,12,10_60296002_60296304,5903,Psap,0.0
847830,477,Brain_Non-Myeloid_endothelial_cell,548,0.0,17,10_60296002_60296304,5903,Psap,0.0
847831,478,Brain_Non-Myeloid_endothelial_cell,548,0.0,140,10_60296002_60296304,5903,Psap,0.0
847832,479,Brain_Non-Myeloid_endothelial_cell,548,0.0,27,10_60296002_60296304,5903,Psap,0.0
847833,481,Brain_Non-Myeloid_endothelial_cell,548,0.0,60,10_60296002_60296304,5903,Psap,0.0
847834,484,Brain_Non-Myeloid_endothelial_cell,548,0.0,10,10_60296002_60296304,5903,Psap,0.0
847835,485,Brain_Non-Myeloid_endothelial_cell,548,0.0,35,10_60296002_60296304,5903,Psap,0.0
847836,487,Brain_Non-Myeloid_endothelial_cell,548,0.0,1,10_60296002_60296304,5903,Psap,0.0
847837,489,Brain_Non-Myeloid_endothelial_cell,548,0.0,17,10_60296002_60296304,5903,Psap,0.0
847838,492,Brain_Non-Myeloid_endothelial_cell,548,0.0,121,10_60296002_60296304,5903,Psap,0.0
847839,493,Brain_Non-Myeloid_endothelial_cell,548,0.0,74,10_60296002_60296304,5903,Psap,0.0
847840,494,Brain_Non-Myeloid_endothelial_cell,548,0.0,71,10_60296002_60296304,5903,Psap,0.0
847841,496,Brain_Non-Myeloid_endothelial_cell,548,0.0,482,10_60296002_60296304,5903,Psap,0.0
847842,498,Brain_Non-Myeloid_endothelial_cell,548,0.0,88,10_60296002_60296304,5903,Psap,0.0
847843,499,Brain_Non-Myeloid_endothelial_cell,548,0.0,3,10_60296002_60296304,5903,Psap,0.0
847844,501,Brain_Non-Myeloid_endothelial_cell,548,0.0,146,10_60296002_60296304,5903,Psap,0.0
847845,504,Brain_Non-Myeloid_endothelial_cell,548,0.0,202,10_60296002_60296304,5903,Psap,0.0
847846,506,Brain_Non-Myeloid_endothelial_cell,548,0.0,10,10_60296002_60296304,5903,Psap,0.0
847847,510,Brain_Non-Myeloid_endothelial_cell,548,0.0,149,10_60296002_60296304,5903,Psap,0.0
847848,512,Brain_Non-Myeloid_endothelial_cell,548,0.0,131,10_60296002_60296304,5903,Psap,0.0
847849,513,Brain_Non-Myeloid_endothelial_cell,548,0.0,55,10_60296002_60296304,5903,Psap,0.0
847850,514,Brain_Non-Myeloid_endothelial_cell,548,0.0,30,10_60296002_60296304,5903,Psap,0.0
847851,515,Brain_Non-Myeloid_endothelial_cell,548,0.0,45,10_60296002_60296304,5903,Psap,0.0
847852,516,Brain_Non-Myeloid_endothelial_cell,548,0.0,23,10_60296002_60296304,5903,Psap,0.0
847853,517,Brain_Non-Myeloid_endothelial_cell,548,0.0,8,10_60296002_60296304,5903,Psap,0.0
847854,518,Brain_Non-Myeloid_endothelial_cell,548,0.0,56,10_60296002_60296304,5903,Psap,0.0
847855,519,Brain_Non-Myeloid_endothelial_cell,548,0.0,50,10_60296002_60296304,5903,Psap,0.0
847856,520,Brain_Non-Myeloid_endothelial_cell,548,0.0,35,10_60296002_60296304,5903,Psap,0.0
847857,521,Brain_Non-Myeloid_endothelial_cell,548,0.0,55,10_60296002_60296304,5903,Psap,0.0
847858,522,Brain_Non-Myeloid_endothelial_cell,548,0.0,5,10_60296002_60296304,5903,Psap,0.0
847859,523,Brain_Non-Myeloid_endothelial_cell,548,0.0,25,10_60296002_60296304,5903,Psap,0.0
847860,524,Brain_Non-Myeloid_endothelial_cell,548,0.0,83,10_60296002_60296304,5903,Psap,0.0
847861,525,Brain_Non-Myeloid_endothelial_cell,548,0.0,40,10_60296002_60296304,5903,Psap,0.0
847862,526,Brain_Non-Myeloid_endothelial_cell,548,0.0,365,10_60296002_60296304,5903,Psap,0.0
847863,527,Brain_Non-Myeloid_endothelial_cell,548,0.0,181,10_60296002_60296304,5903,Psap,0.0
847864,528,Brain_Non-Myeloid_endothelial_cell,548,0.0,35,10_60296002_60296304,5903,Psap,0.0
847865,529,Brain_Non-Myeloid_endothelial_cell,548,0.0,288,10_60296002_60296304,5903,Psap,0.0
847866,530,Brain_Non-Myeloid_endothelial_cell,548,0.0,11,10_60296002_60296304,5903,Psap,0.0
847867,531,Brain_Non-Myeloid_endothelial_cell,548,0.0,26,10_60296002_60296304,5903,Psap,0.0
847868,532,Brain_Non-Myeloid_endothelial_cell,548,0.0,343,10_60296002_60296304,5903,Psap,0.0
847869,534,Brain_Non-Myeloid_endothelial_cell,548,0.0,2,10_60296002_60296304,5903,Psap,0.0
847870,535,Brain_Non-Myeloid_endothelial_cell,548,0.0,15,10_60296002_60296304,5903,Psap,0.0
847871,536,Brain_Non-Myeloid_endothelial_cell,548,0.0,2,10_60296002_60296304,5903,Psap,0.0
847872,537,Brain_Non-Myeloid_endothelial_cell,548,0.0,66,10_60296002_60296304,5903,Psap,0.0
847873,538,Brain_Non-Myeloid_endothelial_cell,548,0.0,79,10_60296002_60296304,5903,Psap,0.0
847874,539,Brain_Non-Myeloid_endothelial_cell,548,0.0,59,10_60296002_60296304,5903,Psap,0.0
847875,540,Brain_Non-Myeloid_endothelial_cell,548,0.0,32,10_60296002_60296304,5903,Psap,0.0
847876,541,Brain_Non-Myeloid_endothelial_cell,548,0.0,22,10_60296002_60296304,5903,Psap,0.0
847877,542,Brain_Non-Myeloid_endothelial_cell,548,0.0,39,10_60296002_60296304,5903,Psap,0.0
847878,544,Brain_Non-Myeloid_endothelial_cell,548,0.0,104,10_60296002_60296304,5903,Psap,0.0
847879,546,Brain_Non-Myeloid_endothelial_cell,548,0.0,2,10_60296002_60296304,5903,Psap,0.0
847880,547,Brain_Non-Myeloid_endothelial_cell,548,0.0,105,10_60296002_60296304,5903,Psap,0.0
847881,549,Brain_Non-Myeloid_endothelial_cell,548,0.0,13,10_60296002_60296304,5903,Psap,0.0
847882,550,Brain_Non-Myeloid_endothelial_cell,548,0.0,7,10_60296002_60296304,5903,Psap,0.0
847883,554,Brain_Non-Myeloid_endothelial_cell,548,0.0,26,10_60296002_60296304,5903,Psap,0.0
847884,556,Brain_Non-Myeloid_endothelial_cell,548,0.0,36,10_60296002_60296304,5903,Psap,0.0
847885,557,Brain_Non-Myeloid_endothelial_cell,548,0.0,2,10_60296002_60296304,5903,Psap,0.0
847886,558,Brain_Non-Myeloid_endothelial_cell,548,0.0,211,10_60296002_60296304,5903,Psap,0.0
847887,559,Brain_Non-Myeloid_endothelial_cell,548,0.0,12,10_60296002_60296304,5903,Psap,0.0
847888,560,Brain_Non-Myeloid_endothelial_cell,548,0.0,105,10_60296002_60296304,5903,Psap,0.0
847889,562,Brain_Non-Myeloid_endothelial_cell,548,0.0,171,10_60296002_60296304,5903,Psap,0.0
847890,564,Brain_Non-Myeloid_endothelial_cell,548,0.0,15,10_60296002_60296304,5903,Psap,0.0
847891,565,Brain_Non-Myeloid_endothelial_cell,548,0.0,76,10_60296002_60296304,5903,Psap,0.0
847892,566,Brain_Non-Myeloid_endothelial_cell,548,0.0,30,10_60296002_60296304,5903,Psap,0.0
847893,567,Brain_Non-Myeloid_endothelial_cell,548,0.0,15,10_60296002_60296304,5903,Psap,0.0
847894,568,Brain_Non-Myeloid_endothelial_cell,548,0.0,280,10_60296002_60296304,5903,Psap,0.0
847895,569,Brain_Non-Myeloid_endothelial_cell,548,0.0,39,10_60296002_60296304,5903,Psap,0.0
847896,570,Brain_Non-Myeloid_endothelial_cell,548,0.0,59,10_60296002_60296304,5903,Psap,0.0
847897,572,Brain_Non-Myeloid_endothelial_cell,548,0.0,78,10_60296002_60296304,5903,Psap,0.0
847898,573,Brain_Non-Myeloid_endothelial_cell,548,0.0,5,10_60296002_60296304,5903,Psap,0.0
847899,574,Brain_Non-Myeloid_endothelial_cell,548,0.0,29,10_60296002_60296304,5903,Psap,0.0
847900,575,Brain_Non-Myeloid_endothelial_cell,548,0.0,77,10_60296002_60296304,5903,Psap,0.0
847901,576,Brain_Non-Myeloid_endothelial_cell,548,0.0,30,10_60296002_60296304,5903,Psap,0.0
847902,577,Brain_Non-Myeloid_endothelial_cell,548,0.0,5,10_60296002_60296304,5903,Psap,0.0
847903,578,Brain_Non-Myeloid_endothelial_cell,548,0.0,213,10_60296002_60296304,5903,Psap,0.0
847904,579,Brain_Non-Myeloid_endothelial_cell,548,0.0,247,10_60296002_60296304,5903,Psap,0.0
847905,580,Brain_Non-Myeloid_endothelial_cell,548,0.0,102,10_60296002_60296304,5903,Psap,0.0
847906,581,Brain_Non-Myeloid_endothelial_cell,548,0.0,286,10_60296002_60296304,5903,Psap,0.0
847907,582,Brain_Non-Myeloid_endothelial_cell,548,0.0,124,10_60296002_60296304,5903,Psap,0.0
847908,583,Brain_Non-Myeloid_endothelial_cell,548,0.0,97,10_60296002_60296304,5903,Psap,0.0
847909,584,Brain_Non-Myeloid_endothelial_cell,548,0.0,7,10_60296002_60296304,5903,Psap,0.0
847910,585,Brain_Non-Myeloid_endothelial_cell,548,0.0,122,10_60296002_60296304,5903,Psap,0.0
847911,586,Brain_Non-Myeloid_endothelial_cell,548,0.0,307,10_60296002_60296304,5903,Psap,0.0
847912,587,Brain_Non-Myeloid_endothelial_cell,548,0.0,12,10_60296002_60296304,5903,Psap,0.0
847913,589,Brain_Non-Myeloid_endothelial_cell,548,0.0,10,10_60296002_60296304,5903,Psap,0.0
847914,590,Brain_Non-Myeloid_endothelial_cell,548,0.0,34,10_60296002_60296304,5903,Psap,0.0
847915,591,Brain_Non-Myeloid_endothelial_cell,548,0.0,181,10_60296002_60296304,5903,Psap,0.0
847916,592,Brain_Non-Myeloid_endothelial_cell,548,0.0,165,10_60296002_60296304,5903,Psap,0.0
847917,593,Brain_Non-Myeloid_endothelial_cell,548,0.0,13,10_60296002_60296304,5903,Psap,0.0
847918,594,Brain_Non-Myeloid_endothelial_cell,548,0.0,11,10_60296002_60296304,5903,Psap,0.0
847919,596,Brain_Non-Myeloid_endothelial_cell,548,0.0,3,10_60296002_60296304,5903,Psap,0.0
847920,597,Brain_Non-Myeloid_endothelial_cell,548,0.0,30,10_60296002_60296304,5903,Psap,0.0
847921,598,Brain_Non-Myeloid_endothelial_cell,548,0.0,10,10_60296002_60296304,5903,Psap,0.0
847922,600,Brain_Non-Myeloid_endothelial_cell,548,0.0,98,10_60296002_60296304,5903,Psap,0.0
847923,601,Brain_Non-Myeloid_endothelial_cell,548,0.0,39,10_60296002_60296304,5903,Psap,0.0
847924,603,Brain_Non-Myeloid_endothelial_cell,548,0.0,291,10_60296002_60296304,5903,Psap,0.0
847925,604,Brain_Non-Myeloid_endothelial_cell,548,0.0,22,10_60296002_60296304,5903,Psap,0.0
847926,605,Brain_Non-Myeloid_endothelial_cell,548,0.0,533,10_60296002_60296304,5903,Psap,0.0
847927,606,Brain_Non-Myeloid_endothelial_cell,548,0.0,10,10_60296002_60296304,5903,Psap,0.0
847928,607,Brain_Non-Myeloid_endothelial_cell,548,0.0,5,10_60296002_60296304,5903,Psap,0.0
847929,608,Brain_Non-Myeloid_endothelial_cell,548,0.0,59,10_60296002_60296304,5903,Psap,0.0
847930,609,Brain_Non-Myeloid_endothelial_cell,548,0.0,606,10_60296002_60296304,5903,Psap,0.0
847931,610,Brain_Non-Myeloid_endothelial_cell,548,0.0,4,10_60296002_60296304,5903,Psap,0.0
847932,611,Brain_Non-Myeloid_endothelial_cell,548,0.0,29,10_60296002_60296304,5903,Psap,0.0
847933,612,Brain_Non-Myeloid_endothelial_cell,548,0.0,2,10_60296002_60296304,5903,Psap,0.0
847934,615,Brain_Non-Myeloid_endothelial_cell,548,0.0,126,10_60296002_60296304,5903,Psap,0.0
847935,616,Brain_Non-Myeloid_endothelial_cell,548,0.0,36,10_60296002_60296304,5903,Psap,0.0
847936,617,Brain_Non-Myeloid_endothelial_cell,548,0.0,127,10_60296002_60296304,5903,Psap,0.0
847937,619,Brain_Non-Myeloid_endothelial_cell,548,0.0,67,10_60296002_60296304,5903,Psap,0.0
847938,620,Brain_Non-Myeloid_endothelial_cell,548,0.0,48,10_60296002_60296304,5903,Psap,0.0
847939,621,Brain_Non-Myeloid_endothelial_cell,548,0.0,4,10_60296002_60296304,5903,Psap,0.0
847940,622,Brain_Non-Myeloid_endothelial_cell,548,0.0,55,10_60296002_60296304,5903,Psap,0.0
847941,624,Brain_Non-Myeloid_endothelial_cell,548,0.0,1,10_60296002_60296304,5903,Psap,0.0
847942,625,Brain_Non-Myeloid_endothelial_cell,548,0.0,20,10_60296002_60296304,5903,Psap,0.0
847943,626,Brain_Non-Myeloid_endothelial_cell,548,0.0,201,10_60296002_60296304,5903,Psap,0.0
847944,631,Brain_Non-Myeloid_endothelial_cell,548,0.0,105,10_60296002_60296304,5903,Psap,0.0
847945,632,Brain_Non-Myeloid_endothelial_cell,548,0.0,212,10_60296002_60296304,5903,Psap,0.0
847946,635,Brain_Non-Myeloid_endothelial_cell,548,0.0,89,10_60296002_60296304,5903,Psap,0.0
847947,636,Brain_Non-Myeloid_endothelial_cell,548,0.0,12,10_60296002_60296304,5903,Psap,0.0
847948,637,Brain_Non-Myeloid_endothelial_cell,548,0.0,50,10_60296002_60296304,5903,Psap,0.0
847949,638,Brain_Non-Myeloid_endothelial_cell,548,0.0,195,10_60296002_60296304,5903,Psap,0.0
847950,639,Brain_Non-Myeloid_endothelial_cell,548,0.0,53,10_60296002_60296304,5903,Psap,0.0
847951,640,Brain_Non-Myeloid_endothelial_cell,548,0.0,295,10_60296002_60296304,5903,Psap,0.0
847952,641,Brain_Non-Myeloid_endothelial_cell,548,0.0,55,10_60296002_60296304,5903,Psap,0.0
847953,642,Brain_Non-Myeloid_endothelial_cell,548,0.0,112,10_60296002_60296304,5903,Psap,0.0
847954,643,Brain_Non-Myeloid_endothelial_cell,548,0.0,22,10_60296002_60296304,5903,Psap,0.0
847955,644,Brain_Non-Myeloid_endothelial_cell,548,0.0,21,10_60296002_60296304,5903,Psap,0.0
847956,645,Brain_Non-Myeloid_endothelial_cell,548,0.0,306,10_60296002_60296304,5903,Psap,0.0
847957,646,Brain_Non-Myeloid_endothelial_cell,548,0.0,72,10_60296002_60296304,5903,Psap,0.0
847958,647,Brain_Non-Myeloid_endothelial_cell,548,0.0,13,10_60296002_60296304,5903,Psap,0.0
847959,648,Brain_Non-Myeloid_endothelial_cell,548,0.0,15,10_60296002_60296304,5903,Psap,0.0
847960,649,Brain_Non-Myeloid_endothelial_cell,548,0.0,5,10_60296002_60296304,5903,Psap,0.0
847961,650,Brain_Non-Myeloid_endothelial_cell,548,0.0,4,10_60296002_60296304,5903,Psap,0.0
847962,651,Brain_Non-Myeloid_endothelial_cell,548,0.0,94,10_60296002_60296304,5903,Psap,0.0
847963,652,Brain_Non-Myeloid_endothelial_cell,548,0.0,107,10_60296002_60296304,5903,Psap,0.0
847964,653,Brain_Non-Myeloid_endothelial_cell,548,0.0,3,10_60296002_60296304,5903,Psap,0.0
847965,654,Brain_Non-Myeloid_endothelial_cell,548,0.0,65,10_60296002_60296304,5903,Psap,0.0
847966,655,Brain_Non-Myeloid_endothelial_cell,548,0.0,224,10_60296002_60296304,5903,Psap,0.0
847967,656,Brain_Non-Myeloid_endothelial_cell,548,0.0,31,10_60296002_60296304,5903,Psap,0.0
847968,658,Brain_Non-Myeloid_endothelial_cell,548,0.0,18,10_60296002_60296304,5903,Psap,0.0
847969,659,Brain_Non-Myeloid_endothelial_cell,548,0.0,27,10_60296002_60296304,5903,Psap,0.0
847970,660,Brain_Non-Myeloid_endothelial_cell,548,0.0,206,10_60296002_60296304,5903,Psap,0.0
847971,661,Brain_Non-Myeloid_endothelial_cell,548,0.0,36,10_60296002_60296304,5903,Psap,0.0
847972,663,Brain_Non-Myeloid_endothelial_cell,548,0.0,27,10_60296002_60296304,5903,Psap,0.0
847973,664,Brain_Non-Myeloid_endothelial_cell,548,0.0,113,10_60296002_60296304,5903,Psap,0.0
847974,665,Brain_Non-Myeloid_endothelial_cell,548,0.0,64,10_60296002_60296304,5903,Psap,0.0
847975,668,Brain_Non-Myeloid_endothelial_cell,548,0.0,269,10_60296002_60296304,5903,Psap,0.0
847976,670,Brain_Non-Myeloid_endothelial_cell,548,0.0,4,10_60296002_60296304,5903,Psap,0.0
847977,671,Brain_Non-Myeloid_endothelial_cell,548,0.0,420,10_60296002_60296304,5903,Psap,0.0
847978,672,Brain_Non-Myeloid_endothelial_cell,548,0.0,54,10_60296002_60296304,5903,Psap,0.0
847979,673,Brain_Non-Myeloid_endothelial_cell,548,0.0,11,10_60296002_60296304,5903,Psap,0.0
847980,674,Brain_Non-Myeloid_endothelial_cell,548,0.0,81,10_60296002_60296304,5903,Psap,0.0
847981,675,Brain_Non-Myeloid_endothelial_cell,548,0.0,89,10_60296002_60296304,5903,Psap,0.0
847982,676,Brain_Non-Myeloid_endothelial_cell,548,0.0,208,10_60296002_60296304,5903,Psap,0.0
847983,677,Brain_Non-Myeloid_endothelial_cell,548,0.0,191,10_60296002_60296304,5903,Psap,0.0
847984,678,Brain_Non-Myeloid_endothelial_cell,548,0.0,7,10_60296002_60296304,5903,Psap,0.0
847985,679,Brain_Non-Myeloid_endothelial_cell,548,0.0,228,10_60296002_60296304,5903,Psap,0.0
847986,681,Brain_Non-Myeloid_endothelial_cell,548,0.0,97,10_60296002_60296304,5903,Psap,0.0
847987,682,Brain_Non-Myeloid_endothelial_cell,548,0.0,191,10_60296002_60296304,5903,Psap,0.0
847988,685,Brain_Non-Myeloid_endothelial_cell,548,0.0,97,10_60296002_60296304,5903,Psap,0.0
847989,686,Brain_Non-Myeloid_endothelial_cell,548,0.0,195,10_60296002_60296304,5903,Psap,0.0
847990,687,Brain_Non-Myeloid_endothelial_cell,548,0.0,69,10_60296002_60296304,5903,Psap,0.0
847991,688,Brain_Non-Myeloid_endothelial_cell,548,0.0,223,10_60296002_60296304,5903,Psap,0.0
847992,689,Brain_Non-Myeloid_endothelial_cell,548,0.0,81,10_60296002_60296304,5903,Psap,0.0
847993,690,Brain_Non-Myeloid_endothelial_cell,548,0.0,7,10_60296002_60296304,5903,Psap,0.0
847994,691,Brain_Non-Myeloid_endothelial_cell,548,0.0,275,10_60296002_60296304,5903,Psap,0.0
847995,692,Brain_Non-Myeloid_endothelial_cell,548,0.0,172,10_60296002_60296304,5903,Psap,0.0
847996,693,Brain_Non-Myeloid_endothelial_cell,548,0.0,260,10_60296002_60296304,5903,Psap,0.0
847997,695,Brain_Non-Myeloid_endothelial_cell,548,0.0,103,10_60296002_60296304,5903,Psap,0.0
847998,696,Brain_Non-Myeloid_endothelial_cell,548,0.0,90,10_60296002_60296304,5903,Psap,0.0
847999,697,Brain_Non-Myeloid_endothelial_cell,548,0.0,24,10_60296002_60296304,5903,Psap,0.0
848000,698,Brain_Non-Myeloid_endothelial_cell,548,0.0,1,10_60296002_60296304,5903,Psap,0.0
848001,700,Brain_Non-Myeloid_endothelial_cell,548,0.0,68,10_60296002_60296304,5903,Psap,0.0
848002,701,Brain_Non-Myeloid_endothelial_cell,548,0.0,17,10_60296002_60296304,5903,Psap,0.0
848003,704,Brain_Non-Myeloid_endothelial_cell,548,0.0,83,10_60296002_60296304,5903,Psap,0.0
848004,707,Brain_Non-Myeloid_endothelial_cell,548,0.0,140,10_60296002_60296304,5903,Psap,0.0
848005,708,Brain_Non-Myeloid_endothelial_cell,548,0.0,11,10_60296002_60296304,5903,Psap,0.0
848006,709,Brain_Non-Myeloid_endothelial_cell,548,0.0,10,10_60296002_60296304,5903,Psap,0.0
848007,710,Brain_Non-Myeloid_endothelial_cell,548,0.0,72,10_60296002_60296304,5903,Psap,0.0
848008,711,Brain_Non-Myeloid_endothelial_cell,548,0.0,50,10_60296002_60296304,5903,Psap,0.0
848009,713,Brain_Non-Myeloid_endothelial_cell,548,0.0,233,10_60296002_60296304,5903,Psap,0.0
848010,715,Brain_Non-Myeloid_endothelial_cell,548,0.0,166,10_60296002_60296304,5903,Psap,0.0
848011,716,Brain_Non-Myeloid_endothelial_cell,548,0.0,42,10_60296002_60296304,5903,Psap,0.0
848012,719,Brain_Non-Myeloid_endothelial_cell,548,0.0,97,10_60296002_60296304,5903,Psap,0.0
848013,720,Brain_Non-Myeloid_endothelial_cell,548,0.0,4,10_60296002_60296304,5903,Psap,0.0
848014,721,Brain_Non-Myeloid_endothelial_cell,548,0.0,72,10_60296002_60296304,5903,Psap,0.0
848015,722,Brain_Non-Myeloid_endothelial_cell,548,0.0,103,10_60296002_60296304,5903,Psap,0.0
848016,723,Brain_Non-Myeloid_endothelial_cell,548,0.0,31,10_60296002_60296304,5903,Psap,0.0
848017,724,Brain_Non-Myeloid_endothelial_cell,548,0.0,4,10_60296002_60296304,5903,Psap,0.0
848018,725,Brain_Non-Myeloid_endothelial_cell,548,0.0,30,10_60296002_60296304,5903,Psap,0.0
848019,726,Brain_Non-Myeloid_endothelial_cell,548,0.0,169,10_60296002_60296304,5903,Psap,0.0
848020,728,Brain_Non-Myeloid_endothelial_cell,548,0.0,158,10_60296002_60296304,5903,Psap,0.0
848021,729,Brain_Non-Myeloid_endothelial_cell,548,0.0,142,10_60296002_60296304,5903,Psap,0.0
848022,730,Brain_Non-Myeloid_endothelial_cell,548,0.0,105,10_60296002_60296304,5903,Psap,0.0
848023,731,Brain_Non-Myeloid_endothelial_cell,548,0.0,63,10_60296002_60296304,5903,Psap,0.0
848024,732,Brain_Non-Myeloid_endothelial_cell,548,0.0,125,10_60296002_60296304,5903,Psap,0.0
848025,734,Brain_Non-Myeloid_endothelial_cell,548,0.0,6,10_60296002_60296304,5903,Psap,0.0
848026,735,Brain_Non-Myeloid_endothelial_cell,548,0.0,109,10_60296002_60296304,5903,Psap,0.0
848027,737,Brain_Non-Myeloid_endothelial_cell,548,0.0,119,10_60296002_60296304,5903,Psap,0.0
848028,738,Brain_Non-Myeloid_endothelial_cell,548,0.0,19,10_60296002_60296304,5903,Psap,0.0
848029,740,Brain_Non-Myeloid_endothelial_cell,548,0.0,503,10_60296002_60296304,5903,Psap,0.0
848030,741,Brain_Non-Myeloid_endothelial_cell,548,0.0,6,10_60296002_60296304,5903,Psap,0.0
848031,742,Brain_Non-Myeloid_endothelial_cell,548,0.0,5,10_60296002_60296304,5903,Psap,0.0
848032,743,Brain_Non-Myeloid_endothelial_cell,548,0.0,25,10_60296002_60296304,5903,Psap,0.0
848033,744,Brain_Non-Myeloid_endothelial_cell,548,0.0,32,10_60296002_60296304,5903,Psap,0.0
848034,746,Brain_Non-Myeloid_endothelial_cell,548,0.0,73,10_60296002_60296304,5903,Psap,0.0
848035,747,Brain_Non-Myeloid_endothelial_cell,548,0.0,12,10_60296002_60296304,5903,Psap,0.0
848036,748,Brain_Non-Myeloid_endothelial_cell,548,0.0,115,10_60296002_60296304,5903,Psap,0.0
848037,749,Brain_Non-Myeloid_endothelial_cell,548,0.0,133,10_60296002_60296304,5903,Psap,0.0
848038,751,Brain_Non-Myeloid_endothelial_cell,548,0.0,53,10_60296002_60296304,5903,Psap,0.0
848039,752,Brain_Non-Myeloid_endothelial_cell,548,0.0,8,10_60296002_60296304,5903,Psap,0.0
848040,753,Brain_Non-Myeloid_endothelial_cell,548,0.0,36,10_60296002_60296304,5903,Psap,0.0
848041,754,Brain_Non-Myeloid_endothelial_cell,548,0.0,130,10_60296002_60296304,5903,Psap,0.0
848042,757,Brain_Non-Myeloid_endothelial_cell,548,0.0,23,10_60296002_60296304,5903,Psap,0.0
848043,758,Brain_Non-Myeloid_endothelial_cell,548,0.0,34,10_60296002_60296304,5903,Psap,0.0
848044,759,Brain_Non-Myeloid_endothelial_cell,548,0.0,374,10_60296002_60296304,5903,Psap,0.0
848045,760,Brain_Non-Myeloid_endothelial_cell,548,0.0,34,10_60296002_60296304,5903,Psap,0.0
848046,761,Brain_Non-Myeloid_endothelial_cell,548,0.0,19,10_60296002_60296304,5903,Psap,0.0
848047,762,Brain_Non-Myeloid_endothelial_cell,548,0.0,78,10_60296002_60296304,5903,Psap,0.0
848048,763,Brain_Non-Myeloid_endothelial_cell,548,0.0,137,10_60296002_60296304,5903,Psap,0.0
848049,764,Brain_Non-Myeloid_endothelial_cell,548,0.0,391,10_60296002_60296304,5903,Psap,0.0
848050,765,Brain_Non-Myeloid_endothelial_cell,548,0.0,32,10_60296002_60296304,5903,Psap,0.0
848051,766,Brain_Non-Myeloid_endothelial_cell,548,0.0,6,10_60296002_60296304,5903,Psap,0.0
848052,767,Brain_Non-Myeloid_endothelial_cell,548,0.0,72,10_60296002_60296304,5903,Psap,0.0
848053,768,Brain_Non-Myeloid_endothelial_cell,548,0.0,225,10_60296002_60296304,5903,Psap,0.0
848054,769,Brain_Non-Myeloid_endothelial_cell,548,0.0,9,10_60296002_60296304,5903,Psap,0.0
848055,770,Brain_Non-Myeloid_endothelial_cell,548,0.0,24,10_60296002_60296304,5903,Psap,0.0
848056,771,Brain_Non-Myeloid_endothelial_cell,548,0.0,90,10_60296002_60296304,5903,Psap,0.0
848057,772,Brain_Non-Myeloid_endothelial_cell,548,0.0,44,10_60296002_60296304,5903,Psap,0.0
848058,773,Brain_Non-Myeloid_endothelial_cell,548,0.0,26,10_60296002_60296304,5903,Psap,0.0
848059,775,Brain_Non-Myeloid_endothelial_cell,548,0.0,136,10_60296002_60296304,5903,Psap,0.0
848060,776,Brain_Non-Myeloid_endothelial_cell,548,0.0,61,10_60296002_60296304,5903,Psap,0.0
848061,777,Brain_Non-Myeloid_endothelial_cell,548,0.0,70,10_60296002_60296304,5903,Psap,0.0
848062,778,Brain_Non-Myeloid_endothelial_cell,548,0.0,219,10_60296002_60296304,5903,Psap,0.0
848063,779,Brain_Non-Myeloid_endothelial_cell,548,0.0,11,10_60296002_60296304,5903,Psap,0.0
848064,780,Brain_Non-Myeloid_endothelial_cell,548,0.0,166,10_60296002_60296304,5903,Psap,0.0
848065,781,Brain_Non-Myeloid_endothelial_cell,548,0.0,77,10_60296002_60296304,5903,Psap,0.0
848066,782,Brain_Non-Myeloid_endothelial_cell,548,0.0,61,10_60296002_60296304,5903,Psap,0.0
848067,784,Brain_Non-Myeloid_endothelial_cell,548,0.0,115,10_60296002_60296304,5903,Psap,0.0
848068,785,Brain_Non-Myeloid_endothelial_cell,548,0.0,96,10_60296002_60296304,5903,Psap,0.0
848069,786,Brain_Non-Myeloid_endothelial_cell,548,0.0,169,10_60296002_60296304,5903,Psap,0.0
848070,787,Brain_Non-Myeloid_endothelial_cell,548,0.0,4,10_60296002_60296304,5903,Psap,0.0
848071,788,Brain_Non-Myeloid_endothelial_cell,548,0.0,122,10_60296002_60296304,5903,Psap,0.0
848072,789,Brain_Non-Myeloid_endothelial_cell,548,0.0,53,10_60296002_60296304,5903,Psap,0.0
848073,790,Brain_Non-Myeloid_endothelial_cell,548,0.0,7,10_60296002_60296304,5903,Psap,0.0
848074,791,Brain_Non-Myeloid_endothelial_cell,548,0.0,74,10_60296002_60296304,5903,Psap,0.0
848075,792,Brain_Non-Myeloid_endothelial_cell,548,0.0,37,10_60296002_60296304,5903,Psap,0.0
848076,793,Brain_Non-Myeloid_endothelial_cell,548,0.0,56,10_60296002_60296304,5903,Psap,0.0
848077,794,Brain_Non-Myeloid_endothelial_cell,548,0.0,190,10_60296002_60296304,5903,Psap,0.0
848078,795,Brain_Non-Myeloid_endothelial_cell,548,0.0,260,10_60296002_60296304,5903,Psap,0.0
848079,797,Brain_Non-Myeloid_endothelial_cell,548,0.0,2,10_60296002_60296304,5903,Psap,0.0
848080,798,Brain_Non-Myeloid_endothelial_cell,548,0.0,30,10_60296002_60296304,5903,Psap,0.0
848081,799,Brain_Non-Myeloid_endothelial_cell,548,0.0,29,10_60296002_60296304,5903,Psap,0.0
848082,800,Brain_Non-Myeloid_endothelial_cell,548,0.0,75,10_60296002_60296304,5903,Psap,0.0
848083,801,Brain_Non-Myeloid_endothelial_cell,548,0.0,83,10_60296002_60296304,5903,Psap,0.0
848084,802,Brain_Non-Myeloid_endothelial_cell,548,0.0,39,10_60296002_60296304,5903,Psap,0.0
848085,803,Brain_Non-Myeloid_endothelial_cell,548,0.0,97,10_60296002_60296304,5903,Psap,0.0
848086,804,Brain_Non-Myeloid_endothelial_cell,548,0.0,5,10_60296002_60296304,5903,Psap,0.0
848087,805,Brain_Non-Myeloid_endothelial_cell,548,0.0,158,10_60296002_60296304,5903,Psap,0.0
848088,806,Brain_Non-Myeloid_endothelial_cell,548,0.0,98,10_60296002_60296304,5903,Psap,0.0
848089,807,Brain_Non-Myeloid_endothelial_cell,548,0.0,14,10_60296002_60296304,5903,Psap,0.0
848090,808,Brain_Non-Myeloid_endothelial_cell,548,0.0,3,10_60296002_60296304,5903,Psap,0.0
848091,809,Brain_Non-Myeloid_endothelial_cell,548,0.0,12,10_60296002_60296304,5903,Psap,0.0
848092,810,Brain_Non-Myeloid_endothelial_cell,548,0.0,26,10_60296002_60296304,5903,Psap,0.0
848093,811,Brain_Non-Myeloid_endothelial_cell,548,0.0,14,10_60296002_60296304,5903,Psap,0.0
848094,812,Brain_Non-Myeloid_endothelial_cell,548,0.0,86,10_60296002_60296304,5903,Psap,0.0
848095,813,Brain_Non-Myeloid_endothelial_cell,548,0.0,13,10_60296002_60296304,5903,Psap,0.0
848096,814,Brain_Non-Myeloid_endothelial_cell,548,0.0,148,10_60296002_60296304,5903,Psap,0.0
848097,816,Brain_Non-Myeloid_endothelial_cell,548,0.0,135,10_60296002_60296304,5903,Psap,0.0
848098,818,Brain_Non-Myeloid_endothelial_cell,548,0.0,306,10_60296002_60296304,5903,Psap,0.0
848099,819,Brain_Non-Myeloid_endothelial_cell,548,0.0,29,10_60296002_60296304,5903,Psap,0.0
848100,820,Brain_Non-Myeloid_endothelial_cell,548,0.0,169,10_60296002_60296304,5903,Psap,0.0
848101,821,Brain_Non-Myeloid_endothelial_cell,548,0.0,18,10_60296002_60296304,5903,Psap,0.0
848102,823,Brain_Non-Myeloid_endothelial_cell,548,0.0,20,10_60296002_60296304,5903,Psap,0.0
848103,824,Brain_Non-Myeloid_endothelial_cell,548,0.0,31,10_60296002_60296304,5903,Psap,0.0
848104,825,Brain_Non-Myeloid_endothelial_cell,548,0.0,17,10_60296002_60296304,5903,Psap,0.0
848105,826,Brain_Non-Myeloid_endothelial_cell,548,0.0,8,10_60296002_60296304,5903,Psap,0.0
848106,827,Brain_Non-Myeloid_endothelial_cell,548,0.0,103,10_60296002_60296304,5903,Psap,0.0
848107,828,Brain_Non-Myeloid_endothelial_cell,548,0.0,302,10_60296002_60296304,5903,Psap,0.0
848108,830,Brain_Non-Myeloid_endothelial_cell,548,0.0,222,10_60296002_60296304,5903,Psap,0.0
848109,832,Brain_Non-Myeloid_endothelial_cell,548,0.0,325,10_60296002_60296304,5903,Psap,0.0
848110,833,Brain_Non-Myeloid_endothelial_cell,548,0.0,414,10_60296002_60296304,5903,Psap,0.0
848111,834,Brain_Non-Myeloid_endothelial_cell,548,0.0,19,10_60296002_60296304,5903,Psap,0.0
848112,835,Brain_Non-Myeloid_endothelial_cell,548,0.0,24,10_60296002_60296304,5903,Psap,0.0
848113,836,Brain_Non-Myeloid_endothelial_cell,548,0.0,189,10_60296002_60296304,5903,Psap,0.0
848114,837,Brain_Non-Myeloid_endothelial_cell,548,0.0,18,10_60296002_60296304,5903,Psap,0.0
848115,838,Brain_Non-Myeloid_endothelial_cell,548,0.0,55,10_60296002_60296304,5903,Psap,0.0
848116,839,Brain_Non-Myeloid_endothelial_cell,548,0.0,44,10_60296002_60296304,5903,Psap,0.0
848117,840,Brain_Non-Myeloid_endothelial_cell,548,0.0,29,10_60296002_60296304,5903,Psap,0.0
848118,841,Brain_Non-Myeloid_endothelial_cell,548,0.0,34,10_60296002_60296304,5903,Psap,0.0
848119,842,Brain_Non-Myeloid_endothelial_cell,548,0.0,18,10_60296002_60296304,5903,Psap,0.0
848120,843,Brain_Non-Myeloid_endothelial_cell,548,0.0,16,10_60296002_60296304,5903,Psap,0.0
848121,845,Brain_Non-Myeloid_endothelial_cell,548,0.0,79,10_60296002_60296304,5903,Psap,0.0
848122,846,Brain_Non-Myeloid_endothelial_cell,548,0.0,171,10_60296002_60296304,5903,Psap,0.0
848123,847,Brain_Non-Myeloid_endothelial_cell,548,0.0,297,10_60296002_60296304,5903,Psap,0.0
848124,848,Brain_Non-Myeloid_endothelial_cell,548,0.0,448,10_60296002_60296304,5903,Psap,0.0
848125,849,Brain_Non-Myeloid_endothelial_cell,548,0.0,11,10_60296002_60296304,5903,Psap,0.0
848126,850,Brain_Non-Myeloid_endothelial_cell,548,0.0,53,10_60296002_60296304,5903,Psap,0.0
848127,852,Brain_Non-Myeloid_endothelial_cell,548,0.0,133,10_60296002_60296304,5903,Psap,0.0
848128,853,Brain_Non-Myeloid_endothelial_cell,548,0.0,40,10_60296002_60296304,5903,Psap,0.0
848129,855,Brain_Non-Myeloid_endothelial_cell,548,0.0,375,10_60296002_60296304,5903,Psap,0.0
848130,856,Brain_Non-Myeloid_endothelial_cell,548,0.0,6,10_60296002_60296304,5903,Psap,0.0
848131,858,Brain_Non-Myeloid_endothelial_cell,548,0.0,45,10_60296002_60296304,5903,Psap,0.0
848132,859,Brain_Non-Myeloid_endothelial_cell,548,0.0,31,10_60296002_60296304,5903,Psap,0.0
848133,860,Brain_Non-Myeloid_endothelial_cell,548,0.0,284,10_60296002_60296304,5903,Psap,0.0
848134,861,Brain_Non-Myeloid_endothelial_cell,548,0.0,48,10_60296002_60296304,5903,Psap,0.0
848135,864,Brain_Non-Myeloid_endothelial_cell,548,0.0,41,10_60296002_60296304,5903,Psap,0.0
848136,865,Brain_Non-Myeloid_endothelial_cell,548,0.0,12,10_60296002_60296304,5903,Psap,0.0
848137,866,Brain_Non-Myeloid_endothelial_cell,548,0.0,348,10_60296002_60296304,5903,Psap,0.0
848138,867,Brain_Non-Myeloid_endothelial_cell,548,0.0,25,10_60296002_60296304,5903,Psap,0.0
848139,868,Brain_Non-Myeloid_endothelial_cell,548,0.0,511,10_60296002_60296304,5903,Psap,0.0
848140,869,Brain_Non-Myeloid_endothelial_cell,548,0.0,1,10_60296002_60296304,5903,Psap,0.0
848141,870,Brain_Non-Myeloid_endothelial_cell,548,0.0,5,10_60296002_60296304,5903,Psap,0.0
848142,871,Brain_Non-Myeloid_endothelial_cell,548,0.0,137,10_60296002_60296304,5903,Psap,0.0
848143,872,Brain_Non-Myeloid_endothelial_cell,548,0.0,13,10_60296002_60296304,5903,Psap,0.0
848144,873,Brain_Non-Myeloid_endothelial_cell,548,0.0,122,10_60296002_60296304,5903,Psap,0.0
848145,877,Brain_Non-Myeloid_endothelial_cell,548,0.0,7,10_60296002_60296304,5903,Psap,0.0
848146,878,Brain_Non-Myeloid_endothelial_cell,548,0.0,84,10_60296002_60296304,5903,Psap,0.0
848147,879,Brain_Non-Myeloid_endothelial_cell,548,0.0,37,10_60296002_60296304,5903,Psap,0.0
848148,880,Brain_Non-Myeloid_endothelial_cell,548,0.0,1,10_60296002_60296304,5903,Psap,0.0
848149,882,Brain_Non-Myeloid_endothelial_cell,548,0.0,15,10_60296002_60296304,5903,Psap,0.0
848150,883,Brain_Non-Myeloid_endothelial_cell,548,0.0,227,10_60296002_60296304,5903,Psap,0.0
848151,884,Brain_Non-Myeloid_endothelial_cell,548,0.0,41,10_60296002_60296304,5903,Psap,0.0
848152,885,Brain_Non-Myeloid_endothelial_cell,548,0.0,8,10_60296002_60296304,5903,Psap,0.0
848153,886,Brain_Non-Myeloid_endothelial_cell,548,0.0,32,10_60296002_60296304,5903,Psap,0.0
848154,887,Brain_Non-Myeloid_endothelial_cell,548,0.0,339,10_60296002_60296304,5903,Psap,0.0
848155,888,Brain_Non-Myeloid_endothelial_cell,548,0.0,133,10_60296002_60296304,5903,Psap,0.0
848156,889,Brain_Non-Myeloid_endothelial_cell,548,0.0,161,10_60296002_60296304,5903,Psap,0.0
848157,891,Brain_Non-Myeloid_endothelial_cell,548,0.0,128,10_60296002_60296304,5903,Psap,0.0
848158,893,Brain_Non-Myeloid_endothelial_cell,548,0.0,21,10_60296002_60296304,5903,Psap,0.0
848159,894,Brain_Non-Myeloid_endothelial_cell,548,0.0,18,10_60296002_60296304,5903,Psap,0.0
848160,895,Brain_Non-Myeloid_endothelial_cell,548,0.0,68,10_60296002_60296304,5903,Psap,0.0
848161,897,Brain_Non-Myeloid_endothelial_cell,548,0.0,79,10_60296002_60296304,5903,Psap,0.0
848162,898,Brain_Non-Myeloid_endothelial_cell,548,0.0,49,10_60296002_60296304,5903,Psap,0.0
848163,899,Brain_Non-Myeloid_endothelial_cell,548,0.0,41,10_60296002_60296304,5903,Psap,0.0
848164,900,Brain_Non-Myeloid_endothelial_cell,548,0.0,25,10_60296002_60296304,5903,Psap,0.0
848165,901,Brain_Non-Myeloid_endothelial_cell,548,0.0,69,10_60296002_60296304,5903,Psap,0.0
848166,902,Brain_Non-Myeloid_endothelial_cell,548,0.0,22,10_60296002_60296304,5903,Psap,0.0
848167,903,Brain_Non-Myeloid_endothelial_cell,548,0.0,255,10_60296002_60296304,5903,Psap,0.0
848168,904,Brain_Non-Myeloid_endothelial_cell,548,0.0,2,10_60296002_60296304,5903,Psap,0.0
848169,905,Brain_Non-Myeloid_endothelial_cell,548,0.0,36,10_60296002_60296304,5903,Psap,0.0
848170,906,Brain_Non-Myeloid_endothelial_cell,548,0.0,11,10_60296002_60296304,5903,Psap,0.0
848171,907,Brain_Non-Myeloid_endothelial_cell,548,0.0,92,10_60296002_60296304,5903,Psap,0.0
848172,908,Brain_Non-Myeloid_endothelial_cell,548,0.0,18,10_60296002_60296304,5903,Psap,0.0
848173,910,Brain_Non-Myeloid_endothelial_cell,548,0.0,97,10_60296002_60296304,5903,Psap,0.0
848174,911,Brain_Non-Myeloid_endothelial_cell,548,0.0,145,10_60296002_60296304,5903,Psap,0.0
848175,912,Brain_Non-Myeloid_endothelial_cell,548,0.0,114,10_60296002_60296304,5903,Psap,0.0
848176,913,Brain_Non-Myeloid_endothelial_cell,548,0.0,99,10_60296002_60296304,5903,Psap,0.0
848177,914,Brain_Non-Myeloid_endothelial_cell,548,0.0,18,10_60296002_60296304,5903,Psap,0.0
848178,915,Brain_Non-Myeloid_endothelial_cell,548,0.0,348,10_60296002_60296304,5903,Psap,0.0
848179,916,Brain_Non-Myeloid_endothelial_cell,548,0.0,21,10_60296002_60296304,5903,Psap,0.0
848180,917,Brain_Non-Myeloid_endothelial_cell,548,0.0,38,10_60296002_60296304,5903,Psap,0.0
848181,918,Brain_Non-Myeloid_endothelial_cell,548,0.0,42,10_60296002_60296304,5903,Psap,0.0
848182,919,Brain_Non-Myeloid_endothelial_cell,548,0.0,5,10_60296002_60296304,5903,Psap,0.0
848183,922,Brain_Non-Myeloid_endothelial_cell,548,0.0,263,10_60296002_60296304,5903,Psap,0.0
848184,923,Brain_Non-Myeloid_endothelial_cell,548,0.0,444,10_60296002_60296304,5903,Psap,0.0
848185,924,Brain_Non-Myeloid_endothelial_cell,548,0.0,159,10_60296002_60296304,5903,Psap,0.0
848186,925,Brain_Non-Myeloid_endothelial_cell,548,0.0,93,10_60296002_60296304,5903,Psap,0.0
848187,926,Brain_Non-Myeloid_endothelial_cell,548,0.0,95,10_60296002_60296304,5903,Psap,0.0
848188,928,Brain_Non-Myeloid_endothelial_cell,548,0.0,12,10_60296002_60296304,5903,Psap,0.0
848189,930,Brain_Non-Myeloid_endothelial_cell,548,0.0,46,10_60296002_60296304,5903,Psap,0.0
848190,931,Brain_Non-Myeloid_endothelial_cell,548,0.0,454,10_60296002_60296304,5903,Psap,0.0
848191,932,Brain_Non-Myeloid_endothelial_cell,548,0.0,27,10_60296002_60296304,5903,Psap,0.0
848192,933,Brain_Non-Myeloid_endothelial_cell,548,0.0,9,10_60296002_60296304,5903,Psap,0.0
848193,934,Brain_Non-Myeloid_endothelial_cell,548,0.0,3,10_60296002_60296304,5903,Psap,0.0
848194,935,Brain_Non-Myeloid_endothelial_cell,548,0.0,32,10_60296002_60296304,5903,Psap,0.0
848195,936,Brain_Non-Myeloid_endothelial_cell,548,0.0,40,10_60296002_60296304,5903,Psap,0.0
848196,937,Brain_Non-Myeloid_endothelial_cell,548,0.0,4,10_60296002_60296304,5903,Psap,0.0
848197,939,Brain_Non-Myeloid_endothelial_cell,548,0.0,25,10_60296002_60296304,5903,Psap,0.0
848198,940,Brain_Non-Myeloid_endothelial_cell,548,0.0,33,10_60296002_60296304,5903,Psap,0.0
848199,941,Brain_Non-Myeloid_endothelial_cell,548,0.0,87,10_60296002_60296304,5903,Psap,0.0
848200,942,Brain_Non-Myeloid_endothelial_cell,548,0.0,22,10_60296002_60296304,5903,Psap,0.0
848201,943,Brain_Non-Myeloid_endothelial_cell,548,0.0,209,10_60296002_60296304,5903,Psap,0.0
848202,944,Brain_Non-Myeloid_endothelial_cell,548,0.0,24,10_60296002_60296304,5903,Psap,0.0
848203,946,Brain_Non-Myeloid_endothelial_cell,548,0.0,15,10_60296002_60296304,5903,Psap,0.0
848204,947,Brain_Non-Myeloid_endothelial_cell,548,0.0,328,10_60296002_60296304,5903,Psap,0.0
848205,948,Brain_Non-Myeloid_endothelial_cell,548,0.0,51,10_60296002_60296304,5903,Psap,0.0
848206,949,Brain_Non-Myeloid_endothelial_cell,548,0.0,15,10_60296002_60296304,5903,Psap,0.0
848207,950,Brain_Non-Myeloid_endothelial_cell,548,0.0,225,10_60296002_60296304,5903,Psap,0.0
848208,951,Brain_Non-Myeloid_endothelial_cell,548,0.0,15,10_60296002_60296304,5903,Psap,0.0
848209,952,Brain_Non-Myeloid_endothelial_cell,548,0.0,28,10_60296002_60296304,5903,Psap,0.0
848210,953,Brain_Non-Myeloid_endothelial_cell,548,0.0,367,10_60296002_60296304,5903,Psap,0.0
848211,954,Brain_Non-Myeloid_endothelial_cell,548,0.0,15,10_60296002_60296304,5903,Psap,0.0
848212,955,Brain_Non-Myeloid_endothelial_cell,548,0.0,12,10_60296002_60296304,5903,Psap,0.0
848213,956,Brain_Non-Myeloid_endothelial_cell,548,0.0,37,10_60296002_60296304,5903,Psap,0.0
848214,957,Brain_Non-Myeloid_endothelial_cell,548,0.0,34,10_60296002_60296304,5903,Psap,0.0
848215,958,Brain_Non-Myeloid_endothelial_cell,548,0.0,47,10_60296002_60296304,5903,Psap,0.0
848216,959,Brain_Non-Myeloid_endothelial_cell,548,0.0,100,10_60296002_60296304,5903,Psap,0.0
848217,960,Brain_Non-Myeloid_endothelial_cell,548,0.0,87,10_60296002_60296304,5903,Psap,0.0
848218,961,Brain_Non-Myeloid_endothelial_cell,548,0.0,89,10_60296002_60296304,5903,Psap,0.0
848219,963,Brain_Non-Myeloid_endothelial_cell,548,0.0,47,10_60296002_60296304,5903,Psap,0.0
848220,964,Brain_Non-Myeloid_endothelial_cell,548,0.0,39,10_60296002_60296304,5903,Psap,0.0
848221,965,Brain_Non-Myeloid_endothelial_cell,548,0.0,44,10_60296002_60296304,5903,Psap,0.0
848222,966,Brain_Non-Myeloid_endothelial_cell,548,0.0,131,10_60296002_60296304,5903,Psap,0.0
848223,967,Brain_Non-Myeloid_endothelial_cell,548,0.0,46,10_60296002_60296304,5903,Psap,0.0
848224,968,Brain_Non-Myeloid_endothelial_cell,548,0.0,88,10_60296002_60296304,5903,Psap,0.0
848225,969,Brain_Non-Myeloid_endothelial_cell,548,0.0,10,10_60296002_60296304,5903,Psap,0.0
848226,970,Brain_Non-Myeloid_endothelial_cell,548,0.0,74,10_60296002_60296304,5903,Psap,0.0
848227,971,Brain_Non-Myeloid_endothelial_cell,548,0.0,117,10_60296002_60296304,5903,Psap,0.0
848228,973,Brain_Non-Myeloid_endothelial_cell,548,0.0,19,10_60296002_60296304,5903,Psap,0.0
848229,974,Brain_Non-Myeloid_endothelial_cell,548,0.0,109,10_60296002_60296304,5903,Psap,0.0
848230,975,Brain_Non-Myeloid_endothelial_cell,548,0.0,93,10_60296002_60296304,5903,Psap,0.0
848231,976,Brain_Non-Myeloid_endothelial_cell,548,0.0,10,10_60296002_60296304,5903,Psap,0.0
848232,977,Brain_Non-Myeloid_endothelial_cell,548,0.0,64,10_60296002_60296304,5903,Psap,0.0
848233,978,Brain_Non-Myeloid_endothelial_cell,548,0.0,128,10_60296002_60296304,5903,Psap,0.0
848234,980,Brain_Non-Myeloid_endothelial_cell,548,0.0,192,10_60296002_60296304,5903,Psap,0.0
848235,981,Brain_Non-Myeloid_endothelial_cell,548,0.0,86,10_60296002_60296304,5903,Psap,0.0
848236,982,Brain_Non-Myeloid_endothelial_cell,548,0.0,247,10_60296002_60296304,5903,Psap,0.0
848237,983,Brain_Non-Myeloid_endothelial_cell,548,0.0,12,10_60296002_60296304,5903,Psap,0.0
848238,984,Brain_Non-Myeloid_endothelial_cell,548,0.0,74,10_60296002_60296304,5903,Psap,0.0
848239,987,Brain_Non-Myeloid_endothelial_cell,548,0.0,186,10_60296002_60296304,5903,Psap,0.0
848240,989,Brain_Non-Myeloid_endothelial_cell,548,0.0,348,10_60296002_60296304,5903,Psap,0.0
848241,990,Brain_Non-Myeloid_endothelial_cell,548,0.0,274,10_60296002_60296304,5903,Psap,0.0
848242,992,Brain_Non-Myeloid_endothelial_cell,548,0.0,36,10_60296002_60296304,5903,Psap,0.0
848243,993,Brain_Non-Myeloid_endothelial_cell,548,0.0,19,10_60296002_60296304,5903,Psap,0.0
848244,995,Brain_Non-Myeloid_endothelial_cell,548,0.0,1,10_60296002_60296304,5903,Psap,0.0
848245,996,Brain_Non-Myeloid_endothelial_cell,548,0.0,124,10_60296002_60296304,5903,Psap,0.0
848246,997,Brain_Non-Myeloid_endothelial_cell,548,0.0,59,10_60296002_60296304,5903,Psap,0.0
848247,998,Brain_Non-Myeloid_endothelial_cell,548,0.0,151,10_60296002_60296304,5903,Psap,0.0
848248,1000,Brain_Non-Myeloid_endothelial_cell,548,0.0,21,10_60296002_60296304,5903,Psap,0.0
848249,1001,Brain_Non-Myeloid_endothelial_cell,548,0.0,29,10_60296002_60296304,5903,Psap,0.0
848250,1002,Brain_Non-Myeloid_endothelial_cell,548,0.0,297,10_60296002_60296304,5903,Psap,0.0
848251,1003,Brain_Non-Myeloid_endothelial_cell,548,0.0,106,10_60296002_60296304,5903,Psap,0.0
848252,1004,Brain_Non-Myeloid_endothelial_cell,548,0.0,91,10_60296002_60296304,5903,Psap,0.0
848253,1005,Brain_Non-Myeloid_endothelial_cell,548,0.0,41,10_60296002_60296304,5903,Psap,0.0
848254,1006,Brain_Non-Myeloid_endothelial_cell,548,0.0,10,10_60296002_60296304,5903,Psap,0.0
848255,1007,Brain_Non-Myeloid_endothelial_cell,548,0.0,38,10_60296002_60296304,5903,Psap,0.0
848256,1008,Brain_Non-Myeloid_endothelial_cell,548,0.0,31,10_60296002_60296304,5903,Psap,0.0
848257,1009,Brain_Non-Myeloid_endothelial_cell,548,0.0,12,10_60296002_60296304,5903,Psap,0.0
848258,1010,Brain_Non-Myeloid_endothelial_cell,548,0.0,52,10_60296002_60296304,5903,Psap,0.0
848259,1011,Brain_Non-Myeloid_endothelial_cell,548,0.0,114,10_60296002_60296304,5903,Psap,0.0
848260,1012,Brain_Non-Myeloid_endothelial_cell,548,0.0,106,10_60296002_60296304,5903,Psap,0.0
848261,1013,Brain_Non-Myeloid_endothelial_cell,548,0.0,173,10_60296002_60296304,5903,Psap,0.0
848262,1015,Brain_Non-Myeloid_endothelial_cell,548,0.0,57,10_60296002_60296304,5903,Psap,0.0
848263,1016,Brain_Non-Myeloid_endothelial_cell,548,0.0,227,10_60296002_60296304,5903,Psap,0.0
848264,1018,Brain_Non-Myeloid_endothelial_cell,548,0.0,20,10_60296002_60296304,5903,Psap,0.0
848265,1019,Brain_Non-Myeloid_endothelial_cell,548,0.0,147,10_60296002_60296304,5903,Psap,0.0
848266,1020,Brain_Non-Myeloid_endothelial_cell,548,0.0,57,10_60296002_60296304,5903,Psap,0.0
848267,1021,Brain_Non-Myeloid_endothelial_cell,548,0.0,320,10_60296002_60296304,5903,Psap,0.0
848268,1022,Brain_Non-Myeloid_endothelial_cell,548,0.0,254,10_60296002_60296304,5903,Psap,0.0
848269,1024,Brain_Non-Myeloid_endothelial_cell,548,0.0,17,10_60296002_60296304,5903,Psap,0.0
848270,1026,Brain_Non-Myeloid_endothelial_cell,548,0.0,43,10_60296002_60296304,5903,Psap,0.0
848271,1027,Brain_Non-Myeloid_endothelial_cell,548,0.0,30,10_60296002_60296304,5903,Psap,0.0
848272,1028,Brain_Non-Myeloid_endothelial_cell,548,0.0,99,10_60296002_60296304,5903,Psap,0.0
848273,1029,Brain_Non-Myeloid_endothelial_cell,548,0.0,392,10_60296002_60296304,5903,Psap,0.0
848274,1030,Brain_Non-Myeloid_endothelial_cell,548,0.0,734,10_60296002_60296304,5903,Psap,0.0
848275,1033,Brain_Non-Myeloid_endothelial_cell,548,0.0,14,10_60296002_60296304,5903,Psap,0.0
848276,1034,Brain_Non-Myeloid_endothelial_cell,548,0.0,29,10_60296002_60296304,5903,Psap,0.0
848277,1035,Brain_Non-Myeloid_endothelial_cell,548,0.0,129,10_60296002_60296304,5903,Psap,0.0
848278,1036,Brain_Non-Myeloid_endothelial_cell,548,0.0,3,10_60296002_60296304,5903,Psap,0.0
848279,1037,Brain_Non-Myeloid_endothelial_cell,548,0.0,6,10_60296002_60296304,5903,Psap,0.0
848280,1038,Brain_Non-Myeloid_endothelial_cell,548,0.0,43,10_60296002_60296304,5903,Psap,0.0
848281,1039,Brain_Non-Myeloid_endothelial_cell,548,0.0,3,10_60296002_60296304,5903,Psap,0.0
848282,1040,Brain_Non-Myeloid_endothelial_cell,548,0.0,17,10_60296002_60296304,5903,Psap,0.0
848283,1041,Brain_Non-Myeloid_endothelial_cell,548,0.0,85,10_60296002_60296304,5903,Psap,0.0
848284,1045,Brain_Non-Myeloid_endothelial_cell,548,0.0,53,10_60296002_60296304,5903,Psap,0.0
848285,1047,Brain_Non-Myeloid_endothelial_cell,548,0.0,19,10_60296002_60296304,5903,Psap,0.0
848286,1048,Brain_Non-Myeloid_endothelial_cell,548,0.0,26,10_60296002_60296304,5903,Psap,0.0
848287,1049,Brain_Non-Myeloid_endothelial_cell,548,0.0,126,10_60296002_60296304,5903,Psap,0.0
848288,1051,Brain_Non-Myeloid_endothelial_cell,548,0.0,9,10_60296002_60296304,5903,Psap,0.0
848289,1052,Brain_Non-Myeloid_endothelial_cell,548,0.0,141,10_60296002_60296304,5903,Psap,0.0
848290,1053,Brain_Non-Myeloid_endothelial_cell,548,0.0,151,10_60296002_60296304,5903,Psap,0.0
848291,1055,Brain_Non-Myeloid_endothelial_cell,548,0.0,336,10_60296002_60296304,5903,Psap,0.0
848292,1056,Brain_Non-Myeloid_endothelial_cell,548,0.0,12,10_60296002_60296304,5903,Psap,0.0
848293,1057,Brain_Non-Myeloid_endothelial_cell,548,0.0,31,10_60296002_60296304,5903,Psap,0.0
848294,1058,Brain_Non-Myeloid_endothelial_cell,548,0.0,3,10_60296002_60296304,5903,Psap,0.0
848295,1059,Brain_Non-Myeloid_endothelial_cell,548,0.0,89,10_60296002_60296304,5903,Psap,0.0
848296,1062,Brain_Non-Myeloid_endothelial_cell,548,0.0,2,10_60296002_60296304,5903,Psap,0.0
848297,1063,Brain_Non-Myeloid_endothelial_cell,548,0.0,23,10_60296002_60296304,5903,Psap,0.0
848298,1065,Brain_Non-Myeloid_endothelial_cell,548,0.0,24,10_60296002_60296304,5903,Psap,0.0
848299,1066,Brain_Non-Myeloid_endothelial_cell,548,0.0,33,10_60296002_60296304,5903,Psap,0.0
848300,1067,Brain_Non-Myeloid_endothelial_cell,548,0.0,3,10_60296002_60296304,5903,Psap,0.0
848301,1068,Brain_Non-Myeloid_endothelial_cell,548,0.0,73,10_60296002_60296304,5903,Psap,0.0
848302,1069,Brain_Non-Myeloid_endothelial_cell,548,0.0,7,10_60296002_60296304,5903,Psap,0.0
848303,1070,Brain_Non-Myeloid_endothelial_cell,548,0.0,74,10_60296002_60296304,5903,Psap,0.0
848304,1071,Brain_Non-Myeloid_endothelial_cell,548,0.0,12,10_60296002_60296304,5903,Psap,0.0
848305,1072,Brain_Non-Myeloid_endothelial_cell,548,0.0,15,10_60296002_60296304,5903,Psap,0.0
848306,1073,Brain_Non-Myeloid_endothelial_cell,548,0.0,26,10_60296002_60296304,5903,Psap,0.0
848307,1103,Brain_Non-Myeloid_oligodendrocyte,548,0.0,3,10_60296002_60296304,5903,Psap,0.0
848308,1123,Brain_Non-Myeloid_oligodendrocyte,548,0.0,1,10_60296002_60296304,5903,Psap,0.0
848309,1129,Brain_Non-Myeloid_oligodendrocyte,548,0.0,1,10_60296002_60296304,5903,Psap,0.0
848310,1131,Brain_Non-Myeloid_oligodendrocyte,548,0.0,2,10_60296002_60296304,5903,Psap,0.0
848311,1132,Brain_Non-Myeloid_oligodendrocyte,548,0.0,2,10_60296002_60296304,5903,Psap,0.0
848312,1154,Brain_Non-Myeloid_oligodendrocyte,548,0.0,2,10_60296002_60296304,5903,Psap,0.0
848313,1183,Brain_Non-Myeloid_oligodendrocyte,548,0.0,8,10_60296002_60296304,5903,Psap,0.0
848314,1199,Brain_Non-Myeloid_oligodendrocyte,548,0.0,78,10_60296002_60296304,5903,Psap,0.0
848315,1226,Brain_Non-Myeloid_oligodendrocyte,548,0.0,16,10_60296002_60296304,5903,Psap,0.0
848316,1227,Brain_Non-Myeloid_oligodendrocyte,548,0.0,15,10_60296002_60296304,5903,Psap,0.0
848317,1237,Brain_Non-Myeloid_oligodendrocyte,548,0.0,65,10_60296002_60296304,5903,Psap,0.0
848318,1239,Brain_Non-Myeloid_oligodendrocyte,548,0.0,1,10_60296002_60296304,5903,Psap,0.0
848319,1254,Brain_Non-Myeloid_oligodendrocyte,548,0.0,22,10_60296002_60296304,5903,Psap,0.0
848320,1268,Brain_Non-Myeloid_oligodendrocyte,548,0.0,1,10_60296002_60296304,5903,Psap,0.0
848321,1279,Brain_Non-Myeloid_oligodendrocyte,548,0.0,48,10_60296002_60296304,5903,Psap,0.0
848322,1281,Brain_Non-Myeloid_oligodendrocyte,548,0.0,59,10_60296002_60296304,5903,Psap,0.0
848323,1293,Brain_Non-Myeloid_oligodendrocyte,548,0.0,42,10_60296002_60296304,5903,Psap,0.0
848324,1341,Brain_Non-Myeloid_oligodendrocyte,548,0.0,2,10_60296002_60296304,5903,Psap,0.0
848325,1389,Brain_Non-Myeloid_oligodendrocyte,548,0.0,64,10_60296002_60296304,5903,Psap,0.0
848326,1399,Brain_Non-Myeloid_oligodendrocyte,548,0.0,21,10_60296002_60296304,5903,Psap,0.0
848327,1440,Brain_Non-Myeloid_oligodendrocyte,548,0.0,13,10_60296002_60296304,5903,Psap,0.0
848328,1458,Brain_Non-Myeloid_oligodendrocyte,548,0.0,151,10_60296002_60296304,5903,Psap,0.0
848329,1474,Brain_Non-Myeloid_oligodendrocyte,548,0.0,1,10_60296002_60296304,5903,Psap,0.0
848330,1496,Brain_Non-Myeloid_oligodendrocyte,548,0.0,203,10_60296002_60296304,5903,Psap,0.0
848331,1500,Brain_Non-Myeloid_oligodendrocyte,548,0.0,2,10_60296002_60296304,5903,Psap,0.0
848332,1504,Brain_Non-Myeloid_oligodendrocyte,548,0.0,20,10_60296002_60296304,5903,Psap,0.0
848333,1516,Brain_Non-Myeloid_oligodendrocyte,548,0.0,15,10_60296002_60296304,5903,Psap,0.0
848334,1532,Brain_Non-Myeloid_oligodendrocyte,548,0.0,104,10_60296002_60296304,5903,Psap,0.0
848335,1534,Brain_Non-Myeloid_oligodendrocyte,548,0.0,68,10_60296002_60296304,5903,Psap,0.0
848336,1547,Brain_Non-Myeloid_oligodendrocyte,548,0.0,113,10_60296002_60296304,5903,Psap,0.0
848337,1551,Brain_Non-Myeloid_oligodendrocyte,548,0.0,4,10_60296002_60296304,5903,Psap,0.0
848338,1553,Brain_Non-Myeloid_oligodendrocyte,548,0.0,86,10_60296002_60296304,5903,Psap,0.0
848339,1554,Brain_Non-Myeloid_oligodendrocyte,548,0.0,21,10_60296002_60296304,5903,Psap,0.0
848340,1578,Brain_Non-Myeloid_oligodendrocyte,548,0.0,85,10_60296002_60296304,5903,Psap,0.0
848341,1592,Brain_Non-Myeloid_oligodendrocyte,548,0.0,50,10_60296002_60296304,5903,Psap,0.0
848342,1602,Brain_Non-Myeloid_oligodendrocyte,548,0.0,19,10_60296002_60296304,5903,Psap,0.0
848343,1610,Brain_Non-Myeloid_oligodendrocyte,548,0.0,18,10_60296002_60296304,5903,Psap,0.0
848344,1628,Brain_Non-Myeloid_oligodendrocyte,548,0.0,1,10_60296002_60296304,5903,Psap,0.0
848345,1635,Brain_Non-Myeloid_oligodendrocyte,548,0.0,25,10_60296002_60296304,5903,Psap,0.0
848346,1652,Brain_Non-Myeloid_oligodendrocyte,548,0.0,39,10_60296002_60296304,5903,Psap,0.0
848347,1655,Brain_Non-Myeloid_oligodendrocyte,548,0.0,9,10_60296002_60296304,5903,Psap,0.0
848348,1658,Brain_Non-Myeloid_oligodendrocyte,548,0.0,199,10_60296002_60296304,5903,Psap,0.0
848349,1684,Brain_Non-Myeloid_oligodendrocyte,548,0.0,30,10_60296002_60296304,5903,Psap,0.0
848350,1702,Brain_Non-Myeloid_oligodendrocyte,548,0.0,6,10_60296002_60296304,5903,Psap,0.0
848351,1706,Brain_Non-Myeloid_oligodendrocyte,548,0.0,41,10_60296002_60296304,5903,Psap,0.0
848352,1731,Brain_Non-Myeloid_oligodendrocyte,548,0.0,23,10_60296002_60296304,5903,Psap,0.0
848353,1737,Brain_Non-Myeloid_oligodendrocyte,548,0.0,26,10_60296002_60296304,5903,Psap,0.0
848354,1739,Brain_Non-Myeloid_oligodendrocyte,548,0.0,63,10_60296002_60296304,5903,Psap,0.0
848355,1743,Brain_Non-Myeloid_oligodendrocyte,548,0.0,70,10_60296002_60296304,5903,Psap,0.0
848356,1747,Brain_Non-Myeloid_oligodendrocyte,548,0.0,37,10_60296002_60296304,5903,Psap,0.0
848357,1749,Brain_Non-Myeloid_oligodendrocyte,548,0.0,10,10_60296002_60296304,5903,Psap,0.0
848358,1753,Brain_Non-Myeloid_oligodendrocyte,548,0.0,195,10_60296002_60296304,5903,Psap,0.0
848359,1756,Brain_Non-Myeloid_oligodendrocyte,548,0.0,60,10_60296002_60296304,5903,Psap,0.0
848360,1763,Brain_Non-Myeloid_oligodendrocyte,548,0.0,64,10_60296002_60296304,5903,Psap,0.0
848361,1769,Brain_Non-Myeloid_oligodendrocyte,548,0.0,147,10_60296002_60296304,5903,Psap,0.0
848362,1792,Brain_Non-Myeloid_oligodendrocyte,548,0.0,98,10_60296002_60296304,5903,Psap,0.0
848363,1794,Brain_Non-Myeloid_oligodendrocyte,548,0.0,142,10_60296002_60296304,5903,Psap,0.0
848364,1815,Brain_Non-Myeloid_oligodendrocyte,548,0.0,1,10_60296002_60296304,5903,Psap,0.0
848365,1827,Brain_Non-Myeloid_oligodendrocyte,548,0.0,90,10_60296002_60296304,5903,Psap,0.0
848366,1856,Brain_Non-Myeloid_oligodendrocyte,548,0.0,9,10_60296002_60296304,5903,Psap,0.0
848367,1892,Brain_Non-Myeloid_oligodendrocyte,548,0.0,33,10_60296002_60296304,5903,Psap,0.0
848368,1893,Brain_Non-Myeloid_oligodendrocyte,548,0.0,51,10_60296002_60296304,5903,Psap,0.0
848369,1895,Brain_Non-Myeloid_oligodendrocyte,548,0.0,46,10_60296002_60296304,5903,Psap,0.0
848370,1931,Brain_Non-Myeloid_oligodendrocyte,548,0.0,5,10_60296002_60296304,5903,Psap,0.0
848371,1933,Brain_Non-Myeloid_oligodendrocyte,548,0.0,18,10_60296002_60296304,5903,Psap,0.0
848372,1937,Brain_Non-Myeloid_oligodendrocyte,548,0.0,17,10_60296002_60296304,5903,Psap,0.0
848373,1942,Brain_Non-Myeloid_oligodendrocyte,548,0.0,14,10_60296002_60296304,5903,Psap,0.0
848374,1964,Brain_Non-Myeloid_oligodendrocyte,548,0.0,21,10_60296002_60296304,5903,Psap,0.0
848375,1979,Brain_Non-Myeloid_oligodendrocyte,548,0.0,64,10_60296002_60296304,5903,Psap,0.0
848376,1980,Brain_Non-Myeloid_oligodendrocyte,548,0.0,34,10_60296002_60296304,5903,Psap,0.0
848377,2006,Brain_Non-Myeloid_oligodendrocyte,548,0.0,25,10_60296002_60296304,5903,Psap,0.0
848378,2012,Brain_Non-Myeloid_oligodendrocyte,548,0.0,79,10_60296002_60296304,5903,Psap,0.0
848379,2021,Brain_Non-Myeloid_oligodendrocyte,548,0.0,21,10_60296002_60296304,5903,Psap,0.0
848380,2069,Brain_Non-Myeloid_oligodendrocyte,548,0.0,150,10_60296002_60296304,5903,Psap,0.0
848381,2075,Brain_Non-Myeloid_oligodendrocyte,548,0.0,4,10_60296002_60296304,5903,Psap,0.0
848382,2085,Brain_Non-Myeloid_oligodendrocyte,548,0.0,5,10_60296002_60296304,5903,Psap,0.0
848383,2088,Brain_Non-Myeloid_oligodendrocyte,548,0.0,123,10_60296002_60296304,5903,Psap,0.0
848384,2091,Brain_Non-Myeloid_oligodendrocyte,548,0.0,35,10_60296002_60296304,5903,Psap,0.0
848385,2097,Brain_Non-Myeloid_oligodendrocyte,548,0.0,1,10_60296002_60296304,5903,Psap,0.0
848386,2109,Brain_Non-Myeloid_oligodendrocyte,548,0.0,11,10_60296002_60296304,5903,Psap,0.0
848387,2112,Brain_Non-Myeloid_oligodendrocyte,548,0.0,60,10_60296002_60296304,5903,Psap,0.0
848388,2123,Brain_Non-Myeloid_oligodendrocyte,548,0.0,5,10_60296002_60296304,5903,Psap,0.0
848389,2133,Brain_Non-Myeloid_oligodendrocyte,548,0.0,44,10_60296002_60296304,5903,Psap,0.0
848390,2150,Brain_Non-Myeloid_oligodendrocyte,548,0.0,48,10_60296002_60296304,5903,Psap,0.0
848391,2166,Brain_Non-Myeloid_oligodendrocyte,548,0.0,43,10_60296002_60296304,5903,Psap,0.0
848392,2175,Brain_Non-Myeloid_oligodendrocyte,548,0.0,23,10_60296002_60296304,5903,Psap,0.0
848393,2191,Brain_Non-Myeloid_oligodendrocyte,548,0.0,31,10_60296002_60296304,5903,Psap,0.0
848394,2200,Brain_Non-Myeloid_oligodendrocyte,548,0.0,2,10_60296002_60296304,5903,Psap,0.0
848395,2204,Brain_Non-Myeloid_oligodendrocyte,548,0.0,1,10_60296002_60296304,5903,Psap,0.0
848396,2234,Brain_Non-Myeloid_oligodendrocyte,548,0.0,41,10_60296002_60296304,5903,Psap,0.0
848397,2239,Brain_Non-Myeloid_oligodendrocyte,548,0.0,41,10_60296002_60296304,5903,Psap,0.0
848398,2244,Brain_Non-Myeloid_oligodendrocyte,548,0.0,22,10_60296002_60296304,5903,Psap,0.0
848399,2259,Brain_Non-Myeloid_oligodendrocyte,548,0.0,60,10_60296002_60296304,5903,Psap,0.0
848400,2263,Brain_Non-Myeloid_oligodendrocyte,548,0.0,7,10_60296002_60296304,5903,Psap,0.0
848401,2288,Brain_Non-Myeloid_oligodendrocyte,548,0.0,21,10_60296002_60296304,5903,Psap,0.0
848402,2300,Brain_Non-Myeloid_oligodendrocyte,548,0.0,28,10_60296002_60296304,5903,Psap,0.0
848403,2307,Brain_Non-Myeloid_oligodendrocyte,548,0.0,4,10_60296002_60296304,5903,Psap,0.0
848404,2312,Brain_Non-Myeloid_oligodendrocyte,548,0.0,79,10_60296002_60296304,5903,Psap,0.0
848405,2318,Brain_Non-Myeloid_oligodendrocyte,548,0.0,19,10_60296002_60296304,5903,Psap,0.0
848406,2321,Brain_Non-Myeloid_oligodendrocyte,548,0.0,4,10_60296002_60296304,5903,Psap,0.0
848407,2322,Brain_Non-Myeloid_oligodendrocyte,548,0.0,58,10_60296002_60296304,5903,Psap,0.0
848408,2334,Brain_Non-Myeloid_oligodendrocyte,548,0.0,67,10_60296002_60296304,5903,Psap,0.0
848409,2343,Brain_Non-Myeloid_oligodendrocyte,548,0.0,19,10_60296002_60296304,5903,Psap,0.0
848410,2348,Brain_Non-Myeloid_oligodendrocyte,548,0.0,117,10_60296002_60296304,5903,Psap,0.0
848411,2361,Brain_Non-Myeloid_oligodendrocyte,548,0.0,1,10_60296002_60296304,5903,Psap,0.0
848412,2375,Brain_Non-Myeloid_oligodendrocyte,548,0.0,45,10_60296002_60296304,5903,Psap,0.0
848413,2407,Brain_Non-Myeloid_oligodendrocyte,548,0.0,12,10_60296002_60296304,5903,Psap,0.0
848414,2413,Brain_Non-Myeloid_oligodendrocyte,548,0.0,47,10_60296002_60296304,5903,Psap,0.0
848415,2417,Brain_Non-Myeloid_oligodendrocyte,548,0.0,15,10_60296002_60296304,5903,Psap,0.0
848416,2422,Brain_Non-Myeloid_oligodendrocyte,548,0.0,2,10_60296002_60296304,5903,Psap,0.0
848417,2443,Brain_Non-Myeloid_oligodendrocyte,548,0.0,80,10_60296002_60296304,5903,Psap,0.0
848418,2458,Brain_Non-Myeloid_oligodendrocyte,548,0.0,24,10_60296002_60296304,5903,Psap,0.0
848419,2459,Brain_Non-Myeloid_oligodendrocyte,548,0.0,21,10_60296002_60296304,5903,Psap,0.0
848420,2474,Brain_Non-Myeloid_oligodendrocyte,548,0.0,45,10_60296002_60296304,5903,Psap,0.0
848421,2477,Brain_Non-Myeloid_oligodendrocyte,548,0.0,9,10_60296002_60296304,5903,Psap,0.0
848422,2488,Brain_Non-Myeloid_oligodendrocyte,548,0.0,7,10_60296002_60296304,5903,Psap,0.0
848423,2495,Brain_Non-Myeloid_oligodendrocyte,548,0.0,6,10_60296002_60296304,5903,Psap,0.0
848424,2500,Brain_Non-Myeloid_oligodendrocyte,548,0.0,47,10_60296002_60296304,5903,Psap,0.0
848425,2505,Brain_Non-Myeloid_oligodendrocyte,548,0.0,10,10_60296002_60296304,5903,Psap,0.0
848426,2537,Brain_Non-Myeloid_oligodendrocyte,548,0.0,54,10_60296002_60296304,5903,Psap,0.0
848427,2545,Brain_Non-Myeloid_oligodendrocyte,548,0.0,4,10_60296002_60296304,5903,Psap,0.0
848428,2547,Brain_Non-Myeloid_oligodendrocyte,548,0.0,247,10_60296002_60296304,5903,Psap,0.0
848429,2552,Brain_Non-Myeloid_oligodendrocyte,548,0.0,184,10_60296002_60296304,5903,Psap,0.0
848430,2570,Brain_Non-Myeloid_oligodendrocyte,548,0.0,91,10_60296002_60296304,5903,Psap,0.0
848431,2571,Brain_Non-Myeloid_oligodendrocyte,548,0.0,6,10_60296002_60296304,5903,Psap,0.0
848432,2580,Brain_Non-Myeloid_oligodendrocyte,548,0.0,44,10_60296002_60296304,5903,Psap,0.0
848433,2588,Brain_Non-Myeloid_oligodendrocyte,548,0.0,14,10_60296002_60296304,5903,Psap,0.0
848434,2594,Brain_Non-Myeloid_oligodendrocyte,548,0.0,71,10_60296002_60296304,5903,Psap,0.0
848435,2607,Brain_Non-Myeloid_oligodendrocyte,548,0.0,25,10_60296002_60296304,5903,Psap,0.0
848436,2613,Brain_Non-Myeloid_oligodendrocyte,548,0.0,47,10_60296002_60296304,5903,Psap,0.0
848437,2615,Brain_Non-Myeloid_oligodendrocyte,548,0.0,10,10_60296002_60296304,5903,Psap,0.0
848438,2628,Brain_Non-Myeloid_oligodendrocyte,548,0.0,26,10_60296002_60296304,5903,Psap,0.0
848439,2629,Brain_Non-Myeloid_oligodendrocyte,548,0.0,8,10_60296002_60296304,5903,Psap,0.0
848440,2644,Brain_Non-Myeloid_oligodendrocyte,548,0.0,125,10_60296002_60296304,5903,Psap,0.0
848441,2646,Brain_Non-Myeloid_oligodendrocyte,548,0.0,121,10_60296002_60296304,5903,Psap,0.0
848442,2697,Brain_Non-Myeloid_neuron,548,0.0,7,10_60296002_60296304,5903,Psap,0.0
848443,2769,Brain_Non-Myeloid_neuron,548,0.0,1,10_60296002_60296304,5903,Psap,0.0
848444,2781,Brain_Non-Myeloid_neuron,548,0.0,17,10_60296002_60296304,5903,Psap,0.0
848445,2807,Brain_Non-Myeloid_neuron,548,0.0,1,10_60296002_60296304,5903,Psap,0.0
848446,2809,Brain_Non-Myeloid_neuron,548,0.0,60,10_60296002_60296304,5903,Psap,0.0
848447,2929,Brain_Myeloid_macrophage,548,0.0,275,10_60296002_60296304,5903,Psap,0.0
848448,2930,Brain_Myeloid_macrophage,548,0.0,164,10_60296002_60296304,5903,Psap,0.0
848449,2931,Brain_Myeloid_macrophage,548,0.0,1046,10_60296002_60296304,5903,Psap,0.0
848450,2932,Brain_Myeloid_macrophage,548,0.0,435,10_60296002_60296304,5903,Psap,0.0
848451,2933,Brain_Myeloid_macrophage,548,0.0,258,10_60296002_60296304,5903,Psap,0.0
848452,2934,Brain_Myeloid_macrophage,548,0.0,216,10_60296002_60296304,5903,Psap,0.0
848453,2935,Brain_Myeloid_macrophage,548,0.0,148,10_60296002_60296304,5903,Psap,0.0
848454,2937,Brain_Myeloid_macrophage,548,0.0,800,10_60296002_60296304,5903,Psap,0.0
848455,2938,Brain_Myeloid_macrophage,548,0.0,375,10_60296002_60296304,5903,Psap,0.0
848456,2939,Brain_Myeloid_macrophage,548,0.0,13,10_60296002_60296304,5903,Psap,0.0
848457,2940,Brain_Myeloid_macrophage,548,0.0,404,10_60296002_60296304,5903,Psap,0.0
848458,2941,Brain_Myeloid_macrophage,548,0.0,566,10_60296002_60296304,5903,Psap,0.0
848459,2942,Brain_Myeloid_macrophage,548,0.0,136,10_60296002_60296304,5903,Psap,0.0
848460,2943,Brain_Myeloid_macrophage,548,0.0,526,10_60296002_60296304,5903,Psap,0.0
848461,2944,Brain_Myeloid_macrophage,548,0.0,2532,10_60296002_60296304,5903,Psap,0.0
848462,2945,Brain_Myeloid_macrophage,548,0.0,247,10_60296002_60296304,5903,Psap,0.0
848463,2946,Brain_Myeloid_macrophage,548,0.0,85,10_60296002_60296304,5903,Psap,0.0
848464,2947,Brain_Myeloid_macrophage,548,0.0,177,10_60296002_60296304,5903,Psap,0.0
848465,2948,Brain_Myeloid_macrophage,548,0.0,490,10_60296002_60296304,5903,Psap,0.0
848466,2949,Brain_Myeloid_macrophage,548,0.0,271,10_60296002_60296304,5903,Psap,0.0
848467,2950,Brain_Myeloid_macrophage,548,0.0,214,10_60296002_60296304,5903,Psap,0.0
848468,2951,Brain_Myeloid_macrophage,548,0.0,519,10_60296002_60296304,5903,Psap,0.0
848469,2952,Brain_Myeloid_macrophage,548,0.0,193,10_60296002_60296304,5903,Psap,0.0
848470,2953,Brain_Myeloid_macrophage,548,0.0,834,10_60296002_60296304,5903,Psap,0.0
848471,2955,Brain_Myeloid_macrophage,548,0.0,264,10_60296002_60296304,5903,Psap,0.0
848472,2956,Brain_Myeloid_macrophage,548,0.0,646,10_60296002_60296304,5903,Psap,0.0
848473,2957,Brain_Myeloid_macrophage,548,0.0,314,10_60296002_60296304,5903,Psap,0.0
848474,2958,Brain_Myeloid_macrophage,548,0.0,1625,10_60296002_60296304,5903,Psap,0.0
848475,2959,Brain_Myeloid_macrophage,548,0.0,807,10_60296002_60296304,5903,Psap,0.0
848476,2960,Brain_Myeloid_macrophage,548,0.0,230,10_60296002_60296304,5903,Psap,0.0
848477,2961,Brain_Myeloid_macrophage,548,0.0,616,10_60296002_60296304,5903,Psap,0.0
848478,2963,Brain_Myeloid_macrophage,548,0.0,204,10_60296002_60296304,5903,Psap,0.0
848479,2964,Brain_Myeloid_macrophage,548,0.0,144,10_60296002_60296304,5903,Psap,0.0
848480,2965,Brain_Myeloid_macrophage,548,0.0,551,10_60296002_60296304,5903,Psap,0.0
848481,2966,Brain_Myeloid_macrophage,548,0.0,1418,10_60296002_60296304,5903,Psap,0.0
848482,2967,Brain_Myeloid_macrophage,548,0.0,522,10_60296002_60296304,5903,Psap,0.0
848483,2968,Brain_Myeloid_macrophage,548,0.0,1180,10_60296002_60296304,5903,Psap,0.0
848484,2969,Brain_Myeloid_macrophage,548,0.0,1437,10_60296002_60296304,5903,Psap,0.0
848485,2970,Brain_Myeloid_macrophage,548,0.0,63,10_60296002_60296304,5903,Psap,0.0
848486,2971,Brain_Myeloid_macrophage,548,0.0,1370,10_60296002_60296304,5903,Psap,0.0
848487,2972,Brain_Myeloid_macrophage,548,0.0,2223,10_60296002_60296304,5903,Psap,0.0
848488,2973,Brain_Myeloid_macrophage,548,0.0,453,10_60296002_60296304,5903,Psap,0.0
848489,2974,Brain_Myeloid_macrophage,548,0.0,672,10_60296002_60296304,5903,Psap,0.0
848490,2975,Brain_Myeloid_macrophage,548,0.0,251,10_60296002_60296304,5903,Psap,0.0
848491,2976,Brain_Myeloid_macrophage,548,0.0,331,10_60296002_60296304,5903,Psap,0.0
848492,2977,Brain_Myeloid_macrophage,548,0.0,27,10_60296002_60296304,5903,Psap,0.0
848493,2978,Brain_Myeloid_macrophage,548,0.0,181,10_60296002_60296304,5903,Psap,0.0
848494,2979,Brain_Myeloid_macrophage,548,0.0,99,10_60296002_60296304,5903,Psap,0.0
848495,2980,Brain_Myeloid_macrophage,548,0.0,778,10_60296002_60296304,5903,Psap,0.0
848496,2981,Brain_Myeloid_macrophage,548,0.0,1533,10_60296002_60296304,5903,Psap,0.0
848497,2982,Brain_Myeloid_macrophage,548,0.0,341,10_60296002_60296304,5903,Psap,0.0
848498,2983,Brain_Myeloid_macrophage,548,0.0,49,10_60296002_60296304,5903,Psap,0.0
848499,2984,Brain_Myeloid_macrophage,548,0.0,1360,10_60296002_60296304,5903,Psap,0.0
848500,2985,Brain_Myeloid_macrophage,548,0.0,400,10_60296002_60296304,5903,Psap,0.0
848501,2987,Brain_Myeloid_macrophage,548,0.0,1,10_60296002_60296304,5903,Psap,0.0
848502,2988,Brain_Myeloid_macrophage,548,0.0,97,10_60296002_60296304,5903,Psap,0.0
848503,2989,Brain_Myeloid_macrophage,548,0.0,377,10_60296002_60296304,5903,Psap,0.0
848504,2990,Brain_Myeloid_microglial_cell,548,0.0,108,10_60296002_60296304,5903,Psap,0.0
848505,2991,Brain_Myeloid_microglial_cell,548,0.0,744,10_60296002_60296304,5903,Psap,0.0
848506,2992,Brain_Myeloid_microglial_cell,548,0.0,10,10_60296002_60296304,5903,Psap,0.0
848507,2993,Brain_Myeloid_microglial_cell,548,0.0,56,10_60296002_60296304,5903,Psap,0.0
848508,2994,Brain_Myeloid_microglial_cell,548,0.0,137,10_60296002_60296304,5903,Psap,0.0
848509,2995,Brain_Myeloid_microglial_cell,548,0.0,175,10_60296002_60296304,5903,Psap,0.0
848510,2996,Brain_Myeloid_microglial_cell,548,0.0,29,10_60296002_60296304,5903,Psap,0.0
848511,2998,Brain_Myeloid_microglial_cell,548,0.0,125,10_60296002_60296304,5903,Psap,0.0
848512,2999,Brain_Myeloid_microglial_cell,548,0.0,82,10_60296002_60296304,5903,Psap,0.0
848513,3000,Brain_Myeloid_microglial_cell,548,0.0,5,10_60296002_60296304,5903,Psap,0.0
848514,3001,Brain_Myeloid_microglial_cell,548,0.0,633,10_60296002_60296304,5903,Psap,0.0
848515,3002,Brain_Myeloid_microglial_cell,548,0.0,295,10_60296002_60296304,5903,Psap,0.0
848516,3003,Brain_Myeloid_microglial_cell,548,0.0,295,10_60296002_60296304,5903,Psap,0.0
848517,3004,Brain_Myeloid_microglial_cell,548,0.0,140,10_60296002_60296304,5903,Psap,0.0
848518,3005,Brain_Myeloid_microglial_cell,548,0.0,1585,10_60296002_60296304,5903,Psap,0.0
848519,3006,Brain_Myeloid_microglial_cell,548,0.0,560,10_60296002_60296304,5903,Psap,0.0
848520,3007,Brain_Myeloid_microglial_cell,548,0.0,169,10_60296002_60296304,5903,Psap,0.0
848521,3008,Brain_Myeloid_microglial_cell,548,0.0,124,10_60296002_60296304,5903,Psap,0.0
848522,3009,Brain_Myeloid_microglial_cell,548,0.0,16,10_60296002_60296304,5903,Psap,0.0
848523,3010,Brain_Myeloid_microglial_cell,548,0.0,173,10_60296002_60296304,5903,Psap,0.0
848524,3011,Brain_Myeloid_microglial_cell,548,0.0,552,10_60296002_60296304,5903,Psap,0.0
848525,3012,Brain_Myeloid_microglial_cell,548,0.0,329,10_60296002_60296304,5903,Psap,0.0
848526,3015,Brain_Myeloid_microglial_cell,548,0.0,482,10_60296002_60296304,5903,Psap,0.0
848527,3016,Brain_Myeloid_microglial_cell,548,0.0,178,10_60296002_60296304,5903,Psap,0.0
848528,3018,Brain_Myeloid_microglial_cell,548,0.0,298,10_60296002_60296304,5903,Psap,0.0
848529,3019,Brain_Myeloid_microglial_cell,548,0.0,74,10_60296002_60296304,5903,Psap,0.0
848530,3020,Brain_Myeloid_microglial_cell,548,0.0,169,10_60296002_60296304,5903,Psap,0.0
848531,3021,Brain_Myeloid_microglial_cell,548,0.0,262,10_60296002_60296304,5903,Psap,0.0
848532,3022,Brain_Myeloid_microglial_cell,548,0.0,502,10_60296002_60296304,5903,Psap,0.0
848533,3023,Brain_Myeloid_microglial_cell,548,0.0,86,10_60296002_60296304,5903,Psap,0.0
848534,3024,Brain_Myeloid_microglial_cell,548,0.0,66,10_60296002_60296304,5903,Psap,0.0
848535,3026,Brain_Myeloid_microglial_cell,548,0.0,95,10_60296002_60296304,5903,Psap,0.0
848536,3027,Brain_Myeloid_microglial_cell,548,0.0,1,10_60296002_60296304,5903,Psap,0.0
848537,3028,Brain_Myeloid_microglial_cell,548,0.0,47,10_60296002_60296304,5903,Psap,0.0
848538,3029,Brain_Myeloid_microglial_cell,548,0.0,423,10_60296002_60296304,5903,Psap,0.0
848539,3030,Brain_Myeloid_microglial_cell,548,0.0,342,10_60296002_60296304,5903,Psap,0.0
848540,3031,Brain_Myeloid_microglial_cell,548,0.0,127,10_60296002_60296304,5903,Psap,0.0
848541,3032,Brain_Myeloid_microglial_cell,548,0.0,284,10_60296002_60296304,5903,Psap,0.0
848542,3033,Brain_Myeloid_microglial_cell,548,0.0,758,10_60296002_60296304,5903,Psap,0.0
848543,3034,Brain_Myeloid_microglial_cell,548,0.0,38,10_60296002_60296304,5903,Psap,0.0
848544,3035,Brain_Myeloid_microglial_cell,548,0.0,10,10_60296002_60296304,5903,Psap,0.0
848545,3036,Brain_Myeloid_microglial_cell,548,0.0,148,10_60296002_60296304,5903,Psap,0.0
848546,3037,Brain_Myeloid_microglial_cell,548,0.0,181,10_60296002_60296304,5903,Psap,0.0
848547,3038,Brain_Myeloid_microglial_cell,548,0.0,541,10_60296002_60296304,5903,Psap,0.0
848548,3039,Brain_Myeloid_microglial_cell,548,0.0,166,10_60296002_60296304,5903,Psap,0.0
848549,3040,Brain_Myeloid_microglial_cell,548,0.0,5,10_60296002_60296304,5903,Psap,0.0
848550,3041,Brain_Myeloid_microglial_cell,548,0.0,202,10_60296002_60296304,5903,Psap,0.0
848551,3042,Brain_Myeloid_microglial_cell,548,0.0,494,10_60296002_60296304,5903,Psap,0.0
848552,3043,Brain_Myeloid_microglial_cell,548,0.0,125,10_60296002_60296304,5903,Psap,0.0
848553,3044,Brain_Myeloid_microglial_cell,548,0.0,328,10_60296002_60296304,5903,Psap,0.0
848554,3045,Brain_Myeloid_microglial_cell,548,0.0,661,10_60296002_60296304,5903,Psap,0.0
848555,3046,Brain_Myeloid_microglial_cell,548,0.0,79,10_60296002_60296304,5903,Psap,0.0
848556,3047,Brain_Myeloid_microglial_cell,548,0.0,312,10_60296002_60296304,5903,Psap,0.0
848557,3048,Brain_Myeloid_microglial_cell,548,0.0,177,10_60296002_60296304,5903,Psap,0.0
848558,3049,Brain_Myeloid_microglial_cell,548,0.0,5,10_60296002_60296304,5903,Psap,0.0
848559,3050,Brain_Myeloid_microglial_cell,548,0.0,12,10_60296002_60296304,5903,Psap,0.0
848560,3051,Brain_Myeloid_microglial_cell,548,0.0,504,10_60296002_60296304,5903,Psap,0.0
848561,3052,Brain_Myeloid_microglial_cell,548,0.0,105,10_60296002_60296304,5903,Psap,0.0
848562,3053,Brain_Myeloid_microglial_cell,548,0.0,38,10_60296002_60296304,5903,Psap,0.0
848563,3054,Brain_Myeloid_microglial_cell,548,0.0,151,10_60296002_60296304,5903,Psap,0.0
848564,3055,Brain_Myeloid_microglial_cell,548,0.0,679,10_60296002_60296304,5903,Psap,0.0
848565,3056,Brain_Myeloid_microglial_cell,548,0.0,135,10_60296002_60296304,5903,Psap,0.0
848566,3057,Brain_Myeloid_microglial_cell,548,0.0,202,10_60296002_60296304,5903,Psap,0.0
848567,3058,Brain_Myeloid_microglial_cell,548,0.0,240,10_60296002_60296304,5903,Psap,0.0
848568,3059,Brain_Myeloid_microglial_cell,548,0.0,385,10_60296002_60296304,5903,Psap,0.0
848569,3060,Brain_Myeloid_microglial_cell,548,0.0,271,10_60296002_60296304,5903,Psap,0.0
848570,3062,Brain_Myeloid_microglial_cell,548,0.0,85,10_60296002_60296304,5903,Psap,0.0
848571,3063,Brain_Myeloid_microglial_cell,548,0.0,431,10_60296002_60296304,5903,Psap,0.0
848572,3064,Brain_Myeloid_microglial_cell,548,0.0,159,10_60296002_60296304,5903,Psap,0.0
848573,3065,Brain_Myeloid_microglial_cell,548,0.0,219,10_60296002_60296304,5903,Psap,0.0
848574,3066,Brain_Myeloid_microglial_cell,548,0.0,77,10_60296002_60296304,5903,Psap,0.0
848575,3067,Brain_Myeloid_microglial_cell,548,0.0,226,10_60296002_60296304,5903,Psap,0.0
848576,3068,Brain_Myeloid_microglial_cell,548,0.0,65,10_60296002_60296304,5903,Psap,0.0
848577,3070,Brain_Myeloid_microglial_cell,548,0.0,45,10_60296002_60296304,5903,Psap,0.0
848578,3071,Brain_Myeloid_microglial_cell,548,0.0,81,10_60296002_60296304,5903,Psap,0.0
848579,3072,Brain_Myeloid_microglial_cell,548,0.0,15,10_60296002_60296304,5903,Psap,0.0
848580,3073,Brain_Myeloid_microglial_cell,548,0.0,99,10_60296002_60296304,5903,Psap,0.0
848581,3074,Brain_Myeloid_microglial_cell,548,0.0,52,10_60296002_60296304,5903,Psap,0.0
848582,3075,Brain_Myeloid_microglial_cell,548,0.0,15,10_60296002_60296304,5903,Psap,0.0
848583,3076,Brain_Myeloid_microglial_cell,548,0.0,207,10_60296002_60296304,5903,Psap,0.0
848584,3077,Brain_Myeloid_microglial_cell,548,0.0,315,10_60296002_60296304,5903,Psap,0.0
848585,3078,Brain_Myeloid_microglial_cell,548,0.0,351,10_60296002_60296304,5903,Psap,0.0
848586,3080,Brain_Myeloid_microglial_cell,548,0.0,432,10_60296002_60296304,5903,Psap,0.0
848587,3081,Brain_Myeloid_microglial_cell,548,0.0,160,10_60296002_60296304,5903,Psap,0.0
848588,3082,Brain_Myeloid_microglial_cell,548,0.0,248,10_60296002_60296304,5903,Psap,0.0
848589,3084,Brain_Myeloid_microglial_cell,548,0.0,289,10_60296002_60296304,5903,Psap,0.0
848590,3085,Brain_Myeloid_microglial_cell,548,0.0,267,10_60296002_60296304,5903,Psap,0.0
848591,3087,Brain_Myeloid_microglial_cell,548,0.0,63,10_60296002_60296304,5903,Psap,0.0
848592,3088,Brain_Myeloid_microglial_cell,548,0.0,191,10_60296002_60296304,5903,Psap,0.0
848593,3089,Brain_Myeloid_microglial_cell,548,0.0,137,10_60296002_60296304,5903,Psap,0.0
848594,3090,Brain_Myeloid_microglial_cell,548,0.0,543,10_60296002_60296304,5903,Psap,0.0
848595,3092,Brain_Myeloid_microglial_cell,548,0.0,192,10_60296002_60296304,5903,Psap,0.0
848596,3093,Brain_Myeloid_microglial_cell,548,0.0,705,10_60296002_60296304,5903,Psap,0.0
848597,3094,Brain_Myeloid_microglial_cell,548,0.0,34,10_60296002_60296304,5903,Psap,0.0
848598,3095,Brain_Myeloid_microglial_cell,548,0.0,110,10_60296002_60296304,5903,Psap,0.0
848599,3096,Brain_Myeloid_microglial_cell,548,0.0,144,10_60296002_60296304,5903,Psap,0.0
848600,3097,Brain_Myeloid_microglial_cell,548,0.0,998,10_60296002_60296304,5903,Psap,0.0
848601,3098,Brain_Myeloid_microglial_cell,548,0.0,793,10_60296002_60296304,5903,Psap,0.0
848602,3099,Brain_Myeloid_microglial_cell,548,0.0,20,10_60296002_60296304,5903,Psap,0.0
848603,3100,Brain_Myeloid_microglial_cell,548,0.0,113,10_60296002_60296304,5903,Psap,0.0
848604,3101,Brain_Myeloid_microglial_cell,548,0.0,167,10_60296002_60296304,5903,Psap,0.0
848605,3102,Brain_Myeloid_microglial_cell,548,0.0,50,10_60296002_60296304,5903,Psap,0.0
848606,3103,Brain_Myeloid_microglial_cell,548,0.0,287,10_60296002_60296304,5903,Psap,0.0
848607,3104,Brain_Myeloid_microglial_cell,548,0.0,1947,10_60296002_60296304,5903,Psap,0.0
848608,3105,Brain_Myeloid_microglial_cell,548,0.0,368,10_60296002_60296304,5903,Psap,0.0
848609,3106,Brain_Myeloid_microglial_cell,548,0.0,58,10_60296002_60296304,5903,Psap,0.0
848610,3107,Brain_Myeloid_microglial_cell,548,0.0,260,10_60296002_60296304,5903,Psap,0.0
848611,3108,Brain_Myeloid_microglial_cell,548,0.0,138,10_60296002_60296304,5903,Psap,0.0
848612,3109,Brain_Myeloid_microglial_cell,548,0.0,1430,10_60296002_60296304,5903,Psap,0.0
848613,3110,Brain_Myeloid_microglial_cell,548,0.0,746,10_60296002_60296304,5903,Psap,0.0
848614,3111,Brain_Myeloid_microglial_cell,548,0.0,173,10_60296002_60296304,5903,Psap,0.0
848615,3112,Brain_Myeloid_microglial_cell,548,0.0,198,10_60296002_60296304,5903,Psap,0.0
848616,3113,Brain_Myeloid_microglial_cell,548,0.0,33,10_60296002_60296304,5903,Psap,0.0
848617,3114,Brain_Myeloid_microglial_cell,548,0.0,308,10_60296002_60296304,5903,Psap,0.0
848618,3115,Brain_Myeloid_microglial_cell,548,0.0,413,10_60296002_60296304,5903,Psap,0.0
848619,3117,Brain_Myeloid_microglial_cell,548,0.0,152,10_60296002_60296304,5903,Psap,0.0
848620,3118,Brain_Myeloid_microglial_cell,548,0.0,51,10_60296002_60296304,5903,Psap,0.0
848621,3119,Brain_Myeloid_microglial_cell,548,0.0,149,10_60296002_60296304,5903,Psap,0.0
848622,3120,Brain_Myeloid_microglial_cell,548,0.0,632,10_60296002_60296304,5903,Psap,0.0
848623,3121,Brain_Myeloid_microglial_cell,548,0.0,1381,10_60296002_60296304,5903,Psap,0.0
848624,3122,Brain_Myeloid_microglial_cell,548,0.0,170,10_60296002_60296304,5903,Psap,0.0
848625,3123,Brain_Myeloid_microglial_cell,548,0.0,656,10_60296002_60296304,5903,Psap,0.0
848626,3124,Brain_Myeloid_microglial_cell,548,0.0,143,10_60296002_60296304,5903,Psap,0.0
848627,3125,Brain_Myeloid_microglial_cell,548,0.0,393,10_60296002_60296304,5903,Psap,0.0
848628,3126,Brain_Myeloid_microglial_cell,548,0.0,100,10_60296002_60296304,5903,Psap,0.0
848629,3127,Brain_Myeloid_microglial_cell,548,0.0,246,10_60296002_60296304,5903,Psap,0.0
848630,3128,Brain_Myeloid_microglial_cell,548,0.0,370,10_60296002_60296304,5903,Psap,0.0
848631,3129,Brain_Myeloid_microglial_cell,548,0.0,254,10_60296002_60296304,5903,Psap,0.0
848632,3130,Brain_Myeloid_microglial_cell,548,0.0,394,10_60296002_60296304,5903,Psap,0.0
848633,3131,Brain_Myeloid_microglial_cell,548,0.0,42,10_60296002_60296304,5903,Psap,0.0
848634,3132,Brain_Myeloid_microglial_cell,548,0.0,228,10_60296002_60296304,5903,Psap,0.0
848635,3133,Brain_Myeloid_microglial_cell,548,0.0,243,10_60296002_60296304,5903,Psap,0.0
848636,3134,Brain_Myeloid_microglial_cell,548,0.0,335,10_60296002_60296304,5903,Psap,0.0
848637,3135,Brain_Myeloid_microglial_cell,548,0.0,138,10_60296002_60296304,5903,Psap,0.0
848638,3136,Brain_Myeloid_microglial_cell,548,0.0,208,10_60296002_60296304,5903,Psap,0.0
848639,3137,Brain_Myeloid_microglial_cell,548,0.0,546,10_60296002_60296304,5903,Psap,0.0
848640,3138,Brain_Myeloid_microglial_cell,548,0.0,120,10_60296002_60296304,5903,Psap,0.0
848641,3139,Brain_Myeloid_microglial_cell,548,0.0,307,10_60296002_60296304,5903,Psap,0.0
848642,3140,Brain_Myeloid_microglial_cell,548,0.0,539,10_60296002_60296304,5903,Psap,0.0
848643,3141,Brain_Myeloid_microglial_cell,548,0.0,462,10_60296002_60296304,5903,Psap,0.0
848644,3142,Brain_Myeloid_microglial_cell,548,0.0,118,10_60296002_60296304,5903,Psap,0.0
848645,3143,Brain_Myeloid_microglial_cell,548,0.0,19,10_60296002_60296304,5903,Psap,0.0
848646,3144,Brain_Myeloid_microglial_cell,548,0.0,368,10_60296002_60296304,5903,Psap,0.0
848647,3145,Brain_Myeloid_microglial_cell,548,0.0,676,10_60296002_60296304,5903,Psap,0.0
848648,3146,Brain_Myeloid_microglial_cell,548,0.0,1629,10_60296002_60296304,5903,Psap,0.0
848649,3147,Brain_Myeloid_microglial_cell,548,0.0,54,10_60296002_60296304,5903,Psap,0.0
848650,3148,Brain_Myeloid_microglial_cell,548,0.0,321,10_60296002_60296304,5903,Psap,0.0
848651,3149,Brain_Myeloid_microglial_cell,548,0.0,355,10_60296002_60296304,5903,Psap,0.0
848652,3150,Brain_Myeloid_microglial_cell,548,0.0,207,10_60296002_60296304,5903,Psap,0.0
848653,3151,Brain_Myeloid_microglial_cell,548,0.0,659,10_60296002_60296304,5903,Psap,0.0
848654,3152,Brain_Myeloid_microglial_cell,548,0.0,172,10_60296002_60296304,5903,Psap,0.0
848655,3153,Brain_Myeloid_microglial_cell,548,0.0,125,10_60296002_60296304,5903,Psap,0.0
848656,3154,Brain_Myeloid_microglial_cell,548,0.0,642,10_60296002_60296304,5903,Psap,0.0
848657,3155,Brain_Myeloid_microglial_cell,548,0.0,90,10_60296002_60296304,5903,Psap,0.0
848658,3156,Brain_Myeloid_microglial_cell,548,0.0,462,10_60296002_60296304,5903,Psap,0.0
848659,3157,Brain_Myeloid_microglial_cell,548,0.0,149,10_60296002_60296304,5903,Psap,0.0
848660,3158,Brain_Myeloid_microglial_cell,548,0.0,213,10_60296002_60296304,5903,Psap,0.0
848661,3159,Brain_Myeloid_microglial_cell,548,0.0,140,10_60296002_60296304,5903,Psap,0.0
848662,3161,Brain_Myeloid_microglial_cell,548,0.0,224,10_60296002_60296304,5903,Psap,0.0
848663,3162,Brain_Myeloid_microglial_cell,548,0.0,93,10_60296002_60296304,5903,Psap,0.0
848664,3163,Brain_Myeloid_microglial_cell,548,0.0,1,10_60296002_60296304,5903,Psap,0.0
848665,3164,Brain_Myeloid_microglial_cell,548,0.0,41,10_60296002_60296304,5903,Psap,0.0
848666,3165,Brain_Myeloid_microglial_cell,548,0.0,282,10_60296002_60296304,5903,Psap,0.0
848667,3166,Brain_Myeloid_microglial_cell,548,0.0,148,10_60296002_60296304,5903,Psap,0.0
848668,3167,Brain_Myeloid_microglial_cell,548,0.0,260,10_60296002_60296304,5903,Psap,0.0
848669,3168,Brain_Myeloid_microglial_cell,548,0.0,18,10_60296002_60296304,5903,Psap,0.0
848670,3169,Brain_Myeloid_microglial_cell,548,0.0,77,10_60296002_60296304,5903,Psap,0.0
848671,3170,Brain_Myeloid_microglial_cell,548,0.0,294,10_60296002_60296304,5903,Psap,0.0
848672,3171,Brain_Myeloid_microglial_cell,548,0.0,350,10_60296002_60296304,5903,Psap,0.0
848673,3172,Brain_Myeloid_microglial_cell,548,0.0,54,10_60296002_60296304,5903,Psap,0.0
848674,3173,Brain_Myeloid_microglial_cell,548,0.0,823,10_60296002_60296304,5903,Psap,0.0
848675,3174,Brain_Myeloid_microglial_cell,548,0.0,10,10_60296002_60296304,5903,Psap,0.0
848676,3175,Brain_Myeloid_microglial_cell,548,0.0,57,10_60296002_60296304,5903,Psap,0.0
848677,3176,Brain_Myeloid_microglial_cell,548,0.0,438,10_60296002_60296304,5903,Psap,0.0
848678,3177,Brain_Myeloid_microglial_cell,548,0.0,155,10_60296002_60296304,5903,Psap,0.0
848679,3178,Brain_Myeloid_microglial_cell,548,0.0,528,10_60296002_60296304,5903,Psap,0.0
848680,3179,Brain_Myeloid_microglial_cell,548,0.0,59,10_60296002_60296304,5903,Psap,0.0
848681,3180,Brain_Myeloid_microglial_cell,548,0.0,247,10_60296002_60296304,5903,Psap,0.0
848682,3181,Brain_Myeloid_microglial_cell,548,0.0,301,10_60296002_60296304,5903,Psap,0.0
848683,3182,Brain_Myeloid_microglial_cell,548,0.0,34,10_60296002_60296304,5903,Psap,0.0
848684,3183,Brain_Myeloid_microglial_cell,548,0.0,191,10_60296002_60296304,5903,Psap,0.0
848685,3184,Brain_Myeloid_microglial_cell,548,0.0,27,10_60296002_60296304,5903,Psap,0.0
848686,3185,Brain_Myeloid_microglial_cell,548,0.0,18,10_60296002_60296304,5903,Psap,0.0
848687,3186,Brain_Myeloid_microglial_cell,548,0.0,30,10_60296002_60296304,5903,Psap,0.0
848688,3187,Brain_Myeloid_microglial_cell,548,0.0,106,10_60296002_60296304,5903,Psap,0.0
848689,3188,Brain_Myeloid_microglial_cell,548,0.0,26,10_60296002_60296304,5903,Psap,0.0
848690,3189,Brain_Myeloid_microglial_cell,548,0.0,604,10_60296002_60296304,5903,Psap,0.0
848691,3190,Brain_Myeloid_microglial_cell,548,0.0,55,10_60296002_60296304,5903,Psap,0.0
848692,3191,Brain_Myeloid_microglial_cell,548,0.0,8,10_60296002_60296304,5903,Psap,0.0
848693,3192,Brain_Myeloid_microglial_cell,548,0.0,256,10_60296002_60296304,5903,Psap,0.0
848694,3193,Brain_Myeloid_microglial_cell,548,0.0,67,10_60296002_60296304,5903,Psap,0.0
848695,3194,Brain_Myeloid_microglial_cell,548,0.0,487,10_60296002_60296304,5903,Psap,0.0
848696,3195,Brain_Myeloid_microglial_cell,548,0.0,230,10_60296002_60296304,5903,Psap,0.0
848697,3196,Brain_Myeloid_microglial_cell,548,0.0,105,10_60296002_60296304,5903,Psap,0.0
848698,3197,Brain_Myeloid_microglial_cell,548,0.0,34,10_60296002_60296304,5903,Psap,0.0
848699,3198,Brain_Myeloid_microglial_cell,548,0.0,166,10_60296002_60296304,5903,Psap,0.0
848700,3199,Brain_Myeloid_microglial_cell,548,0.0,410,10_60296002_60296304,5903,Psap,0.0
848701,3200,Brain_Myeloid_microglial_cell,548,0.0,76,10_60296002_60296304,5903,Psap,0.0
848702,3201,Brain_Myeloid_microglial_cell,548,0.0,145,10_60296002_60296304,5903,Psap,0.0
848703,3202,Brain_Myeloid_microglial_cell,548,0.0,24,10_60296002_60296304,5903,Psap,0.0
848704,3203,Brain_Myeloid_microglial_cell,548,0.0,743,10_60296002_60296304,5903,Psap,0.0
848705,3204,Brain_Myeloid_microglial_cell,548,0.0,102,10_60296002_60296304,5903,Psap,0.0
848706,3205,Brain_Myeloid_microglial_cell,548,0.0,72,10_60296002_60296304,5903,Psap,0.0
848707,3206,Brain_Myeloid_microglial_cell,548,0.0,213,10_60296002_60296304,5903,Psap,0.0
848708,3207,Brain_Myeloid_microglial_cell,548,0.0,32,10_60296002_60296304,5903,Psap,0.0
848709,3208,Brain_Myeloid_microglial_cell,548,0.0,433,10_60296002_60296304,5903,Psap,0.0
848710,3209,Brain_Myeloid_microglial_cell,548,0.0,301,10_60296002_60296304,5903,Psap,0.0
848711,3210,Brain_Myeloid_microglial_cell,548,0.0,79,10_60296002_60296304,5903,Psap,0.0
848712,3211,Brain_Myeloid_microglial_cell,548,0.0,306,10_60296002_60296304,5903,Psap,0.0
848713,3212,Brain_Myeloid_microglial_cell,548,0.0,202,10_60296002_60296304,5903,Psap,0.0
848714,3213,Brain_Myeloid_microglial_cell,548,0.0,173,10_60296002_60296304,5903,Psap,0.0
848715,3214,Brain_Myeloid_microglial_cell,548,0.0,35,10_60296002_60296304,5903,Psap,0.0
848716,3215,Brain_Myeloid_microglial_cell,548,0.0,200,10_60296002_60296304,5903,Psap,0.0
848717,3216,Brain_Myeloid_microglial_cell,548,0.0,253,10_60296002_60296304,5903,Psap,0.0
848718,3217,Brain_Myeloid_microglial_cell,548,0.0,340,10_60296002_60296304,5903,Psap,0.0
848719,3218,Brain_Myeloid_microglial_cell,548,0.0,45,10_60296002_60296304,5903,Psap,0.0
848720,3219,Brain_Myeloid_microglial_cell,548,0.0,277,10_60296002_60296304,5903,Psap,0.0
848721,3220,Brain_Myeloid_microglial_cell,548,0.0,65,10_60296002_60296304,5903,Psap,0.0
848722,3221,Brain_Myeloid_microglial_cell,548,0.0,259,10_60296002_60296304,5903,Psap,0.0
848723,3222,Brain_Myeloid_microglial_cell,548,0.0,88,10_60296002_60296304,5903,Psap,0.0
848724,3223,Brain_Myeloid_microglial_cell,548,0.0,55,10_60296002_60296304,5903,Psap,0.0
848725,3224,Brain_Myeloid_microglial_cell,548,0.0,88,10_60296002_60296304,5903,Psap,0.0
848726,3225,Brain_Myeloid_microglial_cell,548,0.0,313,10_60296002_60296304,5903,Psap,0.0
848727,3226,Brain_Myeloid_microglial_cell,548,0.0,2,10_60296002_60296304,5903,Psap,0.0
848728,3227,Brain_Myeloid_microglial_cell,548,0.0,92,10_60296002_60296304,5903,Psap,0.0
848729,3229,Brain_Myeloid_microglial_cell,548,0.0,184,10_60296002_60296304,5903,Psap,0.0
848730,3230,Brain_Myeloid_microglial_cell,548,0.0,146,10_60296002_60296304,5903,Psap,0.0
848731,3231,Brain_Myeloid_microglial_cell,548,0.0,58,10_60296002_60296304,5903,Psap,0.0
848732,3232,Brain_Myeloid_microglial_cell,548,0.0,312,10_60296002_60296304,5903,Psap,0.0
848733,3233,Brain_Myeloid_microglial_cell,548,0.0,449,10_60296002_60296304,5903,Psap,0.0
848734,3235,Brain_Myeloid_microglial_cell,548,0.0,151,10_60296002_60296304,5903,Psap,0.0
848735,3236,Brain_Myeloid_microglial_cell,548,0.0,16,10_60296002_60296304,5903,Psap,0.0
848736,3237,Brain_Myeloid_microglial_cell,548,0.0,73,10_60296002_60296304,5903,Psap,0.0
848737,3238,Brain_Myeloid_microglial_cell,548,0.0,338,10_60296002_60296304,5903,Psap,0.0
848738,3239,Brain_Myeloid_microglial_cell,548,0.0,2,10_60296002_60296304,5903,Psap,0.0
848739,3240,Brain_Myeloid_microglial_cell,548,0.0,182,10_60296002_60296304,5903,Psap,0.0
848740,3241,Brain_Myeloid_microglial_cell,548,0.0,172,10_60296002_60296304,5903,Psap,0.0
848741,3242,Brain_Myeloid_microglial_cell,548,0.0,1046,10_60296002_60296304,5903,Psap,0.0
848742,3243,Brain_Myeloid_microglial_cell,548,0.0,178,10_60296002_60296304,5903,Psap,0.0
848743,3244,Brain_Myeloid_microglial_cell,548,0.0,22,10_60296002_60296304,5903,Psap,0.0
848744,3245,Brain_Myeloid_microglial_cell,548,0.0,146,10_60296002_60296304,5903,Psap,0.0
848745,3246,Brain_Myeloid_microglial_cell,548,0.0,630,10_60296002_60296304,5903,Psap,0.0
848746,3247,Brain_Myeloid_microglial_cell,548,0.0,194,10_60296002_60296304,5903,Psap,0.0
848747,3248,Brain_Myeloid_microglial_cell,548,0.0,183,10_60296002_60296304,5903,Psap,0.0
848748,3249,Brain_Myeloid_microglial_cell,548,0.0,75,10_60296002_60296304,5903,Psap,0.0
848749,3250,Brain_Myeloid_microglial_cell,548,0.0,479,10_60296002_60296304,5903,Psap,0.0
848750,3251,Brain_Myeloid_microglial_cell,548,0.0,157,10_60296002_60296304,5903,Psap,0.0
848751,3252,Brain_Myeloid_microglial_cell,548,0.0,5,10_60296002_60296304,5903,Psap,0.0
848752,3253,Brain_Myeloid_microglial_cell,548,0.0,70,10_60296002_60296304,5903,Psap,0.0
848753,3254,Brain_Myeloid_microglial_cell,548,0.0,499,10_60296002_60296304,5903,Psap,0.0
848754,3255,Brain_Myeloid_microglial_cell,548,0.0,444,10_60296002_60296304,5903,Psap,0.0
848755,3256,Brain_Myeloid_microglial_cell,548,0.0,101,10_60296002_60296304,5903,Psap,0.0
848756,3257,Brain_Myeloid_microglial_cell,548,0.0,264,10_60296002_60296304,5903,Psap,0.0
848757,3258,Brain_Myeloid_microglial_cell,548,0.0,124,10_60296002_60296304,5903,Psap,0.0
848758,3259,Brain_Myeloid_microglial_cell,548,0.0,316,10_60296002_60296304,5903,Psap,0.0
848759,3260,Brain_Myeloid_microglial_cell,548,0.0,201,10_60296002_60296304,5903,Psap,0.0
848760,3261,Brain_Myeloid_microglial_cell,548,0.0,36,10_60296002_60296304,5903,Psap,0.0
848761,3262,Brain_Myeloid_microglial_cell,548,0.0,73,10_60296002_60296304,5903,Psap,0.0
848762,3263,Brain_Myeloid_microglial_cell,548,0.0,179,10_60296002_60296304,5903,Psap,0.0
848763,3264,Brain_Myeloid_microglial_cell,548,0.0,64,10_60296002_60296304,5903,Psap,0.0
848764,3265,Brain_Myeloid_microglial_cell,548,0.0,183,10_60296002_60296304,5903,Psap,0.0
848765,3266,Brain_Myeloid_microglial_cell,548,0.0,247,10_60296002_60296304,5903,Psap,0.0
848766,3267,Brain_Myeloid_microglial_cell,548,0.0,561,10_60296002_60296304,5903,Psap,0.0
848767,3268,Brain_Myeloid_microglial_cell,548,0.0,363,10_60296002_60296304,5903,Psap,0.0
848768,3269,Brain_Myeloid_microglial_cell,548,0.0,331,10_60296002_60296304,5903,Psap,0.0
848769,3270,Brain_Myeloid_microglial_cell,548,0.0,266,10_60296002_60296304,5903,Psap,0.0
848770,3271,Brain_Myeloid_microglial_cell,548,0.0,1494,10_60296002_60296304,5903,Psap,0.0
848771,3272,Brain_Myeloid_microglial_cell,548,0.0,754,10_60296002_60296304,5903,Psap,0.0
848772,3273,Brain_Myeloid_microglial_cell,548,0.0,53,10_60296002_60296304,5903,Psap,0.0
848773,3274,Brain_Myeloid_microglial_cell,548,0.0,141,10_60296002_60296304,5903,Psap,0.0
848774,3275,Brain_Myeloid_microglial_cell,548,0.0,423,10_60296002_60296304,5903,Psap,0.0
848775,3276,Brain_Myeloid_microglial_cell,548,0.0,237,10_60296002_60296304,5903,Psap,0.0
848776,3277,Brain_Myeloid_microglial_cell,548,0.0,79,10_60296002_60296304,5903,Psap,0.0
848777,3278,Brain_Myeloid_microglial_cell,548,0.0,247,10_60296002_60296304,5903,Psap,0.0
848778,3279,Brain_Myeloid_microglial_cell,548,0.0,246,10_60296002_60296304,5903,Psap,0.0
848779,3280,Brain_Myeloid_microglial_cell,548,0.0,158,10_60296002_60296304,5903,Psap,0.0
848780,3281,Brain_Myeloid_microglial_cell,548,0.0,341,10_60296002_60296304,5903,Psap,0.0
848781,3282,Brain_Myeloid_microglial_cell,548,0.0,516,10_60296002_60296304,5903,Psap,0.0
848782,3283,Brain_Myeloid_microglial_cell,548,0.0,41,10_60296002_60296304,5903,Psap,0.0
848783,3285,Brain_Myeloid_microglial_cell,548,0.0,55,10_60296002_60296304,5903,Psap,0.0
848784,3286,Brain_Myeloid_microglial_cell,548,0.0,63,10_60296002_60296304,5903,Psap,0.0
848785,3287,Brain_Myeloid_microglial_cell,548,0.0,216,10_60296002_60296304,5903,Psap,0.0
848786,3288,Brain_Myeloid_microglial_cell,548,0.0,280,10_60296002_60296304,5903,Psap,0.0
848787,3289,Brain_Myeloid_microglial_cell,548,0.0,259,10_60296002_60296304,5903,Psap,0.0
848788,3290,Brain_Myeloid_microglial_cell,548,0.0,175,10_60296002_60296304,5903,Psap,0.0
848789,3291,Brain_Myeloid_microglial_cell,548,0.0,99,10_60296002_60296304,5903,Psap,0.0
848790,3292,Brain_Myeloid_microglial_cell,548,0.0,200,10_60296002_60296304,5903,Psap,0.0
848791,3293,Brain_Myeloid_microglial_cell,548,0.0,258,10_60296002_60296304,5903,Psap,0.0
848792,3294,Brain_Myeloid_microglial_cell,548,0.0,635,10_60296002_60296304,5903,Psap,0.0
848793,3295,Brain_Myeloid_microglial_cell,548,0.0,98,10_60296002_60296304,5903,Psap,0.0
848794,3296,Brain_Myeloid_microglial_cell,548,0.0,313,10_60296002_60296304,5903,Psap,0.0
848795,3297,Brain_Myeloid_microglial_cell,548,0.0,50,10_60296002_60296304,5903,Psap,0.0
848796,3298,Brain_Myeloid_microglial_cell,548,0.0,52,10_60296002_60296304,5903,Psap,0.0
848797,3299,Brain_Myeloid_microglial_cell,548,0.0,204,10_60296002_60296304,5903,Psap,0.0
848798,3300,Brain_Myeloid_microglial_cell,548,0.0,570,10_60296002_60296304,5903,Psap,0.0
848799,3301,Brain_Myeloid_microglial_cell,548,0.0,455,10_60296002_60296304,5903,Psap,0.0
848800,3302,Brain_Myeloid_microglial_cell,548,0.0,49,10_60296002_60296304,5903,Psap,0.0
848801,3303,Brain_Myeloid_microglial_cell,548,0.0,491,10_60296002_60296304,5903,Psap,0.0
848802,3304,Brain_Myeloid_microglial_cell,548,0.0,289,10_60296002_60296304,5903,Psap,0.0
848803,3305,Brain_Myeloid_microglial_cell,548,0.0,313,10_60296002_60296304,5903,Psap,0.0
848804,3306,Brain_Myeloid_microglial_cell,548,0.0,295,10_60296002_60296304,5903,Psap,0.0
848805,3307,Brain_Myeloid_microglial_cell,548,0.0,88,10_60296002_60296304,5903,Psap,0.0
848806,3308,Brain_Myeloid_microglial_cell,548,0.0,97,10_60296002_60296304,5903,Psap,0.0
848807,3309,Brain_Myeloid_microglial_cell,548,0.0,573,10_60296002_60296304,5903,Psap,0.0
848808,3310,Brain_Myeloid_microglial_cell,548,0.0,168,10_60296002_60296304,5903,Psap,0.0
848809,3311,Brain_Myeloid_microglial_cell,548,0.0,559,10_60296002_60296304,5903,Psap,0.0
848810,3312,Brain_Myeloid_microglial_cell,548,0.0,261,10_60296002_60296304,5903,Psap,0.0
848811,3313,Brain_Myeloid_microglial_cell,548,0.0,338,10_60296002_60296304,5903,Psap,0.0
848812,3314,Brain_Myeloid_microglial_cell,548,0.0,197,10_60296002_60296304,5903,Psap,0.0
848813,3315,Brain_Myeloid_microglial_cell,548,0.0,289,10_60296002_60296304,5903,Psap,0.0
848814,3316,Brain_Myeloid_microglial_cell,548,0.0,480,10_60296002_60296304,5903,Psap,0.0
848815,3317,Brain_Myeloid_microglial_cell,548,0.0,162,10_60296002_60296304,5903,Psap,0.0
848816,3318,Brain_Myeloid_microglial_cell,548,0.0,147,10_60296002_60296304,5903,Psap,0.0
848817,3319,Brain_Myeloid_microglial_cell,548,0.0,290,10_60296002_60296304,5903,Psap,0.0
848818,3320,Brain_Myeloid_microglial_cell,548,0.0,64,10_60296002_60296304,5903,Psap,0.0
848819,3321,Brain_Myeloid_microglial_cell,548,0.0,119,10_60296002_60296304,5903,Psap,0.0
848820,3322,Brain_Myeloid_microglial_cell,548,0.0,454,10_60296002_60296304,5903,Psap,0.0
848821,3323,Brain_Myeloid_microglial_cell,548,0.0,943,10_60296002_60296304,5903,Psap,0.0
848822,3324,Brain_Myeloid_microglial_cell,548,0.0,451,10_60296002_60296304,5903,Psap,0.0
848823,3325,Brain_Myeloid_microglial_cell,548,0.0,465,10_60296002_60296304,5903,Psap,0.0
848824,3326,Brain_Myeloid_microglial_cell,548,0.0,141,10_60296002_60296304,5903,Psap,0.0
848825,3327,Brain_Myeloid_microglial_cell,548,0.0,231,10_60296002_60296304,5903,Psap,0.0
848826,3328,Brain_Myeloid_microglial_cell,548,0.0,203,10_60296002_60296304,5903,Psap,0.0
848827,3329,Brain_Myeloid_microglial_cell,548,0.0,87,10_60296002_60296304,5903,Psap,0.0
848828,3330,Brain_Myeloid_microglial_cell,548,0.0,754,10_60296002_60296304,5903,Psap,0.0
848829,3331,Brain_Myeloid_microglial_cell,548,0.0,233,10_60296002_60296304,5903,Psap,0.0
848830,3332,Brain_Myeloid_microglial_cell,548,0.0,231,10_60296002_60296304,5903,Psap,0.0
848831,3333,Brain_Myeloid_microglial_cell,548,0.0,329,10_60296002_60296304,5903,Psap,0.0
848832,3334,Brain_Myeloid_microglial_cell,548,0.0,314,10_60296002_60296304,5903,Psap,0.0
848833,3335,Brain_Myeloid_microglial_cell,548,0.0,275,10_60296002_60296304,5903,Psap,0.0
848834,3336,Brain_Myeloid_microglial_cell,548,0.0,135,10_60296002_60296304,5903,Psap,0.0
848835,3337,Brain_Myeloid_microglial_cell,548,0.0,184,10_60296002_60296304,5903,Psap,0.0
848836,3338,Brain_Myeloid_microglial_cell,548,0.0,618,10_60296002_60296304,5903,Psap,0.0
848837,3339,Brain_Myeloid_microglial_cell,548,0.0,1101,10_60296002_60296304,5903,Psap,0.0
848838,3340,Brain_Myeloid_microglial_cell,548,0.0,20,10_60296002_60296304,5903,Psap,0.0
848839,3341,Brain_Myeloid_microglial_cell,548,0.0,76,10_60296002_60296304,5903,Psap,0.0
848840,3342,Brain_Myeloid_microglial_cell,548,0.0,181,10_60296002_60296304,5903,Psap,0.0
848841,3343,Brain_Myeloid_microglial_cell,548,0.0,84,10_60296002_60296304,5903,Psap,0.0
848842,3345,Brain_Myeloid_microglial_cell,548,0.0,216,10_60296002_60296304,5903,Psap,0.0
848843,3346,Brain_Myeloid_microglial_cell,548,0.0,213,10_60296002_60296304,5903,Psap,0.0
848844,3347,Brain_Myeloid_microglial_cell,548,0.0,406,10_60296002_60296304,5903,Psap,0.0
848845,3348,Brain_Myeloid_microglial_cell,548,0.0,652,10_60296002_60296304,5903,Psap,0.0
848846,3349,Brain_Myeloid_microglial_cell,548,0.0,402,10_60296002_60296304,5903,Psap,0.0
848847,3350,Brain_Myeloid_microglial_cell,548,0.0,111,10_60296002_60296304,5903,Psap,0.0
848848,3351,Brain_Myeloid_microglial_cell,548,0.0,240,10_60296002_60296304,5903,Psap,0.0
848849,3352,Brain_Myeloid_microglial_cell,548,0.0,72,10_60296002_60296304,5903,Psap,0.0
848850,3353,Brain_Myeloid_microglial_cell,548,0.0,450,10_60296002_60296304,5903,Psap,0.0
848851,3354,Brain_Myeloid_microglial_cell,548,0.0,837,10_60296002_60296304,5903,Psap,0.0
848852,3355,Brain_Myeloid_microglial_cell,548,0.0,280,10_60296002_60296304,5903,Psap,0.0
848853,3356,Brain_Myeloid_microglial_cell,548,0.0,136,10_60296002_60296304,5903,Psap,0.0
848854,3357,Brain_Myeloid_microglial_cell,548,0.0,768,10_60296002_60296304,5903,Psap,0.0
848855,3358,Brain_Myeloid_microglial_cell,548,0.0,26,10_60296002_60296304,5903,Psap,0.0
848856,3359,Brain_Myeloid_microglial_cell,548,0.0,141,10_60296002_60296304,5903,Psap,0.0
848857,3360,Brain_Myeloid_microglial_cell,548,0.0,490,10_60296002_60296304,5903,Psap,0.0
848858,3361,Brain_Myeloid_microglial_cell,548,0.0,80,10_60296002_60296304,5903,Psap,0.0
848859,3362,Brain_Myeloid_microglial_cell,548,0.0,52,10_60296002_60296304,5903,Psap,0.0
848860,3363,Brain_Myeloid_microglial_cell,548,0.0,269,10_60296002_60296304,5903,Psap,0.0
848861,3364,Brain_Myeloid_microglial_cell,548,0.0,59,10_60296002_60296304,5903,Psap,0.0
848862,3365,Brain_Myeloid_microglial_cell,548,0.0,1776,10_60296002_60296304,5903,Psap,0.0
848863,3366,Brain_Myeloid_microglial_cell,548,0.0,484,10_60296002_60296304,5903,Psap,0.0
848864,3367,Brain_Myeloid_microglial_cell,548,0.0,59,10_60296002_60296304,5903,Psap,0.0
848865,3369,Brain_Myeloid_microglial_cell,548,0.0,241,10_60296002_60296304,5903,Psap,0.0
848866,3370,Brain_Myeloid_microglial_cell,548,0.0,108,10_60296002_60296304,5903,Psap,0.0
848867,3371,Brain_Myeloid_microglial_cell,548,0.0,580,10_60296002_60296304,5903,Psap,0.0
848868,3372,Brain_Myeloid_microglial_cell,548,0.0,343,10_60296002_60296304,5903,Psap,0.0
848869,3373,Brain_Myeloid_microglial_cell,548,0.0,277,10_60296002_60296304,5903,Psap,0.0
848870,3374,Brain_Myeloid_microglial_cell,548,0.0,114,10_60296002_60296304,5903,Psap,0.0
848871,3375,Brain_Myeloid_microglial_cell,548,0.0,533,10_60296002_60296304,5903,Psap,0.0
848872,3376,Brain_Myeloid_microglial_cell,548,0.0,133,10_60296002_60296304,5903,Psap,0.0
848873,3377,Brain_Myeloid_microglial_cell,548,0.0,1790,10_60296002_60296304,5903,Psap,0.0
848874,3378,Brain_Myeloid_microglial_cell,548,0.0,260,10_60296002_60296304,5903,Psap,0.0
848875,3379,Brain_Myeloid_microglial_cell,548,0.0,110,10_60296002_60296304,5903,Psap,0.0
848876,3380,Brain_Myeloid_microglial_cell,548,0.0,942,10_60296002_60296304,5903,Psap,0.0
848877,3381,Brain_Myeloid_microglial_cell,548,0.0,405,10_60296002_60296304,5903,Psap,0.0
848878,3382,Brain_Myeloid_microglial_cell,548,0.0,270,10_60296002_60296304,5903,Psap,0.0
848879,3383,Brain_Myeloid_microglial_cell,548,0.0,145,10_60296002_60296304,5903,Psap,0.0
848880,3385,Brain_Myeloid_microglial_cell,548,0.0,128,10_60296002_60296304,5903,Psap,0.0
848881,3386,Brain_Myeloid_microglial_cell,548,0.0,390,10_60296002_60296304,5903,Psap,0.0
848882,3387,Brain_Myeloid_microglial_cell,548,0.0,516,10_60296002_60296304,5903,Psap,0.0
848883,3388,Brain_Myeloid_microglial_cell,548,0.0,95,10_60296002_60296304,5903,Psap,0.0
848884,3389,Brain_Myeloid_microglial_cell,548,0.0,35,10_60296002_60296304,5903,Psap,0.0
848885,3390,Brain_Myeloid_microglial_cell,548,0.0,664,10_60296002_60296304,5903,Psap,0.0
848886,3391,Brain_Myeloid_microglial_cell,548,0.0,160,10_60296002_60296304,5903,Psap,0.0
848887,3392,Brain_Myeloid_microglial_cell,548,0.0,194,10_60296002_60296304,5903,Psap,0.0
848888,3393,Brain_Myeloid_microglial_cell,548,0.0,62,10_60296002_60296304,5903,Psap,0.0
848889,3394,Brain_Myeloid_microglial_cell,548,0.0,345,10_60296002_60296304,5903,Psap,0.0
848890,3395,Brain_Myeloid_microglial_cell,548,0.0,249,10_60296002_60296304,5903,Psap,0.0
848891,3396,Brain_Myeloid_microglial_cell,548,0.0,376,10_60296002_60296304,5903,Psap,0.0
848892,3397,Brain_Myeloid_microglial_cell,548,0.0,51,10_60296002_60296304,5903,Psap,0.0
848893,3398,Brain_Myeloid_microglial_cell,548,0.0,251,10_60296002_60296304,5903,Psap,0.0
848894,3399,Brain_Myeloid_microglial_cell,548,0.0,1815,10_60296002_60296304,5903,Psap,0.0
848895,3400,Brain_Myeloid_microglial_cell,548,0.0,420,10_60296002_60296304,5903,Psap,0.0
848896,3401,Brain_Myeloid_microglial_cell,548,0.0,143,10_60296002_60296304,5903,Psap,0.0
848897,3402,Brain_Myeloid_microglial_cell,548,0.0,220,10_60296002_60296304,5903,Psap,0.0
848898,3403,Brain_Myeloid_microglial_cell,548,0.0,114,10_60296002_60296304,5903,Psap,0.0
848899,3404,Brain_Myeloid_microglial_cell,548,0.0,1493,10_60296002_60296304,5903,Psap,0.0
848900,3405,Brain_Myeloid_microglial_cell,548,0.0,125,10_60296002_60296304,5903,Psap,0.0
848901,3406,Brain_Myeloid_microglial_cell,548,0.0,544,10_60296002_60296304,5903,Psap,0.0
848902,3407,Brain_Myeloid_microglial_cell,548,0.0,153,10_60296002_60296304,5903,Psap,0.0
848903,3408,Brain_Myeloid_microglial_cell,548,0.0,443,10_60296002_60296304,5903,Psap,0.0
848904,3409,Brain_Myeloid_microglial_cell,548,0.0,641,10_60296002_60296304,5903,Psap,0.0
848905,3410,Brain_Myeloid_microglial_cell,548,0.0,201,10_60296002_60296304,5903,Psap,0.0
848906,3411,Brain_Myeloid_microglial_cell,548,0.0,721,10_60296002_60296304,5903,Psap,0.0
848907,3412,Brain_Myeloid_microglial_cell,548,0.0,1059,10_60296002_60296304,5903,Psap,0.0
848908,3413,Brain_Myeloid_microglial_cell,548,0.0,272,10_60296002_60296304,5903,Psap,0.0
848909,3414,Brain_Myeloid_microglial_cell,548,0.0,226,10_60296002_60296304,5903,Psap,0.0
848910,3415,Brain_Myeloid_microglial_cell,548,0.0,252,10_60296002_60296304,5903,Psap,0.0
848911,3416,Brain_Myeloid_microglial_cell,548,0.0,255,10_60296002_60296304,5903,Psap,0.0
848912,3417,Brain_Myeloid_microglial_cell,548,0.0,565,10_60296002_60296304,5903,Psap,0.0
848913,3418,Brain_Myeloid_microglial_cell,548,0.0,25,10_60296002_60296304,5903,Psap,0.0
848914,3419,Brain_Myeloid_microglial_cell,548,0.0,360,10_60296002_60296304,5903,Psap,0.0
848915,3421,Brain_Myeloid_microglial_cell,548,0.0,309,10_60296002_60296304,5903,Psap,0.0
848916,3422,Brain_Myeloid_microglial_cell,548,0.0,141,10_60296002_60296304,5903,Psap,0.0
848917,3423,Brain_Myeloid_microglial_cell,548,0.0,90,10_60296002_60296304,5903,Psap,0.0
848918,3424,Brain_Myeloid_microglial_cell,548,0.0,214,10_60296002_60296304,5903,Psap,0.0
848919,3426,Brain_Myeloid_microglial_cell,548,0.0,483,10_60296002_60296304,5903,Psap,0.0
848920,3427,Brain_Myeloid_microglial_cell,548,0.0,241,10_60296002_60296304,5903,Psap,0.0
848921,3428,Brain_Myeloid_microglial_cell,548,0.0,3,10_60296002_60296304,5903,Psap,0.0
848922,3430,Brain_Myeloid_microglial_cell,548,0.0,722,10_60296002_60296304,5903,Psap,0.0
848923,3431,Brain_Myeloid_microglial_cell,548,0.0,144,10_60296002_60296304,5903,Psap,0.0
848924,3432,Brain_Myeloid_microglial_cell,548,0.0,215,10_60296002_60296304,5903,Psap,0.0
848925,3433,Brain_Myeloid_microglial_cell,548,0.0,324,10_60296002_60296304,5903,Psap,0.0
848926,3434,Brain_Myeloid_microglial_cell,548,0.0,138,10_60296002_60296304,5903,Psap,0.0
848927,3435,Brain_Myeloid_microglial_cell,548,0.0,730,10_60296002_60296304,5903,Psap,0.0
848928,3436,Brain_Myeloid_microglial_cell,548,0.0,221,10_60296002_60296304,5903,Psap,0.0
848929,3437,Brain_Myeloid_microglial_cell,548,0.0,291,10_60296002_60296304,5903,Psap,0.0
848930,3438,Brain_Myeloid_microglial_cell,548,0.0,156,10_60296002_60296304,5903,Psap,0.0
848931,3439,Brain_Myeloid_microglial_cell,548,0.0,388,10_60296002_60296304,5903,Psap,0.0
848932,3440,Brain_Myeloid_microglial_cell,548,0.0,413,10_60296002_60296304,5903,Psap,0.0
848933,3441,Brain_Myeloid_microglial_cell,548,0.0,211,10_60296002_60296304,5903,Psap,0.0
848934,3442,Brain_Myeloid_microglial_cell,548,0.0,193,10_60296002_60296304,5903,Psap,0.0
848935,3443,Brain_Myeloid_microglial_cell,548,0.0,41,10_60296002_60296304,5903,Psap,0.0
848936,3444,Brain_Myeloid_microglial_cell,548,0.0,52,10_60296002_60296304,5903,Psap,0.0
848937,3445,Brain_Myeloid_microglial_cell,548,0.0,318,10_60296002_60296304,5903,Psap,0.0
848938,3446,Brain_Myeloid_microglial_cell,548,0.0,194,10_60296002_60296304,5903,Psap,0.0
848939,3447,Brain_Myeloid_microglial_cell,548,0.0,276,10_60296002_60296304,5903,Psap,0.0
848940,3448,Brain_Myeloid_microglial_cell,548,0.0,42,10_60296002_60296304,5903,Psap,0.0
848941,3449,Brain_Myeloid_microglial_cell,548,0.0,262,10_60296002_60296304,5903,Psap,0.0
848942,3450,Brain_Myeloid_microglial_cell,548,0.0,193,10_60296002_60296304,5903,Psap,0.0
848943,3451,Brain_Myeloid_microglial_cell,548,0.0,196,10_60296002_60296304,5903,Psap,0.0
848944,3452,Brain_Myeloid_microglial_cell,548,0.0,215,10_60296002_60296304,5903,Psap,0.0
848945,3453,Brain_Myeloid_microglial_cell,548,0.0,417,10_60296002_60296304,5903,Psap,0.0
848946,3454,Brain_Myeloid_microglial_cell,548,0.0,110,10_60296002_60296304,5903,Psap,0.0
848947,3455,Brain_Myeloid_microglial_cell,548,0.0,43,10_60296002_60296304,5903,Psap,0.0
848948,3456,Brain_Myeloid_microglial_cell,548,0.0,527,10_60296002_60296304,5903,Psap,0.0
848949,3457,Brain_Myeloid_microglial_cell,548,0.0,127,10_60296002_60296304,5903,Psap,0.0
848950,3458,Brain_Myeloid_microglial_cell,548,0.0,314,10_60296002_60296304,5903,Psap,0.0
848951,3459,Brain_Myeloid_microglial_cell,548,0.0,332,10_60296002_60296304,5903,Psap,0.0
848952,3460,Brain_Myeloid_microglial_cell,548,0.0,66,10_60296002_60296304,5903,Psap,0.0
848953,3461,Brain_Myeloid_microglial_cell,548,0.0,184,10_60296002_60296304,5903,Psap,0.0
848954,3462,Brain_Myeloid_microglial_cell,548,0.0,109,10_60296002_60296304,5903,Psap,0.0
848955,3463,Brain_Myeloid_microglial_cell,548,0.0,362,10_60296002_60296304,5903,Psap,0.0
848956,3464,Brain_Myeloid_microglial_cell,548,0.0,889,10_60296002_60296304,5903,Psap,0.0
848957,3465,Brain_Myeloid_microglial_cell,548,0.0,321,10_60296002_60296304,5903,Psap,0.0
848958,3466,Brain_Myeloid_microglial_cell,548,0.0,29,10_60296002_60296304,5903,Psap,0.0
848959,3467,Brain_Myeloid_microglial_cell,548,0.0,257,10_60296002_60296304,5903,Psap,0.0
848960,3468,Brain_Myeloid_microglial_cell,548,0.0,95,10_60296002_60296304,5903,Psap,0.0
848961,3469,Brain_Myeloid_microglial_cell,548,0.0,329,10_60296002_60296304,5903,Psap,0.0
848962,3470,Brain_Myeloid_microglial_cell,548,0.0,51,10_60296002_60296304,5903,Psap,0.0
848963,3471,Brain_Myeloid_microglial_cell,548,0.0,132,10_60296002_60296304,5903,Psap,0.0
848964,3472,Brain_Myeloid_microglial_cell,548,0.0,372,10_60296002_60296304,5903,Psap,0.0
848965,3473,Brain_Myeloid_microglial_cell,548,0.0,77,10_60296002_60296304,5903,Psap,0.0
848966,3474,Brain_Myeloid_microglial_cell,548,0.0,403,10_60296002_60296304,5903,Psap,0.0
848967,3475,Brain_Myeloid_microglial_cell,548,0.0,134,10_60296002_60296304,5903,Psap,0.0
848968,3476,Brain_Myeloid_microglial_cell,548,0.0,378,10_60296002_60296304,5903,Psap,0.0
848969,3477,Brain_Myeloid_microglial_cell,548,0.0,166,10_60296002_60296304,5903,Psap,0.0
848970,3479,Brain_Myeloid_microglial_cell,548,0.0,153,10_60296002_60296304,5903,Psap,0.0
848971,3480,Brain_Myeloid_microglial_cell,548,0.0,163,10_60296002_60296304,5903,Psap,0.0
848972,3481,Brain_Myeloid_microglial_cell,548,0.0,67,10_60296002_60296304,5903,Psap,0.0
848973,3482,Brain_Myeloid_microglial_cell,548,0.0,84,10_60296002_60296304,5903,Psap,0.0
848974,3483,Brain_Myeloid_microglial_cell,548,0.0,204,10_60296002_60296304,5903,Psap,0.0
848975,3484,Brain_Myeloid_microglial_cell,548,0.0,135,10_60296002_60296304,5903,Psap,0.0
848976,3485,Brain_Myeloid_microglial_cell,548,0.0,121,10_60296002_60296304,5903,Psap,0.0
848977,3486,Brain_Myeloid_microglial_cell,548,0.0,406,10_60296002_60296304,5903,Psap,0.0
848978,3487,Brain_Myeloid_microglial_cell,548,0.0,383,10_60296002_60296304,5903,Psap,0.0
848979,3488,Brain_Myeloid_microglial_cell,548,0.0,1164,10_60296002_60296304,5903,Psap,0.0
848980,3489,Brain_Myeloid_microglial_cell,548,0.0,426,10_60296002_60296304,5903,Psap,0.0
848981,3490,Brain_Myeloid_microglial_cell,548,0.0,129,10_60296002_60296304,5903,Psap,0.0
848982,3491,Brain_Myeloid_microglial_cell,548,0.0,46,10_60296002_60296304,5903,Psap,0.0
848983,3492,Brain_Myeloid_microglial_cell,548,0.0,341,10_60296002_60296304,5903,Psap,0.0
848984,3493,Brain_Myeloid_microglial_cell,548,0.0,142,10_60296002_60296304,5903,Psap,0.0
848985,3494,Brain_Myeloid_microglial_cell,548,0.0,501,10_60296002_60296304,5903,Psap,0.0
848986,3495,Brain_Myeloid_microglial_cell,548,0.0,186,10_60296002_60296304,5903,Psap,0.0
848987,3496,Brain_Myeloid_microglial_cell,548,0.0,158,10_60296002_60296304,5903,Psap,0.0
848988,3497,Brain_Myeloid_microglial_cell,548,0.0,599,10_60296002_60296304,5903,Psap,0.0
848989,3498,Brain_Myeloid_microglial_cell,548,0.0,16,10_60296002_60296304,5903,Psap,0.0
848990,3499,Brain_Myeloid_microglial_cell,548,0.0,134,10_60296002_60296304,5903,Psap,0.0
848991,3500,Brain_Myeloid_microglial_cell,548,0.0,508,10_60296002_60296304,5903,Psap,0.0
848992,3501,Brain_Myeloid_microglial_cell,548,0.0,159,10_60296002_60296304,5903,Psap,0.0
848993,3502,Brain_Myeloid_microglial_cell,548,0.0,90,10_60296002_60296304,5903,Psap,0.0
848994,3503,Brain_Myeloid_microglial_cell,548,0.0,20,10_60296002_60296304,5903,Psap,0.0
848995,3504,Brain_Myeloid_microglial_cell,548,0.0,605,10_60296002_60296304,5903,Psap,0.0
848996,3505,Brain_Myeloid_microglial_cell,548,0.0,1,10_60296002_60296304,5903,Psap,0.0
848997,3506,Brain_Myeloid_microglial_cell,548,0.0,72,10_60296002_60296304,5903,Psap,0.0
848998,3507,Brain_Myeloid_microglial_cell,548,0.0,44,10_60296002_60296304,5903,Psap,0.0
848999,3508,Brain_Myeloid_microglial_cell,548,0.0,169,10_60296002_60296304,5903,Psap,0.0
849000,3509,Brain_Myeloid_microglial_cell,548,0.0,385,10_60296002_60296304,5903,Psap,0.0
849001,3510,Brain_Myeloid_microglial_cell,548,0.0,392,10_60296002_60296304,5903,Psap,0.0
849002,3511,Brain_Myeloid_microglial_cell,548,0.0,599,10_60296002_60296304,5903,Psap,0.0
849003,3512,Brain_Myeloid_microglial_cell,548,0.0,64,10_60296002_60296304,5903,Psap,0.0
849004,3513,Brain_Myeloid_microglial_cell,548,0.0,424,10_60296002_60296304,5903,Psap,0.0
849005,3514,Brain_Myeloid_microglial_cell,548,0.0,104,10_60296002_60296304,5903,Psap,0.0
849006,3515,Brain_Myeloid_microglial_cell,548,0.0,417,10_60296002_60296304,5903,Psap,0.0
849007,3516,Brain_Myeloid_microglial_cell,548,0.0,227,10_60296002_60296304,5903,Psap,0.0
849008,3517,Brain_Myeloid_microglial_cell,548,0.0,205,10_60296002_60296304,5903,Psap,0.0
849009,3518,Brain_Myeloid_microglial_cell,548,0.0,865,10_60296002_60296304,5903,Psap,0.0
849010,3519,Brain_Myeloid_microglial_cell,548,0.0,137,10_60296002_60296304,5903,Psap,0.0
849011,3520,Brain_Myeloid_microglial_cell,548,0.0,420,10_60296002_60296304,5903,Psap,0.0
849012,3521,Brain_Myeloid_microglial_cell,548,0.0,230,10_60296002_60296304,5903,Psap,0.0
849013,3522,Brain_Myeloid_microglial_cell,548,0.0,197,10_60296002_60296304,5903,Psap,0.0
849014,3523,Brain_Myeloid_microglial_cell,548,0.0,589,10_60296002_60296304,5903,Psap,0.0
849015,3524,Brain_Myeloid_microglial_cell,548,0.0,86,10_60296002_60296304,5903,Psap,0.0
849016,3525,Brain_Myeloid_microglial_cell,548,0.0,61,10_60296002_60296304,5903,Psap,0.0
849017,3526,Brain_Myeloid_microglial_cell,548,0.0,152,10_60296002_60296304,5903,Psap,0.0
849018,3527,Brain_Myeloid_microglial_cell,548,0.0,219,10_60296002_60296304,5903,Psap,0.0
849019,3528,Brain_Myeloid_microglial_cell,548,0.0,421,10_60296002_60296304,5903,Psap,0.0
849020,3529,Brain_Myeloid_microglial_cell,548,0.0,437,10_60296002_60296304,5903,Psap,0.0
849021,3530,Brain_Myeloid_microglial_cell,548,0.0,191,10_60296002_60296304,5903,Psap,0.0
849022,3531,Brain_Myeloid_microglial_cell,548,0.0,241,10_60296002_60296304,5903,Psap,0.0
849023,3532,Brain_Myeloid_microglial_cell,548,0.0,125,10_60296002_60296304,5903,Psap,0.0
849024,3533,Brain_Myeloid_microglial_cell,548,0.0,495,10_60296002_60296304,5903,Psap,0.0
849025,3534,Brain_Myeloid_microglial_cell,548,0.0,344,10_60296002_60296304,5903,Psap,0.0
849026,3535,Brain_Myeloid_microglial_cell,548,0.0,205,10_60296002_60296304,5903,Psap,0.0
849027,3536,Brain_Myeloid_microglial_cell,548,0.0,102,10_60296002_60296304,5903,Psap,0.0
849028,3537,Brain_Myeloid_microglial_cell,548,0.0,264,10_60296002_60296304,5903,Psap,0.0
849029,3538,Brain_Myeloid_microglial_cell,548,0.0,259,10_60296002_60296304,5903,Psap,0.0
849030,3539,Brain_Myeloid_microglial_cell,548,0.0,279,10_60296002_60296304,5903,Psap,0.0
849031,3540,Brain_Myeloid_microglial_cell,548,0.0,227,10_60296002_60296304,5903,Psap,0.0
849032,3541,Brain_Myeloid_microglial_cell,548,0.0,99,10_60296002_60296304,5903,Psap,0.0
849033,3542,Brain_Myeloid_microglial_cell,548,0.0,502,10_60296002_60296304,5903,Psap,0.0
849034,3543,Brain_Myeloid_microglial_cell,548,0.0,476,10_60296002_60296304,5903,Psap,0.0
849035,3544,Brain_Myeloid_microglial_cell,548,0.0,503,10_60296002_60296304,5903,Psap,0.0
849036,3545,Brain_Myeloid_microglial_cell,548,0.0,123,10_60296002_60296304,5903,Psap,0.0
849037,3546,Brain_Myeloid_microglial_cell,548,0.0,363,10_60296002_60296304,5903,Psap,0.0
849038,3547,Brain_Myeloid_microglial_cell,548,0.0,201,10_60296002_60296304,5903,Psap,0.0
849039,3548,Brain_Myeloid_microglial_cell,548,0.0,56,10_60296002_60296304,5903,Psap,0.0
849040,3549,Brain_Myeloid_microglial_cell,548,0.0,472,10_60296002_60296304,5903,Psap,0.0
849041,3550,Brain_Myeloid_microglial_cell,548,0.0,556,10_60296002_60296304,5903,Psap,0.0
849042,3552,Brain_Myeloid_microglial_cell,548,0.0,255,10_60296002_60296304,5903,Psap,0.0
849043,3553,Brain_Myeloid_microglial_cell,548,0.0,594,10_60296002_60296304,5903,Psap,0.0
849044,3554,Brain_Myeloid_microglial_cell,548,0.0,329,10_60296002_60296304,5903,Psap,0.0
849045,3555,Brain_Myeloid_microglial_cell,548,0.0,330,10_60296002_60296304,5903,Psap,0.0
849046,3556,Brain_Myeloid_microglial_cell,548,0.0,270,10_60296002_60296304,5903,Psap,0.0
849047,3557,Brain_Myeloid_microglial_cell,548,0.0,301,10_60296002_60296304,5903,Psap,0.0
849048,3558,Brain_Myeloid_microglial_cell,548,0.0,762,10_60296002_60296304,5903,Psap,0.0
849049,3559,Brain_Myeloid_microglial_cell,548,0.0,220,10_60296002_60296304,5903,Psap,0.0
849050,3560,Brain_Myeloid_microglial_cell,548,0.0,445,10_60296002_60296304,5903,Psap,0.0
849051,3561,Brain_Myeloid_microglial_cell,548,0.0,91,10_60296002_60296304,5903,Psap,0.0
849052,3562,Brain_Myeloid_microglial_cell,548,0.0,989,10_60296002_60296304,5903,Psap,0.0
849053,3563,Brain_Myeloid_microglial_cell,548,0.0,1220,10_60296002_60296304,5903,Psap,0.0
849054,3564,Brain_Myeloid_microglial_cell,548,0.0,583,10_60296002_60296304,5903,Psap,0.0
849055,3565,Brain_Myeloid_microglial_cell,548,0.0,2,10_60296002_60296304,5903,Psap,0.0
849056,3566,Brain_Myeloid_microglial_cell,548,0.0,185,10_60296002_60296304,5903,Psap,0.0
849057,3567,Brain_Myeloid_microglial_cell,548,0.0,237,10_60296002_60296304,5903,Psap,0.0
849058,3568,Brain_Myeloid_microglial_cell,548,0.0,287,10_60296002_60296304,5903,Psap,0.0
849059,3569,Brain_Myeloid_microglial_cell,548,0.0,116,10_60296002_60296304,5903,Psap,0.0
849060,3570,Brain_Myeloid_microglial_cell,548,0.0,421,10_60296002_60296304,5903,Psap,0.0
849061,3571,Brain_Myeloid_microglial_cell,548,0.0,458,10_60296002_60296304,5903,Psap,0.0
849062,3572,Brain_Myeloid_microglial_cell,548,0.0,577,10_60296002_60296304,5903,Psap,0.0
849063,3573,Brain_Myeloid_microglial_cell,548,0.0,170,10_60296002_60296304,5903,Psap,0.0
849064,3574,Brain_Myeloid_microglial_cell,548,0.0,335,10_60296002_60296304,5903,Psap,0.0
849065,3575,Brain_Myeloid_microglial_cell,548,0.0,570,10_60296002_60296304,5903,Psap,0.0
849066,3576,Brain_Myeloid_microglial_cell,548,0.0,286,10_60296002_60296304,5903,Psap,0.0
849067,3577,Brain_Myeloid_microglial_cell,548,0.0,112,10_60296002_60296304,5903,Psap,0.0
849068,3578,Brain_Myeloid_microglial_cell,548,0.0,217,10_60296002_60296304,5903,Psap,0.0
849069,3579,Brain_Myeloid_microglial_cell,548,0.0,329,10_60296002_60296304,5903,Psap,0.0
849070,3580,Brain_Myeloid_microglial_cell,548,0.0,8,10_60296002_60296304,5903,Psap,0.0
849071,3582,Brain_Myeloid_microglial_cell,548,0.0,201,10_60296002_60296304,5903,Psap,0.0
849072,3584,Brain_Myeloid_microglial_cell,548,0.0,297,10_60296002_60296304,5903,Psap,0.0
849073,3585,Brain_Myeloid_microglial_cell,548,0.0,287,10_60296002_60296304,5903,Psap,0.0
849074,3586,Brain_Myeloid_microglial_cell,548,0.0,8,10_60296002_60296304,5903,Psap,0.0
849075,3587,Brain_Myeloid_microglial_cell,548,0.0,1115,10_60296002_60296304,5903,Psap,0.0
849076,3588,Brain_Myeloid_microglial_cell,548,0.0,97,10_60296002_60296304,5903,Psap,0.0
849077,3589,Brain_Myeloid_microglial_cell,548,0.0,612,10_60296002_60296304,5903,Psap,0.0
849078,3591,Brain_Myeloid_microglial_cell,548,0.0,261,10_60296002_60296304,5903,Psap,0.0
849079,3592,Brain_Myeloid_microglial_cell,548,0.0,727,10_60296002_60296304,5903,Psap,0.0
849080,3593,Brain_Myeloid_microglial_cell,548,0.0,18,10_60296002_60296304,5903,Psap,0.0
849081,3594,Brain_Myeloid_microglial_cell,548,0.0,771,10_60296002_60296304,5903,Psap,0.0
849082,3595,Brain_Myeloid_microglial_cell,548,0.0,1202,10_60296002_60296304,5903,Psap,0.0
849083,3596,Brain_Myeloid_microglial_cell,548,0.0,146,10_60296002_60296304,5903,Psap,0.0
849084,3597,Brain_Myeloid_microglial_cell,548,0.0,108,10_60296002_60296304,5903,Psap,0.0
849085,3598,Brain_Myeloid_microglial_cell,548,0.0,80,10_60296002_60296304,5903,Psap,0.0
849086,3599,Brain_Myeloid_microglial_cell,548,0.0,631,10_60296002_60296304,5903,Psap,0.0
849087,3600,Brain_Myeloid_microglial_cell,548,0.0,176,10_60296002_60296304,5903,Psap,0.0
849088,3602,Brain_Myeloid_microglial_cell,548,0.0,1198,10_60296002_60296304,5903,Psap,0.0
849089,3603,Brain_Myeloid_microglial_cell,548,0.0,343,10_60296002_60296304,5903,Psap,0.0
849090,3604,Brain_Myeloid_microglial_cell,548,0.0,197,10_60296002_60296304,5903,Psap,0.0
849091,3605,Brain_Myeloid_microglial_cell,548,0.0,283,10_60296002_60296304,5903,Psap,0.0
849092,3606,Brain_Myeloid_microglial_cell,548,0.0,513,10_60296002_60296304,5903,Psap,0.0
849093,3607,Brain_Myeloid_microglial_cell,548,0.0,64,10_60296002_60296304,5903,Psap,0.0
849094,3608,Brain_Myeloid_microglial_cell,548,0.0,78,10_60296002_60296304,5903,Psap,0.0
849095,3609,Brain_Myeloid_microglial_cell,548,0.0,250,10_60296002_60296304,5903,Psap,0.0
849096,3610,Brain_Myeloid_microglial_cell,548,0.0,804,10_60296002_60296304,5903,Psap,0.0
849097,3611,Brain_Myeloid_microglial_cell,548,0.0,2702,10_60296002_60296304,5903,Psap,0.0
849098,3612,Brain_Myeloid_microglial_cell,548,0.0,68,10_60296002_60296304,5903,Psap,0.0
849099,3613,Brain_Myeloid_microglial_cell,548,0.0,934,10_60296002_60296304,5903,Psap,0.0
849100,3614,Brain_Myeloid_microglial_cell,548,0.0,164,10_60296002_60296304,5903,Psap,0.0
849101,3615,Brain_Myeloid_microglial_cell,548,0.0,158,10_60296002_60296304,5903,Psap,0.0
849102,3616,Brain_Myeloid_microglial_cell,548,0.0,459,10_60296002_60296304,5903,Psap,0.0
849103,3617,Brain_Myeloid_microglial_cell,548,0.0,256,10_60296002_60296304,5903,Psap,0.0
849104,3618,Brain_Myeloid_microglial_cell,548,0.0,126,10_60296002_60296304,5903,Psap,0.0
849105,3619,Brain_Myeloid_microglial_cell,548,0.0,103,10_60296002_60296304,5903,Psap,0.0
849106,3621,Brain_Myeloid_microglial_cell,548,0.0,129,10_60296002_60296304,5903,Psap,0.0
849107,3622,Brain_Myeloid_microglial_cell,548,0.0,699,10_60296002_60296304,5903,Psap,0.0
849108,3623,Brain_Myeloid_microglial_cell,548,0.0,1215,10_60296002_60296304,5903,Psap,0.0
849109,3624,Brain_Myeloid_microglial_cell,548,0.0,33,10_60296002_60296304,5903,Psap,0.0
849110,3625,Brain_Myeloid_microglial_cell,548,0.0,76,10_60296002_60296304,5903,Psap,0.0
849111,3626,Brain_Myeloid_microglial_cell,548,0.0,915,10_60296002_60296304,5903,Psap,0.0
849112,3627,Brain_Myeloid_microglial_cell,548,0.0,467,10_60296002_60296304,5903,Psap,0.0
849113,3628,Brain_Myeloid_microglial_cell,548,0.0,155,10_60296002_60296304,5903,Psap,0.0
849114,3629,Brain_Myeloid_microglial_cell,548,0.0,280,10_60296002_60296304,5903,Psap,0.0
849115,3630,Brain_Myeloid_microglial_cell,548,0.0,555,10_60296002_60296304,5903,Psap,0.0
849116,3631,Brain_Myeloid_microglial_cell,548,0.0,463,10_60296002_60296304,5903,Psap,0.0
849117,3632,Brain_Myeloid_microglial_cell,548,0.0,151,10_60296002_60296304,5903,Psap,0.0
849118,3633,Brain_Myeloid_microglial_cell,548,0.0,314,10_60296002_60296304,5903,Psap,0.0
849119,3634,Brain_Myeloid_microglial_cell,548,0.0,83,10_60296002_60296304,5903,Psap,0.0
849120,3635,Brain_Myeloid_microglial_cell,548,0.0,511,10_60296002_60296304,5903,Psap,0.0
849121,3636,Brain_Myeloid_microglial_cell,548,0.0,22,10_60296002_60296304,5903,Psap,0.0
849122,3637,Brain_Myeloid_microglial_cell,548,0.0,44,10_60296002_60296304,5903,Psap,0.0
849123,3638,Brain_Myeloid_microglial_cell,548,0.0,507,10_60296002_60296304,5903,Psap,0.0
849124,3639,Brain_Myeloid_microglial_cell,548,0.0,132,10_60296002_60296304,5903,Psap,0.0
849125,3640,Brain_Myeloid_microglial_cell,548,0.0,127,10_60296002_60296304,5903,Psap,0.0
849126,3641,Brain_Myeloid_microglial_cell,548,0.0,619,10_60296002_60296304,5903,Psap,0.0
849127,3642,Brain_Myeloid_microglial_cell,548,0.0,422,10_60296002_60296304,5903,Psap,0.0
849128,3643,Brain_Myeloid_microglial_cell,548,0.0,341,10_60296002_60296304,5903,Psap,0.0
849129,3644,Brain_Myeloid_microglial_cell,548,0.0,237,10_60296002_60296304,5903,Psap,0.0
849130,3645,Brain_Myeloid_microglial_cell,548,0.0,689,10_60296002_60296304,5903,Psap,0.0
849131,3646,Brain_Myeloid_microglial_cell,548,0.0,137,10_60296002_60296304,5903,Psap,0.0
849132,3647,Brain_Myeloid_microglial_cell,548,0.0,506,10_60296002_60296304,5903,Psap,0.0
849133,3648,Brain_Myeloid_microglial_cell,548,0.0,324,10_60296002_60296304,5903,Psap,0.0
849134,3649,Brain_Myeloid_microglial_cell,548,0.0,62,10_60296002_60296304,5903,Psap,0.0
849135,3650,Brain_Myeloid_microglial_cell,548,0.0,488,10_60296002_60296304,5903,Psap,0.0
849136,3651,Brain_Myeloid_microglial_cell,548,0.0,616,10_60296002_60296304,5903,Psap,0.0
849137,3652,Brain_Myeloid_microglial_cell,548,0.0,206,10_60296002_60296304,5903,Psap,0.0
849138,3653,Brain_Myeloid_microglial_cell,548,0.0,253,10_60296002_60296304,5903,Psap,0.0
849139,3654,Brain_Myeloid_microglial_cell,548,0.0,554,10_60296002_60296304,5903,Psap,0.0
849140,3655,Brain_Myeloid_microglial_cell,548,0.0,481,10_60296002_60296304,5903,Psap,0.0
849141,3656,Brain_Myeloid_microglial_cell,548,0.0,786,10_60296002_60296304,5903,Psap,0.0
849142,3657,Brain_Myeloid_microglial_cell,548,0.0,23,10_60296002_60296304,5903,Psap,0.0
849143,3658,Brain_Myeloid_microglial_cell,548,0.0,223,10_60296002_60296304,5903,Psap,0.0
849144,3659,Brain_Myeloid_microglial_cell,548,0.0,895,10_60296002_60296304,5903,Psap,0.0
849145,3660,Brain_Myeloid_microglial_cell,548,0.0,256,10_60296002_60296304,5903,Psap,0.0
849146,3661,Brain_Myeloid_microglial_cell,548,0.0,397,10_60296002_60296304,5903,Psap,0.0
849147,3662,Brain_Myeloid_microglial_cell,548,0.0,456,10_60296002_60296304,5903,Psap,0.0
849148,3664,Brain_Myeloid_microglial_cell,548,0.0,286,10_60296002_60296304,5903,Psap,0.0
849149,3665,Brain_Myeloid_microglial_cell,548,0.0,271,10_60296002_60296304,5903,Psap,0.0
849150,3666,Brain_Myeloid_microglial_cell,548,0.0,96,10_60296002_60296304,5903,Psap,0.0
849151,3667,Brain_Myeloid_microglial_cell,548,0.0,145,10_60296002_60296304,5903,Psap,0.0
849152,3668,Brain_Myeloid_microglial_cell,548,0.0,96,10_60296002_60296304,5903,Psap,0.0
849153,3669,Brain_Myeloid_microglial_cell,548,0.0,356,10_60296002_60296304,5903,Psap,0.0
849154,3670,Brain_Myeloid_microglial_cell,548,0.0,210,10_60296002_60296304,5903,Psap,0.0
849155,3671,Brain_Myeloid_microglial_cell,548,0.0,101,10_60296002_60296304,5903,Psap,0.0
849156,3672,Brain_Myeloid_microglial_cell,548,0.0,41,10_60296002_60296304,5903,Psap,0.0
849157,3673,Brain_Myeloid_microglial_cell,548,0.0,404,10_60296002_60296304,5903,Psap,0.0
849158,3674,Brain_Myeloid_microglial_cell,548,0.0,224,10_60296002_60296304,5903,Psap,0.0
849159,3675,Brain_Myeloid_microglial_cell,548,0.0,352,10_60296002_60296304,5903,Psap,0.0
849160,3676,Brain_Myeloid_microglial_cell,548,0.0,18,10_60296002_60296304,5903,Psap,0.0
849161,3677,Brain_Myeloid_microglial_cell,548,0.0,18,10_60296002_60296304,5903,Psap,0.0
849162,3678,Brain_Myeloid_microglial_cell,548,0.0,736,10_60296002_60296304,5903,Psap,0.0
849163,3679,Brain_Myeloid_microglial_cell,548,0.0,65,10_60296002_60296304,5903,Psap,0.0
849164,3681,Brain_Myeloid_microglial_cell,548,0.0,160,10_60296002_60296304,5903,Psap,0.0
849165,3682,Brain_Myeloid_microglial_cell,548,0.0,164,10_60296002_60296304,5903,Psap,0.0
849166,3684,Brain_Myeloid_microglial_cell,548,0.0,67,10_60296002_60296304,5903,Psap,0.0
849167,3685,Brain_Myeloid_microglial_cell,548,0.0,80,10_60296002_60296304,5903,Psap,0.0
849168,3686,Brain_Myeloid_microglial_cell,548,0.0,227,10_60296002_60296304,5903,Psap,0.0
849169,3687,Brain_Myeloid_microglial_cell,548,0.0,165,10_60296002_60296304,5903,Psap,0.0
849170,3688,Brain_Myeloid_microglial_cell,548,0.0,490,10_60296002_60296304,5903,Psap,0.0
849171,3689,Brain_Myeloid_microglial_cell,548,0.0,89,10_60296002_60296304,5903,Psap,0.0
849172,3690,Brain_Myeloid_microglial_cell,548,0.0,97,10_60296002_60296304,5903,Psap,0.0
849173,3691,Brain_Myeloid_microglial_cell,548,0.0,485,10_60296002_60296304,5903,Psap,0.0
849174,3692,Brain_Myeloid_microglial_cell,548,0.0,206,10_60296002_60296304,5903,Psap,0.0
849175,3694,Brain_Myeloid_microglial_cell,548,0.0,388,10_60296002_60296304,5903,Psap,0.0
849176,3695,Brain_Myeloid_microglial_cell,548,0.0,774,10_60296002_60296304,5903,Psap,0.0
849177,3696,Brain_Myeloid_microglial_cell,548,0.0,87,10_60296002_60296304,5903,Psap,0.0
849178,3697,Brain_Myeloid_microglial_cell,548,0.0,655,10_60296002_60296304,5903,Psap,0.0
849179,3699,Brain_Myeloid_microglial_cell,548,0.0,102,10_60296002_60296304,5903,Psap,0.0
849180,3700,Brain_Myeloid_microglial_cell,548,0.0,5,10_60296002_60296304,5903,Psap,0.0
849181,3701,Brain_Myeloid_microglial_cell,548,0.0,738,10_60296002_60296304,5903,Psap,0.0
849182,3702,Brain_Myeloid_microglial_cell,548,0.0,126,10_60296002_60296304,5903,Psap,0.0
849183,3703,Brain_Myeloid_microglial_cell,548,0.0,149,10_60296002_60296304,5903,Psap,0.0
849184,3704,Brain_Myeloid_microglial_cell,548,0.0,239,10_60296002_60296304,5903,Psap,0.0
849185,3706,Brain_Myeloid_microglial_cell,548,0.0,390,10_60296002_60296304,5903,Psap,0.0
849186,3707,Brain_Myeloid_microglial_cell,548,0.0,273,10_60296002_60296304,5903,Psap,0.0
849187,3708,Brain_Myeloid_microglial_cell,548,0.0,944,10_60296002_60296304,5903,Psap,0.0
849188,3709,Brain_Myeloid_microglial_cell,548,0.0,827,10_60296002_60296304,5903,Psap,0.0
849189,3710,Brain_Myeloid_microglial_cell,548,0.0,17,10_60296002_60296304,5903,Psap,0.0
849190,3711,Brain_Myeloid_microglial_cell,548,0.0,475,10_60296002_60296304,5903,Psap,0.0
849191,3712,Brain_Myeloid_microglial_cell,548,0.0,132,10_60296002_60296304,5903,Psap,0.0
849192,3713,Brain_Myeloid_microglial_cell,548,0.0,213,10_60296002_60296304,5903,Psap,0.0
849193,3714,Brain_Myeloid_microglial_cell,548,0.0,290,10_60296002_60296304,5903,Psap,0.0
849194,3715,Brain_Myeloid_microglial_cell,548,0.0,89,10_60296002_60296304,5903,Psap,0.0
849195,3716,Brain_Myeloid_microglial_cell,548,0.0,233,10_60296002_60296304,5903,Psap,0.0
849196,3717,Brain_Myeloid_microglial_cell,548,0.0,179,10_60296002_60296304,5903,Psap,0.0
849197,3718,Brain_Myeloid_microglial_cell,548,0.0,266,10_60296002_60296304,5903,Psap,0.0
849198,3719,Brain_Myeloid_microglial_cell,548,0.0,60,10_60296002_60296304,5903,Psap,0.0
849199,3720,Brain_Myeloid_microglial_cell,548,0.0,259,10_60296002_60296304,5903,Psap,0.0
849200,3721,Brain_Myeloid_microglial_cell,548,0.0,397,10_60296002_60296304,5903,Psap,0.0
849201,3722,Brain_Myeloid_microglial_cell,548,0.0,194,10_60296002_60296304,5903,Psap,0.0
849202,3723,Brain_Myeloid_microglial_cell,548,0.0,73,10_60296002_60296304,5903,Psap,0.0
849203,3724,Brain_Myeloid_microglial_cell,548,0.0,202,10_60296002_60296304,5903,Psap,0.0
849204,3725,Brain_Myeloid_microglial_cell,548,0.0,91,10_60296002_60296304,5903,Psap,0.0
849205,3726,Brain_Myeloid_microglial_cell,548,0.0,148,10_60296002_60296304,5903,Psap,0.0
849206,3727,Brain_Myeloid_microglial_cell,548,0.0,217,10_60296002_60296304,5903,Psap,0.0
849207,3728,Brain_Myeloid_microglial_cell,548,0.0,1079,10_60296002_60296304,5903,Psap,0.0
849208,3729,Brain_Myeloid_microglial_cell,548,0.0,36,10_60296002_60296304,5903,Psap,0.0
849209,3730,Brain_Myeloid_microglial_cell,548,0.0,358,10_60296002_60296304,5903,Psap,0.0
849210,3731,Brain_Myeloid_microglial_cell,548,0.0,292,10_60296002_60296304,5903,Psap,0.0
849211,3732,Brain_Myeloid_microglial_cell,548,0.0,22,10_60296002_60296304,5903,Psap,0.0
849212,3733,Brain_Myeloid_microglial_cell,548,0.0,356,10_60296002_60296304,5903,Psap,0.0
849213,3734,Brain_Myeloid_microglial_cell,548,0.0,174,10_60296002_60296304,5903,Psap,0.0
849214,3735,Brain_Myeloid_microglial_cell,548,0.0,289,10_60296002_60296304,5903,Psap,0.0
849215,3736,Brain_Myeloid_microglial_cell,548,0.0,106,10_60296002_60296304,5903,Psap,0.0
849216,3737,Brain_Myeloid_microglial_cell,548,0.0,348,10_60296002_60296304,5903,Psap,0.0
849217,3738,Brain_Myeloid_microglial_cell,548,0.0,304,10_60296002_60296304,5903,Psap,0.0
849218,3739,Brain_Myeloid_microglial_cell,548,0.0,314,10_60296002_60296304,5903,Psap,0.0
849219,3740,Brain_Myeloid_microglial_cell,548,0.0,373,10_60296002_60296304,5903,Psap,0.0
849220,3741,Brain_Myeloid_microglial_cell,548,0.0,730,10_60296002_60296304,5903,Psap,0.0
849221,3742,Brain_Myeloid_microglial_cell,548,0.0,903,10_60296002_60296304,5903,Psap,0.0
849222,3743,Brain_Myeloid_microglial_cell,548,0.0,348,10_60296002_60296304,5903,Psap,0.0
849223,3744,Brain_Myeloid_microglial_cell,548,0.0,430,10_60296002_60296304,5903,Psap,0.0
849224,3745,Brain_Myeloid_microglial_cell,548,0.0,273,10_60296002_60296304,5903,Psap,0.0
849225,3746,Brain_Myeloid_microglial_cell,548,0.0,35,10_60296002_60296304,5903,Psap,0.0
849226,3747,Brain_Myeloid_microglial_cell,548,0.0,169,10_60296002_60296304,5903,Psap,0.0
849227,3748,Brain_Myeloid_microglial_cell,548,0.0,184,10_60296002_60296304,5903,Psap,0.0
849228,3749,Brain_Myeloid_microglial_cell,548,0.0,36,10_60296002_60296304,5903,Psap,0.0
849229,3750,Brain_Myeloid_microglial_cell,548,0.0,81,10_60296002_60296304,5903,Psap,0.0
849230,3751,Brain_Myeloid_microglial_cell,548,0.0,114,10_60296002_60296304,5903,Psap,0.0
849231,3752,Brain_Myeloid_microglial_cell,548,0.0,211,10_60296002_60296304,5903,Psap,0.0
849232,3753,Brain_Myeloid_microglial_cell,548,0.0,588,10_60296002_60296304,5903,Psap,0.0
849233,3754,Brain_Myeloid_microglial_cell,548,0.0,161,10_60296002_60296304,5903,Psap,0.0
849234,3755,Brain_Myeloid_microglial_cell,548,0.0,700,10_60296002_60296304,5903,Psap,0.0
849235,3756,Brain_Myeloid_microglial_cell,548,0.0,47,10_60296002_60296304,5903,Psap,0.0
849236,3757,Brain_Myeloid_microglial_cell,548,0.0,141,10_60296002_60296304,5903,Psap,0.0
849237,3758,Brain_Myeloid_microglial_cell,548,0.0,110,10_60296002_60296304,5903,Psap,0.0
849238,3759,Brain_Myeloid_microglial_cell,548,0.0,407,10_60296002_60296304,5903,Psap,0.0
849239,3760,Brain_Myeloid_microglial_cell,548,0.0,317,10_60296002_60296304,5903,Psap,0.0
849240,3761,Brain_Myeloid_microglial_cell,548,0.0,208,10_60296002_60296304,5903,Psap,0.0
849241,3762,Brain_Myeloid_microglial_cell,548,0.0,418,10_60296002_60296304,5903,Psap,0.0
849242,3763,Brain_Myeloid_microglial_cell,548,0.0,190,10_60296002_60296304,5903,Psap,0.0
849243,3764,Brain_Myeloid_microglial_cell,548,0.0,162,10_60296002_60296304,5903,Psap,0.0
849244,3765,Brain_Myeloid_microglial_cell,548,0.0,384,10_60296002_60296304,5903,Psap,0.0
849245,3766,Brain_Myeloid_microglial_cell,548,0.0,259,10_60296002_60296304,5903,Psap,0.0
849246,3767,Brain_Myeloid_microglial_cell,548,0.0,1245,10_60296002_60296304,5903,Psap,0.0
849247,3768,Brain_Myeloid_microglial_cell,548,0.0,487,10_60296002_60296304,5903,Psap,0.0
849248,3769,Brain_Myeloid_microglial_cell,548,0.0,800,10_60296002_60296304,5903,Psap,0.0
849249,3770,Brain_Myeloid_microglial_cell,548,0.0,129,10_60296002_60296304,5903,Psap,0.0
849250,3771,Brain_Myeloid_microglial_cell,548,0.0,430,10_60296002_60296304,5903,Psap,0.0
849251,3772,Brain_Myeloid_microglial_cell,548,0.0,127,10_60296002_60296304,5903,Psap,0.0
849252,3773,Brain_Myeloid_microglial_cell,548,0.0,351,10_60296002_60296304,5903,Psap,0.0
849253,3776,Brain_Myeloid_microglial_cell,548,0.0,272,10_60296002_60296304,5903,Psap,0.0
849254,3778,Brain_Myeloid_microglial_cell,548,0.0,138,10_60296002_60296304,5903,Psap,0.0
849255,3780,Brain_Myeloid_microglial_cell,548,0.0,126,10_60296002_60296304,5903,Psap,0.0
849256,3781,Brain_Myeloid_microglial_cell,548,0.0,269,10_60296002_60296304,5903,Psap,0.0
849257,3782,Brain_Myeloid_microglial_cell,548,0.0,387,10_60296002_60296304,5903,Psap,0.0
849258,3784,Brain_Myeloid_microglial_cell,548,0.0,544,10_60296002_60296304,5903,Psap,0.0
849259,3785,Brain_Myeloid_microglial_cell,548,0.0,195,10_60296002_60296304,5903,Psap,0.0
849260,3786,Brain_Myeloid_microglial_cell,548,0.0,1920,10_60296002_60296304,5903,Psap,0.0
849261,3787,Brain_Myeloid_microglial_cell,548,0.0,237,10_60296002_60296304,5903,Psap,0.0
849262,3788,Brain_Myeloid_microglial_cell,548,0.0,747,10_60296002_60296304,5903,Psap,0.0
849263,3790,Brain_Myeloid_microglial_cell,548,0.0,140,10_60296002_60296304,5903,Psap,0.0
849264,3791,Brain_Myeloid_microglial_cell,548,0.0,144,10_60296002_60296304,5903,Psap,0.0
849265,3792,Brain_Myeloid_microglial_cell,548,0.0,582,10_60296002_60296304,5903,Psap,0.0
849266,3793,Brain_Myeloid_microglial_cell,548,0.0,101,10_60296002_60296304,5903,Psap,0.0
849267,3794,Brain_Myeloid_microglial_cell,548,0.0,213,10_60296002_60296304,5903,Psap,0.0
849268,3796,Brain_Myeloid_microglial_cell,548,0.0,140,10_60296002_60296304,5903,Psap,0.0
849269,3797,Brain_Myeloid_microglial_cell,548,0.0,716,10_60296002_60296304,5903,Psap,0.0
849270,3798,Brain_Myeloid_microglial_cell,548,0.0,186,10_60296002_60296304,5903,Psap,0.0
849271,3799,Brain_Myeloid_microglial_cell,548,0.0,377,10_60296002_60296304,5903,Psap,0.0
849272,3800,Brain_Myeloid_microglial_cell,548,0.0,336,10_60296002_60296304,5903,Psap,0.0
849273,3801,Brain_Myeloid_microglial_cell,548,0.0,301,10_60296002_60296304,5903,Psap,0.0
849274,3802,Brain_Myeloid_microglial_cell,548,0.0,705,10_60296002_60296304,5903,Psap,0.0
849275,3803,Brain_Myeloid_microglial_cell,548,0.0,447,10_60296002_60296304,5903,Psap,0.0
849276,3804,Brain_Myeloid_microglial_cell,548,0.0,722,10_60296002_60296304,5903,Psap,0.0
849277,3807,Brain_Myeloid_microglial_cell,548,0.0,267,10_60296002_60296304,5903,Psap,0.0
849278,3808,Brain_Myeloid_microglial_cell,548,0.0,442,10_60296002_60296304,5903,Psap,0.0
849279,3809,Brain_Myeloid_microglial_cell,548,0.0,320,10_60296002_60296304,5903,Psap,0.0
849280,3810,Brain_Myeloid_microglial_cell,548,0.0,286,10_60296002_60296304,5903,Psap,0.0
849281,3811,Brain_Myeloid_microglial_cell,548,0.0,29,10_60296002_60296304,5903,Psap,0.0
849282,3812,Brain_Myeloid_microglial_cell,548,0.0,314,10_60296002_60296304,5903,Psap,0.0
849283,3813,Brain_Myeloid_microglial_cell,548,0.0,286,10_60296002_60296304,5903,Psap,0.0
849284,3814,Brain_Myeloid_microglial_cell,548,0.0,236,10_60296002_60296304,5903,Psap,0.0
849285,3815,Brain_Myeloid_microglial_cell,548,0.0,357,10_60296002_60296304,5903,Psap,0.0
849286,3817,Brain_Myeloid_microglial_cell,548,0.0,446,10_60296002_60296304,5903,Psap,0.0
849287,3818,Brain_Myeloid_microglial_cell,548,0.0,54,10_60296002_60296304,5903,Psap,0.0
849288,3819,Brain_Myeloid_microglial_cell,548,0.0,1443,10_60296002_60296304,5903,Psap,0.0
849289,3820,Brain_Myeloid_microglial_cell,548,0.0,219,10_60296002_60296304,5903,Psap,0.0
849290,3821,Brain_Myeloid_microglial_cell,548,0.0,285,10_60296002_60296304,5903,Psap,0.0
849291,3822,Brain_Myeloid_microglial_cell,548,0.0,334,10_60296002_60296304,5903,Psap,0.0
849292,3823,Brain_Myeloid_microglial_cell,548,0.0,659,10_60296002_60296304,5903,Psap,0.0
849293,3824,Brain_Myeloid_microglial_cell,548,0.0,114,10_60296002_60296304,5903,Psap,0.0
849294,3825,Brain_Myeloid_microglial_cell,548,0.0,380,10_60296002_60296304,5903,Psap,0.0
849295,3826,Brain_Myeloid_microglial_cell,548,0.0,172,10_60296002_60296304,5903,Psap,0.0
849296,3828,Brain_Myeloid_microglial_cell,548,0.0,258,10_60296002_60296304,5903,Psap,0.0
849297,3829,Brain_Myeloid_microglial_cell,548,0.0,251,10_60296002_60296304,5903,Psap,0.0
849298,3830,Brain_Myeloid_microglial_cell,548,0.0,147,10_60296002_60296304,5903,Psap,0.0
849299,3831,Brain_Myeloid_microglial_cell,548,0.0,79,10_60296002_60296304,5903,Psap,0.0
849300,3832,Brain_Myeloid_microglial_cell,548,0.0,302,10_60296002_60296304,5903,Psap,0.0
849301,3833,Brain_Myeloid_microglial_cell,548,0.0,413,10_60296002_60296304,5903,Psap,0.0
849302,3834,Brain_Myeloid_microglial_cell,548,0.0,622,10_60296002_60296304,5903,Psap,0.0
849303,3835,Brain_Myeloid_microglial_cell,548,0.0,470,10_60296002_60296304,5903,Psap,0.0
849304,3836,Brain_Myeloid_microglial_cell,548,0.0,319,10_60296002_60296304,5903,Psap,0.0
849305,3837,Brain_Myeloid_microglial_cell,548,0.0,96,10_60296002_60296304,5903,Psap,0.0
849306,3839,Brain_Myeloid_microglial_cell,548,0.0,726,10_60296002_60296304,5903,Psap,0.0
849307,3840,Brain_Myeloid_microglial_cell,548,0.0,874,10_60296002_60296304,5903,Psap,0.0
849308,3841,Brain_Myeloid_microglial_cell,548,0.0,703,10_60296002_60296304,5903,Psap,0.0
849309,3842,Brain_Myeloid_microglial_cell,548,0.0,342,10_60296002_60296304,5903,Psap,0.0
849310,3843,Brain_Myeloid_microglial_cell,548,0.0,148,10_60296002_60296304,5903,Psap,0.0
849311,3844,Brain_Myeloid_microglial_cell,548,0.0,252,10_60296002_60296304,5903,Psap,0.0
849312,3845,Brain_Myeloid_microglial_cell,548,0.0,212,10_60296002_60296304,5903,Psap,0.0
849313,3846,Brain_Myeloid_microglial_cell,548,0.0,362,10_60296002_60296304,5903,Psap,0.0
849314,3847,Brain_Myeloid_microglial_cell,548,0.0,276,10_60296002_60296304,5903,Psap,0.0
849315,3848,Brain_Myeloid_microglial_cell,548,0.0,908,10_60296002_60296304,5903,Psap,0.0
849316,3850,Brain_Myeloid_microglial_cell,548,0.0,378,10_60296002_60296304,5903,Psap,0.0
849317,3851,Brain_Myeloid_microglial_cell,548,0.0,367,10_60296002_60296304,5903,Psap,0.0
849318,3852,Brain_Myeloid_microglial_cell,548,0.0,773,10_60296002_60296304,5903,Psap,0.0
849319,3853,Brain_Myeloid_microglial_cell,548,0.0,206,10_60296002_60296304,5903,Psap,0.0
849320,3854,Brain_Myeloid_microglial_cell,548,0.0,140,10_60296002_60296304,5903,Psap,0.0
849321,3855,Brain_Myeloid_microglial_cell,548,0.0,150,10_60296002_60296304,5903,Psap,0.0
849322,3856,Brain_Myeloid_microglial_cell,548,0.0,12,10_60296002_60296304,5903,Psap,0.0
849323,3857,Brain_Myeloid_microglial_cell,548,0.0,389,10_60296002_60296304,5903,Psap,0.0
849324,3858,Brain_Myeloid_microglial_cell,548,0.0,1065,10_60296002_60296304,5903,Psap,0.0
849325,3859,Brain_Myeloid_microglial_cell,548,0.0,452,10_60296002_60296304,5903,Psap,0.0
849326,3860,Brain_Myeloid_microglial_cell,548,0.0,145,10_60296002_60296304,5903,Psap,0.0
849327,3862,Brain_Myeloid_microglial_cell,548,0.0,607,10_60296002_60296304,5903,Psap,0.0
849328,3864,Brain_Myeloid_microglial_cell,548,0.0,293,10_60296002_60296304,5903,Psap,0.0
849329,3865,Brain_Myeloid_microglial_cell,548,0.0,171,10_60296002_60296304,5903,Psap,0.0
849330,3866,Brain_Myeloid_microglial_cell,548,0.0,402,10_60296002_60296304,5903,Psap,0.0
849331,3867,Brain_Myeloid_microglial_cell,548,0.0,380,10_60296002_60296304,5903,Psap,0.0
849332,3868,Brain_Myeloid_microglial_cell,548,0.0,42,10_60296002_60296304,5903,Psap,0.0
849333,3869,Brain_Myeloid_microglial_cell,548,0.0,409,10_60296002_60296304,5903,Psap,0.0
849334,3870,Brain_Myeloid_microglial_cell,548,0.0,1173,10_60296002_60296304,5903,Psap,0.0
849335,3871,Brain_Myeloid_microglial_cell,548,0.0,2079,10_60296002_60296304,5903,Psap,0.0
849336,3872,Brain_Myeloid_microglial_cell,548,0.0,12,10_60296002_60296304,5903,Psap,0.0
849337,3873,Brain_Myeloid_microglial_cell,548,0.0,195,10_60296002_60296304,5903,Psap,0.0
849338,3874,Brain_Myeloid_microglial_cell,548,0.0,848,10_60296002_60296304,5903,Psap,0.0
849339,3875,Brain_Myeloid_microglial_cell,548,0.0,500,10_60296002_60296304,5903,Psap,0.0
849340,3876,Brain_Myeloid_microglial_cell,548,0.0,569,10_60296002_60296304,5903,Psap,0.0
849341,3877,Brain_Myeloid_microglial_cell,548,0.0,490,10_60296002_60296304,5903,Psap,0.0
849342,3878,Brain_Myeloid_microglial_cell,548,0.0,463,10_60296002_60296304,5903,Psap,0.0
849343,3879,Brain_Myeloid_microglial_cell,548,0.0,544,10_60296002_60296304,5903,Psap,0.0
849344,3880,Brain_Myeloid_microglial_cell,548,0.0,47,10_60296002_60296304,5903,Psap,0.0
849345,3881,Brain_Myeloid_microglial_cell,548,0.0,242,10_60296002_60296304,5903,Psap,0.0
849346,3882,Brain_Myeloid_microglial_cell,548,0.0,65,10_60296002_60296304,5903,Psap,0.0
849347,3883,Brain_Myeloid_microglial_cell,548,0.0,393,10_60296002_60296304,5903,Psap,0.0
849348,3885,Brain_Myeloid_microglial_cell,548,0.0,242,10_60296002_60296304,5903,Psap,0.0
849349,3886,Brain_Myeloid_microglial_cell,548,0.0,98,10_60296002_60296304,5903,Psap,0.0
849350,3887,Brain_Myeloid_microglial_cell,548,0.0,405,10_60296002_60296304,5903,Psap,0.0
849351,3888,Brain_Myeloid_microglial_cell,548,0.0,584,10_60296002_60296304,5903,Psap,0.0
849352,3889,Brain_Myeloid_microglial_cell,548,0.0,136,10_60296002_60296304,5903,Psap,0.0
849353,3890,Brain_Myeloid_microglial_cell,548,0.0,439,10_60296002_60296304,5903,Psap,0.0
849354,3891,Brain_Myeloid_microglial_cell,548,0.0,299,10_60296002_60296304,5903,Psap,0.0
849355,3892,Brain_Myeloid_microglial_cell,548,0.0,689,10_60296002_60296304,5903,Psap,0.0
849356,3893,Brain_Myeloid_microglial_cell,548,0.0,134,10_60296002_60296304,5903,Psap,0.0
849357,3894,Brain_Myeloid_microglial_cell,548,0.0,1238,10_60296002_60296304,5903,Psap,0.0
849358,3896,Brain_Myeloid_microglial_cell,548,0.0,348,10_60296002_60296304,5903,Psap,0.0
849359,3897,Brain_Myeloid_microglial_cell,548,0.0,600,10_60296002_60296304,5903,Psap,0.0
849360,3898,Brain_Myeloid_microglial_cell,548,0.0,336,10_60296002_60296304,5903,Psap,0.0
849361,3899,Brain_Myeloid_microglial_cell,548,0.0,120,10_60296002_60296304,5903,Psap,0.0
849362,3900,Brain_Myeloid_microglial_cell,548,0.0,298,10_60296002_60296304,5903,Psap,0.0
849363,3901,Brain_Myeloid_microglial_cell,548,0.0,382,10_60296002_60296304,5903,Psap,0.0
849364,3902,Brain_Myeloid_microglial_cell,548,0.0,30,10_60296002_60296304,5903,Psap,0.0
849365,3903,Brain_Myeloid_microglial_cell,548,0.0,165,10_60296002_60296304,5903,Psap,0.0
849366,3904,Brain_Myeloid_microglial_cell,548,0.0,182,10_60296002_60296304,5903,Psap,0.0
849367,3905,Brain_Myeloid_microglial_cell,548,0.0,612,10_60296002_60296304,5903,Psap,0.0
849368,3906,Brain_Myeloid_microglial_cell,548,0.0,454,10_60296002_60296304,5903,Psap,0.0
849369,3907,Brain_Myeloid_microglial_cell,548,0.0,884,10_60296002_60296304,5903,Psap,0.0
849370,3908,Brain_Myeloid_microglial_cell,548,0.0,90,10_60296002_60296304,5903,Psap,0.0
849371,3909,Brain_Myeloid_microglial_cell,548,0.0,610,10_60296002_60296304,5903,Psap,0.0
849372,3910,Brain_Myeloid_microglial_cell,548,0.0,918,10_60296002_60296304,5903,Psap,0.0
849373,3911,Brain_Myeloid_microglial_cell,548,0.0,58,10_60296002_60296304,5903,Psap,0.0
849374,3913,Brain_Myeloid_microglial_cell,548,0.0,330,10_60296002_60296304,5903,Psap,0.0
849375,3914,Brain_Myeloid_microglial_cell,548,0.0,2,10_60296002_60296304,5903,Psap,0.0
849376,3916,Brain_Myeloid_microglial_cell,548,0.0,377,10_60296002_60296304,5903,Psap,0.0
849377,3917,Brain_Myeloid_microglial_cell,548,0.0,236,10_60296002_60296304,5903,Psap,0.0
849378,3918,Brain_Myeloid_microglial_cell,548,0.0,240,10_60296002_60296304,5903,Psap,0.0
849379,3919,Brain_Myeloid_microglial_cell,548,0.0,534,10_60296002_60296304,5903,Psap,0.0
849380,3920,Brain_Myeloid_microglial_cell,548,0.0,183,10_60296002_60296304,5903,Psap,0.0
849381,3921,Brain_Myeloid_microglial_cell,548,0.0,1392,10_60296002_60296304,5903,Psap,0.0
849382,3923,Brain_Myeloid_microglial_cell,548,0.0,179,10_60296002_60296304,5903,Psap,0.0
849383,3924,Brain_Myeloid_microglial_cell,548,0.0,57,10_60296002_60296304,5903,Psap,0.0
849384,3925,Brain_Myeloid_microglial_cell,548,0.0,120,10_60296002_60296304,5903,Psap,0.0
849385,3926,Brain_Myeloid_microglial_cell,548,0.0,308,10_60296002_60296304,5903,Psap,0.0
849386,3927,Brain_Myeloid_microglial_cell,548,0.0,121,10_60296002_60296304,5903,Psap,0.0
849387,3928,Brain_Myeloid_microglial_cell,548,0.0,199,10_60296002_60296304,5903,Psap,0.0
849388,3929,Brain_Myeloid_microglial_cell,548,0.0,189,10_60296002_60296304,5903,Psap,0.0
849389,3930,Brain_Myeloid_microglial_cell,548,0.0,405,10_60296002_60296304,5903,Psap,0.0
849390,3931,Brain_Myeloid_microglial_cell,548,0.0,450,10_60296002_60296304,5903,Psap,0.0
849391,3932,Brain_Myeloid_microglial_cell,548,0.0,131,10_60296002_60296304,5903,Psap,0.0
849392,3933,Brain_Myeloid_microglial_cell,548,0.0,685,10_60296002_60296304,5903,Psap,0.0
849393,3934,Brain_Myeloid_microglial_cell,548,0.0,256,10_60296002_60296304,5903,Psap,0.0
849394,3935,Brain_Myeloid_microglial_cell,548,0.0,103,10_60296002_60296304,5903,Psap,0.0
849395,3936,Brain_Myeloid_microglial_cell,548,0.0,184,10_60296002_60296304,5903,Psap,0.0
849396,3937,Brain_Myeloid_microglial_cell,548,0.0,118,10_60296002_60296304,5903,Psap,0.0
849397,3938,Brain_Myeloid_microglial_cell,548,0.0,157,10_60296002_60296304,5903,Psap,0.0
849398,3939,Brain_Myeloid_microglial_cell,548,0.0,113,10_60296002_60296304,5903,Psap,0.0
849399,3940,Brain_Myeloid_microglial_cell,548,0.0,237,10_60296002_60296304,5903,Psap,0.0
849400,3941,Brain_Myeloid_microglial_cell,548,0.0,291,10_60296002_60296304,5903,Psap,0.0
849401,3942,Brain_Myeloid_microglial_cell,548,0.0,347,10_60296002_60296304,5903,Psap,0.0
849402,3943,Brain_Myeloid_microglial_cell,548,0.0,754,10_60296002_60296304,5903,Psap,0.0
849403,3944,Brain_Myeloid_microglial_cell,548,0.0,90,10_60296002_60296304,5903,Psap,0.0
849404,3945,Brain_Myeloid_microglial_cell,548,0.0,523,10_60296002_60296304,5903,Psap,0.0
849405,3946,Brain_Myeloid_microglial_cell,548,0.0,559,10_60296002_60296304,5903,Psap,0.0
849406,3947,Brain_Myeloid_microglial_cell,548,0.0,360,10_60296002_60296304,5903,Psap,0.0
849407,3948,Brain_Myeloid_microglial_cell,548,0.0,24,10_60296002_60296304,5903,Psap,0.0
849408,3949,Brain_Myeloid_microglial_cell,548,0.0,208,10_60296002_60296304,5903,Psap,0.0
849409,3950,Brain_Myeloid_microglial_cell,548,0.0,297,10_60296002_60296304,5903,Psap,0.0
849410,3951,Brain_Myeloid_microglial_cell,548,0.0,3,10_60296002_60296304,5903,Psap,0.0
849411,3952,Brain_Myeloid_microglial_cell,548,0.0,230,10_60296002_60296304,5903,Psap,0.0
849412,3953,Brain_Myeloid_microglial_cell,548,0.0,449,10_60296002_60296304,5903,Psap,0.0
849413,3954,Brain_Myeloid_microglial_cell,548,0.0,308,10_60296002_60296304,5903,Psap,0.0
849414,3955,Brain_Myeloid_microglial_cell,548,0.0,517,10_60296002_60296304,5903,Psap,0.0
849415,3957,Brain_Myeloid_microglial_cell,548,0.0,375,10_60296002_60296304,5903,Psap,0.0
849416,3958,Brain_Myeloid_microglial_cell,548,0.0,298,10_60296002_60296304,5903,Psap,0.0
849417,3959,Brain_Myeloid_microglial_cell,548,0.0,355,10_60296002_60296304,5903,Psap,0.0
849418,3960,Brain_Myeloid_microglial_cell,548,0.0,1528,10_60296002_60296304,5903,Psap,0.0
849419,3961,Brain_Myeloid_microglial_cell,548,0.0,131,10_60296002_60296304,5903,Psap,0.0
849420,3962,Brain_Myeloid_microglial_cell,548,0.0,93,10_60296002_60296304,5903,Psap,0.0
849421,3963,Brain_Myeloid_microglial_cell,548,0.0,72,10_60296002_60296304,5903,Psap,0.0
849422,3964,Brain_Myeloid_microglial_cell,548,0.0,220,10_60296002_60296304,5903,Psap,0.0
849423,3965,Brain_Myeloid_microglial_cell,548,0.0,159,10_60296002_60296304,5903,Psap,0.0
849424,3966,Brain_Myeloid_microglial_cell,548,0.0,188,10_60296002_60296304,5903,Psap,0.0
849425,3967,Brain_Myeloid_microglial_cell,548,0.0,93,10_60296002_60296304,5903,Psap,0.0
849426,3968,Brain_Myeloid_microglial_cell,548,0.0,507,10_60296002_60296304,5903,Psap,0.0
849427,3969,Brain_Myeloid_microglial_cell,548,0.0,391,10_60296002_60296304,5903,Psap,0.0
849428,3970,Brain_Myeloid_microglial_cell,548,0.0,488,10_60296002_60296304,5903,Psap,0.0
849429,3971,Brain_Myeloid_microglial_cell,548,0.0,286,10_60296002_60296304,5903,Psap,0.0
849430,3972,Brain_Myeloid_microglial_cell,548,0.0,202,10_60296002_60296304,5903,Psap,0.0
849431,3973,Brain_Myeloid_microglial_cell,548,0.0,275,10_60296002_60296304,5903,Psap,0.0
849432,3974,Brain_Myeloid_microglial_cell,548,0.0,17,10_60296002_60296304,5903,Psap,0.0
849433,3976,Brain_Myeloid_microglial_cell,548,0.0,226,10_60296002_60296304,5903,Psap,0.0
849434,3977,Brain_Myeloid_microglial_cell,548,0.0,214,10_60296002_60296304,5903,Psap,0.0
849435,3978,Brain_Myeloid_microglial_cell,548,0.0,324,10_60296002_60296304,5903,Psap,0.0
849436,3979,Brain_Myeloid_microglial_cell,548,0.0,388,10_60296002_60296304,5903,Psap,0.0
849437,3980,Brain_Myeloid_microglial_cell,548,0.0,58,10_60296002_60296304,5903,Psap,0.0
849438,3981,Brain_Myeloid_microglial_cell,548,0.0,694,10_60296002_60296304,5903,Psap,0.0
849439,3982,Brain_Myeloid_microglial_cell,548,0.0,176,10_60296002_60296304,5903,Psap,0.0
849440,3983,Brain_Myeloid_microglial_cell,548,0.0,557,10_60296002_60296304,5903,Psap,0.0
849441,3984,Brain_Myeloid_microglial_cell,548,0.0,668,10_60296002_60296304,5903,Psap,0.0
849442,3985,Brain_Myeloid_microglial_cell,548,0.0,1400,10_60296002_60296304,5903,Psap,0.0
849443,3986,Brain_Myeloid_microglial_cell,548,0.0,458,10_60296002_60296304,5903,Psap,0.0
849444,3987,Brain_Myeloid_microglial_cell,548,0.0,326,10_60296002_60296304,5903,Psap,0.0
849445,3988,Brain_Myeloid_microglial_cell,548,0.0,3418,10_60296002_60296304,5903,Psap,0.0
849446,3989,Brain_Myeloid_microglial_cell,548,0.0,173,10_60296002_60296304,5903,Psap,0.0
849447,3990,Brain_Myeloid_microglial_cell,548,0.0,104,10_60296002_60296304,5903,Psap,0.0
849448,3991,Brain_Myeloid_microglial_cell,548,0.0,189,10_60296002_60296304,5903,Psap,0.0
849449,3992,Brain_Myeloid_microglial_cell,548,0.0,136,10_60296002_60296304,5903,Psap,0.0
849450,3993,Brain_Myeloid_microglial_cell,548,0.0,379,10_60296002_60296304,5903,Psap,0.0
849451,3994,Brain_Myeloid_microglial_cell,548,0.0,479,10_60296002_60296304,5903,Psap,0.0
849452,3995,Brain_Myeloid_microglial_cell,548,0.0,508,10_60296002_60296304,5903,Psap,0.0
849453,3996,Brain_Myeloid_microglial_cell,548,0.0,127,10_60296002_60296304,5903,Psap,0.0
849454,3997,Brain_Myeloid_microglial_cell,548,0.0,1252,10_60296002_60296304,5903,Psap,0.0
849455,3998,Brain_Myeloid_microglial_cell,548,0.0,191,10_60296002_60296304,5903,Psap,0.0
849456,3999,Brain_Myeloid_microglial_cell,548,0.0,56,10_60296002_60296304,5903,Psap,0.0
849457,4000,Brain_Myeloid_microglial_cell,548,0.0,152,10_60296002_60296304,5903,Psap,0.0
849458,4001,Brain_Myeloid_microglial_cell,548,0.0,181,10_60296002_60296304,5903,Psap,0.0
849459,4002,Brain_Myeloid_microglial_cell,548,0.0,103,10_60296002_60296304,5903,Psap,0.0
849460,4003,Brain_Myeloid_microglial_cell,548,0.0,37,10_60296002_60296304,5903,Psap,0.0
849461,4004,Brain_Myeloid_microglial_cell,548,0.0,436,10_60296002_60296304,5903,Psap,0.0
849462,4005,Brain_Myeloid_microglial_cell,548,0.0,151,10_60296002_60296304,5903,Psap,0.0
849463,4006,Brain_Myeloid_microglial_cell,548,0.0,69,10_60296002_60296304,5903,Psap,0.0
849464,4007,Brain_Myeloid_microglial_cell,548,0.0,39,10_60296002_60296304,5903,Psap,0.0
849465,4008,Brain_Myeloid_microglial_cell,548,0.0,351,10_60296002_60296304,5903,Psap,0.0
849466,4010,Brain_Myeloid_microglial_cell,548,0.0,101,10_60296002_60296304,5903,Psap,0.0
849467,4011,Brain_Myeloid_microglial_cell,548,0.0,354,10_60296002_60296304,5903,Psap,0.0
849468,4012,Brain_Myeloid_microglial_cell,548,0.0,198,10_60296002_60296304,5903,Psap,0.0
849469,4014,Brain_Myeloid_microglial_cell,548,0.0,224,10_60296002_60296304,5903,Psap,0.0
849470,4015,Brain_Myeloid_microglial_cell,548,0.0,106,10_60296002_60296304,5903,Psap,0.0
849471,4016,Brain_Myeloid_microglial_cell,548,0.0,262,10_60296002_60296304,5903,Psap,0.0
849472,4017,Brain_Myeloid_microglial_cell,548,0.0,106,10_60296002_60296304,5903,Psap,0.0
849473,4018,Brain_Myeloid_microglial_cell,548,0.0,378,10_60296002_60296304,5903,Psap,0.0
849474,4019,Brain_Myeloid_microglial_cell,548,0.0,126,10_60296002_60296304,5903,Psap,0.0
849475,4021,Brain_Myeloid_microglial_cell,548,0.0,400,10_60296002_60296304,5903,Psap,0.0
849476,4022,Brain_Myeloid_microglial_cell,548,0.0,396,10_60296002_60296304,5903,Psap,0.0
849477,4023,Brain_Myeloid_microglial_cell,548,0.0,346,10_60296002_60296304,5903,Psap,0.0
849478,4024,Brain_Myeloid_microglial_cell,548,0.0,302,10_60296002_60296304,5903,Psap,0.0
849479,4025,Brain_Myeloid_microglial_cell,548,0.0,143,10_60296002_60296304,5903,Psap,0.0
849480,4026,Brain_Myeloid_microglial_cell,548,0.0,563,10_60296002_60296304,5903,Psap,0.0
849481,4027,Brain_Myeloid_microglial_cell,548,0.0,42,10_60296002_60296304,5903,Psap,0.0
849482,4028,Brain_Myeloid_microglial_cell,548,0.0,233,10_60296002_60296304,5903,Psap,0.0
849483,4029,Brain_Myeloid_microglial_cell,548,0.0,896,10_60296002_60296304,5903,Psap,0.0
849484,4030,Brain_Myeloid_microglial_cell,548,0.0,250,10_60296002_60296304,5903,Psap,0.0
849485,4033,Brain_Myeloid_microglial_cell,548,0.0,340,10_60296002_60296304,5903,Psap,0.0
849486,4034,Brain_Myeloid_microglial_cell,548,0.0,232,10_60296002_60296304,5903,Psap,0.0
849487,4035,Brain_Myeloid_microglial_cell,548,0.0,215,10_60296002_60296304,5903,Psap,0.0
849488,4036,Brain_Myeloid_microglial_cell,548,0.0,473,10_60296002_60296304,5903,Psap,0.0
849489,4037,Brain_Myeloid_microglial_cell,548,0.0,411,10_60296002_60296304,5903,Psap,0.0
849490,4038,Brain_Myeloid_microglial_cell,548,0.0,421,10_60296002_60296304,5903,Psap,0.0
849491,4039,Brain_Myeloid_microglial_cell,548,0.0,41,10_60296002_60296304,5903,Psap,0.0
849492,4040,Brain_Myeloid_microglial_cell,548,0.0,165,10_60296002_60296304,5903,Psap,0.0
849493,4041,Brain_Myeloid_microglial_cell,548,0.0,304,10_60296002_60296304,5903,Psap,0.0
849494,4042,Brain_Myeloid_microglial_cell,548,0.0,178,10_60296002_60296304,5903,Psap,0.0
849495,4043,Brain_Myeloid_microglial_cell,548,0.0,671,10_60296002_60296304,5903,Psap,0.0
849496,4044,Brain_Myeloid_microglial_cell,548,0.0,238,10_60296002_60296304,5903,Psap,0.0
849497,4045,Brain_Myeloid_microglial_cell,548,0.0,814,10_60296002_60296304,5903,Psap,0.0
849498,4046,Brain_Myeloid_microglial_cell,548,0.0,136,10_60296002_60296304,5903,Psap,0.0
849499,4047,Brain_Myeloid_microglial_cell,548,0.0,120,10_60296002_60296304,5903,Psap,0.0
849500,4048,Brain_Myeloid_microglial_cell,548,0.0,231,10_60296002_60296304,5903,Psap,0.0
849501,4049,Brain_Myeloid_microglial_cell,548,0.0,156,10_60296002_60296304,5903,Psap,0.0
849502,4050,Brain_Myeloid_microglial_cell,548,0.0,237,10_60296002_60296304,5903,Psap,0.0
849503,4051,Brain_Myeloid_microglial_cell,548,0.0,224,10_60296002_60296304,5903,Psap,0.0
849504,4052,Brain_Myeloid_microglial_cell,548,0.0,422,10_60296002_60296304,5903,Psap,0.0
849505,4053,Brain_Myeloid_microglial_cell,548,0.0,341,10_60296002_60296304,5903,Psap,0.0
849506,4054,Brain_Myeloid_microglial_cell,548,0.0,79,10_60296002_60296304,5903,Psap,0.0
849507,4055,Brain_Myeloid_microglial_cell,548,0.0,123,10_60296002_60296304,5903,Psap,0.0
849508,4056,Brain_Myeloid_microglial_cell,548,0.0,480,10_60296002_60296304,5903,Psap,0.0
849509,4057,Brain_Myeloid_microglial_cell,548,0.0,407,10_60296002_60296304,5903,Psap,0.0
849510,4058,Brain_Myeloid_microglial_cell,548,0.0,227,10_60296002_60296304,5903,Psap,0.0
849511,4059,Brain_Myeloid_microglial_cell,548,0.0,183,10_60296002_60296304,5903,Psap,0.0
849512,4060,Brain_Myeloid_microglial_cell,548,0.0,280,10_60296002_60296304,5903,Psap,0.0
849513,4061,Brain_Myeloid_microglial_cell,548,0.0,130,10_60296002_60296304,5903,Psap,0.0
849514,4062,Brain_Myeloid_microglial_cell,548,0.0,506,10_60296002_60296304,5903,Psap,0.0
849515,4063,Brain_Myeloid_microglial_cell,548,0.0,256,10_60296002_60296304,5903,Psap,0.0
849516,4064,Brain_Myeloid_microglial_cell,548,0.0,276,10_60296002_60296304,5903,Psap,0.0
849517,4066,Brain_Myeloid_microglial_cell,548,0.0,431,10_60296002_60296304,5903,Psap,0.0
849518,4067,Brain_Myeloid_microglial_cell,548,0.0,498,10_60296002_60296304,5903,Psap,0.0
849519,4068,Brain_Myeloid_microglial_cell,548,0.0,516,10_60296002_60296304,5903,Psap,0.0
849520,4069,Brain_Myeloid_microglial_cell,548,0.0,142,10_60296002_60296304,5903,Psap,0.0
849521,4070,Brain_Myeloid_microglial_cell,548,0.0,414,10_60296002_60296304,5903,Psap,0.0
849522,4071,Brain_Myeloid_microglial_cell,548,0.0,351,10_60296002_60296304,5903,Psap,0.0
849523,4072,Brain_Myeloid_microglial_cell,548,0.0,1135,10_60296002_60296304,5903,Psap,0.0
849524,4074,Brain_Myeloid_microglial_cell,548,0.0,383,10_60296002_60296304,5903,Psap,0.0
849525,4075,Brain_Myeloid_microglial_cell,548,0.0,442,10_60296002_60296304,5903,Psap,0.0
849526,4076,Brain_Myeloid_microglial_cell,548,0.0,657,10_60296002_60296304,5903,Psap,0.0
849527,4077,Brain_Myeloid_microglial_cell,548,0.0,349,10_60296002_60296304,5903,Psap,0.0
849528,4078,Brain_Myeloid_microglial_cell,548,0.0,168,10_60296002_60296304,5903,Psap,0.0
849529,4079,Brain_Myeloid_microglial_cell,548,0.0,575,10_60296002_60296304,5903,Psap,0.0
849530,4080,Brain_Myeloid_microglial_cell,548,0.0,474,10_60296002_60296304,5903,Psap,0.0
849531,4081,Brain_Myeloid_microglial_cell,548,0.0,305,10_60296002_60296304,5903,Psap,0.0
849532,4082,Brain_Myeloid_microglial_cell,548,0.0,1170,10_60296002_60296304,5903,Psap,0.0
849533,4083,Brain_Myeloid_microglial_cell,548,0.0,851,10_60296002_60296304,5903,Psap,0.0
849534,4084,Brain_Myeloid_microglial_cell,548,0.0,52,10_60296002_60296304,5903,Psap,0.0
849535,4085,Brain_Myeloid_microglial_cell,548,0.0,412,10_60296002_60296304,5903,Psap,0.0
849536,4086,Brain_Myeloid_microglial_cell,548,0.0,258,10_60296002_60296304,5903,Psap,0.0
849537,4087,Brain_Myeloid_microglial_cell,548,0.0,337,10_60296002_60296304,5903,Psap,0.0
849538,4088,Brain_Myeloid_microglial_cell,548,0.0,383,10_60296002_60296304,5903,Psap,0.0
849539,4089,Brain_Myeloid_microglial_cell,548,0.0,1108,10_60296002_60296304,5903,Psap,0.0
849540,4090,Brain_Myeloid_microglial_cell,548,0.0,369,10_60296002_60296304,5903,Psap,0.0
849541,4091,Brain_Myeloid_microglial_cell,548,0.0,597,10_60296002_60296304,5903,Psap,0.0
849542,4092,Brain_Myeloid_microglial_cell,548,0.0,204,10_60296002_60296304,5903,Psap,0.0
849543,4093,Brain_Myeloid_microglial_cell,548,0.0,187,10_60296002_60296304,5903,Psap,0.0
849544,4094,Brain_Myeloid_microglial_cell,548,0.0,1628,10_60296002_60296304,5903,Psap,0.0
849545,4095,Brain_Myeloid_microglial_cell,548,0.0,156,10_60296002_60296304,5903,Psap,0.0
849546,4096,Brain_Myeloid_microglial_cell,548,0.0,1029,10_60296002_60296304,5903,Psap,0.0
849547,4097,Brain_Myeloid_microglial_cell,548,0.0,388,10_60296002_60296304,5903,Psap,0.0
849548,4098,Brain_Myeloid_microglial_cell,548,0.0,53,10_60296002_60296304,5903,Psap,0.0
849549,4099,Brain_Myeloid_microglial_cell,548,0.0,138,10_60296002_60296304,5903,Psap,0.0
849550,4100,Brain_Myeloid_microglial_cell,548,0.0,436,10_60296002_60296304,5903,Psap,0.0
849551,4101,Brain_Myeloid_microglial_cell,548,0.0,425,10_60296002_60296304,5903,Psap,0.0
849552,4102,Brain_Myeloid_microglial_cell,548,0.0,260,10_60296002_60296304,5903,Psap,0.0
849553,4103,Brain_Myeloid_microglial_cell,548,0.0,1130,10_60296002_60296304,5903,Psap,0.0
849554,4104,Brain_Myeloid_microglial_cell,548,0.0,230,10_60296002_60296304,5903,Psap,0.0
849555,4105,Brain_Myeloid_microglial_cell,548,0.0,245,10_60296002_60296304,5903,Psap,0.0
849556,4106,Brain_Myeloid_microglial_cell,548,0.0,338,10_60296002_60296304,5903,Psap,0.0
849557,4107,Brain_Myeloid_microglial_cell,548,0.0,259,10_60296002_60296304,5903,Psap,0.0
849558,4108,Brain_Myeloid_microglial_cell,548,0.0,104,10_60296002_60296304,5903,Psap,0.0
849559,4109,Brain_Myeloid_microglial_cell,548,0.0,233,10_60296002_60296304,5903,Psap,0.0
849560,4110,Brain_Myeloid_microglial_cell,548,0.0,255,10_60296002_60296304,5903,Psap,0.0
849561,4111,Brain_Myeloid_microglial_cell,548,0.0,83,10_60296002_60296304,5903,Psap,0.0
849562,4112,Brain_Myeloid_microglial_cell,548,0.0,57,10_60296002_60296304,5903,Psap,0.0
849563,4113,Brain_Myeloid_microglial_cell,548,0.0,250,10_60296002_60296304,5903,Psap,0.0
849564,4114,Brain_Myeloid_microglial_cell,548,0.0,81,10_60296002_60296304,5903,Psap,0.0
849565,4115,Brain_Myeloid_microglial_cell,548,0.0,218,10_60296002_60296304,5903,Psap,0.0
849566,4116,Brain_Myeloid_microglial_cell,548,0.0,532,10_60296002_60296304,5903,Psap,0.0
849567,4117,Brain_Myeloid_microglial_cell,548,0.0,1032,10_60296002_60296304,5903,Psap,0.0
849568,4118,Brain_Myeloid_microglial_cell,548,0.0,670,10_60296002_60296304,5903,Psap,0.0
849569,4119,Brain_Myeloid_microglial_cell,548,0.0,259,10_60296002_60296304,5903,Psap,0.0
849570,4120,Brain_Myeloid_microglial_cell,548,0.0,224,10_60296002_60296304,5903,Psap,0.0
849571,4121,Brain_Myeloid_microglial_cell,548,0.0,455,10_60296002_60296304,5903,Psap,0.0
849572,4122,Brain_Myeloid_microglial_cell,548,0.0,114,10_60296002_60296304,5903,Psap,0.0
849573,4123,Brain_Myeloid_microglial_cell,548,0.0,190,10_60296002_60296304,5903,Psap,0.0
849574,4124,Brain_Myeloid_microglial_cell,548,0.0,238,10_60296002_60296304,5903,Psap,0.0
849575,4125,Brain_Myeloid_microglial_cell,548,0.0,990,10_60296002_60296304,5903,Psap,0.0
849576,4126,Brain_Myeloid_microglial_cell,548,0.0,302,10_60296002_60296304,5903,Psap,0.0
849577,4127,Brain_Myeloid_microglial_cell,548,0.0,412,10_60296002_60296304,5903,Psap,0.0
849578,4128,Brain_Myeloid_microglial_cell,548,0.0,313,10_60296002_60296304,5903,Psap,0.0
849579,4129,Brain_Myeloid_microglial_cell,548,0.0,262,10_60296002_60296304,5903,Psap,0.0
849580,4130,Brain_Myeloid_microglial_cell,548,0.0,252,10_60296002_60296304,5903,Psap,0.0
849581,4131,Brain_Myeloid_microglial_cell,548,0.0,233,10_60296002_60296304,5903,Psap,0.0
849582,4132,Brain_Myeloid_microglial_cell,548,0.0,280,10_60296002_60296304,5903,Psap,0.0
849583,4133,Brain_Myeloid_microglial_cell,548,0.0,294,10_60296002_60296304,5903,Psap,0.0
849584,4134,Brain_Myeloid_microglial_cell,548,0.0,362,10_60296002_60296304,5903,Psap,0.0
849585,4135,Brain_Myeloid_microglial_cell,548,0.0,1974,10_60296002_60296304,5903,Psap,0.0
849586,4136,Brain_Myeloid_microglial_cell,548,0.0,335,10_60296002_60296304,5903,Psap,0.0
849587,4137,Brain_Myeloid_microglial_cell,548,0.0,292,10_60296002_60296304,5903,Psap,0.0
849588,4138,Brain_Myeloid_microglial_cell,548,0.0,406,10_60296002_60296304,5903,Psap,0.0
849589,4139,Brain_Myeloid_microglial_cell,548,0.0,173,10_60296002_60296304,5903,Psap,0.0
849590,4140,Brain_Myeloid_microglial_cell,548,0.0,284,10_60296002_60296304,5903,Psap,0.0
849591,4141,Brain_Myeloid_microglial_cell,548,0.0,113,10_60296002_60296304,5903,Psap,0.0
849592,4142,Brain_Myeloid_microglial_cell,548,0.0,262,10_60296002_60296304,5903,Psap,0.0
849593,4143,Brain_Myeloid_microglial_cell,548,0.0,74,10_60296002_60296304,5903,Psap,0.0
849594,4144,Brain_Myeloid_microglial_cell,548,0.0,427,10_60296002_60296304,5903,Psap,0.0
849595,4145,Brain_Myeloid_microglial_cell,548,0.0,231,10_60296002_60296304,5903,Psap,0.0
849596,4146,Brain_Myeloid_microglial_cell,548,0.0,209,10_60296002_60296304,5903,Psap,0.0
849597,4147,Brain_Myeloid_microglial_cell,548,0.0,387,10_60296002_60296304,5903,Psap,0.0
849598,4148,Brain_Myeloid_microglial_cell,548,0.0,206,10_60296002_60296304,5903,Psap,0.0
849599,4149,Brain_Myeloid_microglial_cell,548,0.0,517,10_60296002_60296304,5903,Psap,0.0
849600,4150,Brain_Myeloid_microglial_cell,548,0.0,440,10_60296002_60296304,5903,Psap,0.0
849601,4151,Brain_Myeloid_microglial_cell,548,0.0,171,10_60296002_60296304,5903,Psap,0.0
849602,4152,Brain_Myeloid_microglial_cell,548,0.0,234,10_60296002_60296304,5903,Psap,0.0
849603,4153,Brain_Myeloid_microglial_cell,548,0.0,142,10_60296002_60296304,5903,Psap,0.0
849604,4154,Brain_Myeloid_microglial_cell,548,0.0,92,10_60296002_60296304,5903,Psap,0.0
849605,4155,Brain_Myeloid_microglial_cell,548,0.0,163,10_60296002_60296304,5903,Psap,0.0
849606,4156,Brain_Myeloid_microglial_cell,548,0.0,118,10_60296002_60296304,5903,Psap,0.0
849607,4157,Brain_Myeloid_microglial_cell,548,0.0,191,10_60296002_60296304,5903,Psap,0.0
849608,4158,Brain_Myeloid_microglial_cell,548,0.0,438,10_60296002_60296304,5903,Psap,0.0
849609,4159,Brain_Myeloid_microglial_cell,548,0.0,201,10_60296002_60296304,5903,Psap,0.0
849610,4160,Brain_Myeloid_microglial_cell,548,0.0,244,10_60296002_60296304,5903,Psap,0.0
849611,4162,Brain_Myeloid_microglial_cell,548,0.0,135,10_60296002_60296304,5903,Psap,0.0
849612,4163,Brain_Myeloid_microglial_cell,548,0.0,677,10_60296002_60296304,5903,Psap,0.0
849613,4164,Brain_Myeloid_microglial_cell,548,0.0,71,10_60296002_60296304,5903,Psap,0.0
849614,4165,Brain_Myeloid_microglial_cell,548,0.0,151,10_60296002_60296304,5903,Psap,0.0
849615,4166,Brain_Myeloid_microglial_cell,548,0.0,291,10_60296002_60296304,5903,Psap,0.0
849616,4167,Brain_Myeloid_microglial_cell,548,0.0,346,10_60296002_60296304,5903,Psap,0.0
849617,4168,Brain_Myeloid_microglial_cell,548,0.0,396,10_60296002_60296304,5903,Psap,0.0
849618,4169,Brain_Myeloid_microglial_cell,548,0.0,129,10_60296002_60296304,5903,Psap,0.0
849619,4170,Brain_Myeloid_microglial_cell,548,0.0,594,10_60296002_60296304,5903,Psap,0.0
849620,4171,Brain_Myeloid_microglial_cell,548,0.0,1161,10_60296002_60296304,5903,Psap,0.0
849621,4172,Brain_Myeloid_microglial_cell,548,0.0,331,10_60296002_60296304,5903,Psap,0.0
849622,4173,Brain_Myeloid_microglial_cell,548,0.0,345,10_60296002_60296304,5903,Psap,0.0
849623,4174,Brain_Myeloid_microglial_cell,548,0.0,94,10_60296002_60296304,5903,Psap,0.0
849624,4175,Brain_Myeloid_microglial_cell,548,0.0,148,10_60296002_60296304,5903,Psap,0.0
849625,4176,Brain_Myeloid_microglial_cell,548,0.0,135,10_60296002_60296304,5903,Psap,0.0
849626,4177,Brain_Myeloid_microglial_cell,548,0.0,210,10_60296002_60296304,5903,Psap,0.0
849627,4179,Brain_Myeloid_microglial_cell,548,0.0,211,10_60296002_60296304,5903,Psap,0.0
849628,4180,Brain_Myeloid_microglial_cell,548,0.0,268,10_60296002_60296304,5903,Psap,0.0
849629,4181,Brain_Myeloid_microglial_cell,548,0.0,219,10_60296002_60296304,5903,Psap,0.0
849630,4182,Brain_Myeloid_microglial_cell,548,0.0,562,10_60296002_60296304,5903,Psap,0.0
849631,4183,Brain_Myeloid_microglial_cell,548,0.0,169,10_60296002_60296304,5903,Psap,0.0
849632,4184,Brain_Myeloid_microglial_cell,548,0.0,229,10_60296002_60296304,5903,Psap,0.0
849633,4185,Brain_Myeloid_microglial_cell,548,0.0,231,10_60296002_60296304,5903,Psap,0.0
849634,4186,Brain_Myeloid_microglial_cell,548,0.0,316,10_60296002_60296304,5903,Psap,0.0
849635,4187,Brain_Myeloid_microglial_cell,548,0.0,28,10_60296002_60296304,5903,Psap,0.0
849636,4188,Brain_Myeloid_microglial_cell,548,0.0,405,10_60296002_60296304,5903,Psap,0.0
849637,4189,Brain_Myeloid_microglial_cell,548,0.0,276,10_60296002_60296304,5903,Psap,0.0
849638,4190,Brain_Myeloid_microglial_cell,548,0.0,214,10_60296002_60296304,5903,Psap,0.0
849639,4191,Brain_Myeloid_microglial_cell,548,0.0,254,10_60296002_60296304,5903,Psap,0.0
849640,4192,Brain_Myeloid_microglial_cell,548,0.0,302,10_60296002_60296304,5903,Psap,0.0
849641,4193,Brain_Myeloid_microglial_cell,548,0.0,215,10_60296002_60296304,5903,Psap,0.0
849642,4194,Brain_Myeloid_microglial_cell,548,0.0,96,10_60296002_60296304,5903,Psap,0.0
849643,4195,Brain_Myeloid_microglial_cell,548,0.0,173,10_60296002_60296304,5903,Psap,0.0
849644,4196,Brain_Myeloid_microglial_cell,548,0.0,191,10_60296002_60296304,5903,Psap,0.0
849645,4197,Brain_Myeloid_microglial_cell,548,0.0,51,10_60296002_60296304,5903,Psap,0.0
849646,4198,Brain_Myeloid_microglial_cell,548,0.0,362,10_60296002_60296304,5903,Psap,0.0
849647,4199,Brain_Myeloid_microglial_cell,548,0.0,411,10_60296002_60296304,5903,Psap,0.0
849648,4200,Brain_Myeloid_microglial_cell,548,0.0,437,10_60296002_60296304,5903,Psap,0.0
849649,4201,Brain_Myeloid_microglial_cell,548,0.0,1351,10_60296002_60296304,5903,Psap,0.0
849650,4202,Brain_Myeloid_microglial_cell,548,0.0,157,10_60296002_60296304,5903,Psap,0.0
849651,4203,Brain_Myeloid_microglial_cell,548,0.0,33,10_60296002_60296304,5903,Psap,0.0
849652,4204,Brain_Myeloid_microglial_cell,548,0.0,266,10_60296002_60296304,5903,Psap,0.0
849653,4205,Brain_Myeloid_microglial_cell,548,0.0,373,10_60296002_60296304,5903,Psap,0.0
849654,4206,Brain_Myeloid_microglial_cell,548,0.0,186,10_60296002_60296304,5903,Psap,0.0
849655,4207,Brain_Myeloid_microglial_cell,548,0.0,249,10_60296002_60296304,5903,Psap,0.0
849656,4208,Brain_Myeloid_microglial_cell,548,0.0,789,10_60296002_60296304,5903,Psap,0.0
849657,4209,Brain_Myeloid_microglial_cell,548,0.0,54,10_60296002_60296304,5903,Psap,0.0
849658,4210,Brain_Myeloid_microglial_cell,548,0.0,906,10_60296002_60296304,5903,Psap,0.0
849659,4211,Brain_Myeloid_microglial_cell,548,0.0,236,10_60296002_60296304,5903,Psap,0.0
849660,4212,Brain_Myeloid_microglial_cell,548,0.0,9,10_60296002_60296304,5903,Psap,0.0
849661,4213,Brain_Myeloid_microglial_cell,548,0.0,38,10_60296002_60296304,5903,Psap,0.0
849662,4214,Brain_Myeloid_microglial_cell,548,0.0,272,10_60296002_60296304,5903,Psap,0.0
849663,4215,Brain_Myeloid_microglial_cell,548,0.0,197,10_60296002_60296304,5903,Psap,0.0
849664,4216,Brain_Myeloid_microglial_cell,548,0.0,115,10_60296002_60296304,5903,Psap,0.0
849665,4217,Brain_Myeloid_microglial_cell,548,0.0,156,10_60296002_60296304,5903,Psap,0.0
849666,4218,Brain_Myeloid_microglial_cell,548,0.0,602,10_60296002_60296304,5903,Psap,0.0
849667,4219,Brain_Myeloid_microglial_cell,548,0.0,379,10_60296002_60296304,5903,Psap,0.0
849668,4220,Brain_Myeloid_microglial_cell,548,0.0,384,10_60296002_60296304,5903,Psap,0.0
849669,4221,Brain_Myeloid_microglial_cell,548,0.0,409,10_60296002_60296304,5903,Psap,0.0
849670,4222,Brain_Myeloid_microglial_cell,548,0.0,134,10_60296002_60296304,5903,Psap,0.0
849671,4223,Brain_Myeloid_microglial_cell,548,0.0,6,10_60296002_60296304,5903,Psap,0.0
849672,4224,Brain_Myeloid_microglial_cell,548,0.0,118,10_60296002_60296304,5903,Psap,0.0
849673,4225,Brain_Myeloid_microglial_cell,548,0.0,26,10_60296002_60296304,5903,Psap,0.0
849674,4226,Brain_Myeloid_microglial_cell,548,0.0,303,10_60296002_60296304,5903,Psap,0.0
849675,4227,Brain_Myeloid_microglial_cell,548,0.0,187,10_60296002_60296304,5903,Psap,0.0
849676,4228,Brain_Myeloid_microglial_cell,548,0.0,451,10_60296002_60296304,5903,Psap,0.0
849677,4229,Brain_Myeloid_microglial_cell,548,0.0,266,10_60296002_60296304,5903,Psap,0.0
849678,4230,Brain_Myeloid_microglial_cell,548,0.0,425,10_60296002_60296304,5903,Psap,0.0
849679,4231,Brain_Myeloid_microglial_cell,548,0.0,92,10_60296002_60296304,5903,Psap,0.0
849680,4232,Brain_Myeloid_microglial_cell,548,0.0,905,10_60296002_60296304,5903,Psap,0.0
849681,4233,Brain_Myeloid_microglial_cell,548,0.0,253,10_60296002_60296304,5903,Psap,0.0
849682,4234,Brain_Myeloid_microglial_cell,548,0.0,159,10_60296002_60296304,5903,Psap,0.0
849683,4235,Brain_Myeloid_microglial_cell,548,0.0,142,10_60296002_60296304,5903,Psap,0.0
849684,4236,Brain_Myeloid_microglial_cell,548,0.0,727,10_60296002_60296304,5903,Psap,0.0
849685,4237,Brain_Myeloid_microglial_cell,548,0.0,511,10_60296002_60296304,5903,Psap,0.0
849686,4238,Brain_Myeloid_microglial_cell,548,0.0,619,10_60296002_60296304,5903,Psap,0.0
849687,4239,Brain_Myeloid_microglial_cell,548,0.0,689,10_60296002_60296304,5903,Psap,0.0
849688,4240,Brain_Myeloid_microglial_cell,548,0.0,188,10_60296002_60296304,5903,Psap,0.0
849689,4241,Brain_Myeloid_microglial_cell,548,0.0,619,10_60296002_60296304,5903,Psap,0.0
849690,4242,Brain_Myeloid_microglial_cell,548,0.0,159,10_60296002_60296304,5903,Psap,0.0
849691,4243,Brain_Myeloid_microglial_cell,548,0.0,45,10_60296002_60296304,5903,Psap,0.0
849692,4244,Brain_Myeloid_microglial_cell,548,0.0,316,10_60296002_60296304,5903,Psap,0.0
849693,4245,Brain_Myeloid_microglial_cell,548,0.0,414,10_60296002_60296304,5903,Psap,0.0
849694,4246,Brain_Myeloid_microglial_cell,548,0.0,140,10_60296002_60296304,5903,Psap,0.0
849695,4247,Brain_Myeloid_microglial_cell,548,0.0,212,10_60296002_60296304,5903,Psap,0.0
849696,4248,Brain_Myeloid_microglial_cell,548,0.0,426,10_60296002_60296304,5903,Psap,0.0
849697,4249,Brain_Myeloid_microglial_cell,548,0.0,655,10_60296002_60296304,5903,Psap,0.0
849698,4250,Brain_Myeloid_microglial_cell,548,0.0,375,10_60296002_60296304,5903,Psap,0.0
849699,4251,Brain_Myeloid_microglial_cell,548,0.0,101,10_60296002_60296304,5903,Psap,0.0
849700,4252,Brain_Myeloid_microglial_cell,548,0.0,336,10_60296002_60296304,5903,Psap,0.0
849701,4253,Brain_Myeloid_microglial_cell,548,0.0,203,10_60296002_60296304,5903,Psap,0.0
849702,4254,Brain_Myeloid_microglial_cell,548,0.0,214,10_60296002_60296304,5903,Psap,0.0
849703,4255,Brain_Myeloid_microglial_cell,548,0.0,224,10_60296002_60296304,5903,Psap,0.0
849704,4256,Brain_Myeloid_microglial_cell,548,0.0,78,10_60296002_60296304,5903,Psap,0.0
849705,4257,Brain_Myeloid_microglial_cell,548,0.0,274,10_60296002_60296304,5903,Psap,0.0
849706,4258,Brain_Myeloid_microglial_cell,548,0.0,499,10_60296002_60296304,5903,Psap,0.0
849707,4259,Brain_Myeloid_microglial_cell,548,0.0,607,10_60296002_60296304,5903,Psap,0.0
849708,4260,Brain_Myeloid_microglial_cell,548,0.0,397,10_60296002_60296304,5903,Psap,0.0
849709,4261,Brain_Myeloid_microglial_cell,548,0.0,195,10_60296002_60296304,5903,Psap,0.0
849710,4262,Brain_Myeloid_microglial_cell,548,0.0,505,10_60296002_60296304,5903,Psap,0.0
849711,4263,Brain_Myeloid_microglial_cell,548,0.0,257,10_60296002_60296304,5903,Psap,0.0
849712,4264,Brain_Myeloid_microglial_cell,548,0.0,166,10_60296002_60296304,5903,Psap,0.0
849713,4265,Brain_Myeloid_microglial_cell,548,0.0,554,10_60296002_60296304,5903,Psap,0.0
849714,4266,Brain_Myeloid_microglial_cell,548,0.0,283,10_60296002_60296304,5903,Psap,0.0
849715,4267,Brain_Myeloid_microglial_cell,548,0.0,385,10_60296002_60296304,5903,Psap,0.0
849716,4268,Brain_Myeloid_microglial_cell,548,0.0,134,10_60296002_60296304,5903,Psap,0.0
849717,4269,Brain_Myeloid_microglial_cell,548,0.0,716,10_60296002_60296304,5903,Psap,0.0
849718,4270,Brain_Myeloid_microglial_cell,548,0.0,176,10_60296002_60296304,5903,Psap,0.0
849719,4271,Brain_Myeloid_microglial_cell,548,0.0,59,10_60296002_60296304,5903,Psap,0.0
849720,4273,Brain_Myeloid_microglial_cell,548,0.0,366,10_60296002_60296304,5903,Psap,0.0
849721,4274,Brain_Myeloid_microglial_cell,548,0.0,48,10_60296002_60296304,5903,Psap,0.0
849722,4275,Brain_Myeloid_microglial_cell,548,0.0,250,10_60296002_60296304,5903,Psap,0.0
849723,4276,Brain_Myeloid_microglial_cell,548,0.0,398,10_60296002_60296304,5903,Psap,0.0
849724,4277,Brain_Myeloid_microglial_cell,548,0.0,153,10_60296002_60296304,5903,Psap,0.0
849725,4278,Brain_Myeloid_microglial_cell,548,0.0,238,10_60296002_60296304,5903,Psap,0.0
849726,4279,Brain_Myeloid_microglial_cell,548,0.0,606,10_60296002_60296304,5903,Psap,0.0
849727,4280,Brain_Myeloid_microglial_cell,548,0.0,89,10_60296002_60296304,5903,Psap,0.0
849728,4281,Brain_Myeloid_microglial_cell,548,0.0,673,10_60296002_60296304,5903,Psap,0.0
849729,4282,Brain_Myeloid_microglial_cell,548,0.0,396,10_60296002_60296304,5903,Psap,0.0
849730,4283,Brain_Myeloid_microglial_cell,548,0.0,171,10_60296002_60296304,5903,Psap,0.0
849731,4284,Brain_Myeloid_microglial_cell,548,0.0,184,10_60296002_60296304,5903,Psap,0.0
849732,4285,Brain_Myeloid_microglial_cell,548,0.0,259,10_60296002_60296304,5903,Psap,0.0
849733,4286,Brain_Myeloid_microglial_cell,548,0.0,632,10_60296002_60296304,5903,Psap,0.0
849734,4287,Brain_Myeloid_microglial_cell,548,0.0,145,10_60296002_60296304,5903,Psap,0.0
849735,4288,Brain_Myeloid_microglial_cell,548,0.0,625,10_60296002_60296304,5903,Psap,0.0
849736,4289,Brain_Myeloid_microglial_cell,548,0.0,97,10_60296002_60296304,5903,Psap,0.0
849737,4290,Brain_Myeloid_microglial_cell,548,0.0,276,10_60296002_60296304,5903,Psap,0.0
849738,4291,Brain_Myeloid_microglial_cell,548,0.0,322,10_60296002_60296304,5903,Psap,0.0
849739,4292,Brain_Myeloid_microglial_cell,548,0.0,416,10_60296002_60296304,5903,Psap,0.0
849740,4293,Brain_Myeloid_microglial_cell,548,0.0,154,10_60296002_60296304,5903,Psap,0.0
849741,4294,Brain_Myeloid_microglial_cell,548,0.0,192,10_60296002_60296304,5903,Psap,0.0
849742,4295,Brain_Myeloid_microglial_cell,548,0.0,382,10_60296002_60296304,5903,Psap,0.0
849743,4296,Brain_Myeloid_microglial_cell,548,0.0,276,10_60296002_60296304,5903,Psap,0.0
849744,4297,Brain_Myeloid_microglial_cell,548,0.0,418,10_60296002_60296304,5903,Psap,0.0
849745,4298,Brain_Myeloid_microglial_cell,548,0.0,210,10_60296002_60296304,5903,Psap,0.0
849746,4299,Brain_Myeloid_microglial_cell,548,0.0,173,10_60296002_60296304,5903,Psap,0.0
849747,4300,Brain_Myeloid_microglial_cell,548,0.0,46,10_60296002_60296304,5903,Psap,0.0
849748,4301,Brain_Myeloid_microglial_cell,548,0.0,274,10_60296002_60296304,5903,Psap,0.0
849749,4302,Brain_Myeloid_microglial_cell,548,0.0,300,10_60296002_60296304,5903,Psap,0.0
849750,4303,Brain_Myeloid_microglial_cell,548,0.0,558,10_60296002_60296304,5903,Psap,0.0
849751,4304,Brain_Myeloid_microglial_cell,548,0.0,420,10_60296002_60296304,5903,Psap,0.0
849752,4305,Brain_Myeloid_microglial_cell,548,0.0,508,10_60296002_60296304,5903,Psap,0.0
849753,4306,Brain_Myeloid_microglial_cell,548,0.0,446,10_60296002_60296304,5903,Psap,0.0
849754,4307,Brain_Myeloid_microglial_cell,548,0.0,714,10_60296002_60296304,5903,Psap,0.0
849755,4308,Brain_Myeloid_microglial_cell,548,0.0,247,10_60296002_60296304,5903,Psap,0.0
849756,4309,Brain_Myeloid_microglial_cell,548,0.0,453,10_60296002_60296304,5903,Psap,0.0
849757,4310,Brain_Myeloid_microglial_cell,548,0.0,1386,10_60296002_60296304,5903,Psap,0.0
849758,4311,Brain_Myeloid_microglial_cell,548,0.0,167,10_60296002_60296304,5903,Psap,0.0
849759,4312,Brain_Myeloid_microglial_cell,548,0.0,636,10_60296002_60296304,5903,Psap,0.0
849760,4313,Brain_Myeloid_microglial_cell,548,0.0,532,10_60296002_60296304,5903,Psap,0.0
849761,4314,Brain_Myeloid_microglial_cell,548,0.0,366,10_60296002_60296304,5903,Psap,0.0
849762,4315,Brain_Myeloid_microglial_cell,548,0.0,1503,10_60296002_60296304,5903,Psap,0.0
849763,4316,Brain_Myeloid_microglial_cell,548,0.0,65,10_60296002_60296304,5903,Psap,0.0
849764,4317,Brain_Myeloid_microglial_cell,548,0.0,943,10_60296002_60296304,5903,Psap,0.0
849765,4318,Brain_Myeloid_microglial_cell,548,0.0,566,10_60296002_60296304,5903,Psap,0.0
849766,4319,Brain_Myeloid_microglial_cell,548,0.0,48,10_60296002_60296304,5903,Psap,0.0
849767,4320,Brain_Myeloid_microglial_cell,548,0.0,89,10_60296002_60296304,5903,Psap,0.0
849768,4321,Brain_Myeloid_microglial_cell,548,0.0,927,10_60296002_60296304,5903,Psap,0.0
849769,4322,Brain_Myeloid_microglial_cell,548,0.0,286,10_60296002_60296304,5903,Psap,0.0
849770,4323,Brain_Myeloid_microglial_cell,548,0.0,278,10_60296002_60296304,5903,Psap,0.0
849771,4324,Brain_Myeloid_microglial_cell,548,0.0,1150,10_60296002_60296304,5903,Psap,0.0
849772,4325,Brain_Myeloid_microglial_cell,548,0.0,2338,10_60296002_60296304,5903,Psap,0.0
849773,4326,Brain_Myeloid_microglial_cell,548,0.0,211,10_60296002_60296304,5903,Psap,0.0
849774,4327,Brain_Myeloid_microglial_cell,548,0.0,603,10_60296002_60296304,5903,Psap,0.0
849775,4328,Brain_Myeloid_microglial_cell,548,0.0,246,10_60296002_60296304,5903,Psap,0.0
849776,4329,Brain_Myeloid_microglial_cell,548,0.0,341,10_60296002_60296304,5903,Psap,0.0
849777,4330,Brain_Myeloid_microglial_cell,548,0.0,276,10_60296002_60296304,5903,Psap,0.0
849778,4331,Brain_Myeloid_microglial_cell,548,0.0,463,10_60296002_60296304,5903,Psap,0.0
849779,4332,Brain_Myeloid_microglial_cell,548,0.0,553,10_60296002_60296304,5903,Psap,0.0
849780,4333,Brain_Myeloid_microglial_cell,548,0.0,476,10_60296002_60296304,5903,Psap,0.0
849781,4334,Brain_Myeloid_microglial_cell,548,0.0,147,10_60296002_60296304,5903,Psap,0.0
849782,4335,Brain_Myeloid_microglial_cell,548,0.0,185,10_60296002_60296304,5903,Psap,0.0
849783,4336,Brain_Myeloid_microglial_cell,548,0.0,573,10_60296002_60296304,5903,Psap,0.0
849784,4337,Brain_Myeloid_microglial_cell,548,0.0,312,10_60296002_60296304,5903,Psap,0.0
849785,4338,Brain_Myeloid_microglial_cell,548,0.0,687,10_60296002_60296304,5903,Psap,0.0
849786,4339,Brain_Myeloid_microglial_cell,548,0.0,214,10_60296002_60296304,5903,Psap,0.0
849787,4340,Brain_Myeloid_microglial_cell,548,0.0,219,10_60296002_60296304,5903,Psap,0.0
849788,4341,Brain_Myeloid_microglial_cell,548,0.0,124,10_60296002_60296304,5903,Psap,0.0
849789,4342,Brain_Myeloid_microglial_cell,548,0.0,1338,10_60296002_60296304,5903,Psap,0.0
849790,4343,Brain_Myeloid_microglial_cell,548,0.0,246,10_60296002_60296304,5903,Psap,0.0
849791,4346,Brain_Myeloid_microglial_cell,548,0.0,129,10_60296002_60296304,5903,Psap,0.0
849792,4347,Brain_Myeloid_microglial_cell,548,0.0,483,10_60296002_60296304,5903,Psap,0.0
849793,4348,Brain_Myeloid_microglial_cell,548,0.0,307,10_60296002_60296304,5903,Psap,0.0
849794,4349,Brain_Myeloid_microglial_cell,548,0.0,984,10_60296002_60296304,5903,Psap,0.0
849795,4350,Brain_Myeloid_microglial_cell,548,0.0,1280,10_60296002_60296304,5903,Psap,0.0
849796,4351,Brain_Myeloid_microglial_cell,548,0.0,308,10_60296002_60296304,5903,Psap,0.0
849797,4352,Brain_Myeloid_microglial_cell,548,0.0,240,10_60296002_60296304,5903,Psap,0.0
849798,4353,Brain_Myeloid_microglial_cell,548,0.0,495,10_60296002_60296304,5903,Psap,0.0
849799,4354,Brain_Myeloid_microglial_cell,548,0.0,133,10_60296002_60296304,5903,Psap,0.0
849800,4355,Brain_Myeloid_microglial_cell,548,0.0,71,10_60296002_60296304,5903,Psap,0.0
849801,4356,Brain_Myeloid_microglial_cell,548,0.0,493,10_60296002_60296304,5903,Psap,0.0
849802,4357,Brain_Myeloid_microglial_cell,548,0.0,401,10_60296002_60296304,5903,Psap,0.0
849803,4358,Brain_Myeloid_microglial_cell,548,0.0,260,10_60296002_60296304,5903,Psap,0.0
849804,4359,Brain_Myeloid_microglial_cell,548,0.0,159,10_60296002_60296304,5903,Psap,0.0
849805,4360,Brain_Myeloid_microglial_cell,548,0.0,54,10_60296002_60296304,5903,Psap,0.0
849806,4361,Brain_Myeloid_microglial_cell,548,0.0,292,10_60296002_60296304,5903,Psap,0.0
849807,4362,Brain_Myeloid_microglial_cell,548,0.0,202,10_60296002_60296304,5903,Psap,0.0
849808,4363,Brain_Myeloid_microglial_cell,548,0.0,357,10_60296002_60296304,5903,Psap,0.0
849809,4364,Brain_Myeloid_microglial_cell,548,0.0,272,10_60296002_60296304,5903,Psap,0.0
849810,4365,Brain_Myeloid_microglial_cell,548,0.0,496,10_60296002_60296304,5903,Psap,0.0
849811,4366,Brain_Myeloid_microglial_cell,548,0.0,698,10_60296002_60296304,5903,Psap,0.0
849812,4367,Brain_Myeloid_microglial_cell,548,0.0,134,10_60296002_60296304,5903,Psap,0.0
849813,4368,Brain_Myeloid_microglial_cell,548,0.0,138,10_60296002_60296304,5903,Psap,0.0
849814,4369,Brain_Myeloid_microglial_cell,548,0.0,769,10_60296002_60296304,5903,Psap,0.0
849815,4371,Brain_Myeloid_microglial_cell,548,0.0,855,10_60296002_60296304,5903,Psap,0.0
849816,4372,Brain_Myeloid_microglial_cell,548,0.0,188,10_60296002_60296304,5903,Psap,0.0
849817,4374,Brain_Myeloid_microglial_cell,548,0.0,308,10_60296002_60296304,5903,Psap,0.0
849818,4375,Brain_Myeloid_microglial_cell,548,0.0,461,10_60296002_60296304,5903,Psap,0.0
849819,4377,Brain_Myeloid_microglial_cell,548,0.0,197,10_60296002_60296304,5903,Psap,0.0
849820,4378,Brain_Myeloid_microglial_cell,548,0.0,134,10_60296002_60296304,5903,Psap,0.0
849821,4379,Brain_Myeloid_microglial_cell,548,0.0,121,10_60296002_60296304,5903,Psap,0.0
849822,4380,Brain_Myeloid_microglial_cell,548,0.0,535,10_60296002_60296304,5903,Psap,0.0
849823,4381,Brain_Myeloid_microglial_cell,548,0.0,98,10_60296002_60296304,5903,Psap,0.0
849824,4382,Brain_Myeloid_microglial_cell,548,0.0,79,10_60296002_60296304,5903,Psap,0.0
849825,4383,Brain_Myeloid_microglial_cell,548,0.0,133,10_60296002_60296304,5903,Psap,0.0
849826,4384,Brain_Myeloid_microglial_cell,548,0.0,264,10_60296002_60296304,5903,Psap,0.0
849827,4385,Brain_Myeloid_microglial_cell,548,0.0,595,10_60296002_60296304,5903,Psap,0.0
849828,4386,Brain_Myeloid_microglial_cell,548,0.0,486,10_60296002_60296304,5903,Psap,0.0
849829,4387,Brain_Myeloid_microglial_cell,548,0.0,365,10_60296002_60296304,5903,Psap,0.0
849830,4388,Brain_Myeloid_microglial_cell,548,0.0,274,10_60296002_60296304,5903,Psap,0.0
849831,4389,Brain_Myeloid_microglial_cell,548,0.0,51,10_60296002_60296304,5903,Psap,0.0
849832,4390,Brain_Myeloid_microglial_cell,548,0.0,112,10_60296002_60296304,5903,Psap,0.0
849833,4391,Brain_Myeloid_microglial_cell,548,0.0,303,10_60296002_60296304,5903,Psap,0.0
849834,4392,Brain_Myeloid_microglial_cell,548,0.0,53,10_60296002_60296304,5903,Psap,0.0
849835,4393,Brain_Myeloid_microglial_cell,548,0.0,189,10_60296002_60296304,5903,Psap,0.0
849836,4394,Brain_Myeloid_microglial_cell,548,0.0,68,10_60296002_60296304,5903,Psap,0.0
849837,4395,Brain_Myeloid_microglial_cell,548,0.0,222,10_60296002_60296304,5903,Psap,0.0
849838,4396,Brain_Myeloid_microglial_cell,548,0.0,438,10_60296002_60296304,5903,Psap,0.0
849839,4397,Brain_Myeloid_microglial_cell,548,0.0,349,10_60296002_60296304,5903,Psap,0.0
849840,4398,Brain_Myeloid_microglial_cell,548,0.0,277,10_60296002_60296304,5903,Psap,0.0
849841,4399,Brain_Myeloid_microglial_cell,548,0.0,308,10_60296002_60296304,5903,Psap,0.0
849842,4400,Brain_Myeloid_microglial_cell,548,0.0,236,10_60296002_60296304,5903,Psap,0.0
849843,4401,Brain_Myeloid_microglial_cell,548,0.0,84,10_60296002_60296304,5903,Psap,0.0
849844,4402,Brain_Myeloid_microglial_cell,548,0.0,167,10_60296002_60296304,5903,Psap,0.0
849845,4403,Brain_Myeloid_microglial_cell,548,0.0,191,10_60296002_60296304,5903,Psap,0.0
849846,4404,Brain_Myeloid_microglial_cell,548,0.0,205,10_60296002_60296304,5903,Psap,0.0
849847,4406,Brain_Myeloid_microglial_cell,548,0.0,211,10_60296002_60296304,5903,Psap,0.0
849848,4407,Brain_Myeloid_microglial_cell,548,0.0,489,10_60296002_60296304,5903,Psap,0.0
849849,4408,Brain_Myeloid_microglial_cell,548,0.0,278,10_60296002_60296304,5903,Psap,0.0
849850,4409,Brain_Myeloid_microglial_cell,548,0.0,404,10_60296002_60296304,5903,Psap,0.0
849851,4410,Brain_Myeloid_microglial_cell,548,0.0,350,10_60296002_60296304,5903,Psap,0.0
849852,4411,Brain_Myeloid_microglial_cell,548,0.0,364,10_60296002_60296304,5903,Psap,0.0
849853,4412,Brain_Myeloid_microglial_cell,548,0.0,396,10_60296002_60296304,5903,Psap,0.0
849854,4413,Brain_Myeloid_microglial_cell,548,0.0,323,10_60296002_60296304,5903,Psap,0.0
849855,4414,Brain_Myeloid_microglial_cell,548,0.0,148,10_60296002_60296304,5903,Psap,0.0
849856,4415,Brain_Myeloid_microglial_cell,548,0.0,848,10_60296002_60296304,5903,Psap,0.0
849857,4416,Brain_Myeloid_microglial_cell,548,0.0,230,10_60296002_60296304,5903,Psap,0.0
849858,4417,Brain_Myeloid_microglial_cell,548,0.0,271,10_60296002_60296304,5903,Psap,0.0
849859,4418,Brain_Myeloid_microglial_cell,548,0.0,589,10_60296002_60296304,5903,Psap,0.0
849860,4419,Brain_Myeloid_microglial_cell,548,0.0,239,10_60296002_60296304,5903,Psap,0.0
849861,4420,Brain_Myeloid_microglial_cell,548,0.0,327,10_60296002_60296304,5903,Psap,0.0
849862,4421,Brain_Myeloid_microglial_cell,548,0.0,335,10_60296002_60296304,5903,Psap,0.0
849863,4422,Brain_Myeloid_microglial_cell,548,0.0,237,10_60296002_60296304,5903,Psap,0.0
849864,4423,Brain_Myeloid_microglial_cell,548,0.0,217,10_60296002_60296304,5903,Psap,0.0
849865,4424,Brain_Myeloid_microglial_cell,548,0.0,701,10_60296002_60296304,5903,Psap,0.0
849866,4425,Brain_Myeloid_microglial_cell,548,0.0,148,10_60296002_60296304,5903,Psap,0.0
849867,4426,Brain_Myeloid_microglial_cell,548,0.0,369,10_60296002_60296304,5903,Psap,0.0
849868,4427,Brain_Myeloid_microglial_cell,548,0.0,1040,10_60296002_60296304,5903,Psap,0.0
849869,4428,Brain_Myeloid_microglial_cell,548,0.0,218,10_60296002_60296304,5903,Psap,0.0
849870,4429,Brain_Myeloid_microglial_cell,548,0.0,102,10_60296002_60296304,5903,Psap,0.0
849871,4430,Brain_Myeloid_microglial_cell,548,0.0,868,10_60296002_60296304,5903,Psap,0.0
849872,4431,Brain_Myeloid_microglial_cell,548,0.0,197,10_60296002_60296304,5903,Psap,0.0
849873,4432,Brain_Myeloid_microglial_cell,548,0.0,200,10_60296002_60296304,5903,Psap,0.0
849874,4433,Brain_Myeloid_microglial_cell,548,0.0,294,10_60296002_60296304,5903,Psap,0.0
849875,4434,Brain_Myeloid_microglial_cell,548,0.0,629,10_60296002_60296304,5903,Psap,0.0
849876,4435,Brain_Myeloid_microglial_cell,548,0.0,271,10_60296002_60296304,5903,Psap,0.0
849877,4436,Brain_Myeloid_microglial_cell,548,0.0,348,10_60296002_60296304,5903,Psap,0.0
849878,4437,Brain_Myeloid_microglial_cell,548,0.0,479,10_60296002_60296304,5903,Psap,0.0
849879,4438,Brain_Myeloid_microglial_cell,548,0.0,122,10_60296002_60296304,5903,Psap,0.0
849880,4439,Brain_Myeloid_microglial_cell,548,0.0,11,10_60296002_60296304,5903,Psap,0.0
849881,4440,Brain_Myeloid_microglial_cell,548,0.0,272,10_60296002_60296304,5903,Psap,0.0
849882,4441,Brain_Myeloid_microglial_cell,548,0.0,94,10_60296002_60296304,5903,Psap,0.0
849883,4442,Brain_Myeloid_microglial_cell,548,0.0,66,10_60296002_60296304,5903,Psap,0.0
849884,4443,Brain_Myeloid_microglial_cell,548,0.0,318,10_60296002_60296304,5903,Psap,0.0
849885,4444,Brain_Myeloid_microglial_cell,548,0.0,41,10_60296002_60296304,5903,Psap,0.0
849886,4445,Brain_Myeloid_microglial_cell,548,0.0,262,10_60296002_60296304,5903,Psap,0.0
849887,4446,Brain_Myeloid_microglial_cell,548,0.0,292,10_60296002_60296304,5903,Psap,0.0
849888,4447,Brain_Myeloid_microglial_cell,548,0.0,433,10_60296002_60296304,5903,Psap,0.0
849889,4448,Brain_Myeloid_microglial_cell,548,0.0,437,10_60296002_60296304,5903,Psap,0.0
849890,4449,Brain_Myeloid_microglial_cell,548,0.0,196,10_60296002_60296304,5903,Psap,0.0
849891,4450,Brain_Myeloid_microglial_cell,548,0.0,248,10_60296002_60296304,5903,Psap,0.0
849892,4451,Brain_Myeloid_microglial_cell,548,0.0,651,10_60296002_60296304,5903,Psap,0.0
849893,4452,Brain_Myeloid_microglial_cell,548,0.0,564,10_60296002_60296304,5903,Psap,0.0
849894,4453,Brain_Myeloid_microglial_cell,548,0.0,67,10_60296002_60296304,5903,Psap,0.0
849895,4454,Brain_Myeloid_microglial_cell,548,0.0,254,10_60296002_60296304,5903,Psap,0.0
849896,4455,Brain_Myeloid_microglial_cell,548,0.0,313,10_60296002_60296304,5903,Psap,0.0
849897,4456,Brain_Myeloid_microglial_cell,548,0.0,611,10_60296002_60296304,5903,Psap,0.0
849898,4457,Brain_Myeloid_microglial_cell,548,0.0,352,10_60296002_60296304,5903,Psap,0.0
849899,4458,Brain_Myeloid_microglial_cell,548,0.0,446,10_60296002_60296304,5903,Psap,0.0
849900,4459,Brain_Myeloid_microglial_cell,548,0.0,197,10_60296002_60296304,5903,Psap,0.0
849901,4460,Brain_Myeloid_microglial_cell,548,0.0,1210,10_60296002_60296304,5903,Psap,0.0
849902,4461,Brain_Myeloid_microglial_cell,548,0.0,121,10_60296002_60296304,5903,Psap,0.0
849903,4462,Brain_Myeloid_microglial_cell,548,0.0,546,10_60296002_60296304,5903,Psap,0.0
849904,4463,Brain_Myeloid_microglial_cell,548,0.0,161,10_60296002_60296304,5903,Psap,0.0
849905,4465,Brain_Myeloid_microglial_cell,548,0.0,196,10_60296002_60296304,5903,Psap,0.0
849906,4466,Brain_Myeloid_microglial_cell,548,0.0,76,10_60296002_60296304,5903,Psap,0.0
849907,4467,Brain_Myeloid_microglial_cell,548,0.0,94,10_60296002_60296304,5903,Psap,0.0
849908,4468,Brain_Myeloid_microglial_cell,548,0.0,477,10_60296002_60296304,5903,Psap,0.0
849909,4470,Brain_Myeloid_microglial_cell,548,0.0,1065,10_60296002_60296304,5903,Psap,0.0
849910,4471,Brain_Myeloid_microglial_cell,548,0.0,412,10_60296002_60296304,5903,Psap,0.0
849911,4473,Brain_Myeloid_microglial_cell,548,0.0,164,10_60296002_60296304,5903,Psap,0.0
849912,4474,Brain_Myeloid_microglial_cell,548,0.0,52,10_60296002_60296304,5903,Psap,0.0
849913,4475,Brain_Myeloid_microglial_cell,548,0.0,207,10_60296002_60296304,5903,Psap,0.0
849914,4476,Brain_Myeloid_microglial_cell,548,0.0,894,10_60296002_60296304,5903,Psap,0.0
849915,4477,Brain_Myeloid_microglial_cell,548,0.0,262,10_60296002_60296304,5903,Psap,0.0
849916,4478,Brain_Myeloid_microglial_cell,548,0.0,461,10_60296002_60296304,5903,Psap,0.0
849917,4479,Brain_Myeloid_microglial_cell,548,0.0,562,10_60296002_60296304,5903,Psap,0.0
849918,4480,Brain_Myeloid_microglial_cell,548,0.0,507,10_60296002_60296304,5903,Psap,0.0
849919,4481,Brain_Myeloid_microglial_cell,548,0.0,1010,10_60296002_60296304,5903,Psap,0.0
849920,4482,Brain_Myeloid_microglial_cell,548,0.0,287,10_60296002_60296304,5903,Psap,0.0
849921,4483,Brain_Myeloid_microglial_cell,548,0.0,102,10_60296002_60296304,5903,Psap,0.0
849922,4484,Brain_Myeloid_microglial_cell,548,0.0,264,10_60296002_60296304,5903,Psap,0.0
849923,4485,Brain_Myeloid_microglial_cell,548,0.0,474,10_60296002_60296304,5903,Psap,0.0
849924,4486,Brain_Myeloid_microglial_cell,548,0.0,291,10_60296002_60296304,5903,Psap,0.0
849925,4487,Brain_Myeloid_microglial_cell,548,0.0,600,10_60296002_60296304,5903,Psap,0.0
849926,4488,Brain_Myeloid_microglial_cell,548,0.0,278,10_60296002_60296304,5903,Psap,0.0
849927,4489,Brain_Myeloid_microglial_cell,548,0.0,967,10_60296002_60296304,5903,Psap,0.0
849928,4490,Brain_Myeloid_microglial_cell,548,0.0,514,10_60296002_60296304,5903,Psap,0.0
849929,4491,Brain_Myeloid_microglial_cell,548,0.0,138,10_60296002_60296304,5903,Psap,0.0
849930,4492,Brain_Myeloid_microglial_cell,548,0.0,741,10_60296002_60296304,5903,Psap,0.0
849931,4493,Brain_Myeloid_microglial_cell,548,0.0,44,10_60296002_60296304,5903,Psap,0.0
849932,4494,Brain_Myeloid_microglial_cell,548,0.0,286,10_60296002_60296304,5903,Psap,0.0
849933,4495,Brain_Myeloid_microglial_cell,548,0.0,429,10_60296002_60296304,5903,Psap,0.0
849934,4496,Brain_Myeloid_microglial_cell,548,0.0,560,10_60296002_60296304,5903,Psap,0.0
849935,4497,Brain_Myeloid_microglial_cell,548,0.0,288,10_60296002_60296304,5903,Psap,0.0
849936,4498,Brain_Myeloid_microglial_cell,548,0.0,303,10_60296002_60296304,5903,Psap,0.0
849937,4499,Brain_Myeloid_microglial_cell,548,0.0,758,10_60296002_60296304,5903,Psap,0.0
849938,4500,Brain_Myeloid_microglial_cell,548,0.0,718,10_60296002_60296304,5903,Psap,0.0
849939,4501,Brain_Myeloid_microglial_cell,548,0.0,76,10_60296002_60296304,5903,Psap,0.0
849940,4502,Brain_Myeloid_microglial_cell,548,0.0,1600,10_60296002_60296304,5903,Psap,0.0
849941,4503,Brain_Myeloid_microglial_cell,548,0.0,76,10_60296002_60296304,5903,Psap,0.0
849942,4504,Brain_Myeloid_microglial_cell,548,0.0,288,10_60296002_60296304,5903,Psap,0.0
849943,4505,Brain_Myeloid_microglial_cell,548,0.0,101,10_60296002_60296304,5903,Psap,0.0
849944,4506,Brain_Myeloid_microglial_cell,548,0.0,173,10_60296002_60296304,5903,Psap,0.0
849945,4507,Brain_Myeloid_microglial_cell,548,0.0,18,10_60296002_60296304,5903,Psap,0.0
849946,4508,Brain_Myeloid_microglial_cell,548,0.0,396,10_60296002_60296304,5903,Psap,0.0
849947,4509,Brain_Myeloid_microglial_cell,548,0.0,392,10_60296002_60296304,5903,Psap,0.0
849948,4510,Brain_Myeloid_microglial_cell,548,0.0,243,10_60296002_60296304,5903,Psap,0.0
849949,4511,Brain_Myeloid_microglial_cell,548,0.0,603,10_60296002_60296304,5903,Psap,0.0
849950,4512,Brain_Myeloid_microglial_cell,548,0.0,893,10_60296002_60296304,5903,Psap,0.0
849951,4513,Brain_Myeloid_microglial_cell,548,0.0,219,10_60296002_60296304,5903,Psap,0.0
849952,4514,Brain_Myeloid_microglial_cell,548,0.0,1056,10_60296002_60296304,5903,Psap,0.0
849953,4515,Brain_Myeloid_microglial_cell,548,0.0,437,10_60296002_60296304,5903,Psap,0.0
849954,4516,Brain_Myeloid_microglial_cell,548,0.0,103,10_60296002_60296304,5903,Psap,0.0
849955,4517,Brain_Myeloid_microglial_cell,548,0.0,690,10_60296002_60296304,5903,Psap,0.0
849956,4518,Brain_Myeloid_microglial_cell,548,0.0,937,10_60296002_60296304,5903,Psap,0.0
849957,4519,Brain_Myeloid_microglial_cell,548,0.0,155,10_60296002_60296304,5903,Psap,0.0
849958,4520,Brain_Myeloid_microglial_cell,548,0.0,455,10_60296002_60296304,5903,Psap,0.0
849959,4521,Brain_Myeloid_microglial_cell,548,0.0,1249,10_60296002_60296304,5903,Psap,0.0
849960,4522,Brain_Myeloid_microglial_cell,548,0.0,802,10_60296002_60296304,5903,Psap,0.0
849961,4523,Brain_Myeloid_microglial_cell,548,0.0,95,10_60296002_60296304,5903,Psap,0.0
849962,4524,Brain_Myeloid_microglial_cell,548,0.0,351,10_60296002_60296304,5903,Psap,0.0
849963,4525,Brain_Myeloid_microglial_cell,548,0.0,314,10_60296002_60296304,5903,Psap,0.0
849964,4526,Brain_Myeloid_microglial_cell,548,0.0,300,10_60296002_60296304,5903,Psap,0.0
849965,4527,Brain_Myeloid_microglial_cell,548,0.0,1347,10_60296002_60296304,5903,Psap,0.0
849966,4528,Brain_Myeloid_microglial_cell,548,0.0,786,10_60296002_60296304,5903,Psap,0.0
849967,4529,Brain_Myeloid_microglial_cell,548,0.0,109,10_60296002_60296304,5903,Psap,0.0
849968,4530,Brain_Myeloid_microglial_cell,548,0.0,109,10_60296002_60296304,5903,Psap,0.0
849969,4531,Brain_Myeloid_microglial_cell,548,0.0,1049,10_60296002_60296304,5903,Psap,0.0
849970,4532,Brain_Myeloid_microglial_cell,548,0.0,409,10_60296002_60296304,5903,Psap,0.0
849971,4533,Brain_Myeloid_microglial_cell,548,0.0,490,10_60296002_60296304,5903,Psap,0.0
849972,4534,Brain_Myeloid_microglial_cell,548,0.0,3240,10_60296002_60296304,5903,Psap,0.0
849973,4535,Brain_Myeloid_microglial_cell,548,0.0,330,10_60296002_60296304,5903,Psap,0.0
849974,4536,Brain_Myeloid_microglial_cell,548,0.0,649,10_60296002_60296304,5903,Psap,0.0
849975,4537,Brain_Myeloid_microglial_cell,548,0.0,306,10_60296002_60296304,5903,Psap,0.0
849976,4539,Brain_Myeloid_microglial_cell,548,0.0,281,10_60296002_60296304,5903,Psap,0.0
849977,4540,Brain_Myeloid_microglial_cell,548,0.0,183,10_60296002_60296304,5903,Psap,0.0
849978,4541,Brain_Myeloid_microglial_cell,548,0.0,193,10_60296002_60296304,5903,Psap,0.0
849979,4542,Brain_Myeloid_microglial_cell,548,0.0,159,10_60296002_60296304,5903,Psap,0.0
849980,4543,Brain_Myeloid_microglial_cell,548,0.0,282,10_60296002_60296304,5903,Psap,0.0
849981,4544,Brain_Myeloid_microglial_cell,548,0.0,329,10_60296002_60296304,5903,Psap,0.0
849982,4545,Brain_Myeloid_microglial_cell,548,0.0,2450,10_60296002_60296304,5903,Psap,0.0
849983,4546,Brain_Myeloid_microglial_cell,548,0.0,175,10_60296002_60296304,5903,Psap,0.0
849984,4547,Brain_Myeloid_microglial_cell,548,0.0,557,10_60296002_60296304,5903,Psap,0.0
849985,4548,Brain_Myeloid_microglial_cell,548,0.0,298,10_60296002_60296304,5903,Psap,0.0
849986,4549,Brain_Myeloid_microglial_cell,548,0.0,522,10_60296002_60296304,5903,Psap,0.0
849987,4550,Brain_Myeloid_microglial_cell,548,0.0,101,10_60296002_60296304,5903,Psap,0.0
849988,4551,Brain_Myeloid_microglial_cell,548,0.0,332,10_60296002_60296304,5903,Psap,0.0
849989,4552,Brain_Myeloid_microglial_cell,548,0.0,277,10_60296002_60296304,5903,Psap,0.0
849990,4553,Brain_Myeloid_microglial_cell,548,0.0,478,10_60296002_60296304,5903,Psap,0.0
849991,4554,Brain_Myeloid_microglial_cell,548,0.0,88,10_60296002_60296304,5903,Psap,0.0
849992,4555,Brain_Myeloid_microglial_cell,548,0.0,10,10_60296002_60296304,5903,Psap,0.0
849993,4556,Brain_Myeloid_microglial_cell,548,0.0,181,10_60296002_60296304,5903,Psap,0.0
849994,4557,Brain_Myeloid_microglial_cell,548,0.0,173,10_60296002_60296304,5903,Psap,0.0
849995,4558,Brain_Myeloid_microglial_cell,548,0.0,31,10_60296002_60296304,5903,Psap,0.0
849996,4559,Brain_Myeloid_microglial_cell,548,0.0,224,10_60296002_60296304,5903,Psap,0.0
849997,4560,Brain_Myeloid_microglial_cell,548,0.0,189,10_60296002_60296304,5903,Psap,0.0
849998,4561,Brain_Myeloid_microglial_cell,548,0.0,947,10_60296002_60296304,5903,Psap,0.0
849999,4562,Brain_Myeloid_microglial_cell,548,0.0,476,10_60296002_60296304,5903,Psap,0.0
850000,4564,Brain_Myeloid_microglial_cell,548,0.0,319,10_60296002_60296304,5903,Psap,0.0
850001,4565,Brain_Myeloid_microglial_cell,548,0.0,163,10_60296002_60296304,5903,Psap,0.0
850002,4567,Brain_Myeloid_microglial_cell,548,0.0,598,10_60296002_60296304,5903,Psap,0.0
850003,4568,Brain_Myeloid_microglial_cell,548,0.0,2140,10_60296002_60296304,5903,Psap,0.0
850004,4569,Brain_Myeloid_microglial_cell,548,0.0,240,10_60296002_60296304,5903,Psap,0.0
850005,4570,Brain_Myeloid_microglial_cell,548,0.0,2099,10_60296002_60296304,5903,Psap,0.0
850006,4571,Brain_Myeloid_microglial_cell,548,0.0,619,10_60296002_60296304,5903,Psap,0.0
850007,4572,Brain_Myeloid_microglial_cell,548,0.0,214,10_60296002_60296304,5903,Psap,0.0
850008,4573,Brain_Myeloid_microglial_cell,548,0.0,420,10_60296002_60296304,5903,Psap,0.0
850009,4574,Brain_Myeloid_microglial_cell,548,0.0,173,10_60296002_60296304,5903,Psap,0.0
850010,4575,Brain_Myeloid_microglial_cell,548,0.0,106,10_60296002_60296304,5903,Psap,0.0
850011,4576,Brain_Myeloid_microglial_cell,548,0.0,39,10_60296002_60296304,5903,Psap,0.0
850012,4577,Brain_Myeloid_microglial_cell,548,0.0,280,10_60296002_60296304,5903,Psap,0.0
850013,4578,Brain_Myeloid_microglial_cell,548,0.0,632,10_60296002_60296304,5903,Psap,0.0
850014,4579,Brain_Myeloid_microglial_cell,548,0.0,754,10_60296002_60296304,5903,Psap,0.0
850015,4580,Brain_Myeloid_microglial_cell,548,0.0,704,10_60296002_60296304,5903,Psap,0.0
850016,4581,Brain_Myeloid_microglial_cell,548,0.0,69,10_60296002_60296304,5903,Psap,0.0
850017,4582,Brain_Myeloid_microglial_cell,548,0.0,466,10_60296002_60296304,5903,Psap,0.0
850018,4583,Brain_Myeloid_microglial_cell,548,0.0,126,10_60296002_60296304,5903,Psap,0.0
850019,4584,Brain_Myeloid_microglial_cell,548,0.0,312,10_60296002_60296304,5903,Psap,0.0
850020,4586,Brain_Myeloid_microglial_cell,548,0.0,134,10_60296002_60296304,5903,Psap,0.0
850021,4587,Brain_Myeloid_microglial_cell,548,0.0,636,10_60296002_60296304,5903,Psap,0.0
850022,4588,Brain_Myeloid_microglial_cell,548,0.0,49,10_60296002_60296304,5903,Psap,0.0
850023,4589,Brain_Myeloid_microglial_cell,548,0.0,1873,10_60296002_60296304,5903,Psap,0.0
850024,4590,Brain_Myeloid_microglial_cell,548,0.0,125,10_60296002_60296304,5903,Psap,0.0
850025,4591,Brain_Myeloid_microglial_cell,548,0.0,127,10_60296002_60296304,5903,Psap,0.0
850026,4592,Brain_Myeloid_microglial_cell,548,0.0,391,10_60296002_60296304,5903,Psap,0.0
850027,4593,Brain_Myeloid_microglial_cell,548,0.0,558,10_60296002_60296304,5903,Psap,0.0
850028,4594,Brain_Myeloid_microglial_cell,548,0.0,672,10_60296002_60296304,5903,Psap,0.0
850029,4596,Brain_Myeloid_microglial_cell,548,0.0,295,10_60296002_60296304,5903,Psap,0.0
850030,4597,Brain_Myeloid_microglial_cell,548,0.0,670,10_60296002_60296304,5903,Psap,0.0
850031,4598,Brain_Myeloid_microglial_cell,548,0.0,218,10_60296002_60296304,5903,Psap,0.0
850032,4599,Brain_Myeloid_microglial_cell,548,0.0,384,10_60296002_60296304,5903,Psap,0.0
850033,4600,Brain_Myeloid_microglial_cell,548,0.0,14,10_60296002_60296304,5903,Psap,0.0
850034,4601,Brain_Myeloid_microglial_cell,548,0.0,788,10_60296002_60296304,5903,Psap,0.0
850035,4602,Brain_Myeloid_microglial_cell,548,0.0,132,10_60296002_60296304,5903,Psap,0.0
850036,4603,Brain_Myeloid_microglial_cell,548,0.0,325,10_60296002_60296304,5903,Psap,0.0
850037,4604,Brain_Myeloid_microglial_cell,548,0.0,86,10_60296002_60296304,5903,Psap,0.0
850038,4605,Brain_Myeloid_microglial_cell,548,0.0,136,10_60296002_60296304,5903,Psap,0.0
850039,4606,Brain_Myeloid_microglial_cell,548,0.0,167,10_60296002_60296304,5903,Psap,0.0
850040,4607,Brain_Myeloid_microglial_cell,548,0.0,154,10_60296002_60296304,5903,Psap,0.0
850041,4608,Brain_Myeloid_microglial_cell,548,0.0,303,10_60296002_60296304,5903,Psap,0.0
850042,4609,Brain_Myeloid_microglial_cell,548,0.0,428,10_60296002_60296304,5903,Psap,0.0
850043,4610,Brain_Myeloid_microglial_cell,548,0.0,363,10_60296002_60296304,5903,Psap,0.0
850044,4611,Brain_Myeloid_microglial_cell,548,0.0,365,10_60296002_60296304,5903,Psap,0.0
850045,4612,Brain_Myeloid_microglial_cell,548,0.0,109,10_60296002_60296304,5903,Psap,0.0
850046,4613,Brain_Myeloid_microglial_cell,548,0.0,537,10_60296002_60296304,5903,Psap,0.0
850047,4614,Brain_Myeloid_microglial_cell,548,0.0,43,10_60296002_60296304,5903,Psap,0.0
850048,4615,Brain_Myeloid_microglial_cell,548,0.0,641,10_60296002_60296304,5903,Psap,0.0
850049,4616,Brain_Myeloid_microglial_cell,548,0.0,74,10_60296002_60296304,5903,Psap,0.0
850050,4617,Brain_Myeloid_microglial_cell,548,0.0,463,10_60296002_60296304,5903,Psap,0.0
850051,4618,Brain_Myeloid_microglial_cell,548,0.0,297,10_60296002_60296304,5903,Psap,0.0
850052,4619,Brain_Myeloid_microglial_cell,548,0.0,210,10_60296002_60296304,5903,Psap,0.0
850053,4620,Brain_Myeloid_microglial_cell,548,0.0,247,10_60296002_60296304,5903,Psap,0.0
850054,4621,Brain_Myeloid_microglial_cell,548,0.0,307,10_60296002_60296304,5903,Psap,0.0
850055,4622,Brain_Myeloid_microglial_cell,548,0.0,362,10_60296002_60296304,5903,Psap,0.0
850056,4623,Brain_Myeloid_microglial_cell,548,0.0,563,10_60296002_60296304,5903,Psap,0.0
850057,4624,Brain_Myeloid_microglial_cell,548,0.0,618,10_60296002_60296304,5903,Psap,0.0
850058,4625,Brain_Myeloid_microglial_cell,548,0.0,161,10_60296002_60296304,5903,Psap,0.0
850059,4626,Brain_Myeloid_microglial_cell,548,0.0,533,10_60296002_60296304,5903,Psap,0.0
850060,4627,Brain_Myeloid_microglial_cell,548,0.0,411,10_60296002_60296304,5903,Psap,0.0
850061,4628,Brain_Myeloid_microglial_cell,548,0.0,777,10_60296002_60296304,5903,Psap,0.0
850062,4629,Brain_Myeloid_microglial_cell,548,0.0,693,10_60296002_60296304,5903,Psap,0.0
850063,4630,Brain_Myeloid_microglial_cell,548,0.0,49,10_60296002_60296304,5903,Psap,0.0
850064,4631,Brain_Myeloid_microglial_cell,548,0.0,339,10_60296002_60296304,5903,Psap,0.0
850065,4632,Brain_Myeloid_microglial_cell,548,0.0,797,10_60296002_60296304,5903,Psap,0.0
850066,4633,Brain_Myeloid_microglial_cell,548,0.0,155,10_60296002_60296304,5903,Psap,0.0
850067,4634,Brain_Myeloid_microglial_cell,548,0.0,1133,10_60296002_60296304,5903,Psap,0.0
850068,4635,Brain_Myeloid_microglial_cell,548,0.0,125,10_60296002_60296304,5903,Psap,0.0
850069,4636,Brain_Myeloid_microglial_cell,548,0.0,79,10_60296002_60296304,5903,Psap,0.0
850070,4637,Brain_Myeloid_microglial_cell,548,0.0,135,10_60296002_60296304,5903,Psap,0.0
850071,4638,Brain_Myeloid_microglial_cell,548,0.0,244,10_60296002_60296304,5903,Psap,0.0
850072,4639,Brain_Myeloid_microglial_cell,548,0.0,699,10_60296002_60296304,5903,Psap,0.0
850073,4640,Brain_Myeloid_microglial_cell,548,0.0,539,10_60296002_60296304,5903,Psap,0.0
850074,4641,Brain_Myeloid_microglial_cell,548,0.0,129,10_60296002_60296304,5903,Psap,0.0
850075,4642,Brain_Myeloid_microglial_cell,548,0.0,113,10_60296002_60296304,5903,Psap,0.0
850076,4643,Brain_Myeloid_microglial_cell,548,0.0,207,10_60296002_60296304,5903,Psap,0.0
850077,4644,Brain_Myeloid_microglial_cell,548,0.0,309,10_60296002_60296304,5903,Psap,0.0
850078,4645,Brain_Myeloid_microglial_cell,548,0.0,163,10_60296002_60296304,5903,Psap,0.0
850079,4646,Brain_Myeloid_microglial_cell,548,0.0,328,10_60296002_60296304,5903,Psap,0.0
850080,4647,Brain_Myeloid_microglial_cell,548,0.0,394,10_60296002_60296304,5903,Psap,0.0
850081,4649,Brain_Myeloid_microglial_cell,548,0.0,330,10_60296002_60296304,5903,Psap,0.0
850082,4650,Brain_Myeloid_microglial_cell,548,0.0,268,10_60296002_60296304,5903,Psap,0.0
850083,4651,Brain_Myeloid_microglial_cell,548,0.0,357,10_60296002_60296304,5903,Psap,0.0
850084,4652,Brain_Myeloid_microglial_cell,548,0.0,234,10_60296002_60296304,5903,Psap,0.0
850085,4653,Brain_Myeloid_microglial_cell,548,0.0,811,10_60296002_60296304,5903,Psap,0.0
850086,4654,Brain_Myeloid_microglial_cell,548,0.0,226,10_60296002_60296304,5903,Psap,0.0
850087,4655,Brain_Myeloid_microglial_cell,548,0.0,26,10_60296002_60296304,5903,Psap,0.0
850088,4656,Brain_Myeloid_microglial_cell,548,0.0,381,10_60296002_60296304,5903,Psap,0.0
850089,4659,Brain_Myeloid_microglial_cell,548,0.0,466,10_60296002_60296304,5903,Psap,0.0
850090,4660,Brain_Myeloid_microglial_cell,548,0.0,427,10_60296002_60296304,5903,Psap,0.0
850091,4662,Brain_Myeloid_microglial_cell,548,0.0,391,10_60296002_60296304,5903,Psap,0.0
850092,4663,Brain_Myeloid_microglial_cell,548,0.0,535,10_60296002_60296304,5903,Psap,0.0
850093,4664,Brain_Myeloid_microglial_cell,548,0.0,326,10_60296002_60296304,5903,Psap,0.0
850094,4665,Brain_Myeloid_microglial_cell,548,0.0,57,10_60296002_60296304,5903,Psap,0.0
850095,4666,Brain_Myeloid_microglial_cell,548,0.0,943,10_60296002_60296304,5903,Psap,0.0
850096,4667,Brain_Myeloid_microglial_cell,548,0.0,189,10_60296002_60296304,5903,Psap,0.0
850097,4668,Brain_Myeloid_microglial_cell,548,0.0,2086,10_60296002_60296304,5903,Psap,0.0
850098,4669,Brain_Myeloid_microglial_cell,548,0.0,212,10_60296002_60296304,5903,Psap,0.0
850099,4670,Brain_Myeloid_microglial_cell,548,0.0,288,10_60296002_60296304,5903,Psap,0.0
850100,4671,Brain_Myeloid_microglial_cell,548,0.0,310,10_60296002_60296304,5903,Psap,0.0
850101,4672,Brain_Myeloid_microglial_cell,548,0.0,49,10_60296002_60296304,5903,Psap,0.0
850102,4673,Brain_Myeloid_microglial_cell,548,0.0,275,10_60296002_60296304,5903,Psap,0.0
850103,4674,Brain_Myeloid_microglial_cell,548,0.0,163,10_60296002_60296304,5903,Psap,0.0
850104,4675,Brain_Myeloid_microglial_cell,548,0.0,301,10_60296002_60296304,5903,Psap,0.0
850105,4676,Brain_Myeloid_microglial_cell,548,0.0,98,10_60296002_60296304,5903,Psap,0.0
850106,4677,Brain_Myeloid_microglial_cell,548,0.0,216,10_60296002_60296304,5903,Psap,0.0
850107,4678,Brain_Myeloid_microglial_cell,548,0.0,395,10_60296002_60296304,5903,Psap,0.0
850108,4679,Brain_Myeloid_microglial_cell,548,0.0,173,10_60296002_60296304,5903,Psap,0.0
850109,4680,Brain_Myeloid_microglial_cell,548,0.0,111,10_60296002_60296304,5903,Psap,0.0
850110,4681,Brain_Myeloid_microglial_cell,548,0.0,84,10_60296002_60296304,5903,Psap,0.0
850111,4682,Brain_Myeloid_microglial_cell,548,0.0,412,10_60296002_60296304,5903,Psap,0.0
850112,4683,Brain_Myeloid_microglial_cell,548,0.0,123,10_60296002_60296304,5903,Psap,0.0
850113,4684,Brain_Myeloid_microglial_cell,548,0.0,444,10_60296002_60296304,5903,Psap,0.0
850114,4685,Brain_Myeloid_microglial_cell,548,0.0,204,10_60296002_60296304,5903,Psap,0.0
850115,4686,Brain_Myeloid_microglial_cell,548,0.0,489,10_60296002_60296304,5903,Psap,0.0
850116,4687,Brain_Myeloid_microglial_cell,548,0.0,892,10_60296002_60296304,5903,Psap,0.0
850117,4688,Brain_Myeloid_microglial_cell,548,0.0,133,10_60296002_60296304,5903,Psap,0.0
850118,4689,Brain_Myeloid_microglial_cell,548,0.0,497,10_60296002_60296304,5903,Psap,0.0
850119,4690,Brain_Myeloid_microglial_cell,548,0.0,6,10_60296002_60296304,5903,Psap,0.0
850120,4691,Brain_Myeloid_microglial_cell,548,0.0,19,10_60296002_60296304,5903,Psap,0.0
850121,4692,Brain_Myeloid_microglial_cell,548,0.0,134,10_60296002_60296304,5903,Psap,0.0
850122,4693,Brain_Myeloid_microglial_cell,548,0.0,65,10_60296002_60296304,5903,Psap,0.0
850123,4694,Brain_Myeloid_microglial_cell,548,0.0,226,10_60296002_60296304,5903,Psap,0.0
850124,4695,Brain_Myeloid_microglial_cell,548,0.0,657,10_60296002_60296304,5903,Psap,0.0
850125,4696,Brain_Myeloid_microglial_cell,548,0.0,448,10_60296002_60296304,5903,Psap,0.0
850126,4697,Brain_Myeloid_microglial_cell,548,0.0,621,10_60296002_60296304,5903,Psap,0.0
850127,4698,Brain_Myeloid_microglial_cell,548,0.0,119,10_60296002_60296304,5903,Psap,0.0
850128,4699,Brain_Myeloid_microglial_cell,548,0.0,346,10_60296002_60296304,5903,Psap,0.0
850129,4700,Brain_Myeloid_microglial_cell,548,0.0,451,10_60296002_60296304,5903,Psap,0.0
850130,4701,Brain_Myeloid_microglial_cell,548,0.0,477,10_60296002_60296304,5903,Psap,0.0
850131,4702,Brain_Myeloid_microglial_cell,548,0.0,409,10_60296002_60296304,5903,Psap,0.0
850132,4703,Brain_Myeloid_microglial_cell,548,0.0,100,10_60296002_60296304,5903,Psap,0.0
850133,4704,Brain_Myeloid_microglial_cell,548,0.0,311,10_60296002_60296304,5903,Psap,0.0
850134,4705,Brain_Myeloid_microglial_cell,548,0.0,35,10_60296002_60296304,5903,Psap,0.0
850135,4706,Brain_Myeloid_microglial_cell,548,0.0,271,10_60296002_60296304,5903,Psap,0.0
850136,4707,Brain_Myeloid_microglial_cell,548,0.0,83,10_60296002_60296304,5903,Psap,0.0
850137,4708,Brain_Myeloid_microglial_cell,548,0.0,794,10_60296002_60296304,5903,Psap,0.0
850138,4709,Brain_Myeloid_microglial_cell,548,0.0,205,10_60296002_60296304,5903,Psap,0.0
850139,4710,Brain_Myeloid_microglial_cell,548,0.0,376,10_60296002_60296304,5903,Psap,0.0
850140,4711,Brain_Myeloid_microglial_cell,548,0.0,398,10_60296002_60296304,5903,Psap,0.0
850141,4712,Brain_Myeloid_microglial_cell,548,0.0,369,10_60296002_60296304,5903,Psap,0.0
850142,4713,Brain_Myeloid_microglial_cell,548,0.0,358,10_60296002_60296304,5903,Psap,0.0
850143,4714,Brain_Myeloid_microglial_cell,548,0.0,100,10_60296002_60296304,5903,Psap,0.0
850144,4715,Brain_Myeloid_microglial_cell,548,0.0,174,10_60296002_60296304,5903,Psap,0.0
850145,4716,Brain_Myeloid_microglial_cell,548,0.0,105,10_60296002_60296304,5903,Psap,0.0
850146,4717,Brain_Myeloid_microglial_cell,548,0.0,1126,10_60296002_60296304,5903,Psap,0.0
850147,4718,Brain_Myeloid_microglial_cell,548,0.0,153,10_60296002_60296304,5903,Psap,0.0
850148,4719,Brain_Myeloid_microglial_cell,548,0.0,372,10_60296002_60296304,5903,Psap,0.0
850149,4720,Brain_Myeloid_microglial_cell,548,0.0,314,10_60296002_60296304,5903,Psap,0.0
850150,4721,Brain_Myeloid_microglial_cell,548,0.0,547,10_60296002_60296304,5903,Psap,0.0
850151,4722,Brain_Myeloid_microglial_cell,548,0.0,206,10_60296002_60296304,5903,Psap,0.0
850152,4723,Brain_Myeloid_microglial_cell,548,0.0,592,10_60296002_60296304,5903,Psap,0.0
850153,4724,Brain_Myeloid_microglial_cell,548,0.0,530,10_60296002_60296304,5903,Psap,0.0
850154,4725,Brain_Myeloid_microglial_cell,548,0.0,194,10_60296002_60296304,5903,Psap,0.0
850155,4726,Brain_Myeloid_microglial_cell,548,0.0,128,10_60296002_60296304,5903,Psap,0.0
850156,4727,Brain_Myeloid_microglial_cell,548,0.0,132,10_60296002_60296304,5903,Psap,0.0
850157,4728,Brain_Myeloid_microglial_cell,548,0.0,171,10_60296002_60296304,5903,Psap,0.0
850158,4729,Brain_Myeloid_microglial_cell,548,0.0,290,10_60296002_60296304,5903,Psap,0.0
850159,4730,Brain_Myeloid_microglial_cell,548,0.0,155,10_60296002_60296304,5903,Psap,0.0
850160,4731,Brain_Myeloid_microglial_cell,548,0.0,146,10_60296002_60296304,5903,Psap,0.0
850161,4732,Brain_Myeloid_microglial_cell,548,0.0,240,10_60296002_60296304,5903,Psap,0.0
850162,4733,Brain_Myeloid_microglial_cell,548,0.0,1030,10_60296002_60296304,5903,Psap,0.0
850163,4734,Brain_Myeloid_microglial_cell,548,0.0,94,10_60296002_60296304,5903,Psap,0.0
850164,4735,Brain_Myeloid_microglial_cell,548,0.0,117,10_60296002_60296304,5903,Psap,0.0
850165,4736,Brain_Myeloid_microglial_cell,548,0.0,353,10_60296002_60296304,5903,Psap,0.0
850166,4737,Brain_Myeloid_microglial_cell,548,0.0,467,10_60296002_60296304,5903,Psap,0.0
850167,4738,Brain_Myeloid_microglial_cell,548,0.0,119,10_60296002_60296304,5903,Psap,0.0
850168,4739,Brain_Myeloid_microglial_cell,548,0.0,121,10_60296002_60296304,5903,Psap,0.0
850169,4740,Brain_Myeloid_microglial_cell,548,0.0,85,10_60296002_60296304,5903,Psap,0.0
850170,4741,Brain_Myeloid_microglial_cell,548,0.0,257,10_60296002_60296304,5903,Psap,0.0
850171,4742,Brain_Myeloid_microglial_cell,548,0.0,360,10_60296002_60296304,5903,Psap,0.0
850172,4743,Brain_Myeloid_microglial_cell,548,0.0,675,10_60296002_60296304,5903,Psap,0.0
850173,4745,Brain_Myeloid_microglial_cell,548,0.0,195,10_60296002_60296304,5903,Psap,0.0
850174,4746,Brain_Myeloid_microglial_cell,548,0.0,639,10_60296002_60296304,5903,Psap,0.0
850175,4747,Brain_Myeloid_microglial_cell,548,0.0,150,10_60296002_60296304,5903,Psap,0.0
850176,4748,Brain_Myeloid_microglial_cell,548,0.0,129,10_60296002_60296304,5903,Psap,0.0
850177,4749,Brain_Myeloid_microglial_cell,548,0.0,299,10_60296002_60296304,5903,Psap,0.0
850178,4750,Brain_Myeloid_microglial_cell,548,0.0,557,10_60296002_60296304,5903,Psap,0.0
850179,4752,Brain_Myeloid_microglial_cell,548,0.0,228,10_60296002_60296304,5903,Psap,0.0
850180,4753,Brain_Myeloid_microglial_cell,548,0.0,273,10_60296002_60296304,5903,Psap,0.0
850181,4754,Brain_Myeloid_microglial_cell,548,0.0,560,10_60296002_60296304,5903,Psap,0.0
850182,4756,Brain_Myeloid_microglial_cell,548,0.0,71,10_60296002_60296304,5903,Psap,0.0
850183,4757,Brain_Myeloid_microglial_cell,548,0.0,65,10_60296002_60296304,5903,Psap,0.0
850184,4758,Brain_Myeloid_microglial_cell,548,0.0,462,10_60296002_60296304,5903,Psap,0.0
850185,4760,Brain_Myeloid_microglial_cell,548,0.0,83,10_60296002_60296304,5903,Psap,0.0
850186,4761,Brain_Myeloid_microglial_cell,548,0.0,593,10_60296002_60296304,5903,Psap,0.0
850187,4762,Brain_Myeloid_microglial_cell,548,0.0,538,10_60296002_60296304,5903,Psap,0.0
850188,4763,Brain_Myeloid_microglial_cell,548,0.0,241,10_60296002_60296304,5903,Psap,0.0
850189,4764,Brain_Myeloid_microglial_cell,548,0.0,942,10_60296002_60296304,5903,Psap,0.0
850190,4765,Brain_Myeloid_microglial_cell,548,0.0,580,10_60296002_60296304,5903,Psap,0.0
850191,4766,Brain_Myeloid_microglial_cell,548,0.0,85,10_60296002_60296304,5903,Psap,0.0
850192,4767,Brain_Myeloid_microglial_cell,548,0.0,433,10_60296002_60296304,5903,Psap,0.0
850193,4768,Brain_Myeloid_microglial_cell,548,0.0,158,10_60296002_60296304,5903,Psap,0.0
850194,4769,Brain_Myeloid_microglial_cell,548,0.0,79,10_60296002_60296304,5903,Psap,0.0
850195,4770,Brain_Myeloid_microglial_cell,548,0.0,130,10_60296002_60296304,5903,Psap,0.0
850196,4771,Brain_Myeloid_microglial_cell,548,0.0,374,10_60296002_60296304,5903,Psap,0.0
850197,4772,Brain_Myeloid_microglial_cell,548,0.0,316,10_60296002_60296304,5903,Psap,0.0
850198,4773,Brain_Myeloid_microglial_cell,548,0.0,710,10_60296002_60296304,5903,Psap,0.0
850199,4774,Brain_Myeloid_microglial_cell,548,0.0,235,10_60296002_60296304,5903,Psap,0.0
850200,4775,Brain_Myeloid_microglial_cell,548,0.0,187,10_60296002_60296304,5903,Psap,0.0
850201,4776,Brain_Myeloid_microglial_cell,548,0.0,716,10_60296002_60296304,5903,Psap,0.0
850202,4777,Brain_Myeloid_microglial_cell,548,0.0,193,10_60296002_60296304,5903,Psap,0.0
850203,4778,Brain_Myeloid_microglial_cell,548,0.0,384,10_60296002_60296304,5903,Psap,0.0
850204,4779,Brain_Myeloid_microglial_cell,548,0.0,297,10_60296002_60296304,5903,Psap,0.0
850205,4780,Brain_Myeloid_microglial_cell,548,0.0,182,10_60296002_60296304,5903,Psap,0.0
850206,4781,Brain_Myeloid_microglial_cell,548,0.0,47,10_60296002_60296304,5903,Psap,0.0
850207,4782,Brain_Myeloid_microglial_cell,548,0.0,474,10_60296002_60296304,5903,Psap,0.0
850208,4783,Brain_Myeloid_microglial_cell,548,0.0,919,10_60296002_60296304,5903,Psap,0.0
850209,4784,Brain_Myeloid_microglial_cell,548,0.0,101,10_60296002_60296304,5903,Psap,0.0
850210,4785,Brain_Myeloid_microglial_cell,548,0.0,242,10_60296002_60296304,5903,Psap,0.0
850211,4786,Brain_Myeloid_microglial_cell,548,0.0,759,10_60296002_60296304,5903,Psap,0.0
850212,4787,Brain_Myeloid_microglial_cell,548,0.0,187,10_60296002_60296304,5903,Psap,0.0
850213,4788,Brain_Myeloid_microglial_cell,548,0.0,74,10_60296002_60296304,5903,Psap,0.0
850214,4789,Brain_Myeloid_microglial_cell,548,0.0,301,10_60296002_60296304,5903,Psap,0.0
850215,4790,Brain_Myeloid_microglial_cell,548,0.0,942,10_60296002_60296304,5903,Psap,0.0
850216,4791,Brain_Myeloid_microglial_cell,548,0.0,642,10_60296002_60296304,5903,Psap,0.0
850217,4792,Brain_Myeloid_microglial_cell,548,0.0,640,10_60296002_60296304,5903,Psap,0.0
850218,4793,Brain_Myeloid_microglial_cell,548,0.0,198,10_60296002_60296304,5903,Psap,0.0
850219,4794,Brain_Myeloid_microglial_cell,548,0.0,424,10_60296002_60296304,5903,Psap,0.0
850220,4795,Brain_Myeloid_microglial_cell,548,0.0,1142,10_60296002_60296304,5903,Psap,0.0
850221,4796,Brain_Myeloid_microglial_cell,548,0.0,190,10_60296002_60296304,5903,Psap,0.0
850222,4797,Brain_Myeloid_microglial_cell,548,0.0,508,10_60296002_60296304,5903,Psap,0.0
850223,4798,Brain_Myeloid_microglial_cell,548,0.0,463,10_60296002_60296304,5903,Psap,0.0
850224,4799,Brain_Myeloid_microglial_cell,548,0.0,31,10_60296002_60296304,5903,Psap,0.0
850225,4800,Brain_Myeloid_microglial_cell,548,0.0,687,10_60296002_60296304,5903,Psap,0.0
850226,4801,Brain_Myeloid_microglial_cell,548,0.0,213,10_60296002_60296304,5903,Psap,0.0
850227,4802,Brain_Myeloid_microglial_cell,548,0.0,417,10_60296002_60296304,5903,Psap,0.0
850228,4803,Brain_Myeloid_microglial_cell,548,0.0,103,10_60296002_60296304,5903,Psap,0.0
850229,4804,Brain_Myeloid_microglial_cell,548,0.0,1359,10_60296002_60296304,5903,Psap,0.0
850230,4806,Brain_Myeloid_microglial_cell,548,0.0,456,10_60296002_60296304,5903,Psap,0.0
850231,4807,Brain_Myeloid_microglial_cell,548,0.0,139,10_60296002_60296304,5903,Psap,0.0
850232,4808,Brain_Myeloid_microglial_cell,548,0.0,692,10_60296002_60296304,5903,Psap,0.0
850233,4809,Brain_Myeloid_microglial_cell,548,0.0,223,10_60296002_60296304,5903,Psap,0.0
850234,4810,Brain_Myeloid_microglial_cell,548,0.0,376,10_60296002_60296304,5903,Psap,0.0
850235,4811,Brain_Myeloid_microglial_cell,548,0.0,145,10_60296002_60296304,5903,Psap,0.0
850236,4812,Brain_Myeloid_microglial_cell,548,0.0,180,10_60296002_60296304,5903,Psap,0.0
850237,4813,Brain_Myeloid_microglial_cell,548,0.0,467,10_60296002_60296304,5903,Psap,0.0
850238,4814,Brain_Myeloid_microglial_cell,548,0.0,300,10_60296002_60296304,5903,Psap,0.0
850239,4815,Brain_Myeloid_microglial_cell,548,0.0,319,10_60296002_60296304,5903,Psap,0.0
850240,4816,Brain_Myeloid_microglial_cell,548,0.0,1045,10_60296002_60296304,5903,Psap,0.0
850241,4817,Brain_Myeloid_microglial_cell,548,0.0,100,10_60296002_60296304,5903,Psap,0.0
850242,4818,Brain_Myeloid_microglial_cell,548,0.0,68,10_60296002_60296304,5903,Psap,0.0
850243,4819,Brain_Myeloid_microglial_cell,548,0.0,484,10_60296002_60296304,5903,Psap,0.0
850244,4820,Brain_Myeloid_microglial_cell,548,0.0,96,10_60296002_60296304,5903,Psap,0.0
850245,4821,Brain_Myeloid_microglial_cell,548,0.0,343,10_60296002_60296304,5903,Psap,0.0
850246,4822,Brain_Myeloid_microglial_cell,548,0.0,66,10_60296002_60296304,5903,Psap,0.0
850247,4823,Brain_Myeloid_microglial_cell,548,0.0,1136,10_60296002_60296304,5903,Psap,0.0
850248,4824,Brain_Myeloid_microglial_cell,548,0.0,310,10_60296002_60296304,5903,Psap,0.0
850249,4825,Brain_Myeloid_microglial_cell,548,0.0,514,10_60296002_60296304,5903,Psap,0.0
850250,4827,Brain_Myeloid_microglial_cell,548,0.0,311,10_60296002_60296304,5903,Psap,0.0
850251,4828,Brain_Myeloid_microglial_cell,548,0.0,232,10_60296002_60296304,5903,Psap,0.0
850252,4829,Brain_Myeloid_microglial_cell,548,0.0,997,10_60296002_60296304,5903,Psap,0.0
850253,4830,Brain_Myeloid_microglial_cell,548,0.0,258,10_60296002_60296304,5903,Psap,0.0
850254,4831,Brain_Myeloid_microglial_cell,548,0.0,63,10_60296002_60296304,5903,Psap,0.0
850255,4832,Brain_Myeloid_microglial_cell,548,0.0,824,10_60296002_60296304,5903,Psap,0.0
850256,4833,Brain_Myeloid_microglial_cell,548,0.0,185,10_60296002_60296304,5903,Psap,0.0
850257,4834,Brain_Myeloid_microglial_cell,548,0.0,1692,10_60296002_60296304,5903,Psap,0.0
850258,4836,Brain_Myeloid_microglial_cell,548,0.0,448,10_60296002_60296304,5903,Psap,0.0
850259,4837,Brain_Myeloid_microglial_cell,548,0.0,472,10_60296002_60296304,5903,Psap,0.0
850260,4838,Brain_Myeloid_microglial_cell,548,0.0,325,10_60296002_60296304,5903,Psap,0.0
850261,4839,Brain_Myeloid_microglial_cell,548,0.0,522,10_60296002_60296304,5903,Psap,0.0
850262,4840,Brain_Myeloid_microglial_cell,548,0.0,142,10_60296002_60296304,5903,Psap,0.0
850263,4842,Brain_Myeloid_microglial_cell,548,0.0,76,10_60296002_60296304,5903,Psap,0.0
850264,4843,Brain_Myeloid_microglial_cell,548,0.0,353,10_60296002_60296304,5903,Psap,0.0
850265,4844,Brain_Myeloid_microglial_cell,548,0.0,859,10_60296002_60296304,5903,Psap,0.0
850266,4845,Brain_Myeloid_microglial_cell,548,0.0,1365,10_60296002_60296304,5903,Psap,0.0
850267,4846,Brain_Myeloid_microglial_cell,548,0.0,427,10_60296002_60296304,5903,Psap,0.0
850268,4847,Brain_Myeloid_microglial_cell,548,0.0,178,10_60296002_60296304,5903,Psap,0.0
850269,4848,Brain_Myeloid_microglial_cell,548,0.0,193,10_60296002_60296304,5903,Psap,0.0
850270,4849,Brain_Myeloid_microglial_cell,548,0.0,116,10_60296002_60296304,5903,Psap,0.0
850271,4850,Brain_Myeloid_microglial_cell,548,0.0,69,10_60296002_60296304,5903,Psap,0.0
850272,4851,Brain_Myeloid_microglial_cell,548,0.0,580,10_60296002_60296304,5903,Psap,0.0
850273,4852,Brain_Myeloid_microglial_cell,548,0.0,84,10_60296002_60296304,5903,Psap,0.0
850274,4853,Brain_Myeloid_microglial_cell,548,0.0,520,10_60296002_60296304,5903,Psap,0.0
850275,4854,Brain_Myeloid_microglial_cell,548,0.0,32,10_60296002_60296304,5903,Psap,0.0
850276,4857,Brain_Myeloid_microglial_cell,548,0.0,212,10_60296002_60296304,5903,Psap,0.0
850277,4858,Brain_Myeloid_microglial_cell,548,0.0,500,10_60296002_60296304,5903,Psap,0.0
850278,4860,Brain_Myeloid_microglial_cell,548,0.0,974,10_60296002_60296304,5903,Psap,0.0
850279,4861,Brain_Myeloid_microglial_cell,548,0.0,546,10_60296002_60296304,5903,Psap,0.0
850280,4862,Brain_Myeloid_microglial_cell,548,0.0,291,10_60296002_60296304,5903,Psap,0.0
850281,4863,Brain_Myeloid_microglial_cell,548,0.0,601,10_60296002_60296304,5903,Psap,0.0
850282,4864,Brain_Myeloid_microglial_cell,548,0.0,289,10_60296002_60296304,5903,Psap,0.0
850283,4865,Brain_Myeloid_microglial_cell,548,0.0,122,10_60296002_60296304,5903,Psap,0.0
850284,4866,Brain_Myeloid_microglial_cell,548,0.0,466,10_60296002_60296304,5903,Psap,0.0
850285,4867,Brain_Myeloid_microglial_cell,548,0.0,61,10_60296002_60296304,5903,Psap,0.0
850286,4868,Brain_Myeloid_microglial_cell,548,0.0,216,10_60296002_60296304,5903,Psap,0.0
850287,4869,Brain_Myeloid_microglial_cell,548,0.0,503,10_60296002_60296304,5903,Psap,0.0
850288,4870,Brain_Myeloid_microglial_cell,548,0.0,223,10_60296002_60296304,5903,Psap,0.0
850289,4871,Brain_Myeloid_microglial_cell,548,0.0,71,10_60296002_60296304,5903,Psap,0.0
850290,4872,Brain_Myeloid_microglial_cell,548,0.0,116,10_60296002_60296304,5903,Psap,0.0
850291,4873,Brain_Myeloid_microglial_cell,548,0.0,226,10_60296002_60296304,5903,Psap,0.0
850292,4874,Brain_Myeloid_microglial_cell,548,0.0,101,10_60296002_60296304,5903,Psap,0.0
850293,4875,Brain_Myeloid_microglial_cell,548,0.0,308,10_60296002_60296304,5903,Psap,0.0
850294,4876,Brain_Myeloid_microglial_cell,548,0.0,389,10_60296002_60296304,5903,Psap,0.0
850295,4877,Brain_Myeloid_microglial_cell,548,0.0,390,10_60296002_60296304,5903,Psap,0.0
850296,4878,Brain_Myeloid_microglial_cell,548,0.0,55,10_60296002_60296304,5903,Psap,0.0
850297,4879,Brain_Myeloid_microglial_cell,548,0.0,82,10_60296002_60296304,5903,Psap,0.0
850298,4880,Brain_Myeloid_microglial_cell,548,0.0,433,10_60296002_60296304,5903,Psap,0.0
850299,4881,Brain_Myeloid_microglial_cell,548,0.0,269,10_60296002_60296304,5903,Psap,0.0
850300,4882,Brain_Myeloid_microglial_cell,548,0.0,253,10_60296002_60296304,5903,Psap,0.0
850301,4883,Brain_Myeloid_microglial_cell,548,0.0,33,10_60296002_60296304,5903,Psap,0.0
850302,4884,Brain_Myeloid_microglial_cell,548,0.0,195,10_60296002_60296304,5903,Psap,0.0
850303,4885,Brain_Myeloid_microglial_cell,548,0.0,159,10_60296002_60296304,5903,Psap,0.0
850304,4886,Brain_Myeloid_microglial_cell,548,0.0,164,10_60296002_60296304,5903,Psap,0.0
850305,4887,Brain_Myeloid_microglial_cell,548,0.0,432,10_60296002_60296304,5903,Psap,0.0
850306,4888,Brain_Myeloid_microglial_cell,548,0.0,478,10_60296002_60296304,5903,Psap,0.0
850307,4889,Brain_Myeloid_microglial_cell,548,0.0,266,10_60296002_60296304,5903,Psap,0.0
850308,4890,Brain_Myeloid_microglial_cell,548,0.0,128,10_60296002_60296304,5903,Psap,0.0
850309,4891,Brain_Myeloid_microglial_cell,548,0.0,518,10_60296002_60296304,5903,Psap,0.0
850310,4892,Brain_Myeloid_microglial_cell,548,0.0,231,10_60296002_60296304,5903,Psap,0.0
850311,4893,Brain_Myeloid_microglial_cell,548,0.0,294,10_60296002_60296304,5903,Psap,0.0
850312,4894,Brain_Myeloid_microglial_cell,548,0.0,50,10_60296002_60296304,5903,Psap,0.0
850313,4895,Brain_Myeloid_microglial_cell,548,0.0,614,10_60296002_60296304,5903,Psap,0.0
850314,4896,Brain_Myeloid_microglial_cell,548,0.0,90,10_60296002_60296304,5903,Psap,0.0
850315,4897,Brain_Myeloid_microglial_cell,548,0.0,23,10_60296002_60296304,5903,Psap,0.0
850316,4898,Brain_Myeloid_microglial_cell,548,0.0,226,10_60296002_60296304,5903,Psap,0.0
850317,4899,Brain_Myeloid_microglial_cell,548,0.0,166,10_60296002_60296304,5903,Psap,0.0
850318,4900,Brain_Myeloid_microglial_cell,548,0.0,32,10_60296002_60296304,5903,Psap,0.0
850319,4901,Brain_Myeloid_microglial_cell,548,0.0,122,10_60296002_60296304,5903,Psap,0.0
850320,4902,Brain_Myeloid_microglial_cell,548,0.0,286,10_60296002_60296304,5903,Psap,0.0
850321,4903,Brain_Myeloid_microglial_cell,548,0.0,392,10_60296002_60296304,5903,Psap,0.0
850322,4904,Brain_Myeloid_microglial_cell,548,0.0,367,10_60296002_60296304,5903,Psap,0.0
850323,4906,Brain_Myeloid_microglial_cell,548,0.0,126,10_60296002_60296304,5903,Psap,0.0
850324,4907,Brain_Myeloid_microglial_cell,548,0.0,141,10_60296002_60296304,5903,Psap,0.0
850325,4908,Brain_Myeloid_microglial_cell,548,0.0,196,10_60296002_60296304,5903,Psap,0.0
850326,4909,Brain_Myeloid_microglial_cell,548,0.0,452,10_60296002_60296304,5903,Psap,0.0
850327,4910,Brain_Myeloid_microglial_cell,548,0.0,363,10_60296002_60296304,5903,Psap,0.0
850328,4911,Brain_Myeloid_microglial_cell,548,0.0,612,10_60296002_60296304,5903,Psap,0.0
850329,4912,Brain_Myeloid_microglial_cell,548,0.0,82,10_60296002_60296304,5903,Psap,0.0
850330,4913,Brain_Myeloid_microglial_cell,548,0.0,419,10_60296002_60296304,5903,Psap,0.0
850331,4914,Brain_Myeloid_microglial_cell,548,0.0,209,10_60296002_60296304,5903,Psap,0.0
850332,4915,Brain_Myeloid_microglial_cell,548,0.0,169,10_60296002_60296304,5903,Psap,0.0
850333,4916,Brain_Myeloid_microglial_cell,548,0.0,110,10_60296002_60296304,5903,Psap,0.0
850334,4917,Brain_Myeloid_microglial_cell,548,0.0,296,10_60296002_60296304,5903,Psap,0.0
850335,4918,Brain_Myeloid_microglial_cell,548,0.0,209,10_60296002_60296304,5903,Psap,0.0
850336,4919,Brain_Myeloid_microglial_cell,548,0.0,129,10_60296002_60296304,5903,Psap,0.0
850337,4920,Brain_Myeloid_microglial_cell,548,0.0,464,10_60296002_60296304,5903,Psap,0.0
850338,4921,Brain_Myeloid_microglial_cell,548,0.0,219,10_60296002_60296304,5903,Psap,0.0
850339,4922,Brain_Myeloid_microglial_cell,548,0.0,916,10_60296002_60296304,5903,Psap,0.0
850340,4923,Brain_Myeloid_microglial_cell,548,0.0,372,10_60296002_60296304,5903,Psap,0.0
850341,4924,Brain_Myeloid_microglial_cell,548,0.0,523,10_60296002_60296304,5903,Psap,0.0
850342,4925,Brain_Myeloid_microglial_cell,548,0.0,199,10_60296002_60296304,5903,Psap,0.0
850343,4928,Brain_Myeloid_microglial_cell,548,0.0,192,10_60296002_60296304,5903,Psap,0.0
850344,4929,Brain_Myeloid_microglial_cell,548,0.0,205,10_60296002_60296304,5903,Psap,0.0
850345,4930,Brain_Myeloid_microglial_cell,548,0.0,97,10_60296002_60296304,5903,Psap,0.0
850346,4931,Brain_Myeloid_microglial_cell,548,0.0,403,10_60296002_60296304,5903,Psap,0.0
850347,4932,Brain_Myeloid_microglial_cell,548,0.0,254,10_60296002_60296304,5903,Psap,0.0
850348,4933,Brain_Myeloid_microglial_cell,548,0.0,787,10_60296002_60296304,5903,Psap,0.0
850349,4934,Brain_Myeloid_microglial_cell,548,0.0,329,10_60296002_60296304,5903,Psap,0.0
850350,4935,Brain_Myeloid_microglial_cell,548,0.0,118,10_60296002_60296304,5903,Psap,0.0
850351,4936,Brain_Myeloid_microglial_cell,548,0.0,76,10_60296002_60296304,5903,Psap,0.0
850352,4937,Brain_Myeloid_microglial_cell,548,0.0,620,10_60296002_60296304,5903,Psap,0.0
850353,4938,Brain_Myeloid_microglial_cell,548,0.0,1477,10_60296002_60296304,5903,Psap,0.0
850354,4939,Brain_Myeloid_microglial_cell,548,0.0,466,10_60296002_60296304,5903,Psap,0.0
850355,4940,Brain_Myeloid_microglial_cell,548,0.0,35,10_60296002_60296304,5903,Psap,0.0
850356,4941,Brain_Myeloid_microglial_cell,548,0.0,1537,10_60296002_60296304,5903,Psap,0.0
850357,4942,Brain_Myeloid_microglial_cell,548,0.0,47,10_60296002_60296304,5903,Psap,0.0
850358,4943,Brain_Myeloid_microglial_cell,548,0.0,89,10_60296002_60296304,5903,Psap,0.0
850359,4944,Brain_Myeloid_microglial_cell,548,0.0,139,10_60296002_60296304,5903,Psap,0.0
850360,4945,Brain_Myeloid_microglial_cell,548,0.0,243,10_60296002_60296304,5903,Psap,0.0
850361,4946,Brain_Myeloid_microglial_cell,548,0.0,376,10_60296002_60296304,5903,Psap,0.0
850362,4948,Brain_Myeloid_microglial_cell,548,0.0,172,10_60296002_60296304,5903,Psap,0.0
850363,4949,Brain_Myeloid_microglial_cell,548,0.0,323,10_60296002_60296304,5903,Psap,0.0
850364,4950,Brain_Myeloid_microglial_cell,548,0.0,18,10_60296002_60296304,5903,Psap,0.0
850365,4951,Brain_Myeloid_microglial_cell,548,0.0,843,10_60296002_60296304,5903,Psap,0.0
850366,4952,Brain_Myeloid_microglial_cell,548,0.0,2,10_60296002_60296304,5903,Psap,0.0
850367,4953,Brain_Myeloid_microglial_cell,548,0.0,66,10_60296002_60296304,5903,Psap,0.0
850368,4954,Brain_Myeloid_microglial_cell,548,0.0,63,10_60296002_60296304,5903,Psap,0.0
850369,4955,Brain_Myeloid_microglial_cell,548,0.0,20,10_60296002_60296304,5903,Psap,0.0
850370,4956,Brain_Myeloid_microglial_cell,548,0.0,106,10_60296002_60296304,5903,Psap,0.0
850371,4957,Brain_Myeloid_microglial_cell,548,0.0,250,10_60296002_60296304,5903,Psap,0.0
850372,4958,Brain_Myeloid_microglial_cell,548,0.0,220,10_60296002_60296304,5903,Psap,0.0
850373,4960,Brain_Myeloid_microglial_cell,548,0.0,372,10_60296002_60296304,5903,Psap,0.0
850374,4961,Brain_Myeloid_microglial_cell,548,0.0,392,10_60296002_60296304,5903,Psap,0.0
850375,4963,Brain_Myeloid_microglial_cell,548,0.0,519,10_60296002_60296304,5903,Psap,0.0
850376,4965,Brain_Myeloid_microglial_cell,548,0.0,871,10_60296002_60296304,5903,Psap,0.0
850377,4966,Brain_Myeloid_microglial_cell,548,0.0,249,10_60296002_60296304,5903,Psap,0.0
850378,4967,Brain_Myeloid_microglial_cell,548,0.0,111,10_60296002_60296304,5903,Psap,0.0
850379,4968,Brain_Myeloid_microglial_cell,548,0.0,146,10_60296002_60296304,5903,Psap,0.0
850380,4970,Brain_Myeloid_microglial_cell,548,0.0,377,10_60296002_60296304,5903,Psap,0.0
850381,4971,Brain_Myeloid_microglial_cell,548,0.0,1353,10_60296002_60296304,5903,Psap,0.0
850382,4972,Brain_Myeloid_microglial_cell,548,0.0,230,10_60296002_60296304,5903,Psap,0.0
850383,4973,Brain_Myeloid_microglial_cell,548,0.0,775,10_60296002_60296304,5903,Psap,0.0
850384,4974,Brain_Myeloid_microglial_cell,548,0.0,365,10_60296002_60296304,5903,Psap,0.0
850385,4975,Brain_Myeloid_microglial_cell,548,0.0,183,10_60296002_60296304,5903,Psap,0.0
850386,4976,Brain_Myeloid_microglial_cell,548,0.0,265,10_60296002_60296304,5903,Psap,0.0
850387,4977,Brain_Myeloid_microglial_cell,548,0.0,513,10_60296002_60296304,5903,Psap,0.0
850388,4978,Brain_Myeloid_microglial_cell,548,0.0,94,10_60296002_60296304,5903,Psap,0.0
850389,4979,Brain_Myeloid_microglial_cell,548,0.0,148,10_60296002_60296304,5903,Psap,0.0
850390,4980,Brain_Myeloid_microglial_cell,548,0.0,274,10_60296002_60296304,5903,Psap,0.0
850391,4981,Brain_Myeloid_microglial_cell,548,0.0,371,10_60296002_60296304,5903,Psap,0.0
850392,4983,Brain_Myeloid_microglial_cell,548,0.0,156,10_60296002_60296304,5903,Psap,0.0
850393,4984,Brain_Myeloid_microglial_cell,548,0.0,207,10_60296002_60296304,5903,Psap,0.0
850394,4985,Brain_Myeloid_microglial_cell,548,0.0,780,10_60296002_60296304,5903,Psap,0.0
850395,4986,Brain_Myeloid_microglial_cell,548,0.0,132,10_60296002_60296304,5903,Psap,0.0
850396,4987,Brain_Myeloid_microglial_cell,548,0.0,408,10_60296002_60296304,5903,Psap,0.0
850397,4988,Brain_Myeloid_microglial_cell,548,0.0,152,10_60296002_60296304,5903,Psap,0.0
850398,4989,Brain_Myeloid_microglial_cell,548,0.0,227,10_60296002_60296304,5903,Psap,0.0
850399,4990,Brain_Myeloid_microglial_cell,548,0.0,3,10_60296002_60296304,5903,Psap,0.0
850400,4991,Brain_Myeloid_microglial_cell,548,0.0,706,10_60296002_60296304,5903,Psap,0.0
850401,4992,Brain_Myeloid_microglial_cell,548,0.0,349,10_60296002_60296304,5903,Psap,0.0
850402,4993,Brain_Myeloid_microglial_cell,548,0.0,295,10_60296002_60296304,5903,Psap,0.0
850403,4994,Brain_Myeloid_microglial_cell,548,0.0,593,10_60296002_60296304,5903,Psap,0.0
850404,4995,Brain_Myeloid_microglial_cell,548,0.0,240,10_60296002_60296304,5903,Psap,0.0
850405,4996,Brain_Myeloid_microglial_cell,548,0.0,1274,10_60296002_60296304,5903,Psap,0.0
850406,4997,Brain_Myeloid_microglial_cell,548,0.0,160,10_60296002_60296304,5903,Psap,0.0
850407,4998,Brain_Myeloid_microglial_cell,548,0.0,744,10_60296002_60296304,5903,Psap,0.0
850408,4999,Brain_Myeloid_microglial_cell,548,0.0,164,10_60296002_60296304,5903,Psap,0.0
850409,5000,Brain_Myeloid_microglial_cell,548,0.0,64,10_60296002_60296304,5903,Psap,0.0
850410,5001,Brain_Myeloid_microglial_cell,548,0.0,187,10_60296002_60296304,5903,Psap,0.0
850411,5002,Brain_Myeloid_microglial_cell,548,0.0,199,10_60296002_60296304,5903,Psap,0.0
850412,5003,Brain_Myeloid_microglial_cell,548,0.0,484,10_60296002_60296304,5903,Psap,0.0
850413,5004,Brain_Myeloid_microglial_cell,548,0.0,89,10_60296002_60296304,5903,Psap,0.0
850414,5005,Brain_Myeloid_microglial_cell,548,0.0,550,10_60296002_60296304,5903,Psap,0.0
850415,5006,Brain_Myeloid_microglial_cell,548,0.0,309,10_60296002_60296304,5903,Psap,0.0
850416,5007,Brain_Myeloid_microglial_cell,548,0.0,79,10_60296002_60296304,5903,Psap,0.0
850417,5008,Brain_Myeloid_microglial_cell,548,0.0,717,10_60296002_60296304,5903,Psap,0.0
850418,5009,Brain_Myeloid_microglial_cell,548,0.0,261,10_60296002_60296304,5903,Psap,0.0
850419,5010,Brain_Myeloid_microglial_cell,548,0.0,153,10_60296002_60296304,5903,Psap,0.0
850420,5011,Brain_Myeloid_microglial_cell,548,0.0,192,10_60296002_60296304,5903,Psap,0.0
850421,5012,Brain_Myeloid_microglial_cell,548,0.0,391,10_60296002_60296304,5903,Psap,0.0
850422,5013,Brain_Myeloid_microglial_cell,548,0.0,284,10_60296002_60296304,5903,Psap,0.0
850423,5014,Brain_Myeloid_microglial_cell,548,0.0,640,10_60296002_60296304,5903,Psap,0.0
850424,5015,Brain_Myeloid_microglial_cell,548,0.0,176,10_60296002_60296304,5903,Psap,0.0
850425,5016,Brain_Myeloid_microglial_cell,548,0.0,399,10_60296002_60296304,5903,Psap,0.0
850426,5017,Brain_Myeloid_microglial_cell,548,0.0,939,10_60296002_60296304,5903,Psap,0.0
850427,5018,Brain_Myeloid_microglial_cell,548,0.0,490,10_60296002_60296304,5903,Psap,0.0
850428,5019,Brain_Myeloid_microglial_cell,548,0.0,673,10_60296002_60296304,5903,Psap,0.0
850429,5020,Brain_Myeloid_microglial_cell,548,0.0,109,10_60296002_60296304,5903,Psap,0.0
850430,5021,Brain_Myeloid_microglial_cell,548,0.0,225,10_60296002_60296304,5903,Psap,0.0
850431,5022,Brain_Myeloid_microglial_cell,548,0.0,186,10_60296002_60296304,5903,Psap,0.0
850432,5023,Brain_Myeloid_microglial_cell,548,0.0,375,10_60296002_60296304,5903,Psap,0.0
850433,5024,Brain_Myeloid_microglial_cell,548,0.0,244,10_60296002_60296304,5903,Psap,0.0
850434,5025,Brain_Myeloid_microglial_cell,548,0.0,3,10_60296002_60296304,5903,Psap,0.0
850435,5026,Brain_Myeloid_microglial_cell,548,0.0,55,10_60296002_60296304,5903,Psap,0.0
850436,5027,Brain_Myeloid_microglial_cell,548,0.0,313,10_60296002_60296304,5903,Psap,0.0
850437,5028,Brain_Myeloid_microglial_cell,548,0.0,801,10_60296002_60296304,5903,Psap,0.0
850438,5029,Brain_Myeloid_microglial_cell,548,0.0,301,10_60296002_60296304,5903,Psap,0.0
850439,5030,Brain_Myeloid_microglial_cell,548,0.0,252,10_60296002_60296304,5903,Psap,0.0
850440,5031,Brain_Myeloid_microglial_cell,548,0.0,319,10_60296002_60296304,5903,Psap,0.0
850441,5032,Brain_Myeloid_microglial_cell,548,0.0,234,10_60296002_60296304,5903,Psap,0.0
850442,5033,Brain_Myeloid_microglial_cell,548,0.0,242,10_60296002_60296304,5903,Psap,0.0
850443,5034,Brain_Myeloid_microglial_cell,548,0.0,246,10_60296002_60296304,5903,Psap,0.0
850444,5035,Brain_Myeloid_microglial_cell,548,0.0,265,10_60296002_60296304,5903,Psap,0.0
850445,5036,Brain_Myeloid_microglial_cell,548,0.0,242,10_60296002_60296304,5903,Psap,0.0
850446,5037,Brain_Myeloid_microglial_cell,548,0.0,339,10_60296002_60296304,5903,Psap,0.0
850447,5038,Brain_Myeloid_microglial_cell,548,0.0,424,10_60296002_60296304,5903,Psap,0.0
850448,5039,Brain_Myeloid_microglial_cell,548,0.0,507,10_60296002_60296304,5903,Psap,0.0
850449,5040,Brain_Myeloid_microglial_cell,548,0.0,140,10_60296002_60296304,5903,Psap,0.0
850450,5041,Brain_Myeloid_microglial_cell,548,0.0,806,10_60296002_60296304,5903,Psap,0.0
850451,5042,Brain_Myeloid_microglial_cell,548,0.0,166,10_60296002_60296304,5903,Psap,0.0
850452,5043,Brain_Myeloid_microglial_cell,548,0.0,271,10_60296002_60296304,5903,Psap,0.0
850453,5044,Brain_Myeloid_microglial_cell,548,0.0,277,10_60296002_60296304,5903,Psap,0.0
850454,5045,Brain_Myeloid_microglial_cell,548,0.0,825,10_60296002_60296304,5903,Psap,0.0
850455,5046,Brain_Myeloid_microglial_cell,548,0.0,430,10_60296002_60296304,5903,Psap,0.0
850456,5047,Brain_Myeloid_microglial_cell,548,0.0,246,10_60296002_60296304,5903,Psap,0.0
850457,5048,Brain_Myeloid_microglial_cell,548,0.0,250,10_60296002_60296304,5903,Psap,0.0
850458,5049,Brain_Myeloid_microglial_cell,548,0.0,276,10_60296002_60296304,5903,Psap,0.0
850459,5052,Brain_Myeloid_microglial_cell,548,0.0,571,10_60296002_60296304,5903,Psap,0.0
850460,5053,Brain_Myeloid_microglial_cell,548,0.0,412,10_60296002_60296304,5903,Psap,0.0
850461,5055,Brain_Myeloid_microglial_cell,548,0.0,1970,10_60296002_60296304,5903,Psap,0.0
850462,5056,Brain_Myeloid_microglial_cell,548,0.0,349,10_60296002_60296304,5903,Psap,0.0
850463,5058,Brain_Myeloid_microglial_cell,548,0.0,15,10_60296002_60296304,5903,Psap,0.0
850464,5059,Brain_Myeloid_microglial_cell,548,0.0,248,10_60296002_60296304,5903,Psap,0.0
850465,5060,Brain_Myeloid_microglial_cell,548,0.0,87,10_60296002_60296304,5903,Psap,0.0
850466,5061,Brain_Myeloid_microglial_cell,548,0.0,664,10_60296002_60296304,5903,Psap,0.0
850467,5062,Brain_Myeloid_microglial_cell,548,0.0,565,10_60296002_60296304,5903,Psap,0.0
850468,5063,Brain_Myeloid_microglial_cell,548,0.0,283,10_60296002_60296304,5903,Psap,0.0
850469,5065,Brain_Myeloid_microglial_cell,548,0.0,411,10_60296002_60296304,5903,Psap,0.0
850470,5066,Brain_Myeloid_microglial_cell,548,0.0,1970,10_60296002_60296304,5903,Psap,0.0
850471,5067,Brain_Myeloid_microglial_cell,548,0.0,376,10_60296002_60296304,5903,Psap,0.0
850472,5068,Brain_Myeloid_microglial_cell,548,0.0,163,10_60296002_60296304,5903,Psap,0.0
850473,5069,Brain_Myeloid_microglial_cell,548,0.0,145,10_60296002_60296304,5903,Psap,0.0
850474,5070,Brain_Myeloid_microglial_cell,548,0.0,225,10_60296002_60296304,5903,Psap,0.0
850475,5071,Brain_Myeloid_microglial_cell,548,0.0,574,10_60296002_60296304,5903,Psap,0.0
850476,5072,Brain_Myeloid_microglial_cell,548,0.0,162,10_60296002_60296304,5903,Psap,0.0
850477,5073,Brain_Myeloid_microglial_cell,548,0.0,70,10_60296002_60296304,5903,Psap,0.0
850478,5074,Brain_Myeloid_microglial_cell,548,0.0,313,10_60296002_60296304,5903,Psap,0.0
850479,5075,Brain_Myeloid_microglial_cell,548,0.0,359,10_60296002_60296304,5903,Psap,0.0
850480,5076,Brain_Myeloid_microglial_cell,548,0.0,845,10_60296002_60296304,5903,Psap,0.0
850481,5077,Brain_Myeloid_microglial_cell,548,0.0,183,10_60296002_60296304,5903,Psap,0.0
850482,5078,Brain_Myeloid_microglial_cell,548,0.0,134,10_60296002_60296304,5903,Psap,0.0
850483,5079,Brain_Myeloid_microglial_cell,548,0.0,90,10_60296002_60296304,5903,Psap,0.0
850484,5080,Brain_Myeloid_microglial_cell,548,0.0,207,10_60296002_60296304,5903,Psap,0.0
850485,5081,Brain_Myeloid_microglial_cell,548,0.0,322,10_60296002_60296304,5903,Psap,0.0
850486,5082,Brain_Myeloid_microglial_cell,548,0.0,348,10_60296002_60296304,5903,Psap,0.0
850487,5083,Brain_Myeloid_microglial_cell,548,0.0,101,10_60296002_60296304,5903,Psap,0.0
850488,5084,Brain_Myeloid_microglial_cell,548,0.0,223,10_60296002_60296304,5903,Psap,0.0
850489,5085,Brain_Myeloid_microglial_cell,548,0.0,579,10_60296002_60296304,5903,Psap,0.0
850490,5086,Brain_Myeloid_microglial_cell,548,0.0,298,10_60296002_60296304,5903,Psap,0.0
850491,5087,Brain_Myeloid_microglial_cell,548,0.0,373,10_60296002_60296304,5903,Psap,0.0
850492,5088,Brain_Myeloid_microglial_cell,548,0.0,301,10_60296002_60296304,5903,Psap,0.0
850493,5089,Brain_Myeloid_microglial_cell,548,0.0,116,10_60296002_60296304,5903,Psap,0.0
850494,5090,Brain_Myeloid_microglial_cell,548,0.0,446,10_60296002_60296304,5903,Psap,0.0
850495,5091,Brain_Myeloid_microglial_cell,548,0.0,425,10_60296002_60296304,5903,Psap,0.0
850496,5092,Brain_Myeloid_microglial_cell,548,0.0,299,10_60296002_60296304,5903,Psap,0.0
850497,5093,Brain_Myeloid_microglial_cell,548,0.0,117,10_60296002_60296304,5903,Psap,0.0
850498,5094,Brain_Myeloid_microglial_cell,548,0.0,2206,10_60296002_60296304,5903,Psap,0.0
850499,5095,Brain_Myeloid_microglial_cell,548,0.0,374,10_60296002_60296304,5903,Psap,0.0
850500,5096,Brain_Myeloid_microglial_cell,548,0.0,323,10_60296002_60296304,5903,Psap,0.0
850501,5097,Brain_Myeloid_microglial_cell,548,0.0,216,10_60296002_60296304,5903,Psap,0.0
850502,5098,Brain_Myeloid_microglial_cell,548,0.0,1463,10_60296002_60296304,5903,Psap,0.0
850503,5099,Brain_Myeloid_microglial_cell,548,0.0,277,10_60296002_60296304,5903,Psap,0.0
850504,5100,Brain_Myeloid_microglial_cell,548,0.0,1176,10_60296002_60296304,5903,Psap,0.0
850505,5101,Brain_Myeloid_microglial_cell,548,0.0,72,10_60296002_60296304,5903,Psap,0.0
850506,5102,Brain_Myeloid_microglial_cell,548,0.0,247,10_60296002_60296304,5903,Psap,0.0
850507,5103,Brain_Myeloid_microglial_cell,548,0.0,159,10_60296002_60296304,5903,Psap,0.0
850508,5104,Brain_Myeloid_microglial_cell,548,0.0,218,10_60296002_60296304,5903,Psap,0.0
850509,5105,Brain_Myeloid_microglial_cell,548,0.0,544,10_60296002_60296304,5903,Psap,0.0
850510,5106,Brain_Myeloid_microglial_cell,548,0.0,736,10_60296002_60296304,5903,Psap,0.0
850511,5107,Brain_Myeloid_microglial_cell,548,0.0,396,10_60296002_60296304,5903,Psap,0.0
850512,5109,Brain_Myeloid_microglial_cell,548,0.0,65,10_60296002_60296304,5903,Psap,0.0
850513,5110,Brain_Myeloid_microglial_cell,548,0.0,96,10_60296002_60296304,5903,Psap,0.0
850514,5111,Brain_Myeloid_microglial_cell,548,0.0,354,10_60296002_60296304,5903,Psap,0.0
850515,5112,Brain_Myeloid_microglial_cell,548,0.0,396,10_60296002_60296304,5903,Psap,0.0
850516,5113,Brain_Myeloid_microglial_cell,548,0.0,487,10_60296002_60296304,5903,Psap,0.0
850517,5114,Brain_Myeloid_microglial_cell,548,0.0,204,10_60296002_60296304,5903,Psap,0.0
850518,5115,Brain_Myeloid_microglial_cell,548,0.0,354,10_60296002_60296304,5903,Psap,0.0
850519,5116,Brain_Myeloid_microglial_cell,548,0.0,117,10_60296002_60296304,5903,Psap,0.0
850520,5117,Brain_Myeloid_microglial_cell,548,0.0,262,10_60296002_60296304,5903,Psap,0.0
850521,5118,Brain_Myeloid_microglial_cell,548,0.0,279,10_60296002_60296304,5903,Psap,0.0
850522,5119,Brain_Myeloid_microglial_cell,548,0.0,166,10_60296002_60296304,5903,Psap,0.0
850523,5120,Brain_Myeloid_microglial_cell,548,0.0,175,10_60296002_60296304,5903,Psap,0.0
850524,5121,Brain_Myeloid_microglial_cell,548,0.0,228,10_60296002_60296304,5903,Psap,0.0
850525,5122,Brain_Myeloid_microglial_cell,548,0.0,839,10_60296002_60296304,5903,Psap,0.0
850526,5123,Brain_Myeloid_microglial_cell,548,0.0,293,10_60296002_60296304,5903,Psap,0.0
850527,5124,Brain_Myeloid_microglial_cell,548,0.0,312,10_60296002_60296304,5903,Psap,0.0
850528,5125,Brain_Myeloid_microglial_cell,548,0.0,40,10_60296002_60296304,5903,Psap,0.0
850529,5126,Brain_Myeloid_microglial_cell,548,0.0,75,10_60296002_60296304,5903,Psap,0.0
850530,5127,Brain_Myeloid_microglial_cell,548,0.0,323,10_60296002_60296304,5903,Psap,0.0
850531,5128,Brain_Myeloid_microglial_cell,548,0.0,76,10_60296002_60296304,5903,Psap,0.0
850532,5129,Brain_Myeloid_microglial_cell,548,0.0,50,10_60296002_60296304,5903,Psap,0.0
850533,5130,Brain_Myeloid_microglial_cell,548,0.0,287,10_60296002_60296304,5903,Psap,0.0
850534,5131,Brain_Myeloid_microglial_cell,548,0.0,202,10_60296002_60296304,5903,Psap,0.0
850535,5132,Brain_Myeloid_microglial_cell,548,0.0,375,10_60296002_60296304,5903,Psap,0.0
850536,5133,Brain_Myeloid_microglial_cell,548,0.0,467,10_60296002_60296304,5903,Psap,0.0
850537,5134,Brain_Myeloid_microglial_cell,548,0.0,396,10_60296002_60296304,5903,Psap,0.0
850538,5135,Brain_Myeloid_microglial_cell,548,0.0,318,10_60296002_60296304,5903,Psap,0.0
850539,5136,Brain_Myeloid_microglial_cell,548,0.0,480,10_60296002_60296304,5903,Psap,0.0
850540,5137,Brain_Myeloid_microglial_cell,548,0.0,147,10_60296002_60296304,5903,Psap,0.0
850541,5138,Brain_Myeloid_microglial_cell,548,0.0,380,10_60296002_60296304,5903,Psap,0.0
850542,5139,Brain_Myeloid_microglial_cell,548,0.0,1039,10_60296002_60296304,5903,Psap,0.0
850543,5140,Brain_Myeloid_microglial_cell,548,0.0,159,10_60296002_60296304,5903,Psap,0.0
850544,5141,Brain_Myeloid_microglial_cell,548,0.0,203,10_60296002_60296304,5903,Psap,0.0
850545,5142,Brain_Myeloid_microglial_cell,548,0.0,118,10_60296002_60296304,5903,Psap,0.0
850546,5143,Brain_Myeloid_microglial_cell,548,0.0,294,10_60296002_60296304,5903,Psap,0.0
850547,5144,Brain_Myeloid_microglial_cell,548,0.0,210,10_60296002_60296304,5903,Psap,0.0
850548,5145,Brain_Myeloid_microglial_cell,548,0.0,375,10_60296002_60296304,5903,Psap,0.0
850549,5147,Brain_Myeloid_microglial_cell,548,0.0,336,10_60296002_60296304,5903,Psap,0.0
850550,5148,Brain_Myeloid_microglial_cell,548,0.0,375,10_60296002_60296304,5903,Psap,0.0
850551,5151,Brain_Myeloid_microglial_cell,548,0.0,785,10_60296002_60296304,5903,Psap,0.0
850552,5152,Brain_Myeloid_microglial_cell,548,0.0,33,10_60296002_60296304,5903,Psap,0.0
850553,5154,Brain_Myeloid_microglial_cell,548,0.0,35,10_60296002_60296304,5903,Psap,0.0
850554,5155,Brain_Myeloid_microglial_cell,548,0.0,173,10_60296002_60296304,5903,Psap,0.0
850555,5156,Brain_Myeloid_microglial_cell,548,0.0,73,10_60296002_60296304,5903,Psap,0.0
850556,5158,Brain_Myeloid_microglial_cell,548,0.0,330,10_60296002_60296304,5903,Psap,0.0
850557,5159,Brain_Myeloid_microglial_cell,548,0.0,205,10_60296002_60296304,5903,Psap,0.0
850558,5160,Brain_Myeloid_microglial_cell,548,0.0,843,10_60296002_60296304,5903,Psap,0.0
850559,5162,Brain_Myeloid_microglial_cell,548,0.0,89,10_60296002_60296304,5903,Psap,0.0
850560,5163,Brain_Myeloid_microglial_cell,548,0.0,190,10_60296002_60296304,5903,Psap,0.0
850561,5164,Brain_Myeloid_microglial_cell,548,0.0,111,10_60296002_60296304,5903,Psap,0.0
850562,5165,Brain_Myeloid_microglial_cell,548,0.0,239,10_60296002_60296304,5903,Psap,0.0
850563,5166,Brain_Myeloid_microglial_cell,548,0.0,595,10_60296002_60296304,5903,Psap,0.0
850564,5167,Brain_Myeloid_microglial_cell,548,0.0,121,10_60296002_60296304,5903,Psap,0.0
850565,5168,Brain_Myeloid_microglial_cell,548,0.0,215,10_60296002_60296304,5903,Psap,0.0
850566,5169,Brain_Myeloid_microglial_cell,548,0.0,97,10_60296002_60296304,5903,Psap,0.0
850567,5170,Brain_Myeloid_microglial_cell,548,0.0,245,10_60296002_60296304,5903,Psap,0.0
850568,5171,Brain_Myeloid_microglial_cell,548,0.0,295,10_60296002_60296304,5903,Psap,0.0
850569,5172,Brain_Myeloid_microglial_cell,548,0.0,350,10_60296002_60296304,5903,Psap,0.0
850570,5173,Brain_Myeloid_microglial_cell,548,0.0,436,10_60296002_60296304,5903,Psap,0.0
850571,5174,Brain_Myeloid_microglial_cell,548,0.0,553,10_60296002_60296304,5903,Psap,0.0
850572,5175,Brain_Myeloid_microglial_cell,548,0.0,237,10_60296002_60296304,5903,Psap,0.0
850573,5176,Brain_Myeloid_microglial_cell,548,0.0,747,10_60296002_60296304,5903,Psap,0.0
850574,5177,Brain_Myeloid_microglial_cell,548,0.0,148,10_60296002_60296304,5903,Psap,0.0
850575,5178,Brain_Myeloid_microglial_cell,548,0.0,1017,10_60296002_60296304,5903,Psap,0.0
850576,5179,Brain_Myeloid_microglial_cell,548,0.0,238,10_60296002_60296304,5903,Psap,0.0
850577,5180,Brain_Myeloid_microglial_cell,548,0.0,531,10_60296002_60296304,5903,Psap,0.0
850578,5181,Brain_Myeloid_microglial_cell,548,0.0,465,10_60296002_60296304,5903,Psap,0.0
850579,5182,Brain_Myeloid_microglial_cell,548,0.0,288,10_60296002_60296304,5903,Psap,0.0
850580,5183,Brain_Myeloid_microglial_cell,548,0.0,115,10_60296002_60296304,5903,Psap,0.0
850581,5185,Brain_Myeloid_microglial_cell,548,0.0,416,10_60296002_60296304,5903,Psap,0.0
850582,5186,Brain_Myeloid_microglial_cell,548,0.0,413,10_60296002_60296304,5903,Psap,0.0
850583,5187,Brain_Myeloid_microglial_cell,548,0.0,2256,10_60296002_60296304,5903,Psap,0.0
850584,5188,Brain_Myeloid_microglial_cell,548,0.0,116,10_60296002_60296304,5903,Psap,0.0
850585,5189,Brain_Myeloid_microglial_cell,548,0.0,582,10_60296002_60296304,5903,Psap,0.0
850586,5190,Brain_Myeloid_microglial_cell,548,0.0,247,10_60296002_60296304,5903,Psap,0.0
850587,5191,Brain_Myeloid_microglial_cell,548,0.0,267,10_60296002_60296304,5903,Psap,0.0
850588,5192,Brain_Myeloid_microglial_cell,548,0.0,80,10_60296002_60296304,5903,Psap,0.0
850589,5193,Brain_Myeloid_microglial_cell,548,0.0,313,10_60296002_60296304,5903,Psap,0.0
850590,5194,Brain_Myeloid_microglial_cell,548,0.0,265,10_60296002_60296304,5903,Psap,0.0
850591,5195,Brain_Myeloid_microglial_cell,548,0.0,186,10_60296002_60296304,5903,Psap,0.0
850592,5196,Brain_Myeloid_microglial_cell,548,0.0,416,10_60296002_60296304,5903,Psap,0.0
850593,5197,Brain_Myeloid_microglial_cell,548,0.0,256,10_60296002_60296304,5903,Psap,0.0
850594,5198,Brain_Myeloid_microglial_cell,548,0.0,127,10_60296002_60296304,5903,Psap,0.0
850595,5199,Brain_Myeloid_microglial_cell,548,0.0,233,10_60296002_60296304,5903,Psap,0.0
850596,5200,Brain_Myeloid_microglial_cell,548,0.0,335,10_60296002_60296304,5903,Psap,0.0
850597,5201,Brain_Myeloid_microglial_cell,548,0.0,249,10_60296002_60296304,5903,Psap,0.0
850598,5202,Brain_Myeloid_microglial_cell,548,0.0,1330,10_60296002_60296304,5903,Psap,0.0
850599,5203,Brain_Myeloid_microglial_cell,548,0.0,94,10_60296002_60296304,5903,Psap,0.0
850600,5204,Brain_Myeloid_microglial_cell,548,0.0,104,10_60296002_60296304,5903,Psap,0.0
850601,5205,Brain_Myeloid_microglial_cell,548,0.0,827,10_60296002_60296304,5903,Psap,0.0
850602,5206,Brain_Myeloid_microglial_cell,548,0.0,132,10_60296002_60296304,5903,Psap,0.0
850603,5207,Brain_Myeloid_microglial_cell,548,0.0,304,10_60296002_60296304,5903,Psap,0.0
850604,5208,Brain_Myeloid_microglial_cell,548,0.0,47,10_60296002_60296304,5903,Psap,0.0
850605,5209,Brain_Myeloid_microglial_cell,548,0.0,336,10_60296002_60296304,5903,Psap,0.0
850606,5210,Brain_Myeloid_microglial_cell,548,0.0,449,10_60296002_60296304,5903,Psap,0.0
850607,5211,Brain_Myeloid_microglial_cell,548,0.0,355,10_60296002_60296304,5903,Psap,0.0
850608,5212,Brain_Myeloid_microglial_cell,548,0.0,140,10_60296002_60296304,5903,Psap,0.0
850609,5213,Brain_Myeloid_microglial_cell,548,0.0,186,10_60296002_60296304,5903,Psap,0.0
850610,5214,Brain_Myeloid_microglial_cell,548,0.0,1137,10_60296002_60296304,5903,Psap,0.0
850611,5215,Brain_Myeloid_microglial_cell,548,0.0,360,10_60296002_60296304,5903,Psap,0.0
850612,5216,Brain_Myeloid_microglial_cell,548,0.0,37,10_60296002_60296304,5903,Psap,0.0
850613,5218,Brain_Myeloid_microglial_cell,548,0.0,113,10_60296002_60296304,5903,Psap,0.0
850614,5219,Brain_Myeloid_microglial_cell,548,0.0,82,10_60296002_60296304,5903,Psap,0.0
850615,5220,Brain_Myeloid_microglial_cell,548,0.0,77,10_60296002_60296304,5903,Psap,0.0
850616,5221,Brain_Myeloid_microglial_cell,548,0.0,141,10_60296002_60296304,5903,Psap,0.0
850617,5222,Brain_Myeloid_microglial_cell,548,0.0,143,10_60296002_60296304,5903,Psap,0.0
850618,5223,Brain_Myeloid_microglial_cell,548,0.0,677,10_60296002_60296304,5903,Psap,0.0
850619,5224,Brain_Myeloid_microglial_cell,548,0.0,55,10_60296002_60296304,5903,Psap,0.0
850620,5225,Brain_Myeloid_microglial_cell,548,0.0,444,10_60296002_60296304,5903,Psap,0.0
850621,5227,Brain_Myeloid_microglial_cell,548,0.0,222,10_60296002_60296304,5903,Psap,0.0
850622,5228,Brain_Myeloid_microglial_cell,548,0.0,154,10_60296002_60296304,5903,Psap,0.0
850623,5229,Brain_Myeloid_microglial_cell,548,0.0,484,10_60296002_60296304,5903,Psap,0.0
850624,5230,Brain_Myeloid_microglial_cell,548,0.0,466,10_60296002_60296304,5903,Psap,0.0
850625,5231,Brain_Myeloid_microglial_cell,548,0.0,321,10_60296002_60296304,5903,Psap,0.0
850626,5232,Brain_Myeloid_microglial_cell,548,0.0,25,10_60296002_60296304,5903,Psap,0.0
850627,5233,Brain_Myeloid_microglial_cell,548,0.0,161,10_60296002_60296304,5903,Psap,0.0
850628,5234,Brain_Myeloid_microglial_cell,548,0.0,1083,10_60296002_60296304,5903,Psap,0.0
850629,5235,Brain_Myeloid_microglial_cell,548,0.0,236,10_60296002_60296304,5903,Psap,0.0
850630,5236,Brain_Myeloid_microglial_cell,548,0.0,271,10_60296002_60296304,5903,Psap,0.0
850631,5237,Brain_Myeloid_microglial_cell,548,0.0,319,10_60296002_60296304,5903,Psap,0.0
850632,5238,Brain_Myeloid_microglial_cell,548,0.0,266,10_60296002_60296304,5903,Psap,0.0
850633,5240,Brain_Myeloid_microglial_cell,548,0.0,182,10_60296002_60296304,5903,Psap,0.0
850634,5241,Brain_Myeloid_microglial_cell,548,0.0,391,10_60296002_60296304,5903,Psap,0.0
850635,5243,Brain_Myeloid_microglial_cell,548,0.0,656,10_60296002_60296304,5903,Psap,0.0
850636,5244,Brain_Myeloid_microglial_cell,548,0.0,92,10_60296002_60296304,5903,Psap,0.0
850637,5245,Brain_Myeloid_microglial_cell,548,0.0,116,10_60296002_60296304,5903,Psap,0.0
850638,5246,Brain_Myeloid_microglial_cell,548,0.0,351,10_60296002_60296304,5903,Psap,0.0
850639,5247,Brain_Myeloid_microglial_cell,548,0.0,195,10_60296002_60296304,5903,Psap,0.0
850640,5250,Brain_Myeloid_microglial_cell,548,0.0,340,10_60296002_60296304,5903,Psap,0.0
850641,5251,Brain_Myeloid_microglial_cell,548,0.0,356,10_60296002_60296304,5903,Psap,0.0
850642,5253,Brain_Myeloid_microglial_cell,548,0.0,290,10_60296002_60296304,5903,Psap,0.0
850643,5254,Brain_Myeloid_microglial_cell,548,0.0,835,10_60296002_60296304,5903,Psap,0.0
850644,5256,Brain_Myeloid_microglial_cell,548,0.0,379,10_60296002_60296304,5903,Psap,0.0
850645,5257,Brain_Myeloid_microglial_cell,548,0.0,457,10_60296002_60296304,5903,Psap,0.0
850646,5258,Brain_Myeloid_microglial_cell,548,0.0,238,10_60296002_60296304,5903,Psap,0.0
850647,5259,Brain_Myeloid_microglial_cell,548,0.0,114,10_60296002_60296304,5903,Psap,0.0
850648,5261,Brain_Myeloid_microglial_cell,548,0.0,76,10_60296002_60296304,5903,Psap,0.0
850649,5262,Brain_Myeloid_microglial_cell,548,0.0,360,10_60296002_60296304,5903,Psap,0.0
850650,5263,Brain_Myeloid_microglial_cell,548,0.0,195,10_60296002_60296304,5903,Psap,0.0
850651,5264,Brain_Myeloid_microglial_cell,548,0.0,126,10_60296002_60296304,5903,Psap,0.0
850652,5266,Brain_Myeloid_microglial_cell,548,0.0,148,10_60296002_60296304,5903,Psap,0.0
850653,5267,Brain_Myeloid_microglial_cell,548,0.0,237,10_60296002_60296304,5903,Psap,0.0
850654,5268,Brain_Myeloid_microglial_cell,548,0.0,114,10_60296002_60296304,5903,Psap,0.0
850655,5269,Brain_Myeloid_microglial_cell,548,0.0,308,10_60296002_60296304,5903,Psap,0.0
850656,5270,Brain_Myeloid_microglial_cell,548,0.0,293,10_60296002_60296304,5903,Psap,0.0
850657,5271,Brain_Myeloid_microglial_cell,548,0.0,671,10_60296002_60296304,5903,Psap,0.0
850658,5272,Brain_Myeloid_microglial_cell,548,0.0,265,10_60296002_60296304,5903,Psap,0.0
850659,5273,Brain_Myeloid_microglial_cell,548,0.0,563,10_60296002_60296304,5903,Psap,0.0
850660,5274,Brain_Myeloid_microglial_cell,548,0.0,91,10_60296002_60296304,5903,Psap,0.0
850661,5275,Brain_Myeloid_microglial_cell,548,0.0,230,10_60296002_60296304,5903,Psap,0.0
850662,5276,Brain_Myeloid_microglial_cell,548,0.0,107,10_60296002_60296304,5903,Psap,0.0
850663,5277,Brain_Myeloid_microglial_cell,548,0.0,498,10_60296002_60296304,5903,Psap,0.0
850664,5278,Brain_Myeloid_microglial_cell,548,0.0,525,10_60296002_60296304,5903,Psap,0.0
850665,5279,Brain_Myeloid_microglial_cell,548,0.0,363,10_60296002_60296304,5903,Psap,0.0
850666,5280,Brain_Myeloid_microglial_cell,548,0.0,493,10_60296002_60296304,5903,Psap,0.0
850667,5281,Brain_Myeloid_microglial_cell,548,0.0,394,10_60296002_60296304,5903,Psap,0.0
850668,5282,Brain_Myeloid_microglial_cell,548,0.0,158,10_60296002_60296304,5903,Psap,0.0
850669,5283,Brain_Myeloid_microglial_cell,548,0.0,324,10_60296002_60296304,5903,Psap,0.0
850670,5284,Brain_Myeloid_microglial_cell,548,0.0,606,10_60296002_60296304,5903,Psap,0.0
850671,5285,Brain_Myeloid_microglial_cell,548,0.0,113,10_60296002_60296304,5903,Psap,0.0
850672,5286,Brain_Myeloid_microglial_cell,548,0.0,400,10_60296002_60296304,5903,Psap,0.0
850673,5287,Brain_Myeloid_microglial_cell,548,0.0,118,10_60296002_60296304,5903,Psap,0.0
850674,5288,Brain_Myeloid_microglial_cell,548,0.0,307,10_60296002_60296304,5903,Psap,0.0
850675,5289,Brain_Myeloid_microglial_cell,548,0.0,268,10_60296002_60296304,5903,Psap,0.0
850676,5290,Brain_Myeloid_microglial_cell,548,0.0,296,10_60296002_60296304,5903,Psap,0.0
850677,5291,Brain_Myeloid_microglial_cell,548,0.0,206,10_60296002_60296304,5903,Psap,0.0
850678,5292,Brain_Myeloid_microglial_cell,548,0.0,496,10_60296002_60296304,5903,Psap,0.0
850679,5293,Brain_Myeloid_microglial_cell,548,0.0,318,10_60296002_60296304,5903,Psap,0.0
850680,5294,Brain_Myeloid_microglial_cell,548,0.0,1032,10_60296002_60296304,5903,Psap,0.0
850681,5296,Brain_Myeloid_microglial_cell,548,0.0,374,10_60296002_60296304,5903,Psap,0.0
850682,5297,Brain_Myeloid_microglial_cell,548,0.0,34,10_60296002_60296304,5903,Psap,0.0
850683,5298,Brain_Myeloid_microglial_cell,548,0.0,499,10_60296002_60296304,5903,Psap,0.0
850684,5299,Brain_Myeloid_microglial_cell,548,0.0,278,10_60296002_60296304,5903,Psap,0.0
850685,5300,Brain_Myeloid_microglial_cell,548,0.0,205,10_60296002_60296304,5903,Psap,0.0
850686,5301,Brain_Myeloid_microglial_cell,548,0.0,232,10_60296002_60296304,5903,Psap,0.0
850687,5302,Brain_Myeloid_microglial_cell,548,0.0,250,10_60296002_60296304,5903,Psap,0.0
850688,5303,Brain_Myeloid_microglial_cell,548,0.0,243,10_60296002_60296304,5903,Psap,0.0
850689,5304,Brain_Myeloid_microglial_cell,548,0.0,559,10_60296002_60296304,5903,Psap,0.0
850690,5305,Brain_Myeloid_microglial_cell,548,0.0,654,10_60296002_60296304,5903,Psap,0.0
850691,5306,Brain_Myeloid_microglial_cell,548,0.0,107,10_60296002_60296304,5903,Psap,0.0
850692,5307,Brain_Myeloid_microglial_cell,548,0.0,287,10_60296002_60296304,5903,Psap,0.0
850693,5308,Brain_Myeloid_microglial_cell,548,0.0,219,10_60296002_60296304,5903,Psap,0.0
850694,5309,Brain_Myeloid_microglial_cell,548,0.0,361,10_60296002_60296304,5903,Psap,0.0
850695,5310,Brain_Myeloid_microglial_cell,548,0.0,388,10_60296002_60296304,5903,Psap,0.0
850696,5311,Brain_Myeloid_microglial_cell,548,0.0,379,10_60296002_60296304,5903,Psap,0.0
850697,5312,Brain_Myeloid_microglial_cell,548,0.0,241,10_60296002_60296304,5903,Psap,0.0
850698,5313,Brain_Myeloid_microglial_cell,548,0.0,540,10_60296002_60296304,5903,Psap,0.0
850699,5314,Brain_Myeloid_microglial_cell,548,0.0,591,10_60296002_60296304,5903,Psap,0.0
850700,5315,Brain_Myeloid_microglial_cell,548,0.0,807,10_60296002_60296304,5903,Psap,0.0
850701,5316,Brain_Myeloid_microglial_cell,548,0.0,260,10_60296002_60296304,5903,Psap,0.0
850702,5317,Brain_Myeloid_microglial_cell,548,0.0,635,10_60296002_60296304,5903,Psap,0.0
850703,5318,Brain_Myeloid_microglial_cell,548,0.0,167,10_60296002_60296304,5903,Psap,0.0
850704,5319,Brain_Myeloid_microglial_cell,548,0.0,532,10_60296002_60296304,5903,Psap,0.0
850705,5320,Brain_Myeloid_microglial_cell,548,0.0,199,10_60296002_60296304,5903,Psap,0.0
850706,5321,Brain_Myeloid_microglial_cell,548,0.0,448,10_60296002_60296304,5903,Psap,0.0
850707,5322,Brain_Myeloid_microglial_cell,548,0.0,68,10_60296002_60296304,5903,Psap,0.0
850708,5323,Brain_Myeloid_microglial_cell,548,0.0,102,10_60296002_60296304,5903,Psap,0.0
850709,5324,Brain_Myeloid_microglial_cell,548,0.0,102,10_60296002_60296304,5903,Psap,0.0
850710,5325,Brain_Myeloid_microglial_cell,548,0.0,530,10_60296002_60296304,5903,Psap,0.0
850711,5326,Brain_Myeloid_microglial_cell,548,0.0,34,10_60296002_60296304,5903,Psap,0.0
850712,5327,Brain_Myeloid_microglial_cell,548,0.0,614,10_60296002_60296304,5903,Psap,0.0
850713,5328,Brain_Myeloid_microglial_cell,548,0.0,116,10_60296002_60296304,5903,Psap,0.0
850714,5329,Brain_Myeloid_microglial_cell,548,0.0,180,10_60296002_60296304,5903,Psap,0.0
850715,5330,Brain_Myeloid_microglial_cell,548,0.0,645,10_60296002_60296304,5903,Psap,0.0
850716,5331,Brain_Myeloid_microglial_cell,548,0.0,283,10_60296002_60296304,5903,Psap,0.0
850717,5334,Brain_Myeloid_microglial_cell,548,0.0,364,10_60296002_60296304,5903,Psap,0.0
850718,5335,Brain_Myeloid_microglial_cell,548,0.0,706,10_60296002_60296304,5903,Psap,0.0
850719,5336,Brain_Myeloid_microglial_cell,548,0.0,154,10_60296002_60296304,5903,Psap,0.0
850720,5338,Brain_Myeloid_microglial_cell,548,0.0,192,10_60296002_60296304,5903,Psap,0.0
850721,5339,Brain_Myeloid_microglial_cell,548,0.0,598,10_60296002_60296304,5903,Psap,0.0
850722,5340,Brain_Myeloid_microglial_cell,548,0.0,247,10_60296002_60296304,5903,Psap,0.0
850723,5344,Brain_Myeloid_microglial_cell,548,0.0,421,10_60296002_60296304,5903,Psap,0.0
850724,5345,Brain_Myeloid_microglial_cell,548,0.0,204,10_60296002_60296304,5903,Psap,0.0
850725,5347,Brain_Myeloid_microglial_cell,548,0.0,511,10_60296002_60296304,5903,Psap,0.0
850726,5348,Brain_Myeloid_microglial_cell,548,0.0,605,10_60296002_60296304,5903,Psap,0.0
850727,5350,Brain_Myeloid_microglial_cell,548,0.0,104,10_60296002_60296304,5903,Psap,0.0
850728,5351,Brain_Myeloid_microglial_cell,548,0.0,229,10_60296002_60296304,5903,Psap,0.0
850729,5352,Brain_Myeloid_microglial_cell,548,0.0,165,10_60296002_60296304,5903,Psap,0.0
850730,5353,Brain_Myeloid_microglial_cell,548,0.0,764,10_60296002_60296304,5903,Psap,0.0
850731,5354,Brain_Myeloid_microglial_cell,548,0.0,2142,10_60296002_60296304,5903,Psap,0.0
850732,5355,Brain_Myeloid_microglial_cell,548,0.0,135,10_60296002_60296304,5903,Psap,0.0
850733,5357,Brain_Myeloid_microglial_cell,548,0.0,503,10_60296002_60296304,5903,Psap,0.0
850734,5358,Brain_Myeloid_microglial_cell,548,0.0,124,10_60296002_60296304,5903,Psap,0.0
850735,5359,Brain_Myeloid_microglial_cell,548,0.0,186,10_60296002_60296304,5903,Psap,0.0
850736,5360,Brain_Myeloid_microglial_cell,548,0.0,79,10_60296002_60296304,5903,Psap,0.0
850737,5361,Brain_Myeloid_microglial_cell,548,0.0,547,10_60296002_60296304,5903,Psap,0.0
850738,5362,Brain_Myeloid_microglial_cell,548,0.0,55,10_60296002_60296304,5903,Psap,0.0
850739,5363,Brain_Myeloid_microglial_cell,548,0.0,831,10_60296002_60296304,5903,Psap,0.0
850740,5364,Brain_Myeloid_microglial_cell,548,0.0,129,10_60296002_60296304,5903,Psap,0.0
850741,5365,Brain_Myeloid_microglial_cell,548,0.0,618,10_60296002_60296304,5903,Psap,0.0
850742,5366,Brain_Myeloid_microglial_cell,548,0.0,238,10_60296002_60296304,5903,Psap,0.0
850743,5367,Brain_Myeloid_microglial_cell,548,0.0,202,10_60296002_60296304,5903,Psap,0.0
850744,5368,Brain_Myeloid_microglial_cell,548,0.0,260,10_60296002_60296304,5903,Psap,0.0
850745,5369,Brain_Myeloid_microglial_cell,548,0.0,2195,10_60296002_60296304,5903,Psap,0.0
850746,5370,Brain_Myeloid_microglial_cell,548,0.0,1049,10_60296002_60296304,5903,Psap,0.0
850747,5371,Brain_Myeloid_microglial_cell,548,0.0,829,10_60296002_60296304,5903,Psap,0.0
850748,5372,Brain_Myeloid_microglial_cell,548,0.0,307,10_60296002_60296304,5903,Psap,0.0
850749,5373,Brain_Myeloid_microglial_cell,548,0.0,734,10_60296002_60296304,5903,Psap,0.0
850750,5374,Brain_Myeloid_microglial_cell,548,0.0,234,10_60296002_60296304,5903,Psap,0.0
850751,5375,Brain_Myeloid_microglial_cell,548,0.0,312,10_60296002_60296304,5903,Psap,0.0
850752,5376,Brain_Myeloid_microglial_cell,548,0.0,395,10_60296002_60296304,5903,Psap,0.0
850753,5377,Brain_Myeloid_microglial_cell,548,0.0,298,10_60296002_60296304,5903,Psap,0.0
850754,5378,Brain_Myeloid_microglial_cell,548,0.0,4975,10_60296002_60296304,5903,Psap,0.0
850755,5379,Brain_Myeloid_microglial_cell,548,0.0,329,10_60296002_60296304,5903,Psap,0.0
850756,5380,Brain_Myeloid_microglial_cell,548,0.0,206,10_60296002_60296304,5903,Psap,0.0
850757,5381,Brain_Myeloid_microglial_cell,548,0.0,1097,10_60296002_60296304,5903,Psap,0.0
850758,5382,Brain_Myeloid_microglial_cell,548,0.0,121,10_60296002_60296304,5903,Psap,0.0
850759,5383,Brain_Myeloid_microglial_cell,548,0.0,465,10_60296002_60296304,5903,Psap,0.0
850760,5384,Brain_Myeloid_microglial_cell,548,0.0,273,10_60296002_60296304,5903,Psap,0.0
850761,5385,Brain_Myeloid_microglial_cell,548,0.0,201,10_60296002_60296304,5903,Psap,0.0
850762,5386,Brain_Myeloid_microglial_cell,548,0.0,462,10_60296002_60296304,5903,Psap,0.0
850763,5387,Brain_Myeloid_microglial_cell,548,0.0,940,10_60296002_60296304,5903,Psap,0.0
850764,5388,Brain_Myeloid_microglial_cell,548,0.0,594,10_60296002_60296304,5903,Psap,0.0
850765,5389,Brain_Myeloid_microglial_cell,548,0.0,102,10_60296002_60296304,5903,Psap,0.0
850766,5390,Brain_Myeloid_microglial_cell,548,0.0,156,10_60296002_60296304,5903,Psap,0.0
850767,5391,Brain_Myeloid_microglial_cell,548,0.0,620,10_60296002_60296304,5903,Psap,0.0
850768,5392,Brain_Myeloid_microglial_cell,548,0.0,100,10_60296002_60296304,5903,Psap,0.0
850769,5393,Brain_Myeloid_microglial_cell,548,0.0,284,10_60296002_60296304,5903,Psap,0.0
850770,5394,Brain_Myeloid_microglial_cell,548,0.0,597,10_60296002_60296304,5903,Psap,0.0
850771,5395,Brain_Myeloid_microglial_cell,548,0.0,551,10_60296002_60296304,5903,Psap,0.0
850772,5396,Brain_Myeloid_microglial_cell,548,0.0,527,10_60296002_60296304,5903,Psap,0.0
850773,5397,Brain_Myeloid_microglial_cell,548,0.0,1528,10_60296002_60296304,5903,Psap,0.0
850774,5398,Brain_Myeloid_microglial_cell,548,0.0,282,10_60296002_60296304,5903,Psap,0.0
850775,5399,Brain_Myeloid_microglial_cell,548,0.0,391,10_60296002_60296304,5903,Psap,0.0
850776,5400,Brain_Myeloid_microglial_cell,548,0.0,95,10_60296002_60296304,5903,Psap,0.0
850777,5401,Brain_Myeloid_microglial_cell,548,0.0,816,10_60296002_60296304,5903,Psap,0.0
850778,5402,Brain_Myeloid_microglial_cell,548,0.0,339,10_60296002_60296304,5903,Psap,0.0
850779,5403,Brain_Myeloid_microglial_cell,548,0.0,87,10_60296002_60296304,5903,Psap,0.0
850780,5404,Brain_Myeloid_microglial_cell,548,0.0,51,10_60296002_60296304,5903,Psap,0.0
850781,5405,Brain_Myeloid_microglial_cell,548,0.0,79,10_60296002_60296304,5903,Psap,0.0
850782,5406,Brain_Myeloid_microglial_cell,548,0.0,3511,10_60296002_60296304,5903,Psap,0.0
850783,5407,Brain_Myeloid_microglial_cell,548,0.0,237,10_60296002_60296304,5903,Psap,0.0
850784,5408,Brain_Myeloid_microglial_cell,548,0.0,161,10_60296002_60296304,5903,Psap,0.0
850785,5409,Brain_Myeloid_microglial_cell,548,0.0,339,10_60296002_60296304,5903,Psap,0.0
850786,5410,Brain_Myeloid_microglial_cell,548,0.0,164,10_60296002_60296304,5903,Psap,0.0
850787,5411,Brain_Myeloid_microglial_cell,548,0.0,267,10_60296002_60296304,5903,Psap,0.0
850788,5412,Brain_Myeloid_microglial_cell,548,0.0,176,10_60296002_60296304,5903,Psap,0.0
850789,5413,Brain_Myeloid_microglial_cell,548,0.0,932,10_60296002_60296304,5903,Psap,0.0
850790,5414,Brain_Myeloid_microglial_cell,548,0.0,77,10_60296002_60296304,5903,Psap,0.0
850791,5415,Brain_Myeloid_microglial_cell,548,0.0,330,10_60296002_60296304,5903,Psap,0.0
850792,5416,Brain_Myeloid_microglial_cell,548,0.0,139,10_60296002_60296304,5903,Psap,0.0
850793,5417,Brain_Myeloid_microglial_cell,548,0.0,105,10_60296002_60296304,5903,Psap,0.0
850794,5418,Brain_Myeloid_microglial_cell,548,0.0,41,10_60296002_60296304,5903,Psap,0.0
850795,5419,Brain_Myeloid_microglial_cell,548,0.0,272,10_60296002_60296304,5903,Psap,0.0
850796,5420,Brain_Myeloid_microglial_cell,548,0.0,11,10_60296002_60296304,5903,Psap,0.0
850797,5421,Brain_Myeloid_microglial_cell,548,0.0,374,10_60296002_60296304,5903,Psap,0.0
850798,5422,Brain_Myeloid_microglial_cell,548,0.0,636,10_60296002_60296304,5903,Psap,0.0
850799,5423,Brain_Myeloid_microglial_cell,548,0.0,56,10_60296002_60296304,5903,Psap,0.0
850800,5424,Brain_Myeloid_microglial_cell,548,0.0,177,10_60296002_60296304,5903,Psap,0.0
850801,5425,Brain_Myeloid_microglial_cell,548,0.0,204,10_60296002_60296304,5903,Psap,0.0
850802,5426,Brain_Myeloid_microglial_cell,548,0.0,522,10_60296002_60296304,5903,Psap,0.0
850803,5427,Brain_Myeloid_microglial_cell,548,0.0,269,10_60296002_60296304,5903,Psap,0.0
850804,5428,Brain_Myeloid_microglial_cell,548,0.0,253,10_60296002_60296304,5903,Psap,0.0
850805,5429,Brain_Myeloid_microglial_cell,548,0.0,1897,10_60296002_60296304,5903,Psap,0.0
850806,5430,Brain_Myeloid_microglial_cell,548,0.0,262,10_60296002_60296304,5903,Psap,0.0
850807,5431,Brain_Myeloid_microglial_cell,548,0.0,110,10_60296002_60296304,5903,Psap,0.0
850808,5432,Brain_Myeloid_microglial_cell,548,0.0,366,10_60296002_60296304,5903,Psap,0.0
850809,5433,Brain_Myeloid_microglial_cell,548,0.0,65,10_60296002_60296304,5903,Psap,0.0
850810,5434,Brain_Myeloid_microglial_cell,548,0.0,131,10_60296002_60296304,5903,Psap,0.0
850811,5435,Brain_Myeloid_microglial_cell,548,0.0,231,10_60296002_60296304,5903,Psap,0.0
850812,5437,Brain_Myeloid_microglial_cell,548,0.0,277,10_60296002_60296304,5903,Psap,0.0
850813,5439,Brain_Myeloid_microglial_cell,548,0.0,319,10_60296002_60296304,5903,Psap,0.0
850814,5440,Brain_Myeloid_microglial_cell,548,0.0,505,10_60296002_60296304,5903,Psap,0.0
850815,5441,Brain_Myeloid_microglial_cell,548,0.0,227,10_60296002_60296304,5903,Psap,0.0
850816,5442,Brain_Myeloid_microglial_cell,548,0.0,33,10_60296002_60296304,5903,Psap,0.0
850817,5443,Brain_Myeloid_microglial_cell,548,0.0,1372,10_60296002_60296304,5903,Psap,0.0
850818,5445,Brain_Myeloid_microglial_cell,548,0.0,81,10_60296002_60296304,5903,Psap,0.0
850819,5446,Brain_Myeloid_microglial_cell,548,0.0,294,10_60296002_60296304,5903,Psap,0.0
850820,5448,Brain_Myeloid_microglial_cell,548,0.0,785,10_60296002_60296304,5903,Psap,0.0
850821,5449,Brain_Myeloid_microglial_cell,548,0.0,39,10_60296002_60296304,5903,Psap,0.0
850822,5451,Brain_Myeloid_microglial_cell,548,0.0,376,10_60296002_60296304,5903,Psap,0.0
850823,5452,Brain_Myeloid_microglial_cell,548,0.0,862,10_60296002_60296304,5903,Psap,0.0
850824,5453,Brain_Myeloid_microglial_cell,548,0.0,84,10_60296002_60296304,5903,Psap,0.0
850825,5454,Brain_Myeloid_microglial_cell,548,0.0,161,10_60296002_60296304,5903,Psap,0.0
850826,5456,Brain_Myeloid_microglial_cell,548,0.0,151,10_60296002_60296304,5903,Psap,0.0
850827,5457,Brain_Myeloid_microglial_cell,548,0.0,232,10_60296002_60296304,5903,Psap,0.0
850828,5458,Brain_Myeloid_microglial_cell,548,0.0,184,10_60296002_60296304,5903,Psap,0.0
850829,5459,Brain_Myeloid_microglial_cell,548,0.0,495,10_60296002_60296304,5903,Psap,0.0
850830,5460,Brain_Myeloid_microglial_cell,548,0.0,204,10_60296002_60296304,5903,Psap,0.0
850831,5461,Brain_Myeloid_microglial_cell,548,0.0,343,10_60296002_60296304,5903,Psap,0.0
850832,5462,Brain_Myeloid_microglial_cell,548,0.0,187,10_60296002_60296304,5903,Psap,0.0
850833,5463,Brain_Myeloid_microglial_cell,548,0.0,389,10_60296002_60296304,5903,Psap,0.0
850834,5464,Brain_Myeloid_microglial_cell,548,0.0,153,10_60296002_60296304,5903,Psap,0.0
850835,5465,Brain_Myeloid_microglial_cell,548,0.0,1078,10_60296002_60296304,5903,Psap,0.0
850836,5466,Brain_Myeloid_microglial_cell,548,0.0,61,10_60296002_60296304,5903,Psap,0.0
850837,5467,Brain_Myeloid_microglial_cell,548,0.0,96,10_60296002_60296304,5903,Psap,0.0
850838,5468,Brain_Myeloid_microglial_cell,548,0.0,251,10_60296002_60296304,5903,Psap,0.0
850839,5469,Brain_Myeloid_microglial_cell,548,0.0,410,10_60296002_60296304,5903,Psap,0.0
850840,5470,Brain_Myeloid_microglial_cell,548,0.0,167,10_60296002_60296304,5903,Psap,0.0
850841,5471,Brain_Myeloid_microglial_cell,548,0.0,321,10_60296002_60296304,5903,Psap,0.0
850842,5472,Brain_Myeloid_microglial_cell,548,0.0,107,10_60296002_60296304,5903,Psap,0.0
850843,5473,Brain_Myeloid_microglial_cell,548,0.0,372,10_60296002_60296304,5903,Psap,0.0
850844,5474,Brain_Myeloid_microglial_cell,548,0.0,385,10_60296002_60296304,5903,Psap,0.0
850845,5475,Brain_Myeloid_microglial_cell,548,0.0,3926,10_60296002_60296304,5903,Psap,0.0
850846,5476,Brain_Myeloid_microglial_cell,548,0.0,314,10_60296002_60296304,5903,Psap,0.0
850847,5477,Brain_Myeloid_microglial_cell,548,0.0,363,10_60296002_60296304,5903,Psap,0.0
850848,5478,Brain_Myeloid_microglial_cell,548,0.0,86,10_60296002_60296304,5903,Psap,0.0
850849,5479,Brain_Myeloid_microglial_cell,548,0.0,92,10_60296002_60296304,5903,Psap,0.0
850850,5480,Brain_Myeloid_microglial_cell,548,0.0,182,10_60296002_60296304,5903,Psap,0.0
850851,5481,Brain_Myeloid_microglial_cell,548,0.0,540,10_60296002_60296304,5903,Psap,0.0
850852,5482,Brain_Myeloid_microglial_cell,548,0.0,166,10_60296002_60296304,5903,Psap,0.0
850853,5483,Brain_Myeloid_microglial_cell,548,0.0,177,10_60296002_60296304,5903,Psap,0.0
850854,5484,Brain_Myeloid_microglial_cell,548,0.0,207,10_60296002_60296304,5903,Psap,0.0
850855,5485,Brain_Myeloid_microglial_cell,548,0.0,298,10_60296002_60296304,5903,Psap,0.0
850856,5486,Brain_Myeloid_microglial_cell,548,0.0,110,10_60296002_60296304,5903,Psap,0.0
850857,5487,Brain_Myeloid_microglial_cell,548,0.0,100,10_60296002_60296304,5903,Psap,0.0
850858,5488,Brain_Myeloid_microglial_cell,548,0.0,537,10_60296002_60296304,5903,Psap,0.0
850859,5489,Brain_Myeloid_microglial_cell,548,0.0,143,10_60296002_60296304,5903,Psap,0.0
850860,5490,Brain_Myeloid_microglial_cell,548,0.0,30,10_60296002_60296304,5903,Psap,0.0
850861,5491,Brain_Myeloid_microglial_cell,548,0.0,1516,10_60296002_60296304,5903,Psap,0.0
850862,5492,Brain_Myeloid_microglial_cell,548,0.0,178,10_60296002_60296304,5903,Psap,0.0
850863,5493,Brain_Myeloid_microglial_cell,548,0.0,21,10_60296002_60296304,5903,Psap,0.0
850864,5494,Brain_Myeloid_microglial_cell,548,0.0,269,10_60296002_60296304,5903,Psap,0.0
850865,5495,Brain_Myeloid_microglial_cell,548,0.0,157,10_60296002_60296304,5903,Psap,0.0
850866,5496,Brain_Myeloid_microglial_cell,548,0.0,227,10_60296002_60296304,5903,Psap,0.0
850867,5497,Brain_Myeloid_microglial_cell,548,0.0,313,10_60296002_60296304,5903,Psap,0.0
850868,5498,Brain_Myeloid_microglial_cell,548,0.0,7,10_60296002_60296304,5903,Psap,0.0
850869,5499,Brain_Myeloid_microglial_cell,548,0.0,156,10_60296002_60296304,5903,Psap,0.0
850870,5500,Brain_Myeloid_microglial_cell,548,0.0,206,10_60296002_60296304,5903,Psap,0.0
850871,5502,Brain_Myeloid_microglial_cell,548,0.0,87,10_60296002_60296304,5903,Psap,0.0
850872,5503,Brain_Myeloid_microglial_cell,548,0.0,810,10_60296002_60296304,5903,Psap,0.0
850873,5504,Brain_Myeloid_microglial_cell,548,0.0,174,10_60296002_60296304,5903,Psap,0.0
850874,5505,Brain_Myeloid_microglial_cell,548,0.0,4,10_60296002_60296304,5903,Psap,0.0
850875,5506,Brain_Myeloid_microglial_cell,548,0.0,182,10_60296002_60296304,5903,Psap,0.0
850876,5507,Brain_Myeloid_microglial_cell,548,0.0,288,10_60296002_60296304,5903,Psap,0.0
850877,5508,Brain_Myeloid_microglial_cell,548,0.0,248,10_60296002_60296304,5903,Psap,0.0
850878,5509,Brain_Myeloid_microglial_cell,548,0.0,991,10_60296002_60296304,5903,Psap,0.0
850879,5510,Brain_Myeloid_microglial_cell,548,0.0,355,10_60296002_60296304,5903,Psap,0.0
850880,5511,Brain_Myeloid_microglial_cell,548,0.0,548,10_60296002_60296304,5903,Psap,0.0
850881,5512,Brain_Myeloid_microglial_cell,548,0.0,299,10_60296002_60296304,5903,Psap,0.0
850882,5513,Brain_Myeloid_microglial_cell,548,0.0,2664,10_60296002_60296304,5903,Psap,0.0
850883,5514,Brain_Myeloid_microglial_cell,548,0.0,158,10_60296002_60296304,5903,Psap,0.0
850884,5515,Brain_Myeloid_microglial_cell,548,0.0,145,10_60296002_60296304,5903,Psap,0.0
850885,5516,Brain_Myeloid_microglial_cell,548,0.0,256,10_60296002_60296304,5903,Psap,0.0
850886,5517,Brain_Myeloid_microglial_cell,548,0.0,186,10_60296002_60296304,5903,Psap,0.0
850887,5518,Brain_Myeloid_microglial_cell,548,0.0,1048,10_60296002_60296304,5903,Psap,0.0
850888,5519,Brain_Myeloid_microglial_cell,548,0.0,345,10_60296002_60296304,5903,Psap,0.0
850889,5520,Brain_Myeloid_microglial_cell,548,0.0,97,10_60296002_60296304,5903,Psap,0.0
850890,5521,Brain_Myeloid_microglial_cell,548,0.0,382,10_60296002_60296304,5903,Psap,0.0
850891,5522,Brain_Myeloid_microglial_cell,548,0.0,360,10_60296002_60296304,5903,Psap,0.0
850892,5523,Brain_Myeloid_microglial_cell,548,0.0,182,10_60296002_60296304,5903,Psap,0.0
850893,5524,Brain_Myeloid_microglial_cell,548,0.0,261,10_60296002_60296304,5903,Psap,0.0
850894,5525,Brain_Myeloid_microglial_cell,548,0.0,659,10_60296002_60296304,5903,Psap,0.0
850895,5526,Brain_Myeloid_microglial_cell,548,0.0,346,10_60296002_60296304,5903,Psap,0.0
850896,5527,Brain_Myeloid_microglial_cell,548,0.0,354,10_60296002_60296304,5903,Psap,0.0
850897,5528,Brain_Myeloid_microglial_cell,548,0.0,477,10_60296002_60296304,5903,Psap,0.0
850898,5529,Brain_Myeloid_microglial_cell,548,0.0,532,10_60296002_60296304,5903,Psap,0.0
850899,5530,Brain_Myeloid_microglial_cell,548,0.0,188,10_60296002_60296304,5903,Psap,0.0
850900,5531,Brain_Myeloid_microglial_cell,548,0.0,526,10_60296002_60296304,5903,Psap,0.0
850901,5532,Brain_Myeloid_microglial_cell,548,0.0,129,10_60296002_60296304,5903,Psap,0.0
850902,5533,Brain_Myeloid_microglial_cell,548,0.0,3,10_60296002_60296304,5903,Psap,0.0
850903,5535,Brain_Myeloid_microglial_cell,548,0.0,271,10_60296002_60296304,5903,Psap,0.0
850904,5537,Brain_Myeloid_microglial_cell,548,0.0,366,10_60296002_60296304,5903,Psap,0.0
850905,5538,Brain_Myeloid_microglial_cell,548,0.0,410,10_60296002_60296304,5903,Psap,0.0
850906,5539,Brain_Myeloid_microglial_cell,548,0.0,311,10_60296002_60296304,5903,Psap,0.0
850907,5540,Brain_Myeloid_microglial_cell,548,0.0,381,10_60296002_60296304,5903,Psap,0.0
850908,5543,Brain_Myeloid_microglial_cell,548,0.0,427,10_60296002_60296304,5903,Psap,0.0
850909,5544,Brain_Myeloid_microglial_cell,548,0.0,265,10_60296002_60296304,5903,Psap,0.0
850910,5546,Brain_Myeloid_microglial_cell,548,0.0,200,10_60296002_60296304,5903,Psap,0.0
850911,5547,Brain_Myeloid_microglial_cell,548,0.0,268,10_60296002_60296304,5903,Psap,0.0
850912,5549,Brain_Myeloid_microglial_cell,548,0.0,298,10_60296002_60296304,5903,Psap,0.0
850913,5550,Brain_Myeloid_microglial_cell,548,0.0,532,10_60296002_60296304,5903,Psap,0.0
850914,5551,Brain_Myeloid_microglial_cell,548,0.0,536,10_60296002_60296304,5903,Psap,0.0
850915,5552,Brain_Myeloid_microglial_cell,548,0.0,42,10_60296002_60296304,5903,Psap,0.0
850916,5553,Brain_Myeloid_microglial_cell,548,0.0,78,10_60296002_60296304,5903,Psap,0.0
850917,5554,Brain_Myeloid_microglial_cell,548,0.0,198,10_60296002_60296304,5903,Psap,0.0
850918,5555,Brain_Myeloid_microglial_cell,548,0.0,266,10_60296002_60296304,5903,Psap,0.0
850919,5556,Brain_Myeloid_microglial_cell,548,0.0,296,10_60296002_60296304,5903,Psap,0.0
850920,5557,Brain_Myeloid_microglial_cell,548,0.0,434,10_60296002_60296304,5903,Psap,0.0
850921,5558,Brain_Myeloid_microglial_cell,548,0.0,283,10_60296002_60296304,5903,Psap,0.0
850922,5559,Brain_Myeloid_microglial_cell,548,0.0,407,10_60296002_60296304,5903,Psap,0.0
850923,5560,Brain_Myeloid_microglial_cell,548,0.0,749,10_60296002_60296304,5903,Psap,0.0
850924,5561,Brain_Myeloid_microglial_cell,548,0.0,332,10_60296002_60296304,5903,Psap,0.0
850925,5562,Brain_Myeloid_microglial_cell,548,0.0,446,10_60296002_60296304,5903,Psap,0.0
850926,5563,Brain_Myeloid_microglial_cell,548,0.0,954,10_60296002_60296304,5903,Psap,0.0
850927,5564,Brain_Myeloid_microglial_cell,548,0.0,133,10_60296002_60296304,5903,Psap,0.0
850928,5565,Brain_Myeloid_microglial_cell,548,0.0,91,10_60296002_60296304,5903,Psap,0.0
850929,5566,Brain_Myeloid_microglial_cell,548,0.0,114,10_60296002_60296304,5903,Psap,0.0
850930,5567,Brain_Myeloid_microglial_cell,548,0.0,233,10_60296002_60296304,5903,Psap,0.0
850931,5568,Brain_Myeloid_microglial_cell,548,0.0,125,10_60296002_60296304,5903,Psap,0.0
850932,5569,Brain_Myeloid_microglial_cell,548,0.0,711,10_60296002_60296304,5903,Psap,0.0
850933,5570,Brain_Myeloid_microglial_cell,548,0.0,471,10_60296002_60296304,5903,Psap,0.0
850934,5571,Brain_Myeloid_microglial_cell,548,0.0,282,10_60296002_60296304,5903,Psap,0.0
850935,5572,Brain_Myeloid_microglial_cell,548,0.0,388,10_60296002_60296304,5903,Psap,0.0
850936,5573,Brain_Myeloid_microglial_cell,548,0.0,287,10_60296002_60296304,5903,Psap,0.0
850937,5574,Brain_Myeloid_microglial_cell,548,0.0,451,10_60296002_60296304,5903,Psap,0.0
850938,5575,Brain_Myeloid_microglial_cell,548,0.0,329,10_60296002_60296304,5903,Psap,0.0
850939,5576,Brain_Myeloid_microglial_cell,548,0.0,533,10_60296002_60296304,5903,Psap,0.0
850940,5577,Brain_Myeloid_microglial_cell,548,0.0,105,10_60296002_60296304,5903,Psap,0.0
850941,5578,Brain_Myeloid_microglial_cell,548,0.0,457,10_60296002_60296304,5903,Psap,0.0
850942,5579,Brain_Myeloid_microglial_cell,548,0.0,373,10_60296002_60296304,5903,Psap,0.0
850943,5580,Brain_Myeloid_microglial_cell,548,0.0,797,10_60296002_60296304,5903,Psap,0.0
850944,5581,Brain_Myeloid_microglial_cell,548,0.0,216,10_60296002_60296304,5903,Psap,0.0
850945,5582,Brain_Myeloid_microglial_cell,548,0.0,165,10_60296002_60296304,5903,Psap,0.0
850946,5583,Brain_Myeloid_microglial_cell,548,0.0,88,10_60296002_60296304,5903,Psap,0.0
850947,5584,Brain_Myeloid_microglial_cell,548,0.0,142,10_60296002_60296304,5903,Psap,0.0
850948,5585,Brain_Myeloid_microglial_cell,548,0.0,316,10_60296002_60296304,5903,Psap,0.0
850949,5586,Brain_Myeloid_microglial_cell,548,0.0,138,10_60296002_60296304,5903,Psap,0.0
850950,5587,Brain_Myeloid_microglial_cell,548,0.0,276,10_60296002_60296304,5903,Psap,0.0
850951,5588,Brain_Myeloid_microglial_cell,548,0.0,805,10_60296002_60296304,5903,Psap,0.0
850952,5589,Brain_Myeloid_microglial_cell,548,0.0,125,10_60296002_60296304,5903,Psap,0.0
850953,5590,Brain_Myeloid_microglial_cell,548,0.0,458,10_60296002_60296304,5903,Psap,0.0
850954,5591,Brain_Myeloid_microglial_cell,548,0.0,158,10_60296002_60296304,5903,Psap,0.0
850955,5592,Brain_Myeloid_microglial_cell,548,0.0,596,10_60296002_60296304,5903,Psap,0.0
850956,5593,Brain_Myeloid_microglial_cell,548,0.0,316,10_60296002_60296304,5903,Psap,0.0
850957,5595,Brain_Myeloid_microglial_cell,548,0.0,59,10_60296002_60296304,5903,Psap,0.0
850958,5596,Brain_Myeloid_microglial_cell,548,0.0,789,10_60296002_60296304,5903,Psap,0.0
850959,5597,Brain_Myeloid_microglial_cell,548,0.0,187,10_60296002_60296304,5903,Psap,0.0
850960,5598,Brain_Myeloid_microglial_cell,548,0.0,808,10_60296002_60296304,5903,Psap,0.0
850961,5599,Brain_Myeloid_microglial_cell,548,0.0,181,10_60296002_60296304,5903,Psap,0.0
850962,5600,Brain_Myeloid_microglial_cell,548,0.0,248,10_60296002_60296304,5903,Psap,0.0
850963,5601,Brain_Myeloid_microglial_cell,548,0.0,537,10_60296002_60296304,5903,Psap,0.0
850964,5602,Brain_Myeloid_microglial_cell,548,0.0,142,10_60296002_60296304,5903,Psap,0.0
850965,5603,Brain_Myeloid_microglial_cell,548,0.0,326,10_60296002_60296304,5903,Psap,0.0
850966,5604,Brain_Myeloid_microglial_cell,548,0.0,78,10_60296002_60296304,5903,Psap,0.0
850967,5605,Brain_Myeloid_microglial_cell,548,0.0,366,10_60296002_60296304,5903,Psap,0.0
850968,5606,Brain_Myeloid_microglial_cell,548,0.0,165,10_60296002_60296304,5903,Psap,0.0
850969,5607,Brain_Myeloid_microglial_cell,548,0.0,152,10_60296002_60296304,5903,Psap,0.0
850970,5608,Brain_Myeloid_microglial_cell,548,0.0,258,10_60296002_60296304,5903,Psap,0.0
850971,5609,Brain_Myeloid_microglial_cell,548,0.0,1018,10_60296002_60296304,5903,Psap,0.0
850972,5610,Brain_Myeloid_microglial_cell,548,0.0,442,10_60296002_60296304,5903,Psap,0.0
850973,5611,Brain_Myeloid_microglial_cell,548,0.0,1060,10_60296002_60296304,5903,Psap,0.0
850974,5612,Brain_Myeloid_microglial_cell,548,0.0,574,10_60296002_60296304,5903,Psap,0.0
850975,5613,Brain_Myeloid_microglial_cell,548,0.0,434,10_60296002_60296304,5903,Psap,0.0
850976,5614,Brain_Myeloid_microglial_cell,548,0.0,827,10_60296002_60296304,5903,Psap,0.0
850977,5615,Brain_Myeloid_microglial_cell,548,0.0,727,10_60296002_60296304,5903,Psap,0.0
850978,5616,Brain_Myeloid_microglial_cell,548,0.0,509,10_60296002_60296304,5903,Psap,0.0
850979,5617,Brain_Myeloid_microglial_cell,548,0.0,164,10_60296002_60296304,5903,Psap,0.0
850980,5618,Brain_Myeloid_microglial_cell,548,0.0,755,10_60296002_60296304,5903,Psap,0.0
850981,5619,Brain_Myeloid_microglial_cell,548,0.0,193,10_60296002_60296304,5903,Psap,0.0
850982,5620,Brain_Myeloid_microglial_cell,548,0.0,88,10_60296002_60296304,5903,Psap,0.0
850983,5621,Brain_Myeloid_microglial_cell,548,0.0,584,10_60296002_60296304,5903,Psap,0.0
850984,5622,Brain_Myeloid_microglial_cell,548,0.0,436,10_60296002_60296304,5903,Psap,0.0
850985,5623,Brain_Myeloid_microglial_cell,548,0.0,92,10_60296002_60296304,5903,Psap,0.0
850986,5624,Brain_Myeloid_microglial_cell,548,0.0,426,10_60296002_60296304,5903,Psap,0.0
850987,5625,Brain_Myeloid_microglial_cell,548,0.0,895,10_60296002_60296304,5903,Psap,0.0
850988,5626,Brain_Myeloid_microglial_cell,548,0.0,180,10_60296002_60296304,5903,Psap,0.0
850989,5627,Brain_Myeloid_microglial_cell,548,0.0,713,10_60296002_60296304,5903,Psap,0.0
850990,5628,Brain_Myeloid_microglial_cell,548,0.0,585,10_60296002_60296304,5903,Psap,0.0
850991,5629,Brain_Myeloid_microglial_cell,548,0.0,340,10_60296002_60296304,5903,Psap,0.0
850992,5630,Brain_Myeloid_microglial_cell,548,0.0,118,10_60296002_60296304,5903,Psap,0.0
850993,5631,Brain_Myeloid_microglial_cell,548,0.0,1138,10_60296002_60296304,5903,Psap,0.0
850994,5632,Brain_Myeloid_microglial_cell,548,0.0,157,10_60296002_60296304,5903,Psap,0.0
850995,5634,Brain_Myeloid_microglial_cell,548,0.0,218,10_60296002_60296304,5903,Psap,0.0
850996,5635,Brain_Myeloid_microglial_cell,548,0.0,78,10_60296002_60296304,5903,Psap,0.0
850997,5637,Brain_Myeloid_microglial_cell,548,0.0,1560,10_60296002_60296304,5903,Psap,0.0
850998,5638,Brain_Myeloid_microglial_cell,548,0.0,143,10_60296002_60296304,5903,Psap,0.0
850999,5639,Brain_Myeloid_microglial_cell,548,0.0,403,10_60296002_60296304,5903,Psap,0.0
851000,5640,Brain_Myeloid_microglial_cell,548,0.0,178,10_60296002_60296304,5903,Psap,0.0
851001,5641,Brain_Myeloid_microglial_cell,548,0.0,169,10_60296002_60296304,5903,Psap,0.0
851002,5642,Brain_Myeloid_microglial_cell,548,0.0,387,10_60296002_60296304,5903,Psap,0.0
851003,5643,Brain_Myeloid_microglial_cell,548,0.0,378,10_60296002_60296304,5903,Psap,0.0
851004,5644,Brain_Myeloid_microglial_cell,548,0.0,232,10_60296002_60296304,5903,Psap,0.0
851005,5645,Brain_Myeloid_microglial_cell,548,0.0,617,10_60296002_60296304,5903,Psap,0.0
851006,5646,Brain_Myeloid_microglial_cell,548,0.0,385,10_60296002_60296304,5903,Psap,0.0
851007,5647,Brain_Myeloid_microglial_cell,548,0.0,107,10_60296002_60296304,5903,Psap,0.0
851008,5648,Brain_Myeloid_microglial_cell,548,0.0,242,10_60296002_60296304,5903,Psap,0.0
851009,5649,Brain_Myeloid_microglial_cell,548,0.0,95,10_60296002_60296304,5903,Psap,0.0
851010,5650,Brain_Myeloid_microglial_cell,548,0.0,234,10_60296002_60296304,5903,Psap,0.0
851011,5651,Brain_Myeloid_microglial_cell,548,0.0,38,10_60296002_60296304,5903,Psap,0.0
851012,5652,Brain_Myeloid_microglial_cell,548,0.0,608,10_60296002_60296304,5903,Psap,0.0
851013,5653,Brain_Myeloid_microglial_cell,548,0.0,119,10_60296002_60296304,5903,Psap,0.0
851014,5654,Brain_Myeloid_microglial_cell,548,0.0,230,10_60296002_60296304,5903,Psap,0.0
851015,5655,Brain_Myeloid_microglial_cell,548,0.0,646,10_60296002_60296304,5903,Psap,0.0
851016,5656,Brain_Myeloid_microglial_cell,548,0.0,198,10_60296002_60296304,5903,Psap,0.0
851017,5657,Brain_Myeloid_microglial_cell,548,0.0,234,10_60296002_60296304,5903,Psap,0.0
851018,5658,Brain_Myeloid_microglial_cell,548,0.0,144,10_60296002_60296304,5903,Psap,0.0
851019,5659,Brain_Myeloid_microglial_cell,548,0.0,55,10_60296002_60296304,5903,Psap,0.0
851020,5660,Brain_Myeloid_microglial_cell,548,0.0,442,10_60296002_60296304,5903,Psap,0.0
851021,5661,Brain_Myeloid_microglial_cell,548,0.0,68,10_60296002_60296304,5903,Psap,0.0
851022,5662,Brain_Myeloid_microglial_cell,548,0.0,186,10_60296002_60296304,5903,Psap,0.0
851023,5663,Brain_Myeloid_microglial_cell,548,0.0,463,10_60296002_60296304,5903,Psap,0.0
851024,5664,Brain_Myeloid_microglial_cell,548,0.0,584,10_60296002_60296304,5903,Psap,0.0
851025,5665,Brain_Myeloid_microglial_cell,548,0.0,433,10_60296002_60296304,5903,Psap,0.0
851026,5666,Brain_Myeloid_microglial_cell,548,0.0,297,10_60296002_60296304,5903,Psap,0.0
851027,5667,Brain_Myeloid_microglial_cell,548,0.0,281,10_60296002_60296304,5903,Psap,0.0
851028,5668,Brain_Myeloid_microglial_cell,548,0.0,201,10_60296002_60296304,5903,Psap,0.0
851029,5669,Brain_Myeloid_microglial_cell,548,0.0,1099,10_60296002_60296304,5903,Psap,0.0
851030,5670,Brain_Myeloid_microglial_cell,548,0.0,525,10_60296002_60296304,5903,Psap,0.0
851031,5671,Brain_Myeloid_microglial_cell,548,0.0,136,10_60296002_60296304,5903,Psap,0.0
851032,5672,Brain_Myeloid_microglial_cell,548,0.0,2,10_60296002_60296304,5903,Psap,0.0
851033,5673,Brain_Myeloid_microglial_cell,548,0.0,292,10_60296002_60296304,5903,Psap,0.0
851034,5674,Brain_Myeloid_microglial_cell,548,0.0,288,10_60296002_60296304,5903,Psap,0.0
851035,5675,Brain_Myeloid_microglial_cell,548,0.0,62,10_60296002_60296304,5903,Psap,0.0
851036,5676,Brain_Myeloid_microglial_cell,548,0.0,444,10_60296002_60296304,5903,Psap,0.0
851037,5677,Brain_Myeloid_microglial_cell,548,0.0,1330,10_60296002_60296304,5903,Psap,0.0
851038,5678,Brain_Myeloid_microglial_cell,548,0.0,401,10_60296002_60296304,5903,Psap,0.0
851039,5679,Brain_Myeloid_microglial_cell,548,0.0,150,10_60296002_60296304,5903,Psap,0.0
851040,5680,Brain_Myeloid_microglial_cell,548,0.0,504,10_60296002_60296304,5903,Psap,0.0
851041,5681,Brain_Myeloid_microglial_cell,548,0.0,337,10_60296002_60296304,5903,Psap,0.0
851042,5682,Brain_Myeloid_microglial_cell,548,0.0,171,10_60296002_60296304,5903,Psap,0.0
851043,5683,Brain_Myeloid_microglial_cell,548,0.0,69,10_60296002_60296304,5903,Psap,0.0
851044,5684,Brain_Myeloid_microglial_cell,548,0.0,1164,10_60296002_60296304,5903,Psap,0.0
851045,5685,Brain_Myeloid_microglial_cell,548,0.0,203,10_60296002_60296304,5903,Psap,0.0
851046,5686,Brain_Myeloid_microglial_cell,548,0.0,454,10_60296002_60296304,5903,Psap,0.0
851047,5687,Brain_Myeloid_microglial_cell,548,0.0,327,10_60296002_60296304,5903,Psap,0.0
851048,5688,Brain_Myeloid_microglial_cell,548,0.0,174,10_60296002_60296304,5903,Psap,0.0
851049,5689,Brain_Myeloid_microglial_cell,548,0.0,251,10_60296002_60296304,5903,Psap,0.0
851050,5690,Brain_Myeloid_microglial_cell,548,0.0,592,10_60296002_60296304,5903,Psap,0.0
851051,5691,Brain_Myeloid_microglial_cell,548,0.0,260,10_60296002_60296304,5903,Psap,0.0
851052,5692,Brain_Myeloid_microglial_cell,548,0.0,275,10_60296002_60296304,5903,Psap,0.0
851053,5693,Brain_Myeloid_microglial_cell,548,0.0,184,10_60296002_60296304,5903,Psap,0.0
851054,5694,Brain_Myeloid_microglial_cell,548,0.0,306,10_60296002_60296304,5903,Psap,0.0
851055,5695,Brain_Myeloid_microglial_cell,548,0.0,364,10_60296002_60296304,5903,Psap,0.0
851056,5696,Brain_Myeloid_microglial_cell,548,0.0,53,10_60296002_60296304,5903,Psap,0.0
851057,5697,Brain_Myeloid_microglial_cell,548,0.0,155,10_60296002_60296304,5903,Psap,0.0
851058,5698,Brain_Myeloid_microglial_cell,548,0.0,680,10_60296002_60296304,5903,Psap,0.0
851059,5699,Brain_Myeloid_microglial_cell,548,0.0,269,10_60296002_60296304,5903,Psap,0.0
851060,5700,Brain_Myeloid_microglial_cell,548,0.0,175,10_60296002_60296304,5903,Psap,0.0
851061,5701,Brain_Myeloid_microglial_cell,548,0.0,194,10_60296002_60296304,5903,Psap,0.0
851062,5702,Brain_Myeloid_microglial_cell,548,0.0,112,10_60296002_60296304,5903,Psap,0.0
851063,5703,Brain_Myeloid_microglial_cell,548,0.0,58,10_60296002_60296304,5903,Psap,0.0
851064,5704,Brain_Myeloid_microglial_cell,548,0.0,269,10_60296002_60296304,5903,Psap,0.0
851065,5705,Brain_Myeloid_microglial_cell,548,0.0,109,10_60296002_60296304,5903,Psap,0.0
851066,5706,Brain_Myeloid_microglial_cell,548,0.0,141,10_60296002_60296304,5903,Psap,0.0
851067,5707,Brain_Myeloid_microglial_cell,548,0.0,661,10_60296002_60296304,5903,Psap,0.0
851068,5708,Brain_Myeloid_microglial_cell,548,0.0,352,10_60296002_60296304,5903,Psap,0.0
851069,5710,Brain_Myeloid_microglial_cell,548,0.0,123,10_60296002_60296304,5903,Psap,0.0
851070,5711,Brain_Myeloid_microglial_cell,548,0.0,507,10_60296002_60296304,5903,Psap,0.0
851071,5712,Brain_Myeloid_microglial_cell,548,0.0,696,10_60296002_60296304,5903,Psap,0.0
851072,5713,Brain_Myeloid_microglial_cell,548,0.0,238,10_60296002_60296304,5903,Psap,0.0
851073,5714,Brain_Myeloid_microglial_cell,548,0.0,668,10_60296002_60296304,5903,Psap,0.0
851074,5715,Brain_Myeloid_microglial_cell,548,0.0,328,10_60296002_60296304,5903,Psap,0.0
851075,5716,Brain_Myeloid_microglial_cell,548,0.0,298,10_60296002_60296304,5903,Psap,0.0
851076,5717,Brain_Myeloid_microglial_cell,548,0.0,427,10_60296002_60296304,5903,Psap,0.0
851077,5718,Brain_Myeloid_microglial_cell,548,0.0,302,10_60296002_60296304,5903,Psap,0.0
851078,5719,Brain_Myeloid_microglial_cell,548,0.0,137,10_60296002_60296304,5903,Psap,0.0
851079,5720,Brain_Myeloid_microglial_cell,548,0.0,629,10_60296002_60296304,5903,Psap,0.0
851080,5721,Brain_Myeloid_microglial_cell,548,0.0,115,10_60296002_60296304,5903,Psap,0.0
851081,5723,Brain_Myeloid_microglial_cell,548,0.0,161,10_60296002_60296304,5903,Psap,0.0
851082,5724,Brain_Myeloid_microglial_cell,548,0.0,253,10_60296002_60296304,5903,Psap,0.0
851083,5725,Brain_Myeloid_microglial_cell,548,0.0,176,10_60296002_60296304,5903,Psap,0.0
851084,5726,Brain_Myeloid_microglial_cell,548,0.0,66,10_60296002_60296304,5903,Psap,0.0
851085,5727,Brain_Myeloid_microglial_cell,548,0.0,1195,10_60296002_60296304,5903,Psap,0.0
851086,5728,Brain_Myeloid_microglial_cell,548,0.0,185,10_60296002_60296304,5903,Psap,0.0
851087,5730,Brain_Myeloid_microglial_cell,548,0.0,139,10_60296002_60296304,5903,Psap,0.0
851088,5731,Brain_Myeloid_microglial_cell,548,0.0,343,10_60296002_60296304,5903,Psap,0.0
851089,5732,Brain_Myeloid_microglial_cell,548,0.0,82,10_60296002_60296304,5903,Psap,0.0
851090,5734,Brain_Myeloid_microglial_cell,548,0.0,140,10_60296002_60296304,5903,Psap,0.0
851091,5735,Brain_Myeloid_microglial_cell,548,0.0,707,10_60296002_60296304,5903,Psap,0.0
851092,5736,Brain_Myeloid_microglial_cell,548,0.0,320,10_60296002_60296304,5903,Psap,0.0
851093,5737,Brain_Myeloid_microglial_cell,548,0.0,50,10_60296002_60296304,5903,Psap,0.0
851094,5738,Brain_Myeloid_microglial_cell,548,0.0,377,10_60296002_60296304,5903,Psap,0.0
851095,5739,Brain_Myeloid_microglial_cell,548,0.0,216,10_60296002_60296304,5903,Psap,0.0
851096,5740,Brain_Myeloid_microglial_cell,548,0.0,303,10_60296002_60296304,5903,Psap,0.0
851097,5741,Brain_Myeloid_microglial_cell,548,0.0,81,10_60296002_60296304,5903,Psap,0.0
851098,5742,Brain_Myeloid_microglial_cell,548,0.0,223,10_60296002_60296304,5903,Psap,0.0
851099,5743,Brain_Myeloid_microglial_cell,548,0.0,111,10_60296002_60296304,5903,Psap,0.0
851100,5745,Brain_Myeloid_microglial_cell,548,0.0,465,10_60296002_60296304,5903,Psap,0.0
851101,5746,Brain_Myeloid_microglial_cell,548,0.0,58,10_60296002_60296304,5903,Psap,0.0
851102,5747,Brain_Myeloid_microglial_cell,548,0.0,256,10_60296002_60296304,5903,Psap,0.0
851103,5748,Brain_Myeloid_microglial_cell,548,0.0,756,10_60296002_60296304,5903,Psap,0.0
851104,5749,Brain_Myeloid_microglial_cell,548,0.0,236,10_60296002_60296304,5903,Psap,0.0
851105,5750,Brain_Myeloid_microglial_cell,548,0.0,187,10_60296002_60296304,5903,Psap,0.0
851106,5751,Brain_Myeloid_microglial_cell,548,0.0,965,10_60296002_60296304,5903,Psap,0.0
851107,5752,Brain_Myeloid_microglial_cell,548,0.0,123,10_60296002_60296304,5903,Psap,0.0
851108,5753,Brain_Myeloid_microglial_cell,548,0.0,374,10_60296002_60296304,5903,Psap,0.0
851109,5754,Brain_Myeloid_microglial_cell,548,0.0,187,10_60296002_60296304,5903,Psap,0.0
851110,5755,Brain_Myeloid_microglial_cell,548,0.0,242,10_60296002_60296304,5903,Psap,0.0
851111,5756,Brain_Myeloid_microglial_cell,548,0.0,961,10_60296002_60296304,5903,Psap,0.0
851112,5757,Brain_Myeloid_microglial_cell,548,0.0,222,10_60296002_60296304,5903,Psap,0.0
851113,5758,Brain_Myeloid_microglial_cell,548,0.0,309,10_60296002_60296304,5903,Psap,0.0
851114,5759,Brain_Myeloid_microglial_cell,548,0.0,446,10_60296002_60296304,5903,Psap,0.0
851115,5760,Brain_Myeloid_microglial_cell,548,0.0,333,10_60296002_60296304,5903,Psap,0.0
851116,5761,Brain_Myeloid_microglial_cell,548,0.0,1012,10_60296002_60296304,5903,Psap,0.0
851117,5762,Brain_Myeloid_microglial_cell,548,0.0,133,10_60296002_60296304,5903,Psap,0.0
851118,5763,Brain_Myeloid_microglial_cell,548,0.0,1096,10_60296002_60296304,5903,Psap,0.0
851119,5764,Brain_Myeloid_microglial_cell,548,0.0,273,10_60296002_60296304,5903,Psap,0.0
851120,5765,Brain_Myeloid_microglial_cell,548,0.0,106,10_60296002_60296304,5903,Psap,0.0
851121,5766,Brain_Myeloid_microglial_cell,548,0.0,761,10_60296002_60296304,5903,Psap,0.0
851122,5767,Brain_Myeloid_microglial_cell,548,0.0,240,10_60296002_60296304,5903,Psap,0.0
851123,5768,Brain_Myeloid_microglial_cell,548,0.0,140,10_60296002_60296304,5903,Psap,0.0
851124,5769,Brain_Myeloid_microglial_cell,548,0.0,122,10_60296002_60296304,5903,Psap,0.0
851125,5770,Brain_Myeloid_microglial_cell,548,0.0,396,10_60296002_60296304,5903,Psap,0.0
851126,5771,Brain_Myeloid_microglial_cell,548,0.0,292,10_60296002_60296304,5903,Psap,0.0
851127,5772,Brain_Myeloid_microglial_cell,548,0.0,353,10_60296002_60296304,5903,Psap,0.0
851128,5773,Brain_Myeloid_microglial_cell,548,0.0,357,10_60296002_60296304,5903,Psap,0.0
851129,5774,Brain_Myeloid_microglial_cell,548,0.0,316,10_60296002_60296304,5903,Psap,0.0
851130,5775,Brain_Myeloid_microglial_cell,548,0.0,387,10_60296002_60296304,5903,Psap,0.0
851131,5776,Brain_Myeloid_microglial_cell,548,0.0,101,10_60296002_60296304,5903,Psap,0.0
851132,5777,Brain_Myeloid_microglial_cell,548,0.0,106,10_60296002_60296304,5903,Psap,0.0
851133,5778,Brain_Myeloid_microglial_cell,548,0.0,562,10_60296002_60296304,5903,Psap,0.0
851134,5779,Brain_Myeloid_microglial_cell,548,0.0,265,10_60296002_60296304,5903,Psap,0.0
851135,5780,Brain_Myeloid_microglial_cell,548,0.0,173,10_60296002_60296304,5903,Psap,0.0
851136,5781,Brain_Myeloid_microglial_cell,548,0.0,275,10_60296002_60296304,5903,Psap,0.0
851137,5782,Brain_Myeloid_microglial_cell,548,0.0,180,10_60296002_60296304,5903,Psap,0.0
851138,5783,Brain_Myeloid_microglial_cell,548,0.0,56,10_60296002_60296304,5903,Psap,0.0
851139,5784,Brain_Myeloid_microglial_cell,548,0.0,74,10_60296002_60296304,5903,Psap,0.0
851140,5785,Brain_Myeloid_microglial_cell,548,0.0,181,10_60296002_60296304,5903,Psap,0.0
851141,5786,Brain_Myeloid_microglial_cell,548,0.0,129,10_60296002_60296304,5903,Psap,0.0
851142,5787,Brain_Myeloid_microglial_cell,548,0.0,215,10_60296002_60296304,5903,Psap,0.0
851143,5788,Brain_Myeloid_microglial_cell,548,0.0,277,10_60296002_60296304,5903,Psap,0.0
851144,5789,Brain_Myeloid_microglial_cell,548,0.0,132,10_60296002_60296304,5903,Psap,0.0
851145,5790,Brain_Myeloid_microglial_cell,548,0.0,403,10_60296002_60296304,5903,Psap,0.0
851146,5791,Brain_Myeloid_microglial_cell,548,0.0,349,10_60296002_60296304,5903,Psap,0.0
851147,5792,Brain_Myeloid_microglial_cell,548,0.0,81,10_60296002_60296304,5903,Psap,0.0
851148,5793,Brain_Myeloid_microglial_cell,548,0.0,459,10_60296002_60296304,5903,Psap,0.0
851149,5794,Brain_Myeloid_microglial_cell,548,0.0,8,10_60296002_60296304,5903,Psap,0.0
851150,5795,Brain_Myeloid_microglial_cell,548,0.0,623,10_60296002_60296304,5903,Psap,0.0
851151,5796,Brain_Myeloid_microglial_cell,548,0.0,35,10_60296002_60296304,5903,Psap,0.0
851152,5797,Brain_Myeloid_microglial_cell,548,0.0,239,10_60296002_60296304,5903,Psap,0.0
851153,5798,Brain_Myeloid_microglial_cell,548,0.0,189,10_60296002_60296304,5903,Psap,0.0
851154,5799,Brain_Myeloid_microglial_cell,548,0.0,268,10_60296002_60296304,5903,Psap,0.0
851155,5800,Brain_Myeloid_microglial_cell,548,0.0,200,10_60296002_60296304,5903,Psap,0.0
851156,5801,Brain_Myeloid_microglial_cell,548,0.0,280,10_60296002_60296304,5903,Psap,0.0
851157,5802,Brain_Myeloid_microglial_cell,548,0.0,347,10_60296002_60296304,5903,Psap,0.0
851158,5803,Brain_Myeloid_microglial_cell,548,0.0,232,10_60296002_60296304,5903,Psap,0.0
851159,5804,Brain_Myeloid_microglial_cell,548,0.0,822,10_60296002_60296304,5903,Psap,0.0
851160,5805,Brain_Myeloid_microglial_cell,548,0.0,474,10_60296002_60296304,5903,Psap,0.0
851161,5806,Brain_Myeloid_microglial_cell,548,0.0,2152,10_60296002_60296304,5903,Psap,0.0
851162,5807,Brain_Myeloid_microglial_cell,548,0.0,802,10_60296002_60296304,5903,Psap,0.0
851163,5808,Brain_Myeloid_microglial_cell,548,0.0,103,10_60296002_60296304,5903,Psap,0.0
851164,5809,Brain_Myeloid_microglial_cell,548,0.0,27,10_60296002_60296304,5903,Psap,0.0
851165,5810,Brain_Myeloid_microglial_cell,548,0.0,202,10_60296002_60296304,5903,Psap,0.0
851166,5811,Brain_Myeloid_microglial_cell,548,0.0,126,10_60296002_60296304,5903,Psap,0.0
851167,5812,Brain_Myeloid_microglial_cell,548,0.0,1011,10_60296002_60296304,5903,Psap,0.0
851168,5813,Brain_Myeloid_microglial_cell,548,0.0,413,10_60296002_60296304,5903,Psap,0.0
851169,5814,Brain_Myeloid_microglial_cell,548,0.0,261,10_60296002_60296304,5903,Psap,0.0
851170,5815,Brain_Myeloid_microglial_cell,548,0.0,199,10_60296002_60296304,5903,Psap,0.0
851171,5816,Brain_Myeloid_microglial_cell,548,0.0,501,10_60296002_60296304,5903,Psap,0.0
851172,5817,Brain_Myeloid_microglial_cell,548,0.0,853,10_60296002_60296304,5903,Psap,0.0
851173,5818,Brain_Myeloid_microglial_cell,548,0.0,246,10_60296002_60296304,5903,Psap,0.0
851174,5819,Brain_Myeloid_microglial_cell,548,0.0,623,10_60296002_60296304,5903,Psap,0.0
851175,5820,Brain_Myeloid_microglial_cell,548,0.0,688,10_60296002_60296304,5903,Psap,0.0
851176,5821,Brain_Myeloid_microglial_cell,548,0.0,540,10_60296002_60296304,5903,Psap,0.0
851177,5822,Brain_Myeloid_microglial_cell,548,0.0,189,10_60296002_60296304,5903,Psap,0.0
851178,5823,Brain_Myeloid_microglial_cell,548,0.0,91,10_60296002_60296304,5903,Psap,0.0
851179,5824,Brain_Myeloid_microglial_cell,548,0.0,606,10_60296002_60296304,5903,Psap,0.0
851180,5825,Brain_Myeloid_microglial_cell,548,0.0,179,10_60296002_60296304,5903,Psap,0.0
851181,5826,Brain_Myeloid_microglial_cell,548,0.0,133,10_60296002_60296304,5903,Psap,0.0
851182,5827,Brain_Myeloid_microglial_cell,548,0.0,1759,10_60296002_60296304,5903,Psap,0.0
851183,5828,Brain_Myeloid_microglial_cell,548,0.0,371,10_60296002_60296304,5903,Psap,0.0
851184,5829,Brain_Myeloid_microglial_cell,548,0.0,136,10_60296002_60296304,5903,Psap,0.0
851185,5830,Brain_Myeloid_microglial_cell,548,0.0,342,10_60296002_60296304,5903,Psap,0.0
851186,5831,Brain_Myeloid_microglial_cell,548,0.0,541,10_60296002_60296304,5903,Psap,0.0
851187,5834,Brain_Myeloid_microglial_cell,548,0.0,506,10_60296002_60296304,5903,Psap,0.0
851188,5835,Brain_Myeloid_microglial_cell,548,0.0,157,10_60296002_60296304,5903,Psap,0.0
851189,5836,Brain_Myeloid_microglial_cell,548,0.0,1554,10_60296002_60296304,5903,Psap,0.0
851190,5837,Brain_Myeloid_microglial_cell,548,0.0,1405,10_60296002_60296304,5903,Psap,0.0
851191,5838,Brain_Myeloid_microglial_cell,548,0.0,122,10_60296002_60296304,5903,Psap,0.0
851192,5839,Brain_Myeloid_microglial_cell,548,0.0,340,10_60296002_60296304,5903,Psap,0.0
851193,5840,Brain_Myeloid_microglial_cell,548,0.0,1372,10_60296002_60296304,5903,Psap,0.0
851194,5842,Brain_Myeloid_microglial_cell,548,0.0,452,10_60296002_60296304,5903,Psap,0.0
851195,5843,Brain_Myeloid_microglial_cell,548,0.0,1038,10_60296002_60296304,5903,Psap,0.0
851196,5844,Brain_Myeloid_microglial_cell,548,0.0,666,10_60296002_60296304,5903,Psap,0.0
851197,5845,Brain_Myeloid_microglial_cell,548,0.0,129,10_60296002_60296304,5903,Psap,0.0
851198,5846,Brain_Myeloid_microglial_cell,548,0.0,476,10_60296002_60296304,5903,Psap,0.0
851199,5847,Brain_Myeloid_microglial_cell,548,0.0,224,10_60296002_60296304,5903,Psap,0.0
851200,5848,Brain_Myeloid_microglial_cell,548,0.0,193,10_60296002_60296304,5903,Psap,0.0
851201,5849,Brain_Myeloid_microglial_cell,548,0.0,129,10_60296002_60296304,5903,Psap,0.0
851202,5850,Brain_Myeloid_microglial_cell,548,0.0,871,10_60296002_60296304,5903,Psap,0.0
851203,5851,Brain_Myeloid_microglial_cell,548,0.0,353,10_60296002_60296304,5903,Psap,0.0
851204,5852,Brain_Myeloid_microglial_cell,548,0.0,310,10_60296002_60296304,5903,Psap,0.0
851205,5853,Brain_Myeloid_microglial_cell,548,0.0,570,10_60296002_60296304,5903,Psap,0.0
851206,5854,Brain_Myeloid_microglial_cell,548,0.0,228,10_60296002_60296304,5903,Psap,0.0
851207,5855,Brain_Myeloid_microglial_cell,548,0.0,55,10_60296002_60296304,5903,Psap,0.0
851208,5856,Brain_Myeloid_microglial_cell,548,0.0,636,10_60296002_60296304,5903,Psap,0.0
851209,5857,Brain_Myeloid_microglial_cell,548,0.0,418,10_60296002_60296304,5903,Psap,0.0
851210,5858,Brain_Myeloid_microglial_cell,548,0.0,179,10_60296002_60296304,5903,Psap,0.0
851211,5859,Brain_Myeloid_microglial_cell,548,0.0,1187,10_60296002_60296304,5903,Psap,0.0
851212,5860,Brain_Myeloid_microglial_cell,548,0.0,223,10_60296002_60296304,5903,Psap,0.0
851213,5861,Brain_Myeloid_microglial_cell,548,0.0,118,10_60296002_60296304,5903,Psap,0.0
851214,5862,Brain_Myeloid_microglial_cell,548,0.0,676,10_60296002_60296304,5903,Psap,0.0
851215,5863,Brain_Myeloid_microglial_cell,548,0.0,183,10_60296002_60296304,5903,Psap,0.0
851216,5864,Brain_Myeloid_microglial_cell,548,0.0,526,10_60296002_60296304,5903,Psap,0.0
851217,5865,Brain_Myeloid_microglial_cell,548,0.0,344,10_60296002_60296304,5903,Psap,0.0
851218,5866,Brain_Myeloid_microglial_cell,548,0.0,243,10_60296002_60296304,5903,Psap,0.0
851219,5867,Brain_Myeloid_microglial_cell,548,0.0,564,10_60296002_60296304,5903,Psap,0.0
851220,5868,Brain_Myeloid_microglial_cell,548,0.0,379,10_60296002_60296304,5903,Psap,0.0
851221,5869,Brain_Myeloid_microglial_cell,548,0.0,218,10_60296002_60296304,5903,Psap,0.0
851222,5870,Brain_Myeloid_microglial_cell,548,0.0,377,10_60296002_60296304,5903,Psap,0.0
851223,5871,Brain_Myeloid_microglial_cell,548,0.0,214,10_60296002_60296304,5903,Psap,0.0
851224,5872,Brain_Myeloid_microglial_cell,548,0.0,110,10_60296002_60296304,5903,Psap,0.0
851225,5873,Brain_Myeloid_microglial_cell,548,0.0,1563,10_60296002_60296304,5903,Psap,0.0
851226,5874,Brain_Myeloid_microglial_cell,548,0.0,135,10_60296002_60296304,5903,Psap,0.0
851227,5875,Brain_Myeloid_microglial_cell,548,0.0,171,10_60296002_60296304,5903,Psap,0.0
851228,5876,Brain_Myeloid_microglial_cell,548,0.0,115,10_60296002_60296304,5903,Psap,0.0
851229,5877,Brain_Myeloid_microglial_cell,548,0.0,100,10_60296002_60296304,5903,Psap,0.0
851230,5878,Brain_Myeloid_microglial_cell,548,0.0,479,10_60296002_60296304,5903,Psap,0.0
851231,5879,Brain_Myeloid_microglial_cell,548,0.0,228,10_60296002_60296304,5903,Psap,0.0
851232,5880,Brain_Myeloid_microglial_cell,548,0.0,199,10_60296002_60296304,5903,Psap,0.0
851233,5881,Brain_Myeloid_microglial_cell,548,0.0,789,10_60296002_60296304,5903,Psap,0.0
851234,5882,Brain_Myeloid_microglial_cell,548,0.0,98,10_60296002_60296304,5903,Psap,0.0
851235,5883,Brain_Myeloid_microglial_cell,548,0.0,634,10_60296002_60296304,5903,Psap,0.0
851236,5884,Brain_Myeloid_microglial_cell,548,0.0,968,10_60296002_60296304,5903,Psap,0.0
851237,5885,Brain_Myeloid_microglial_cell,548,0.0,57,10_60296002_60296304,5903,Psap,0.0
851238,5886,Brain_Myeloid_microglial_cell,548,0.0,233,10_60296002_60296304,5903,Psap,0.0
851239,5887,Brain_Myeloid_microglial_cell,548,0.0,223,10_60296002_60296304,5903,Psap,0.0
851240,5888,Brain_Myeloid_microglial_cell,548,0.0,591,10_60296002_60296304,5903,Psap,0.0
851241,5889,Brain_Myeloid_microglial_cell,548,0.0,616,10_60296002_60296304,5903,Psap,0.0
851242,5890,Brain_Myeloid_microglial_cell,548,0.0,180,10_60296002_60296304,5903,Psap,0.0
851243,5891,Brain_Myeloid_microglial_cell,548,0.0,1020,10_60296002_60296304,5903,Psap,0.0
851244,5892,Brain_Myeloid_microglial_cell,548,0.0,305,10_60296002_60296304,5903,Psap,0.0
851245,5893,Brain_Myeloid_microglial_cell,548,0.0,110,10_60296002_60296304,5903,Psap,0.0
851246,5894,Brain_Myeloid_microglial_cell,548,0.0,329,10_60296002_60296304,5903,Psap,0.0
851247,5895,Brain_Myeloid_microglial_cell,548,0.0,154,10_60296002_60296304,5903,Psap,0.0
851248,5896,Brain_Myeloid_microglial_cell,548,0.0,724,10_60296002_60296304,5903,Psap,0.0
851249,5897,Brain_Myeloid_microglial_cell,548,0.0,248,10_60296002_60296304,5903,Psap,0.0
851250,5898,Brain_Myeloid_microglial_cell,548,0.0,49,10_60296002_60296304,5903,Psap,0.0
851251,5899,Brain_Myeloid_microglial_cell,548,0.0,806,10_60296002_60296304,5903,Psap,0.0
851252,5900,Brain_Myeloid_microglial_cell,548,0.0,421,10_60296002_60296304,5903,Psap,0.0
851253,5901,Brain_Myeloid_microglial_cell,548,0.0,160,10_60296002_60296304,5903,Psap,0.0
851254,5902,Brain_Myeloid_microglial_cell,548,0.0,1355,10_60296002_60296304,5903,Psap,0.0
851255,5903,Brain_Myeloid_microglial_cell,548,0.0,432,10_60296002_60296304,5903,Psap,0.0
851256,5904,Brain_Myeloid_microglial_cell,548,0.0,289,10_60296002_60296304,5903,Psap,0.0
851257,5905,Brain_Myeloid_microglial_cell,548,0.0,871,10_60296002_60296304,5903,Psap,0.0
851258,5906,Brain_Myeloid_microglial_cell,548,0.0,374,10_60296002_60296304,5903,Psap,0.0
851259,5907,Brain_Myeloid_microglial_cell,548,0.0,222,10_60296002_60296304,5903,Psap,0.0
851260,5908,Brain_Myeloid_microglial_cell,548,0.0,481,10_60296002_60296304,5903,Psap,0.0
851261,5909,Brain_Myeloid_microglial_cell,548,0.0,207,10_60296002_60296304,5903,Psap,0.0
851262,5910,Brain_Myeloid_microglial_cell,548,0.0,796,10_60296002_60296304,5903,Psap,0.0
851263,5911,Brain_Myeloid_microglial_cell,548,0.0,370,10_60296002_60296304,5903,Psap,0.0
851264,5912,Brain_Myeloid_microglial_cell,548,0.0,87,10_60296002_60296304,5903,Psap,0.0
851265,5913,Brain_Myeloid_microglial_cell,548,0.0,370,10_60296002_60296304,5903,Psap,0.0
851266,5914,Brain_Myeloid_microglial_cell,548,0.0,410,10_60296002_60296304,5903,Psap,0.0
851267,5915,Brain_Myeloid_microglial_cell,548,0.0,200,10_60296002_60296304,5903,Psap,0.0
851268,5916,Brain_Myeloid_microglial_cell,548,0.0,1069,10_60296002_60296304,5903,Psap,0.0
851269,5917,Brain_Myeloid_microglial_cell,548,0.0,732,10_60296002_60296304,5903,Psap,0.0
851270,5918,Brain_Myeloid_microglial_cell,548,0.0,275,10_60296002_60296304,5903,Psap,0.0
851271,5919,Brain_Myeloid_microglial_cell,548,0.0,179,10_60296002_60296304,5903,Psap,0.0
851272,5920,Brain_Myeloid_microglial_cell,548,0.0,556,10_60296002_60296304,5903,Psap,0.0
851273,5921,Brain_Myeloid_microglial_cell,548,0.0,351,10_60296002_60296304,5903,Psap,0.0
851274,5922,Brain_Myeloid_microglial_cell,548,0.0,225,10_60296002_60296304,5903,Psap,0.0
851275,5923,Brain_Myeloid_microglial_cell,548,0.0,365,10_60296002_60296304,5903,Psap,0.0
851276,5924,Brain_Myeloid_microglial_cell,548,0.0,466,10_60296002_60296304,5903,Psap,0.0
851277,5925,Brain_Myeloid_microglial_cell,548,0.0,246,10_60296002_60296304,5903,Psap,0.0
851278,5926,Brain_Myeloid_microglial_cell,548,0.0,308,10_60296002_60296304,5903,Psap,0.0
851279,5927,Brain_Myeloid_microglial_cell,548,0.0,626,10_60296002_60296304,5903,Psap,0.0
851280,5928,Brain_Myeloid_microglial_cell,548,0.0,607,10_60296002_60296304,5903,Psap,0.0
851281,5931,Brain_Myeloid_microglial_cell,548,0.0,63,10_60296002_60296304,5903,Psap,0.0
851282,5933,Brain_Myeloid_microglial_cell,548,0.0,2493,10_60296002_60296304,5903,Psap,0.0
851283,5934,Brain_Myeloid_microglial_cell,548,0.0,117,10_60296002_60296304,5903,Psap,0.0
851284,5935,Brain_Myeloid_microglial_cell,548,0.0,120,10_60296002_60296304,5903,Psap,0.0
851285,5936,Brain_Myeloid_microglial_cell,548,0.0,636,10_60296002_60296304,5903,Psap,0.0
851286,5937,Brain_Myeloid_microglial_cell,548,0.0,145,10_60296002_60296304,5903,Psap,0.0
851287,5938,Brain_Myeloid_microglial_cell,548,0.0,185,10_60296002_60296304,5903,Psap,0.0
851288,5939,Brain_Myeloid_microglial_cell,548,0.0,106,10_60296002_60296304,5903,Psap,0.0
851289,5940,Brain_Myeloid_microglial_cell,548,0.0,38,10_60296002_60296304,5903,Psap,0.0
851290,5941,Brain_Myeloid_microglial_cell,548,0.0,500,10_60296002_60296304,5903,Psap,0.0
851291,5942,Brain_Myeloid_microglial_cell,548,0.0,197,10_60296002_60296304,5903,Psap,0.0
851292,5943,Brain_Myeloid_microglial_cell,548,0.0,258,10_60296002_60296304,5903,Psap,0.0
851293,5944,Brain_Myeloid_microglial_cell,548,0.0,54,10_60296002_60296304,5903,Psap,0.0
851294,5945,Brain_Myeloid_microglial_cell,548,0.0,621,10_60296002_60296304,5903,Psap,0.0
851295,5946,Brain_Myeloid_microglial_cell,548,0.0,35,10_60296002_60296304,5903,Psap,0.0
851296,5947,Brain_Myeloid_microglial_cell,548,0.0,169,10_60296002_60296304,5903,Psap,0.0
851297,5948,Brain_Myeloid_microglial_cell,548,0.0,90,10_60296002_60296304,5903,Psap,0.0
851298,5949,Brain_Myeloid_microglial_cell,548,0.0,519,10_60296002_60296304,5903,Psap,0.0
851299,5950,Brain_Myeloid_microglial_cell,548,0.0,67,10_60296002_60296304,5903,Psap,0.0
851300,5951,Brain_Myeloid_microglial_cell,548,0.0,835,10_60296002_60296304,5903,Psap,0.0
851301,5952,Brain_Myeloid_microglial_cell,548,0.0,296,10_60296002_60296304,5903,Psap,0.0
851302,5953,Brain_Myeloid_microglial_cell,548,0.0,323,10_60296002_60296304,5903,Psap,0.0
851303,5954,Brain_Myeloid_microglial_cell,548,0.0,368,10_60296002_60296304,5903,Psap,0.0
851304,5955,Brain_Myeloid_microglial_cell,548,0.0,286,10_60296002_60296304,5903,Psap,0.0
851305,5956,Brain_Myeloid_microglial_cell,548,0.0,1065,10_60296002_60296304,5903,Psap,0.0
851306,5957,Brain_Myeloid_microglial_cell,548,0.0,463,10_60296002_60296304,5903,Psap,0.0
851307,5958,Brain_Myeloid_microglial_cell,548,0.0,164,10_60296002_60296304,5903,Psap,0.0
851308,5959,Brain_Myeloid_microglial_cell,548,0.0,194,10_60296002_60296304,5903,Psap,0.0
851309,5960,Brain_Myeloid_microglial_cell,548,0.0,56,10_60296002_60296304,5903,Psap,0.0
851310,5961,Brain_Myeloid_microglial_cell,548,0.0,845,10_60296002_60296304,5903,Psap,0.0
851311,5962,Brain_Myeloid_microglial_cell,548,0.0,524,10_60296002_60296304,5903,Psap,0.0
851312,5963,Brain_Myeloid_microglial_cell,548,0.0,195,10_60296002_60296304,5903,Psap,0.0
851313,5964,Brain_Myeloid_microglial_cell,548,0.0,182,10_60296002_60296304,5903,Psap,0.0
851314,5965,Brain_Myeloid_microglial_cell,548,0.0,332,10_60296002_60296304,5903,Psap,0.0
851315,5966,Brain_Myeloid_microglial_cell,548,0.0,103,10_60296002_60296304,5903,Psap,0.0
851316,5967,Brain_Myeloid_microglial_cell,548,0.0,3526,10_60296002_60296304,5903,Psap,0.0
851317,5968,Brain_Myeloid_microglial_cell,548,0.0,267,10_60296002_60296304,5903,Psap,0.0
851318,5969,Brain_Myeloid_microglial_cell,548,0.0,2223,10_60296002_60296304,5903,Psap,0.0
851319,5970,Brain_Myeloid_microglial_cell,548,0.0,208,10_60296002_60296304,5903,Psap,0.0
851320,5971,Brain_Myeloid_microglial_cell,548,0.0,390,10_60296002_60296304,5903,Psap,0.0
851321,5972,Brain_Myeloid_microglial_cell,548,0.0,618,10_60296002_60296304,5903,Psap,0.0
851322,5973,Brain_Myeloid_microglial_cell,548,0.0,535,10_60296002_60296304,5903,Psap,0.0
851323,5974,Brain_Myeloid_microglial_cell,548,0.0,257,10_60296002_60296304,5903,Psap,0.0
851324,5975,Brain_Myeloid_microglial_cell,548,0.0,471,10_60296002_60296304,5903,Psap,0.0
851325,5976,Brain_Myeloid_microglial_cell,548,0.0,284,10_60296002_60296304,5903,Psap,0.0
851326,5977,Brain_Myeloid_microglial_cell,548,0.0,49,10_60296002_60296304,5903,Psap,0.0
851327,5978,Brain_Myeloid_microglial_cell,548,0.0,680,10_60296002_60296304,5903,Psap,0.0
851328,5979,Brain_Myeloid_microglial_cell,548,0.0,227,10_60296002_60296304,5903,Psap,0.0
851329,5980,Brain_Myeloid_microglial_cell,548,0.0,315,10_60296002_60296304,5903,Psap,0.0
851330,5981,Brain_Myeloid_microglial_cell,548,0.0,190,10_60296002_60296304,5903,Psap,0.0
851331,5982,Brain_Myeloid_microglial_cell,548,0.0,60,10_60296002_60296304,5903,Psap,0.0
851332,5983,Brain_Myeloid_microglial_cell,548,0.0,385,10_60296002_60296304,5903,Psap,0.0
851333,5984,Brain_Myeloid_microglial_cell,548,0.0,492,10_60296002_60296304,5903,Psap,0.0
851334,5985,Brain_Myeloid_microglial_cell,548,0.0,314,10_60296002_60296304,5903,Psap,0.0
851335,5986,Brain_Myeloid_microglial_cell,548,0.0,391,10_60296002_60296304,5903,Psap,0.0
851336,5987,Brain_Myeloid_microglial_cell,548,0.0,74,10_60296002_60296304,5903,Psap,0.0
851337,5988,Brain_Myeloid_microglial_cell,548,0.0,352,10_60296002_60296304,5903,Psap,0.0
851338,5989,Brain_Myeloid_microglial_cell,548,0.0,582,10_60296002_60296304,5903,Psap,0.0
851339,5990,Brain_Myeloid_microglial_cell,548,0.0,62,10_60296002_60296304,5903,Psap,0.0
851340,5991,Brain_Myeloid_microglial_cell,548,0.0,420,10_60296002_60296304,5903,Psap,0.0
851341,5992,Brain_Myeloid_microglial_cell,548,0.0,471,10_60296002_60296304,5903,Psap,0.0
851342,5993,Brain_Myeloid_microglial_cell,548,0.0,99,10_60296002_60296304,5903,Psap,0.0
851343,5994,Brain_Myeloid_microglial_cell,548,0.0,536,10_60296002_60296304,5903,Psap,0.0
851344,5995,Brain_Myeloid_microglial_cell,548,0.0,216,10_60296002_60296304,5903,Psap,0.0
851345,5996,Brain_Myeloid_microglial_cell,548,0.0,125,10_60296002_60296304,5903,Psap,0.0
851346,5997,Brain_Myeloid_microglial_cell,548,0.0,332,10_60296002_60296304,5903,Psap,0.0
851347,5998,Brain_Myeloid_microglial_cell,548,0.0,312,10_60296002_60296304,5903,Psap,0.0
851348,5999,Brain_Myeloid_microglial_cell,548,0.0,184,10_60296002_60296304,5903,Psap,0.0
851349,6000,Brain_Myeloid_microglial_cell,548,0.0,174,10_60296002_60296304,5903,Psap,0.0
851350,6001,Brain_Myeloid_microglial_cell,548,0.0,75,10_60296002_60296304,5903,Psap,0.0
851351,6002,Brain_Myeloid_microglial_cell,548,0.0,39,10_60296002_60296304,5903,Psap,0.0
851352,6003,Brain_Myeloid_microglial_cell,548,0.0,495,10_60296002_60296304,5903,Psap,0.0
851353,6004,Brain_Myeloid_microglial_cell,548,0.0,234,10_60296002_60296304,5903,Psap,0.0
851354,6005,Brain_Myeloid_microglial_cell,548,0.0,316,10_60296002_60296304,5903,Psap,0.0
851355,6006,Brain_Myeloid_microglial_cell,548,0.0,38,10_60296002_60296304,5903,Psap,0.0
851356,6007,Brain_Myeloid_microglial_cell,548,0.0,310,10_60296002_60296304,5903,Psap,0.0
851357,6008,Brain_Myeloid_microglial_cell,548,0.0,65,10_60296002_60296304,5903,Psap,0.0
851358,6009,Brain_Myeloid_microglial_cell,548,0.0,480,10_60296002_60296304,5903,Psap,0.0
851359,6010,Brain_Myeloid_microglial_cell,548,0.0,226,10_60296002_60296304,5903,Psap,0.0
851360,6011,Brain_Myeloid_microglial_cell,548,0.0,174,10_60296002_60296304,5903,Psap,0.0
851361,6012,Brain_Myeloid_microglial_cell,548,0.0,285,10_60296002_60296304,5903,Psap,0.0
851362,6013,Brain_Myeloid_microglial_cell,548,0.0,600,10_60296002_60296304,5903,Psap,0.0
851363,6014,Brain_Myeloid_microglial_cell,548,0.0,166,10_60296002_60296304,5903,Psap,0.0
851364,6015,Brain_Myeloid_microglial_cell,548,0.0,425,10_60296002_60296304,5903,Psap,0.0
851365,6016,Brain_Myeloid_microglial_cell,548,0.0,41,10_60296002_60296304,5903,Psap,0.0
851366,6017,Brain_Myeloid_microglial_cell,548,0.0,171,10_60296002_60296304,5903,Psap,0.0
851367,6018,Brain_Myeloid_microglial_cell,548,0.0,97,10_60296002_60296304,5903,Psap,0.0
851368,6019,Brain_Myeloid_microglial_cell,548,0.0,43,10_60296002_60296304,5903,Psap,0.0
851369,6020,Brain_Myeloid_microglial_cell,548,0.0,349,10_60296002_60296304,5903,Psap,0.0
851370,6021,Brain_Myeloid_microglial_cell,548,0.0,172,10_60296002_60296304,5903,Psap,0.0
851371,6022,Brain_Myeloid_microglial_cell,548,0.0,370,10_60296002_60296304,5903,Psap,0.0
851372,6023,Brain_Myeloid_microglial_cell,548,0.0,490,10_60296002_60296304,5903,Psap,0.0
851373,6024,Brain_Myeloid_microglial_cell,548,0.0,230,10_60296002_60296304,5903,Psap,0.0
851374,6025,Brain_Myeloid_microglial_cell,548,0.0,618,10_60296002_60296304,5903,Psap,0.0
851375,6026,Brain_Myeloid_microglial_cell,548,0.0,248,10_60296002_60296304,5903,Psap,0.0
851376,6027,Brain_Myeloid_microglial_cell,548,0.0,375,10_60296002_60296304,5903,Psap,0.0
851377,6028,Brain_Myeloid_microglial_cell,548,0.0,677,10_60296002_60296304,5903,Psap,0.0
851378,6029,Brain_Myeloid_microglial_cell,548,0.0,178,10_60296002_60296304,5903,Psap,0.0
851379,6030,Brain_Myeloid_microglial_cell,548,0.0,48,10_60296002_60296304,5903,Psap,0.0
851380,6031,Brain_Myeloid_microglial_cell,548,0.0,360,10_60296002_60296304,5903,Psap,0.0
851381,6034,Brain_Myeloid_microglial_cell,548,0.0,284,10_60296002_60296304,5903,Psap,0.0
851382,6035,Brain_Myeloid_microglial_cell,548,0.0,190,10_60296002_60296304,5903,Psap,0.0
851383,6036,Brain_Myeloid_microglial_cell,548,0.0,599,10_60296002_60296304,5903,Psap,0.0
851384,6037,Brain_Myeloid_microglial_cell,548,0.0,102,10_60296002_60296304,5903,Psap,0.0
851385,6038,Brain_Myeloid_microglial_cell,548,0.0,666,10_60296002_60296304,5903,Psap,0.0
851386,6039,Brain_Myeloid_microglial_cell,548,0.0,275,10_60296002_60296304,5903,Psap,0.0
851387,6040,Brain_Myeloid_microglial_cell,548,0.0,825,10_60296002_60296304,5903,Psap,0.0
851388,6041,Brain_Myeloid_microglial_cell,548,0.0,316,10_60296002_60296304,5903,Psap,0.0
851389,6042,Brain_Myeloid_microglial_cell,548,0.0,210,10_60296002_60296304,5903,Psap,0.0
851390,6043,Brain_Myeloid_microglial_cell,548,0.0,77,10_60296002_60296304,5903,Psap,0.0
851391,6044,Brain_Myeloid_microglial_cell,548,0.0,43,10_60296002_60296304,5903,Psap,0.0
851392,6045,Brain_Myeloid_microglial_cell,548,0.0,293,10_60296002_60296304,5903,Psap,0.0
851393,6046,Brain_Myeloid_microglial_cell,548,0.0,143,10_60296002_60296304,5903,Psap,0.0
851394,6047,Brain_Myeloid_microglial_cell,548,0.0,510,10_60296002_60296304,5903,Psap,0.0
851395,6048,Brain_Myeloid_microglial_cell,548,0.0,391,10_60296002_60296304,5903,Psap,0.0
851396,6049,Brain_Myeloid_microglial_cell,548,0.0,429,10_60296002_60296304,5903,Psap,0.0
851397,6050,Brain_Myeloid_microglial_cell,548,0.0,142,10_60296002_60296304,5903,Psap,0.0
851398,6051,Brain_Myeloid_microglial_cell,548,0.0,484,10_60296002_60296304,5903,Psap,0.0
851399,6052,Brain_Myeloid_microglial_cell,548,0.0,68,10_60296002_60296304,5903,Psap,0.0
851400,6053,Brain_Myeloid_microglial_cell,548,0.0,334,10_60296002_60296304,5903,Psap,0.0
851401,6054,Brain_Myeloid_microglial_cell,548,0.0,717,10_60296002_60296304,5903,Psap,0.0
851402,6055,Brain_Myeloid_microglial_cell,548,0.0,335,10_60296002_60296304,5903,Psap,0.0
851403,6056,Brain_Myeloid_microglial_cell,548,0.0,75,10_60296002_60296304,5903,Psap,0.0
851404,6057,Brain_Myeloid_microglial_cell,548,0.0,152,10_60296002_60296304,5903,Psap,0.0
851405,6058,Brain_Myeloid_microglial_cell,548,0.0,43,10_60296002_60296304,5903,Psap,0.0
851406,6059,Brain_Myeloid_microglial_cell,548,0.0,160,10_60296002_60296304,5903,Psap,0.0
851407,6060,Brain_Myeloid_microglial_cell,548,0.0,315,10_60296002_60296304,5903,Psap,0.0
851408,6061,Brain_Myeloid_microglial_cell,548,0.0,366,10_60296002_60296304,5903,Psap,0.0
851409,6062,Brain_Myeloid_microglial_cell,548,0.0,412,10_60296002_60296304,5903,Psap,0.0
851410,6064,Brain_Myeloid_microglial_cell,548,0.0,362,10_60296002_60296304,5903,Psap,0.0
851411,6065,Brain_Myeloid_microglial_cell,548,0.0,285,10_60296002_60296304,5903,Psap,0.0
851412,6066,Brain_Myeloid_microglial_cell,548,0.0,586,10_60296002_60296304,5903,Psap,0.0
851413,6067,Brain_Myeloid_microglial_cell,548,0.0,492,10_60296002_60296304,5903,Psap,0.0
851414,6068,Brain_Myeloid_microglial_cell,548,0.0,117,10_60296002_60296304,5903,Psap,0.0
851415,6070,Brain_Myeloid_microglial_cell,548,0.0,426,10_60296002_60296304,5903,Psap,0.0
851416,6071,Brain_Myeloid_microglial_cell,548,0.0,410,10_60296002_60296304,5903,Psap,0.0
851417,6072,Brain_Myeloid_microglial_cell,548,0.0,225,10_60296002_60296304,5903,Psap,0.0
851418,6073,Brain_Myeloid_microglial_cell,548,0.0,259,10_60296002_60296304,5903,Psap,0.0
851419,6075,Brain_Myeloid_microglial_cell,548,0.0,145,10_60296002_60296304,5903,Psap,0.0
851420,6076,Brain_Myeloid_microglial_cell,548,0.0,331,10_60296002_60296304,5903,Psap,0.0
851421,6077,Brain_Myeloid_microglial_cell,548,0.0,85,10_60296002_60296304,5903,Psap,0.0
851422,6078,Brain_Myeloid_microglial_cell,548,0.0,635,10_60296002_60296304,5903,Psap,0.0
851423,6079,Brain_Myeloid_microglial_cell,548,0.0,938,10_60296002_60296304,5903,Psap,0.0
851424,6080,Brain_Myeloid_microglial_cell,548,0.0,255,10_60296002_60296304,5903,Psap,0.0
851425,6081,Brain_Myeloid_microglial_cell,548,0.0,68,10_60296002_60296304,5903,Psap,0.0
851426,6082,Brain_Myeloid_microglial_cell,548,0.0,1279,10_60296002_60296304,5903,Psap,0.0
851427,6083,Brain_Myeloid_microglial_cell,548,0.0,39,10_60296002_60296304,5903,Psap,0.0
851428,6084,Brain_Myeloid_microglial_cell,548,0.0,393,10_60296002_60296304,5903,Psap,0.0
851429,6085,Brain_Myeloid_microglial_cell,548,0.0,213,10_60296002_60296304,5903,Psap,0.0
851430,6086,Brain_Myeloid_microglial_cell,548,0.0,2760,10_60296002_60296304,5903,Psap,0.0
851431,6087,Brain_Myeloid_microglial_cell,548,0.0,189,10_60296002_60296304,5903,Psap,0.0
851432,6088,Brain_Myeloid_microglial_cell,548,0.0,165,10_60296002_60296304,5903,Psap,0.0
851433,6089,Brain_Myeloid_microglial_cell,548,0.0,243,10_60296002_60296304,5903,Psap,0.0
851434,6090,Brain_Myeloid_microglial_cell,548,0.0,277,10_60296002_60296304,5903,Psap,0.0
851435,6091,Brain_Myeloid_microglial_cell,548,0.0,124,10_60296002_60296304,5903,Psap,0.0
851436,6092,Brain_Myeloid_microglial_cell,548,0.0,137,10_60296002_60296304,5903,Psap,0.0
851437,6093,Brain_Myeloid_microglial_cell,548,0.0,6,10_60296002_60296304,5903,Psap,0.0
851438,6094,Brain_Myeloid_microglial_cell,548,0.0,1997,10_60296002_60296304,5903,Psap,0.0
851439,6095,Brain_Myeloid_microglial_cell,548,0.0,176,10_60296002_60296304,5903,Psap,0.0
851440,6096,Brain_Myeloid_microglial_cell,548,0.0,52,10_60296002_60296304,5903,Psap,0.0
851441,6097,Brain_Myeloid_microglial_cell,548,0.0,14,10_60296002_60296304,5903,Psap,0.0
851442,6098,Brain_Myeloid_microglial_cell,548,0.0,845,10_60296002_60296304,5903,Psap,0.0
851443,6099,Brain_Myeloid_microglial_cell,548,0.0,5,10_60296002_60296304,5903,Psap,0.0
851444,6100,Brain_Myeloid_microglial_cell,548,0.0,222,10_60296002_60296304,5903,Psap,0.0
851445,6101,Brain_Myeloid_microglial_cell,548,0.0,63,10_60296002_60296304,5903,Psap,0.0
851446,6102,Brain_Myeloid_microglial_cell,548,0.0,595,10_60296002_60296304,5903,Psap,0.0
851447,6103,Brain_Myeloid_microglial_cell,548,0.0,45,10_60296002_60296304,5903,Psap,0.0
851448,6104,Brain_Myeloid_microglial_cell,548,0.0,339,10_60296002_60296304,5903,Psap,0.0
851449,6105,Brain_Myeloid_microglial_cell,548,0.0,215,10_60296002_60296304,5903,Psap,0.0
851450,6106,Brain_Myeloid_microglial_cell,548,0.0,489,10_60296002_60296304,5903,Psap,0.0
851451,6107,Brain_Myeloid_microglial_cell,548,0.0,411,10_60296002_60296304,5903,Psap,0.0
851452,6108,Brain_Myeloid_microglial_cell,548,0.0,57,10_60296002_60296304,5903,Psap,0.0
851453,6109,Brain_Myeloid_microglial_cell,548,0.0,552,10_60296002_60296304,5903,Psap,0.0
851454,6110,Brain_Myeloid_microglial_cell,548,0.0,597,10_60296002_60296304,5903,Psap,0.0
851455,6111,Brain_Myeloid_microglial_cell,548,0.0,144,10_60296002_60296304,5903,Psap,0.0
851456,6112,Brain_Myeloid_microglial_cell,548,0.0,16,10_60296002_60296304,5903,Psap,0.0
851457,6113,Brain_Myeloid_microglial_cell,548,0.0,559,10_60296002_60296304,5903,Psap,0.0
851458,6114,Brain_Myeloid_microglial_cell,548,0.0,622,10_60296002_60296304,5903,Psap,0.0
851459,6115,Brain_Myeloid_microglial_cell,548,0.0,2178,10_60296002_60296304,5903,Psap,0.0
851460,6116,Brain_Myeloid_microglial_cell,548,0.0,608,10_60296002_60296304,5903,Psap,0.0
851461,6117,Brain_Myeloid_microglial_cell,548,0.0,240,10_60296002_60296304,5903,Psap,0.0
851462,6118,Brain_Myeloid_microglial_cell,548,0.0,408,10_60296002_60296304,5903,Psap,0.0
851463,6119,Brain_Myeloid_microglial_cell,548,0.0,145,10_60296002_60296304,5903,Psap,0.0
851464,6120,Brain_Myeloid_microglial_cell,548,0.0,563,10_60296002_60296304,5903,Psap,0.0
851465,6121,Brain_Myeloid_microglial_cell,548,0.0,367,10_60296002_60296304,5903,Psap,0.0
851466,6122,Brain_Myeloid_microglial_cell,548,0.0,731,10_60296002_60296304,5903,Psap,0.0
851467,6123,Brain_Myeloid_microglial_cell,548,0.0,538,10_60296002_60296304,5903,Psap,0.0
851468,6124,Brain_Myeloid_microglial_cell,548,0.0,461,10_60296002_60296304,5903,Psap,0.0
851469,6125,Brain_Myeloid_microglial_cell,548,0.0,31,10_60296002_60296304,5903,Psap,0.0
851470,6126,Brain_Myeloid_microglial_cell,548,0.0,453,10_60296002_60296304,5903,Psap,0.0
851471,6127,Brain_Myeloid_microglial_cell,548,0.0,198,10_60296002_60296304,5903,Psap,0.0
851472,6129,Brain_Myeloid_microglial_cell,548,0.0,503,10_60296002_60296304,5903,Psap,0.0
851473,6130,Brain_Myeloid_microglial_cell,548,0.0,398,10_60296002_60296304,5903,Psap,0.0
851474,6131,Brain_Myeloid_microglial_cell,548,0.0,341,10_60296002_60296304,5903,Psap,0.0
851475,6133,Brain_Myeloid_microglial_cell,548,0.0,394,10_60296002_60296304,5903,Psap,0.0
851476,6134,Brain_Myeloid_microglial_cell,548,0.0,132,10_60296002_60296304,5903,Psap,0.0
851477,6135,Brain_Myeloid_microglial_cell,548,0.0,498,10_60296002_60296304,5903,Psap,0.0
851478,6136,Brain_Myeloid_microglial_cell,548,0.0,727,10_60296002_60296304,5903,Psap,0.0
851479,6138,Brain_Myeloid_microglial_cell,548,0.0,260,10_60296002_60296304,5903,Psap,0.0
851480,6139,Brain_Myeloid_microglial_cell,548,0.0,43,10_60296002_60296304,5903,Psap,0.0
851481,6140,Brain_Myeloid_microglial_cell,548,0.0,415,10_60296002_60296304,5903,Psap,0.0
851482,6141,Brain_Myeloid_microglial_cell,548,0.0,217,10_60296002_60296304,5903,Psap,0.0
851483,6142,Brain_Myeloid_microglial_cell,548,0.0,602,10_60296002_60296304,5903,Psap,0.0
851484,6143,Brain_Myeloid_microglial_cell,548,0.0,498,10_60296002_60296304,5903,Psap,0.0
851485,6144,Brain_Myeloid_microglial_cell,548,0.0,636,10_60296002_60296304,5903,Psap,0.0
851486,6145,Brain_Myeloid_microglial_cell,548,0.0,344,10_60296002_60296304,5903,Psap,0.0
851487,6146,Brain_Myeloid_microglial_cell,548,0.0,331,10_60296002_60296304,5903,Psap,0.0
851488,6147,Brain_Myeloid_microglial_cell,548,0.0,218,10_60296002_60296304,5903,Psap,0.0
851489,6148,Brain_Myeloid_microglial_cell,548,0.0,478,10_60296002_60296304,5903,Psap,0.0
851490,6149,Brain_Myeloid_microglial_cell,548,0.0,924,10_60296002_60296304,5903,Psap,0.0
851491,6150,Brain_Myeloid_microglial_cell,548,0.0,1483,10_60296002_60296304,5903,Psap,0.0
851492,6151,Brain_Myeloid_microglial_cell,548,0.0,118,10_60296002_60296304,5903,Psap,0.0
851493,6152,Brain_Myeloid_microglial_cell,548,0.0,381,10_60296002_60296304,5903,Psap,0.0
851494,6153,Brain_Myeloid_microglial_cell,548,0.0,445,10_60296002_60296304,5903,Psap,0.0
851495,6154,Brain_Myeloid_microglial_cell,548,0.0,269,10_60296002_60296304,5903,Psap,0.0
851496,6155,Brain_Myeloid_microglial_cell,548,0.0,1060,10_60296002_60296304,5903,Psap,0.0
851497,6156,Brain_Myeloid_microglial_cell,548,0.0,459,10_60296002_60296304,5903,Psap,0.0
851498,6157,Brain_Myeloid_microglial_cell,548,0.0,309,10_60296002_60296304,5903,Psap,0.0
851499,6158,Brain_Myeloid_microglial_cell,548,0.0,881,10_60296002_60296304,5903,Psap,0.0
851500,6159,Brain_Myeloid_microglial_cell,548,0.0,453,10_60296002_60296304,5903,Psap,0.0
851501,6160,Brain_Myeloid_microglial_cell,548,0.0,430,10_60296002_60296304,5903,Psap,0.0
851502,6161,Brain_Myeloid_microglial_cell,548,0.0,630,10_60296002_60296304,5903,Psap,0.0
851503,6162,Brain_Myeloid_microglial_cell,548,0.0,166,10_60296002_60296304,5903,Psap,0.0
851504,6163,Brain_Myeloid_microglial_cell,548,0.0,732,10_60296002_60296304,5903,Psap,0.0
851505,6164,Brain_Myeloid_microglial_cell,548,0.0,648,10_60296002_60296304,5903,Psap,0.0
851506,6165,Brain_Myeloid_microglial_cell,548,0.0,232,10_60296002_60296304,5903,Psap,0.0
851507,6166,Brain_Myeloid_microglial_cell,548,0.0,203,10_60296002_60296304,5903,Psap,0.0
851508,6167,Brain_Myeloid_microglial_cell,548,0.0,135,10_60296002_60296304,5903,Psap,0.0
851509,6168,Brain_Myeloid_microglial_cell,548,0.0,936,10_60296002_60296304,5903,Psap,0.0
851510,6169,Brain_Myeloid_microglial_cell,548,0.0,407,10_60296002_60296304,5903,Psap,0.0
851511,6170,Brain_Myeloid_microglial_cell,548,0.0,559,10_60296002_60296304,5903,Psap,0.0
851512,6172,Brain_Myeloid_microglial_cell,548,0.0,312,10_60296002_60296304,5903,Psap,0.0
851513,6173,Brain_Myeloid_microglial_cell,548,0.0,187,10_60296002_60296304,5903,Psap,0.0
851514,6174,Brain_Myeloid_microglial_cell,548,0.0,293,10_60296002_60296304,5903,Psap,0.0
851515,6176,Brain_Myeloid_microglial_cell,548,0.0,448,10_60296002_60296304,5903,Psap,0.0
851516,6177,Brain_Myeloid_microglial_cell,548,0.0,84,10_60296002_60296304,5903,Psap,0.0
851517,6178,Brain_Myeloid_microglial_cell,548,0.0,1330,10_60296002_60296304,5903,Psap,0.0
851518,6179,Brain_Myeloid_microglial_cell,548,0.0,236,10_60296002_60296304,5903,Psap,0.0
851519,6180,Brain_Myeloid_microglial_cell,548,0.0,244,10_60296002_60296304,5903,Psap,0.0
851520,6181,Brain_Myeloid_microglial_cell,548,0.0,340,10_60296002_60296304,5903,Psap,0.0
851521,6183,Brain_Myeloid_microglial_cell,548,0.0,744,10_60296002_60296304,5903,Psap,0.0
851522,6184,Brain_Myeloid_microglial_cell,548,0.0,395,10_60296002_60296304,5903,Psap,0.0
851523,6185,Brain_Myeloid_microglial_cell,548,0.0,167,10_60296002_60296304,5903,Psap,0.0
851524,6186,Brain_Myeloid_microglial_cell,548,0.0,166,10_60296002_60296304,5903,Psap,0.0
851525,6187,Brain_Myeloid_microglial_cell,548,0.0,27,10_60296002_60296304,5903,Psap,0.0
851526,6188,Brain_Myeloid_microglial_cell,548,0.0,612,10_60296002_60296304,5903,Psap,0.0
851527,6189,Brain_Myeloid_microglial_cell,548,0.0,725,10_60296002_60296304,5903,Psap,0.0
851528,6190,Brain_Myeloid_microglial_cell,548,0.0,164,10_60296002_60296304,5903,Psap,0.0
851529,6191,Brain_Myeloid_microglial_cell,548,0.0,67,10_60296002_60296304,5903,Psap,0.0
851530,6192,Brain_Myeloid_microglial_cell,548,0.0,340,10_60296002_60296304,5903,Psap,0.0
851531,6193,Brain_Myeloid_microglial_cell,548,0.0,329,10_60296002_60296304,5903,Psap,0.0
851532,6195,Brain_Myeloid_microglial_cell,548,0.0,708,10_60296002_60296304,5903,Psap,0.0
851533,6196,Brain_Myeloid_microglial_cell,548,0.0,635,10_60296002_60296304,5903,Psap,0.0
851534,6197,Brain_Myeloid_microglial_cell,548,0.0,211,10_60296002_60296304,5903,Psap,0.0
851535,6198,Brain_Myeloid_microglial_cell,548,0.0,55,10_60296002_60296304,5903,Psap,0.0
851536,6199,Brain_Myeloid_microglial_cell,548,0.0,58,10_60296002_60296304,5903,Psap,0.0
851537,6200,Brain_Myeloid_microglial_cell,548,0.0,883,10_60296002_60296304,5903,Psap,0.0
851538,6201,Brain_Myeloid_microglial_cell,548,0.0,158,10_60296002_60296304,5903,Psap,0.0
851539,6202,Brain_Myeloid_microglial_cell,548,0.0,322,10_60296002_60296304,5903,Psap,0.0
851540,6203,Brain_Myeloid_microglial_cell,548,0.0,443,10_60296002_60296304,5903,Psap,0.0
851541,6204,Brain_Myeloid_microglial_cell,548,0.0,1217,10_60296002_60296304,5903,Psap,0.0
851542,6205,Brain_Myeloid_microglial_cell,548,0.0,631,10_60296002_60296304,5903,Psap,0.0
851543,6206,Brain_Myeloid_microglial_cell,548,0.0,351,10_60296002_60296304,5903,Psap,0.0
851544,6207,Brain_Myeloid_microglial_cell,548,0.0,1051,10_60296002_60296304,5903,Psap,0.0
851545,6208,Brain_Myeloid_microglial_cell,548,0.0,1000,10_60296002_60296304,5903,Psap,0.0
851546,6209,Brain_Myeloid_microglial_cell,548,0.0,325,10_60296002_60296304,5903,Psap,0.0
851547,6210,Brain_Myeloid_microglial_cell,548,0.0,684,10_60296002_60296304,5903,Psap,0.0
851548,6211,Brain_Myeloid_microglial_cell,548,0.0,67,10_60296002_60296304,5903,Psap,0.0
851549,6212,Brain_Myeloid_microglial_cell,548,0.0,345,10_60296002_60296304,5903,Psap,0.0
851550,6213,Brain_Myeloid_microglial_cell,548,0.0,163,10_60296002_60296304,5903,Psap,0.0
851551,6214,Brain_Myeloid_microglial_cell,548,0.0,89,10_60296002_60296304,5903,Psap,0.0
851552,6215,Brain_Myeloid_microglial_cell,548,0.0,2238,10_60296002_60296304,5903,Psap,0.0
851553,6216,Brain_Myeloid_microglial_cell,548,0.0,224,10_60296002_60296304,5903,Psap,0.0
851554,6217,Brain_Myeloid_microglial_cell,548,0.0,1157,10_60296002_60296304,5903,Psap,0.0
851555,6218,Brain_Myeloid_microglial_cell,548,0.0,233,10_60296002_60296304,5903,Psap,0.0
851556,6219,Brain_Myeloid_microglial_cell,548,0.0,595,10_60296002_60296304,5903,Psap,0.0
851557,6220,Brain_Myeloid_microglial_cell,548,0.0,818,10_60296002_60296304,5903,Psap,0.0
851558,6221,Brain_Myeloid_microglial_cell,548,0.0,472,10_60296002_60296304,5903,Psap,0.0
851559,6222,Brain_Myeloid_microglial_cell,548,0.0,436,10_60296002_60296304,5903,Psap,0.0
851560,6223,Brain_Myeloid_microglial_cell,548,0.0,327,10_60296002_60296304,5903,Psap,0.0
851561,6224,Brain_Myeloid_microglial_cell,548,0.0,706,10_60296002_60296304,5903,Psap,0.0
851562,6225,Brain_Myeloid_microglial_cell,548,0.0,1013,10_60296002_60296304,5903,Psap,0.0
851563,6226,Brain_Myeloid_microglial_cell,548,0.0,374,10_60296002_60296304,5903,Psap,0.0
851564,6229,Brain_Myeloid_microglial_cell,548,0.0,198,10_60296002_60296304,5903,Psap,0.0
851565,6230,Brain_Myeloid_microglial_cell,548,0.0,1386,10_60296002_60296304,5903,Psap,0.0
851566,6231,Brain_Myeloid_microglial_cell,548,0.0,193,10_60296002_60296304,5903,Psap,0.0
851567,6233,Brain_Myeloid_microglial_cell,548,0.0,496,10_60296002_60296304,5903,Psap,0.0
851568,6234,Brain_Myeloid_microglial_cell,548,0.0,453,10_60296002_60296304,5903,Psap,0.0
851569,6235,Brain_Myeloid_microglial_cell,548,0.0,69,10_60296002_60296304,5903,Psap,0.0
851570,6236,Brain_Myeloid_microglial_cell,548,0.0,58,10_60296002_60296304,5903,Psap,0.0
851571,6237,Brain_Myeloid_microglial_cell,548,0.0,445,10_60296002_60296304,5903,Psap,0.0
851572,6238,Brain_Myeloid_microglial_cell,548,0.0,81,10_60296002_60296304,5903,Psap,0.0
851573,6239,Brain_Myeloid_microglial_cell,548,0.0,239,10_60296002_60296304,5903,Psap,0.0
851574,6240,Brain_Myeloid_microglial_cell,548,0.0,234,10_60296002_60296304,5903,Psap,0.0
851575,6241,Brain_Myeloid_microglial_cell,548,0.0,99,10_60296002_60296304,5903,Psap,0.0
851576,6242,Brain_Myeloid_microglial_cell,548,0.0,191,10_60296002_60296304,5903,Psap,0.0
851577,6243,Brain_Myeloid_microglial_cell,548,0.0,309,10_60296002_60296304,5903,Psap,0.0
851578,6244,Brain_Myeloid_microglial_cell,548,0.0,624,10_60296002_60296304,5903,Psap,0.0
851579,6245,Brain_Myeloid_microglial_cell,548,0.0,129,10_60296002_60296304,5903,Psap,0.0
851580,6246,Brain_Myeloid_microglial_cell,548,0.0,366,10_60296002_60296304,5903,Psap,0.0
851581,6247,Brain_Myeloid_microglial_cell,548,0.0,615,10_60296002_60296304,5903,Psap,0.0
851582,6248,Brain_Myeloid_microglial_cell,548,0.0,233,10_60296002_60296304,5903,Psap,0.0
851583,6249,Brain_Myeloid_microglial_cell,548,0.0,348,10_60296002_60296304,5903,Psap,0.0
851584,6250,Brain_Myeloid_microglial_cell,548,0.0,99,10_60296002_60296304,5903,Psap,0.0
851585,6251,Brain_Myeloid_microglial_cell,548,0.0,387,10_60296002_60296304,5903,Psap,0.0
851586,6252,Brain_Myeloid_microglial_cell,548,0.0,54,10_60296002_60296304,5903,Psap,0.0
851587,6253,Brain_Myeloid_microglial_cell,548,0.0,958,10_60296002_60296304,5903,Psap,0.0
851588,6254,Brain_Myeloid_microglial_cell,548,0.0,46,10_60296002_60296304,5903,Psap,0.0
851589,6255,Brain_Myeloid_microglial_cell,548,0.0,242,10_60296002_60296304,5903,Psap,0.0
851590,6256,Brain_Myeloid_microglial_cell,548,0.0,71,10_60296002_60296304,5903,Psap,0.0
851591,6257,Brain_Myeloid_microglial_cell,548,0.0,599,10_60296002_60296304,5903,Psap,0.0
851592,6258,Brain_Myeloid_microglial_cell,548,0.0,50,10_60296002_60296304,5903,Psap,0.0
851593,6259,Brain_Myeloid_microglial_cell,548,0.0,1113,10_60296002_60296304,5903,Psap,0.0
851594,6260,Brain_Myeloid_microglial_cell,548,0.0,99,10_60296002_60296304,5903,Psap,0.0
851595,6261,Brain_Myeloid_microglial_cell,548,0.0,219,10_60296002_60296304,5903,Psap,0.0
851596,6262,Brain_Myeloid_microglial_cell,548,0.0,511,10_60296002_60296304,5903,Psap,0.0
851597,6263,Brain_Myeloid_microglial_cell,548,0.0,419,10_60296002_60296304,5903,Psap,0.0
851598,6264,Brain_Myeloid_microglial_cell,548,0.0,193,10_60296002_60296304,5903,Psap,0.0
851599,6265,Brain_Myeloid_microglial_cell,548,0.0,373,10_60296002_60296304,5903,Psap,0.0
851600,6266,Brain_Myeloid_microglial_cell,548,0.0,691,10_60296002_60296304,5903,Psap,0.0
851601,6267,Brain_Myeloid_microglial_cell,548,0.0,373,10_60296002_60296304,5903,Psap,0.0
851602,6268,Brain_Myeloid_microglial_cell,548,0.0,2221,10_60296002_60296304,5903,Psap,0.0
851603,6269,Brain_Myeloid_microglial_cell,548,0.0,91,10_60296002_60296304,5903,Psap,0.0
851604,6270,Brain_Myeloid_microglial_cell,548,0.0,82,10_60296002_60296304,5903,Psap,0.0
851605,6271,Brain_Myeloid_microglial_cell,548,0.0,581,10_60296002_60296304,5903,Psap,0.0
851606,6272,Brain_Myeloid_microglial_cell,548,0.0,196,10_60296002_60296304,5903,Psap,0.0
851607,6273,Brain_Myeloid_microglial_cell,548,0.0,113,10_60296002_60296304,5903,Psap,0.0
851608,6274,Brain_Myeloid_microglial_cell,548,0.0,130,10_60296002_60296304,5903,Psap,0.0
851609,6276,Brain_Myeloid_microglial_cell,548,0.0,5195,10_60296002_60296304,5903,Psap,0.0
851610,6277,Brain_Myeloid_microglial_cell,548,0.0,143,10_60296002_60296304,5903,Psap,0.0
851611,6278,Brain_Myeloid_microglial_cell,548,0.0,86,10_60296002_60296304,5903,Psap,0.0
851612,6280,Brain_Myeloid_microglial_cell,548,0.0,175,10_60296002_60296304,5903,Psap,0.0
851613,6281,Brain_Myeloid_microglial_cell,548,0.0,655,10_60296002_60296304,5903,Psap,0.0
851614,6282,Brain_Myeloid_microglial_cell,548,0.0,428,10_60296002_60296304,5903,Psap,0.0
851615,6283,Brain_Myeloid_microglial_cell,548,0.0,60,10_60296002_60296304,5903,Psap,0.0
851616,6284,Brain_Myeloid_microglial_cell,548,0.0,1090,10_60296002_60296304,5903,Psap,0.0
851617,6285,Brain_Myeloid_microglial_cell,548,0.0,271,10_60296002_60296304,5903,Psap,0.0
851618,6286,Brain_Myeloid_microglial_cell,548,0.0,462,10_60296002_60296304,5903,Psap,0.0
851619,6288,Brain_Myeloid_microglial_cell,548,0.0,250,10_60296002_60296304,5903,Psap,0.0
851620,6289,Brain_Myeloid_microglial_cell,548,0.0,683,10_60296002_60296304,5903,Psap,0.0
851621,6290,Brain_Myeloid_microglial_cell,548,0.0,1881,10_60296002_60296304,5903,Psap,0.0
851622,6291,Brain_Myeloid_microglial_cell,548,0.0,470,10_60296002_60296304,5903,Psap,0.0
851623,6292,Brain_Myeloid_microglial_cell,548,0.0,226,10_60296002_60296304,5903,Psap,0.0
851624,6293,Brain_Myeloid_microglial_cell,548,0.0,143,10_60296002_60296304,5903,Psap,0.0
851625,6294,Brain_Myeloid_microglial_cell,548,0.0,303,10_60296002_60296304,5903,Psap,0.0
851626,6295,Brain_Myeloid_microglial_cell,548,0.0,472,10_60296002_60296304,5903,Psap,0.0
851627,6296,Brain_Myeloid_microglial_cell,548,0.0,218,10_60296002_60296304,5903,Psap,0.0
851628,6297,Brain_Myeloid_microglial_cell,548,0.0,1405,10_60296002_60296304,5903,Psap,0.0
851629,6298,Brain_Myeloid_microglial_cell,548,0.0,483,10_60296002_60296304,5903,Psap,0.0
851630,6299,Brain_Myeloid_microglial_cell,548,0.0,183,10_60296002_60296304,5903,Psap,0.0
851631,6300,Brain_Myeloid_microglial_cell,548,0.0,809,10_60296002_60296304,5903,Psap,0.0
851632,6301,Brain_Myeloid_microglial_cell,548,0.0,176,10_60296002_60296304,5903,Psap,0.0
851633,6302,Brain_Myeloid_microglial_cell,548,0.0,147,10_60296002_60296304,5903,Psap,0.0
851634,6303,Brain_Myeloid_microglial_cell,548,0.0,182,10_60296002_60296304,5903,Psap,0.0
851635,6304,Brain_Myeloid_microglial_cell,548,0.0,107,10_60296002_60296304,5903,Psap,0.0
851636,6305,Brain_Myeloid_microglial_cell,548,0.0,186,10_60296002_60296304,5903,Psap,0.0
851637,6306,Brain_Myeloid_microglial_cell,548,0.0,127,10_60296002_60296304,5903,Psap,0.0
851638,6307,Brain_Myeloid_microglial_cell,548,0.0,296,10_60296002_60296304,5903,Psap,0.0
851639,6308,Brain_Myeloid_microglial_cell,548,0.0,545,10_60296002_60296304,5903,Psap,0.0
851640,6309,Brain_Myeloid_microglial_cell,548,0.0,351,10_60296002_60296304,5903,Psap,0.0
851641,6310,Brain_Myeloid_microglial_cell,548,0.0,280,10_60296002_60296304,5903,Psap,0.0
851642,6311,Brain_Myeloid_microglial_cell,548,0.0,327,10_60296002_60296304,5903,Psap,0.0
851643,6312,Brain_Myeloid_microglial_cell,548,0.0,100,10_60296002_60296304,5903,Psap,0.0
851644,6313,Brain_Myeloid_microglial_cell,548,0.0,612,10_60296002_60296304,5903,Psap,0.0
851645,6314,Brain_Myeloid_microglial_cell,548,0.0,556,10_60296002_60296304,5903,Psap,0.0
851646,6315,Brain_Myeloid_microglial_cell,548,0.0,154,10_60296002_60296304,5903,Psap,0.0
851647,6316,Brain_Myeloid_microglial_cell,548,0.0,38,10_60296002_60296304,5903,Psap,0.0
851648,6317,Brain_Myeloid_microglial_cell,548,0.0,94,10_60296002_60296304,5903,Psap,0.0
851649,6318,Brain_Myeloid_microglial_cell,548,0.0,392,10_60296002_60296304,5903,Psap,0.0
851650,6319,Brain_Myeloid_microglial_cell,548,0.0,42,10_60296002_60296304,5903,Psap,0.0
851651,6320,Brain_Myeloid_microglial_cell,548,0.0,108,10_60296002_60296304,5903,Psap,0.0
851652,6321,Brain_Myeloid_microglial_cell,548,0.0,268,10_60296002_60296304,5903,Psap,0.0
851653,6322,Brain_Myeloid_microglial_cell,548,0.0,113,10_60296002_60296304,5903,Psap,0.0
851654,6323,Brain_Myeloid_microglial_cell,548,0.0,225,10_60296002_60296304,5903,Psap,0.0
851655,6324,Brain_Myeloid_microglial_cell,548,0.0,480,10_60296002_60296304,5903,Psap,0.0
851656,6325,Brain_Myeloid_microglial_cell,548,0.0,263,10_60296002_60296304,5903,Psap,0.0
851657,6326,Brain_Myeloid_microglial_cell,548,0.0,204,10_60296002_60296304,5903,Psap,0.0
851658,6327,Brain_Myeloid_microglial_cell,548,0.0,618,10_60296002_60296304,5903,Psap,0.0
851659,6328,Brain_Myeloid_microglial_cell,548,0.0,177,10_60296002_60296304,5903,Psap,0.0
851660,6329,Brain_Myeloid_microglial_cell,548,0.0,94,10_60296002_60296304,5903,Psap,0.0
851661,6330,Brain_Myeloid_microglial_cell,548,0.0,140,10_60296002_60296304,5903,Psap,0.0
851662,6331,Brain_Myeloid_microglial_cell,548,0.0,386,10_60296002_60296304,5903,Psap,0.0
851663,6332,Brain_Myeloid_microglial_cell,548,0.0,513,10_60296002_60296304,5903,Psap,0.0
851664,6333,Brain_Myeloid_microglial_cell,548,0.0,87,10_60296002_60296304,5903,Psap,0.0
851665,6335,Brain_Myeloid_microglial_cell,548,0.0,120,10_60296002_60296304,5903,Psap,0.0
851666,6336,Brain_Myeloid_microglial_cell,548,0.0,753,10_60296002_60296304,5903,Psap,0.0
851667,6337,Brain_Myeloid_microglial_cell,548,0.0,769,10_60296002_60296304,5903,Psap,0.0
851668,6338,Brain_Myeloid_microglial_cell,548,0.0,358,10_60296002_60296304,5903,Psap,0.0
851669,6339,Brain_Myeloid_microglial_cell,548,0.0,136,10_60296002_60296304,5903,Psap,0.0
851670,6340,Brain_Myeloid_microglial_cell,548,0.0,276,10_60296002_60296304,5903,Psap,0.0
851671,6341,Brain_Myeloid_microglial_cell,548,0.0,510,10_60296002_60296304,5903,Psap,0.0
851672,6342,Brain_Myeloid_microglial_cell,548,0.0,120,10_60296002_60296304,5903,Psap,0.0
851673,6343,Brain_Myeloid_microglial_cell,548,0.0,386,10_60296002_60296304,5903,Psap,0.0
851674,6344,Brain_Myeloid_microglial_cell,548,0.0,625,10_60296002_60296304,5903,Psap,0.0
851675,6345,Brain_Myeloid_microglial_cell,548,0.0,516,10_60296002_60296304,5903,Psap,0.0
851676,6346,Brain_Myeloid_microglial_cell,548,0.0,87,10_60296002_60296304,5903,Psap,0.0
851677,6347,Brain_Myeloid_microglial_cell,548,0.0,104,10_60296002_60296304,5903,Psap,0.0
851678,6348,Brain_Myeloid_microglial_cell,548,0.0,496,10_60296002_60296304,5903,Psap,0.0
851679,6349,Brain_Myeloid_microglial_cell,548,0.0,121,10_60296002_60296304,5903,Psap,0.0
851680,6350,Brain_Myeloid_microglial_cell,548,0.0,606,10_60296002_60296304,5903,Psap,0.0
851681,6351,Brain_Myeloid_microglial_cell,548,0.0,756,10_60296002_60296304,5903,Psap,0.0
851682,6352,Brain_Myeloid_microglial_cell,548,0.0,522,10_60296002_60296304,5903,Psap,0.0
851683,6353,Brain_Myeloid_microglial_cell,548,0.0,315,10_60296002_60296304,5903,Psap,0.0
851684,6354,Brain_Myeloid_microglial_cell,548,0.0,126,10_60296002_60296304,5903,Psap,0.0
851685,6355,Brain_Myeloid_microglial_cell,548,0.0,105,10_60296002_60296304,5903,Psap,0.0
851686,6356,Brain_Myeloid_microglial_cell,548,0.0,961,10_60296002_60296304,5903,Psap,0.0
851687,6357,Brain_Myeloid_microglial_cell,548,0.0,344,10_60296002_60296304,5903,Psap,0.0
851688,6358,Brain_Myeloid_microglial_cell,548,0.0,416,10_60296002_60296304,5903,Psap,0.0
851689,6359,Brain_Myeloid_microglial_cell,548,0.0,25,10_60296002_60296304,5903,Psap,0.0
851690,6360,Brain_Myeloid_microglial_cell,548,0.0,335,10_60296002_60296304,5903,Psap,0.0
851691,6361,Brain_Myeloid_microglial_cell,548,0.0,787,10_60296002_60296304,5903,Psap,0.0
851692,6362,Brain_Myeloid_microglial_cell,548,0.0,170,10_60296002_60296304,5903,Psap,0.0
851693,6363,Brain_Myeloid_microglial_cell,548,0.0,43,10_60296002_60296304,5903,Psap,0.0
851694,6364,Brain_Myeloid_microglial_cell,548,0.0,805,10_60296002_60296304,5903,Psap,0.0
851695,6365,Brain_Myeloid_microglial_cell,548,0.0,45,10_60296002_60296304,5903,Psap,0.0
851696,6367,Brain_Myeloid_microglial_cell,548,0.0,558,10_60296002_60296304,5903,Psap,0.0
851697,6368,Brain_Myeloid_microglial_cell,548,0.0,52,10_60296002_60296304,5903,Psap,0.0
851698,6369,Brain_Myeloid_microglial_cell,548,0.0,173,10_60296002_60296304,5903,Psap,0.0
851699,6370,Brain_Myeloid_microglial_cell,548,0.0,281,10_60296002_60296304,5903,Psap,0.0
851700,6372,Brain_Myeloid_microglial_cell,548,0.0,232,10_60296002_60296304,5903,Psap,0.0
851701,6373,Brain_Myeloid_microglial_cell,548,0.0,428,10_60296002_60296304,5903,Psap,0.0
851702,6374,Brain_Myeloid_microglial_cell,548,0.0,423,10_60296002_60296304,5903,Psap,0.0
851703,6376,Brain_Myeloid_microglial_cell,548,0.0,101,10_60296002_60296304,5903,Psap,0.0
851704,6377,Brain_Myeloid_microglial_cell,548,0.0,739,10_60296002_60296304,5903,Psap,0.0
851705,6378,Brain_Myeloid_microglial_cell,548,0.0,169,10_60296002_60296304,5903,Psap,0.0
851706,6379,Brain_Myeloid_microglial_cell,548,0.0,434,10_60296002_60296304,5903,Psap,0.0
851707,6380,Brain_Myeloid_microglial_cell,548,0.0,215,10_60296002_60296304,5903,Psap,0.0
851708,6381,Brain_Myeloid_microglial_cell,548,0.0,442,10_60296002_60296304,5903,Psap,0.0
851709,6382,Brain_Myeloid_microglial_cell,548,0.0,246,10_60296002_60296304,5903,Psap,0.0
851710,6383,Brain_Myeloid_microglial_cell,548,0.0,785,10_60296002_60296304,5903,Psap,0.0
851711,6384,Brain_Myeloid_microglial_cell,548,0.0,164,10_60296002_60296304,5903,Psap,0.0
851712,6385,Brain_Myeloid_microglial_cell,548,0.0,2236,10_60296002_60296304,5903,Psap,0.0
851713,6387,Brain_Myeloid_microglial_cell,548,0.0,980,10_60296002_60296304,5903,Psap,0.0
851714,6388,Brain_Myeloid_microglial_cell,548,0.0,298,10_60296002_60296304,5903,Psap,0.0
851715,6389,Brain_Myeloid_microglial_cell,548,0.0,15,10_60296002_60296304,5903,Psap,0.0
851716,6390,Brain_Myeloid_microglial_cell,548,0.0,421,10_60296002_60296304,5903,Psap,0.0
851717,6391,Brain_Myeloid_microglial_cell,548,0.0,40,10_60296002_60296304,5903,Psap,0.0
851718,6392,Brain_Myeloid_microglial_cell,548,0.0,240,10_60296002_60296304,5903,Psap,0.0
851719,6393,Brain_Myeloid_microglial_cell,548,0.0,433,10_60296002_60296304,5903,Psap,0.0
851720,6394,Brain_Myeloid_microglial_cell,548,0.0,212,10_60296002_60296304,5903,Psap,0.0
851721,6396,Brain_Myeloid_microglial_cell,548,0.0,483,10_60296002_60296304,5903,Psap,0.0
851722,6397,Brain_Myeloid_microglial_cell,548,0.0,224,10_60296002_60296304,5903,Psap,0.0
851723,6398,Brain_Myeloid_microglial_cell,548,0.0,113,10_60296002_60296304,5903,Psap,0.0
851724,6399,Brain_Myeloid_microglial_cell,548,0.0,449,10_60296002_60296304,5903,Psap,0.0
851725,6400,Brain_Myeloid_microglial_cell,548,0.0,231,10_60296002_60296304,5903,Psap,0.0
851726,6401,Brain_Myeloid_microglial_cell,548,0.0,322,10_60296002_60296304,5903,Psap,0.0
851727,6402,Brain_Myeloid_microglial_cell,548,0.0,116,10_60296002_60296304,5903,Psap,0.0
851728,6403,Brain_Myeloid_microglial_cell,548,0.0,475,10_60296002_60296304,5903,Psap,0.0
851729,6404,Brain_Myeloid_microglial_cell,548,0.0,10,10_60296002_60296304,5903,Psap,0.0
851730,6405,Brain_Myeloid_microglial_cell,548,0.0,68,10_60296002_60296304,5903,Psap,0.0
851731,6406,Brain_Myeloid_microglial_cell,548,0.0,486,10_60296002_60296304,5903,Psap,0.0
851732,6408,Brain_Myeloid_microglial_cell,548,0.0,244,10_60296002_60296304,5903,Psap,0.0
851733,6409,Brain_Myeloid_microglial_cell,548,0.0,244,10_60296002_60296304,5903,Psap,0.0
851734,6410,Brain_Myeloid_microglial_cell,548,0.0,448,10_60296002_60296304,5903,Psap,0.0
851735,6411,Brain_Myeloid_microglial_cell,548,0.0,201,10_60296002_60296304,5903,Psap,0.0
851736,6412,Brain_Myeloid_microglial_cell,548,0.0,56,10_60296002_60296304,5903,Psap,0.0
851737,6413,Brain_Myeloid_microglial_cell,548,0.0,949,10_60296002_60296304,5903,Psap,0.0
851738,6414,Brain_Myeloid_microglial_cell,548,0.0,1,10_60296002_60296304,5903,Psap,0.0
851739,6415,Brain_Myeloid_microglial_cell,548,0.0,109,10_60296002_60296304,5903,Psap,0.0
851740,6416,Brain_Myeloid_microglial_cell,548,0.0,210,10_60296002_60296304,5903,Psap,0.0
851741,6417,Brain_Myeloid_microglial_cell,548,0.0,66,10_60296002_60296304,5903,Psap,0.0
851742,6418,Brain_Myeloid_microglial_cell,548,0.0,982,10_60296002_60296304,5903,Psap,0.0
851743,6419,Brain_Myeloid_microglial_cell,548,0.0,323,10_60296002_60296304,5903,Psap,0.0
851744,6420,Brain_Myeloid_microglial_cell,548,0.0,522,10_60296002_60296304,5903,Psap,0.0
851745,6421,Brain_Myeloid_microglial_cell,548,0.0,255,10_60296002_60296304,5903,Psap,0.0
851746,6422,Brain_Myeloid_microglial_cell,548,0.0,51,10_60296002_60296304,5903,Psap,0.0
851747,6423,Brain_Myeloid_microglial_cell,548,0.0,204,10_60296002_60296304,5903,Psap,0.0
851748,6424,Brain_Myeloid_microglial_cell,548,0.0,797,10_60296002_60296304,5903,Psap,0.0
851749,6426,Brain_Myeloid_microglial_cell,548,0.0,714,10_60296002_60296304,5903,Psap,0.0
851750,6427,Brain_Myeloid_microglial_cell,548,0.0,160,10_60296002_60296304,5903,Psap,0.0
851751,6429,Brain_Myeloid_microglial_cell,548,0.0,440,10_60296002_60296304,5903,Psap,0.0
851752,6430,Brain_Myeloid_microglial_cell,548,0.0,243,10_60296002_60296304,5903,Psap,0.0
851753,6432,Brain_Myeloid_microglial_cell,548,0.0,140,10_60296002_60296304,5903,Psap,0.0
851754,6433,Brain_Myeloid_microglial_cell,548,0.0,168,10_60296002_60296304,5903,Psap,0.0
851755,6434,Brain_Myeloid_microglial_cell,548,0.0,1324,10_60296002_60296304,5903,Psap,0.0
851756,6435,Brain_Myeloid_microglial_cell,548,0.0,292,10_60296002_60296304,5903,Psap,0.0
851757,6436,Brain_Myeloid_microglial_cell,548,0.0,279,10_60296002_60296304,5903,Psap,0.0
851758,6437,Brain_Myeloid_microglial_cell,548,0.0,572,10_60296002_60296304,5903,Psap,0.0
851759,6438,Brain_Myeloid_microglial_cell,548,0.0,73,10_60296002_60296304,5903,Psap,0.0
851760,6439,Brain_Myeloid_microglial_cell,548,0.0,436,10_60296002_60296304,5903,Psap,0.0
851761,6440,Brain_Myeloid_microglial_cell,548,0.0,172,10_60296002_60296304,5903,Psap,0.0
851762,6441,Brain_Myeloid_microglial_cell,548,0.0,63,10_60296002_60296304,5903,Psap,0.0
851763,6442,Brain_Myeloid_microglial_cell,548,0.0,789,10_60296002_60296304,5903,Psap,0.0
851764,6443,Brain_Myeloid_microglial_cell,548,0.0,65,10_60296002_60296304,5903,Psap,0.0
851765,6444,Brain_Myeloid_microglial_cell,548,0.0,425,10_60296002_60296304,5903,Psap,0.0
851766,6445,Brain_Myeloid_microglial_cell,548,0.0,206,10_60296002_60296304,5903,Psap,0.0
851767,6446,Brain_Myeloid_microglial_cell,548,0.0,88,10_60296002_60296304,5903,Psap,0.0
851768,6447,Brain_Myeloid_microglial_cell,548,0.0,723,10_60296002_60296304,5903,Psap,0.0
851769,6448,Brain_Myeloid_microglial_cell,548,0.0,1059,10_60296002_60296304,5903,Psap,0.0
851770,6449,Brain_Myeloid_microglial_cell,548,0.0,207,10_60296002_60296304,5903,Psap,0.0
851771,6450,Brain_Myeloid_microglial_cell,548,0.0,18,10_60296002_60296304,5903,Psap,0.0
851772,6451,Brain_Myeloid_microglial_cell,548,0.0,344,10_60296002_60296304,5903,Psap,0.0
851773,6452,Brain_Myeloid_microglial_cell,548,0.0,185,10_60296002_60296304,5903,Psap,0.0
851774,6453,Brain_Myeloid_microglial_cell,548,0.0,285,10_60296002_60296304,5903,Psap,0.0
851775,6454,Brain_Myeloid_microglial_cell,548,0.0,160,10_60296002_60296304,5903,Psap,0.0
851776,6455,Brain_Myeloid_microglial_cell,548,0.0,260,10_60296002_60296304,5903,Psap,0.0
851777,6456,Brain_Myeloid_microglial_cell,548,0.0,323,10_60296002_60296304,5903,Psap,0.0
851778,6457,Brain_Myeloid_microglial_cell,548,0.0,346,10_60296002_60296304,5903,Psap,0.0
851779,6458,Brain_Myeloid_microglial_cell,548,0.0,771,10_60296002_60296304,5903,Psap,0.0
851780,6459,Brain_Myeloid_microglial_cell,548,0.0,216,10_60296002_60296304,5903,Psap,0.0
851781,6460,Brain_Myeloid_microglial_cell,548,0.0,346,10_60296002_60296304,5903,Psap,0.0
851782,6461,Brain_Myeloid_microglial_cell,548,0.0,141,10_60296002_60296304,5903,Psap,0.0
851783,6462,Brain_Myeloid_microglial_cell,548,0.0,852,10_60296002_60296304,5903,Psap,0.0
851784,6463,Brain_Myeloid_microglial_cell,548,0.0,389,10_60296002_60296304,5903,Psap,0.0
851785,6464,Brain_Myeloid_microglial_cell,548,0.0,87,10_60296002_60296304,5903,Psap,0.0
851786,6465,Brain_Myeloid_microglial_cell,548,0.0,151,10_60296002_60296304,5903,Psap,0.0
851787,6466,Brain_Myeloid_microglial_cell,548,0.0,62,10_60296002_60296304,5903,Psap,0.0
851788,6468,Brain_Myeloid_microglial_cell,548,0.0,491,10_60296002_60296304,5903,Psap,0.0
851789,6469,Brain_Myeloid_microglial_cell,548,0.0,258,10_60296002_60296304,5903,Psap,0.0
851790,6470,Brain_Myeloid_microglial_cell,548,0.0,197,10_60296002_60296304,5903,Psap,0.0
851791,6471,Brain_Myeloid_microglial_cell,548,0.0,579,10_60296002_60296304,5903,Psap,0.0
851792,6473,Brain_Myeloid_microglial_cell,548,0.0,124,10_60296002_60296304,5903,Psap,0.0
851793,6474,Brain_Myeloid_microglial_cell,548,0.0,590,10_60296002_60296304,5903,Psap,0.0
851794,6475,Brain_Myeloid_microglial_cell,548,0.0,594,10_60296002_60296304,5903,Psap,0.0
851795,6477,Brain_Myeloid_microglial_cell,548,0.0,261,10_60296002_60296304,5903,Psap,0.0
851796,6478,Brain_Myeloid_microglial_cell,548,0.0,151,10_60296002_60296304,5903,Psap,0.0
851797,6479,Brain_Myeloid_microglial_cell,548,0.0,305,10_60296002_60296304,5903,Psap,0.0
851798,6480,Brain_Myeloid_microglial_cell,548,0.0,244,10_60296002_60296304,5903,Psap,0.0
851799,6481,Brain_Myeloid_microglial_cell,548,0.0,212,10_60296002_60296304,5903,Psap,0.0
851800,6482,Brain_Myeloid_microglial_cell,548,0.0,140,10_60296002_60296304,5903,Psap,0.0
851801,6483,Brain_Myeloid_microglial_cell,548,0.0,1007,10_60296002_60296304,5903,Psap,0.0
851802,6485,Brain_Myeloid_microglial_cell,548,0.0,659,10_60296002_60296304,5903,Psap,0.0
851803,6486,Brain_Myeloid_microglial_cell,548,0.0,580,10_60296002_60296304,5903,Psap,0.0
851804,6487,Brain_Myeloid_microglial_cell,548,0.0,344,10_60296002_60296304,5903,Psap,0.0
851805,6488,Brain_Myeloid_microglial_cell,548,0.0,556,10_60296002_60296304,5903,Psap,0.0
851806,6489,Brain_Myeloid_microglial_cell,548,0.0,344,10_60296002_60296304,5903,Psap,0.0
851807,6490,Brain_Myeloid_microglial_cell,548,0.0,178,10_60296002_60296304,5903,Psap,0.0
851808,6491,Brain_Myeloid_microglial_cell,548,0.0,1197,10_60296002_60296304,5903,Psap,0.0
851809,6492,Brain_Myeloid_microglial_cell,548,0.0,973,10_60296002_60296304,5903,Psap,0.0
851810,6494,Brain_Myeloid_microglial_cell,548,0.0,98,10_60296002_60296304,5903,Psap,0.0
851811,6495,Brain_Myeloid_microglial_cell,548,0.0,502,10_60296002_60296304,5903,Psap,0.0
851812,6496,Brain_Myeloid_microglial_cell,548,0.0,185,10_60296002_60296304,5903,Psap,0.0
851813,6497,Brain_Myeloid_microglial_cell,548,0.0,112,10_60296002_60296304,5903,Psap,0.0
851814,6498,Brain_Myeloid_microglial_cell,548,0.0,50,10_60296002_60296304,5903,Psap,0.0
851815,6499,Brain_Myeloid_microglial_cell,548,0.0,228,10_60296002_60296304,5903,Psap,0.0
851816,6500,Brain_Myeloid_microglial_cell,548,0.0,84,10_60296002_60296304,5903,Psap,0.0
851817,6501,Brain_Myeloid_microglial_cell,548,0.0,262,10_60296002_60296304,5903,Psap,0.0
851818,6502,Brain_Myeloid_microglial_cell,548,0.0,344,10_60296002_60296304,5903,Psap,0.0
851819,6503,Brain_Myeloid_microglial_cell,548,0.0,226,10_60296002_60296304,5903,Psap,0.0
851820,6504,Brain_Myeloid_microglial_cell,548,0.0,245,10_60296002_60296304,5903,Psap,0.0
851821,6505,Brain_Myeloid_microglial_cell,548,0.0,759,10_60296002_60296304,5903,Psap,0.0
851822,6506,Brain_Myeloid_microglial_cell,548,0.0,305,10_60296002_60296304,5903,Psap,0.0
851823,6507,Brain_Myeloid_microglial_cell,548,0.0,30,10_60296002_60296304,5903,Psap,0.0
851824,6508,Brain_Myeloid_microglial_cell,548,0.0,396,10_60296002_60296304,5903,Psap,0.0
851825,6509,Brain_Myeloid_microglial_cell,548,0.0,789,10_60296002_60296304,5903,Psap,0.0
851826,6510,Brain_Myeloid_microglial_cell,548,0.0,133,10_60296002_60296304,5903,Psap,0.0
851827,6511,Brain_Myeloid_microglial_cell,548,0.0,696,10_60296002_60296304,5903,Psap,0.0
851828,6512,Brain_Myeloid_microglial_cell,548,0.0,234,10_60296002_60296304,5903,Psap,0.0
851829,6513,Brain_Myeloid_microglial_cell,548,0.0,53,10_60296002_60296304,5903,Psap,0.0
851830,6514,Brain_Myeloid_microglial_cell,548,0.0,115,10_60296002_60296304,5903,Psap,0.0
851831,6516,Brain_Myeloid_microglial_cell,548,0.0,815,10_60296002_60296304,5903,Psap,0.0
851832,6517,Brain_Myeloid_microglial_cell,548,0.0,596,10_60296002_60296304,5903,Psap,0.0
851833,6518,Brain_Myeloid_microglial_cell,548,0.0,378,10_60296002_60296304,5903,Psap,0.0
851834,6519,Brain_Myeloid_microglial_cell,548,0.0,1137,10_60296002_60296304,5903,Psap,0.0
851835,6520,Brain_Myeloid_microglial_cell,548,0.0,453,10_60296002_60296304,5903,Psap,0.0
851836,6521,Brain_Myeloid_microglial_cell,548,0.0,133,10_60296002_60296304,5903,Psap,0.0
851837,6522,Brain_Myeloid_microglial_cell,548,0.0,411,10_60296002_60296304,5903,Psap,0.0
851838,6523,Brain_Myeloid_microglial_cell,548,0.0,95,10_60296002_60296304,5903,Psap,0.0
851839,6525,Brain_Myeloid_microglial_cell,548,0.0,450,10_60296002_60296304,5903,Psap,0.0
851840,6526,Brain_Myeloid_microglial_cell,548,0.0,525,10_60296002_60296304,5903,Psap,0.0
851841,6527,Brain_Myeloid_microglial_cell,548,0.0,496,10_60296002_60296304,5903,Psap,0.0
851842,6528,Brain_Myeloid_microglial_cell,548,0.0,326,10_60296002_60296304,5903,Psap,0.0
851843,6529,Brain_Myeloid_microglial_cell,548,0.0,78,10_60296002_60296304,5903,Psap,0.0
851844,6530,Brain_Myeloid_microglial_cell,548,0.0,295,10_60296002_60296304,5903,Psap,0.0
851845,6531,Brain_Myeloid_microglial_cell,548,0.0,123,10_60296002_60296304,5903,Psap,0.0
851846,6532,Brain_Myeloid_microglial_cell,548,0.0,92,10_60296002_60296304,5903,Psap,0.0
851847,6533,Brain_Myeloid_microglial_cell,548,0.0,121,10_60296002_60296304,5903,Psap,0.0
851848,6534,Brain_Myeloid_microglial_cell,548,0.0,257,10_60296002_60296304,5903,Psap,0.0
851849,6535,Brain_Myeloid_microglial_cell,548,0.0,86,10_60296002_60296304,5903,Psap,0.0
851850,6536,Brain_Myeloid_microglial_cell,548,0.0,922,10_60296002_60296304,5903,Psap,0.0
851851,6537,Brain_Myeloid_microglial_cell,548,0.0,322,10_60296002_60296304,5903,Psap,0.0
851852,6538,Brain_Myeloid_microglial_cell,548,0.0,350,10_60296002_60296304,5903,Psap,0.0
851853,6539,Brain_Myeloid_microglial_cell,548,0.0,361,10_60296002_60296304,5903,Psap,0.0
851854,6540,Brain_Myeloid_microglial_cell,548,0.0,975,10_60296002_60296304,5903,Psap,0.0
851855,6541,Brain_Myeloid_microglial_cell,548,0.0,62,10_60296002_60296304,5903,Psap,0.0
851856,6542,Brain_Myeloid_microglial_cell,548,0.0,97,10_60296002_60296304,5903,Psap,0.0
851857,6543,Brain_Myeloid_microglial_cell,548,0.0,670,10_60296002_60296304,5903,Psap,0.0
851858,6544,Brain_Myeloid_microglial_cell,548,0.0,2,10_60296002_60296304,5903,Psap,0.0
851859,6545,Brain_Myeloid_microglial_cell,548,0.0,370,10_60296002_60296304,5903,Psap,0.0
851860,6546,Brain_Myeloid_microglial_cell,548,0.0,793,10_60296002_60296304,5903,Psap,0.0
851861,6547,Brain_Myeloid_microglial_cell,548,0.0,71,10_60296002_60296304,5903,Psap,0.0
851862,6548,Brain_Myeloid_microglial_cell,548,0.0,240,10_60296002_60296304,5903,Psap,0.0
851863,6549,Brain_Myeloid_microglial_cell,548,0.0,62,10_60296002_60296304,5903,Psap,0.0
851864,6550,Brain_Myeloid_microglial_cell,548,0.0,255,10_60296002_60296304,5903,Psap,0.0
851865,6551,Brain_Myeloid_microglial_cell,548,0.0,1289,10_60296002_60296304,5903,Psap,0.0
851866,6552,Brain_Myeloid_microglial_cell,548,0.0,154,10_60296002_60296304,5903,Psap,0.0
851867,6553,Brain_Myeloid_microglial_cell,548,0.0,353,10_60296002_60296304,5903,Psap,0.0
851868,6554,Brain_Myeloid_microglial_cell,548,0.0,368,10_60296002_60296304,5903,Psap,0.0
851869,6555,Brain_Myeloid_microglial_cell,548,0.0,1135,10_60296002_60296304,5903,Psap,0.0
851870,6557,Brain_Myeloid_microglial_cell,548,0.0,366,10_60296002_60296304,5903,Psap,0.0
851871,6558,Brain_Myeloid_microglial_cell,548,0.0,887,10_60296002_60296304,5903,Psap,0.0
851872,6559,Brain_Myeloid_microglial_cell,548,0.0,55,10_60296002_60296304,5903,Psap,0.0
851873,6560,Brain_Myeloid_microglial_cell,548,0.0,420,10_60296002_60296304,5903,Psap,0.0
851874,6561,Brain_Myeloid_microglial_cell,548,0.0,46,10_60296002_60296304,5903,Psap,0.0
851875,6562,Brain_Myeloid_microglial_cell,548,0.0,67,10_60296002_60296304,5903,Psap,0.0
851876,6563,Brain_Myeloid_microglial_cell,548,0.0,127,10_60296002_60296304,5903,Psap,0.0
851877,6565,Brain_Myeloid_microglial_cell,548,0.0,1949,10_60296002_60296304,5903,Psap,0.0
851878,6566,Brain_Myeloid_microglial_cell,548,0.0,375,10_60296002_60296304,5903,Psap,0.0
851879,6567,Brain_Myeloid_microglial_cell,548,0.0,1345,10_60296002_60296304,5903,Psap,0.0
851880,6568,Brain_Myeloid_microglial_cell,548,0.0,386,10_60296002_60296304,5903,Psap,0.0
851881,6569,Brain_Myeloid_microglial_cell,548,0.0,290,10_60296002_60296304,5903,Psap,0.0
851882,6570,Brain_Myeloid_microglial_cell,548,0.0,641,10_60296002_60296304,5903,Psap,0.0
851883,6572,Brain_Myeloid_microglial_cell,548,0.0,56,10_60296002_60296304,5903,Psap,0.0
851884,6573,Brain_Myeloid_microglial_cell,548,0.0,748,10_60296002_60296304,5903,Psap,0.0
851885,6574,Brain_Myeloid_microglial_cell,548,0.0,313,10_60296002_60296304,5903,Psap,0.0
851886,6575,Brain_Myeloid_microglial_cell,548,0.0,771,10_60296002_60296304,5903,Psap,0.0
851887,6577,Brain_Myeloid_microglial_cell,548,0.0,58,10_60296002_60296304,5903,Psap,0.0
851888,6578,Brain_Myeloid_microglial_cell,548,0.0,698,10_60296002_60296304,5903,Psap,0.0
851889,6579,Brain_Myeloid_microglial_cell,548,0.0,416,10_60296002_60296304,5903,Psap,0.0
851890,6581,Brain_Myeloid_microglial_cell,548,0.0,89,10_60296002_60296304,5903,Psap,0.0
851891,6582,Brain_Myeloid_microglial_cell,548,0.0,304,10_60296002_60296304,5903,Psap,0.0
851892,6583,Brain_Myeloid_microglial_cell,548,0.0,2995,10_60296002_60296304,5903,Psap,0.0
851893,6584,Brain_Myeloid_microglial_cell,548,0.0,300,10_60296002_60296304,5903,Psap,0.0
851894,6585,Brain_Myeloid_microglial_cell,548,0.0,149,10_60296002_60296304,5903,Psap,0.0
851895,6586,Brain_Myeloid_microglial_cell,548,0.0,742,10_60296002_60296304,5903,Psap,0.0
851896,6587,Brain_Myeloid_microglial_cell,548,0.0,699,10_60296002_60296304,5903,Psap,0.0
851897,6589,Brain_Myeloid_microglial_cell,548,0.0,518,10_60296002_60296304,5903,Psap,0.0
851898,6590,Brain_Myeloid_microglial_cell,548,0.0,290,10_60296002_60296304,5903,Psap,0.0
851899,6591,Brain_Myeloid_microglial_cell,548,0.0,383,10_60296002_60296304,5903,Psap,0.0
851900,6592,Brain_Myeloid_microglial_cell,548,0.0,323,10_60296002_60296304,5903,Psap,0.0
851901,6593,Brain_Myeloid_microglial_cell,548,0.0,19,10_60296002_60296304,5903,Psap,0.0
851902,6594,Brain_Myeloid_microglial_cell,548,0.0,149,10_60296002_60296304,5903,Psap,0.0
851903,6595,Brain_Myeloid_microglial_cell,548,0.0,24,10_60296002_60296304,5903,Psap,0.0
851904,6596,Brain_Myeloid_microglial_cell,548,0.0,31,10_60296002_60296304,5903,Psap,0.0
851905,6597,Brain_Myeloid_microglial_cell,548,0.0,260,10_60296002_60296304,5903,Psap,0.0
851906,6598,Brain_Myeloid_microglial_cell,548,0.0,62,10_60296002_60296304,5903,Psap,0.0
851907,6600,Brain_Myeloid_microglial_cell,548,0.0,403,10_60296002_60296304,5903,Psap,0.0
851908,6601,Brain_Myeloid_microglial_cell,548,0.0,2622,10_60296002_60296304,5903,Psap,0.0
851909,6602,Brain_Myeloid_microglial_cell,548,0.0,596,10_60296002_60296304,5903,Psap,0.0
851910,6603,Brain_Myeloid_microglial_cell,548,0.0,148,10_60296002_60296304,5903,Psap,0.0
851911,6604,Brain_Myeloid_microglial_cell,548,0.0,750,10_60296002_60296304,5903,Psap,0.0
851912,6605,Brain_Myeloid_microglial_cell,548,0.0,64,10_60296002_60296304,5903,Psap,0.0
851913,6606,Brain_Myeloid_microglial_cell,548,0.0,225,10_60296002_60296304,5903,Psap,0.0
851914,6607,Brain_Myeloid_microglial_cell,548,0.0,403,10_60296002_60296304,5903,Psap,0.0
851915,6608,Brain_Myeloid_microglial_cell,548,0.0,363,10_60296002_60296304,5903,Psap,0.0
851916,6609,Brain_Myeloid_microglial_cell,548,0.0,1016,10_60296002_60296304,5903,Psap,0.0
851917,6610,Brain_Myeloid_microglial_cell,548,0.0,355,10_60296002_60296304,5903,Psap,0.0
851918,6611,Brain_Myeloid_microglial_cell,548,0.0,69,10_60296002_60296304,5903,Psap,0.0
851919,6612,Brain_Myeloid_microglial_cell,548,0.0,1274,10_60296002_60296304,5903,Psap,0.0
851920,6613,Brain_Myeloid_microglial_cell,548,0.0,220,10_60296002_60296304,5903,Psap,0.0
851921,6614,Brain_Myeloid_microglial_cell,548,0.0,51,10_60296002_60296304,5903,Psap,0.0
851922,6615,Brain_Myeloid_microglial_cell,548,0.0,101,10_60296002_60296304,5903,Psap,0.0
851923,6616,Brain_Myeloid_microglial_cell,548,0.0,102,10_60296002_60296304,5903,Psap,0.0
851924,6617,Brain_Myeloid_microglial_cell,548,0.0,374,10_60296002_60296304,5903,Psap,0.0
851925,6618,Brain_Myeloid_microglial_cell,548,0.0,308,10_60296002_60296304,5903,Psap,0.0
851926,6619,Brain_Myeloid_microglial_cell,548,0.0,299,10_60296002_60296304,5903,Psap,0.0
851927,6622,Brain_Myeloid_microglial_cell,548,0.0,308,10_60296002_60296304,5903,Psap,0.0
851928,6625,Brain_Myeloid_microglial_cell,548,0.0,34,10_60296002_60296304,5903,Psap,0.0
851929,6627,Brain_Myeloid_microglial_cell,548,0.0,896,10_60296002_60296304,5903,Psap,0.0
851930,6629,Brain_Myeloid_microglial_cell,548,0.0,923,10_60296002_60296304,5903,Psap,0.0
851931,6630,Brain_Myeloid_microglial_cell,548,0.0,47,10_60296002_60296304,5903,Psap,0.0
851932,6631,Brain_Myeloid_microglial_cell,548,0.0,224,10_60296002_60296304,5903,Psap,0.0
851933,6632,Brain_Myeloid_microglial_cell,548,0.0,83,10_60296002_60296304,5903,Psap,0.0
851934,6633,Brain_Myeloid_microglial_cell,548,0.0,157,10_60296002_60296304,5903,Psap,0.0
851935,6634,Brain_Myeloid_microglial_cell,548,0.0,746,10_60296002_60296304,5903,Psap,0.0
851936,6635,Brain_Myeloid_microglial_cell,548,0.0,926,10_60296002_60296304,5903,Psap,0.0
851937,6637,Brain_Myeloid_microglial_cell,548,0.0,368,10_60296002_60296304,5903,Psap,0.0
851938,6638,Brain_Myeloid_microglial_cell,548,0.0,419,10_60296002_60296304,5903,Psap,0.0
851939,6639,Brain_Myeloid_microglial_cell,548,0.0,179,10_60296002_60296304,5903,Psap,0.0
851940,6641,Brain_Myeloid_microglial_cell,548,0.0,685,10_60296002_60296304,5903,Psap,0.0
851941,6642,Brain_Myeloid_microglial_cell,548,0.0,583,10_60296002_60296304,5903,Psap,0.0
851942,6643,Brain_Myeloid_microglial_cell,548,0.0,96,10_60296002_60296304,5903,Psap,0.0
851943,6644,Brain_Myeloid_microglial_cell,548,0.0,776,10_60296002_60296304,5903,Psap,0.0
851944,6646,Brain_Myeloid_microglial_cell,548,0.0,175,10_60296002_60296304,5903,Psap,0.0
851945,6647,Brain_Myeloid_microglial_cell,548,0.0,89,10_60296002_60296304,5903,Psap,0.0
851946,6648,Brain_Myeloid_microglial_cell,548,0.0,307,10_60296002_60296304,5903,Psap,0.0
851947,6649,Brain_Myeloid_microglial_cell,548,0.0,44,10_60296002_60296304,5903,Psap,0.0
851948,6651,Brain_Myeloid_microglial_cell,548,0.0,259,10_60296002_60296304,5903,Psap,0.0
851949,6652,Brain_Myeloid_microglial_cell,548,0.0,386,10_60296002_60296304,5903,Psap,0.0
851950,6653,Brain_Myeloid_microglial_cell,548,0.0,603,10_60296002_60296304,5903,Psap,0.0
851951,6654,Brain_Myeloid_microglial_cell,548,0.0,267,10_60296002_60296304,5903,Psap,0.0
851952,6655,Brain_Myeloid_microglial_cell,548,0.0,155,10_60296002_60296304,5903,Psap,0.0
851953,6657,Brain_Myeloid_microglial_cell,548,0.0,205,10_60296002_60296304,5903,Psap,0.0
851954,6658,Brain_Myeloid_microglial_cell,548,0.0,194,10_60296002_60296304,5903,Psap,0.0
851955,6659,Brain_Myeloid_microglial_cell,548,0.0,216,10_60296002_60296304,5903,Psap,0.0
851956,6660,Brain_Myeloid_microglial_cell,548,0.0,553,10_60296002_60296304,5903,Psap,0.0
851957,6661,Brain_Myeloid_microglial_cell,548,0.0,23,10_60296002_60296304,5903,Psap,0.0
851958,6662,Brain_Myeloid_microglial_cell,548,0.0,40,10_60296002_60296304,5903,Psap,0.0
851959,6664,Brain_Myeloid_microglial_cell,548,0.0,78,10_60296002_60296304,5903,Psap,0.0
851960,6665,Brain_Myeloid_microglial_cell,548,0.0,127,10_60296002_60296304,5903,Psap,0.0
851961,6666,Brain_Myeloid_microglial_cell,548,0.0,327,10_60296002_60296304,5903,Psap,0.0
851962,6667,Brain_Myeloid_microglial_cell,548,0.0,352,10_60296002_60296304,5903,Psap,0.0
851963,6668,Brain_Myeloid_microglial_cell,548,0.0,192,10_60296002_60296304,5903,Psap,0.0
851964,6669,Brain_Myeloid_microglial_cell,548,0.0,74,10_60296002_60296304,5903,Psap,0.0
851965,6670,Brain_Myeloid_microglial_cell,548,0.0,147,10_60296002_60296304,5903,Psap,0.0
851966,6671,Brain_Myeloid_microglial_cell,548,0.0,232,10_60296002_60296304,5903,Psap,0.0
851967,6672,Brain_Myeloid_microglial_cell,548,0.0,40,10_60296002_60296304,5903,Psap,0.0
851968,6673,Brain_Myeloid_microglial_cell,548,0.0,1927,10_60296002_60296304,5903,Psap,0.0
851969,6675,Brain_Myeloid_microglial_cell,548,0.0,44,10_60296002_60296304,5903,Psap,0.0
851970,6676,Brain_Myeloid_microglial_cell,548,0.0,53,10_60296002_60296304,5903,Psap,0.0
851971,6677,Brain_Myeloid_microglial_cell,548,0.0,191,10_60296002_60296304,5903,Psap,0.0
851972,6679,Brain_Myeloid_microglial_cell,548,0.0,401,10_60296002_60296304,5903,Psap,0.0
851973,6680,Brain_Myeloid_microglial_cell,548,0.0,427,10_60296002_60296304,5903,Psap,0.0
851974,6681,Brain_Myeloid_microglial_cell,548,0.0,292,10_60296002_60296304,5903,Psap,0.0
851975,6682,Brain_Myeloid_microglial_cell,548,0.0,792,10_60296002_60296304,5903,Psap,0.0
851976,6683,Brain_Myeloid_microglial_cell,548,0.0,181,10_60296002_60296304,5903,Psap,0.0
851977,6684,Brain_Myeloid_microglial_cell,548,0.0,483,10_60296002_60296304,5903,Psap,0.0
851978,6685,Brain_Myeloid_microglial_cell,548,0.0,146,10_60296002_60296304,5903,Psap,0.0
851979,6686,Brain_Myeloid_microglial_cell,548,0.0,384,10_60296002_60296304,5903,Psap,0.0
851980,6687,Brain_Myeloid_microglial_cell,548,0.0,206,10_60296002_60296304,5903,Psap,0.0
851981,6688,Brain_Myeloid_microglial_cell,548,0.0,772,10_60296002_60296304,5903,Psap,0.0
851982,6689,Brain_Myeloid_microglial_cell,548,0.0,250,10_60296002_60296304,5903,Psap,0.0
851983,6690,Brain_Myeloid_microglial_cell,548,0.0,586,10_60296002_60296304,5903,Psap,0.0
851984,6691,Brain_Myeloid_microglial_cell,548,0.0,187,10_60296002_60296304,5903,Psap,0.0
851985,6692,Brain_Myeloid_microglial_cell,548,0.0,59,10_60296002_60296304,5903,Psap,0.0
851986,6693,Brain_Myeloid_microglial_cell,548,0.0,436,10_60296002_60296304,5903,Psap,0.0
851987,6694,Brain_Myeloid_microglial_cell,548,0.0,144,10_60296002_60296304,5903,Psap,0.0
851988,6695,Brain_Myeloid_microglial_cell,548,0.0,1154,10_60296002_60296304,5903,Psap,0.0
851989,6697,Brain_Myeloid_microglial_cell,548,0.0,800,10_60296002_60296304,5903,Psap,0.0
851990,6698,Brain_Myeloid_microglial_cell,548,0.0,524,10_60296002_60296304,5903,Psap,0.0
851991,6699,Brain_Myeloid_microglial_cell,548,0.0,180,10_60296002_60296304,5903,Psap,0.0
851992,6700,Brain_Myeloid_microglial_cell,548,0.0,439,10_60296002_60296304,5903,Psap,0.0
851993,6701,Brain_Myeloid_microglial_cell,548,0.0,341,10_60296002_60296304,5903,Psap,0.0
851994,6702,Brain_Myeloid_microglial_cell,548,0.0,707,10_60296002_60296304,5903,Psap,0.0
851995,6703,Brain_Myeloid_microglial_cell,548,0.0,87,10_60296002_60296304,5903,Psap,0.0
851996,6704,Brain_Myeloid_microglial_cell,548,0.0,243,10_60296002_60296304,5903,Psap,0.0
851997,6705,Brain_Myeloid_microglial_cell,548,0.0,709,10_60296002_60296304,5903,Psap,0.0
851998,6706,Brain_Myeloid_microglial_cell,548,0.0,318,10_60296002_60296304,5903,Psap,0.0
851999,6707,Brain_Myeloid_microglial_cell,548,0.0,89,10_60296002_60296304,5903,Psap,0.0
852000,6708,Brain_Myeloid_microglial_cell,548,0.0,61,10_60296002_60296304,5903,Psap,0.0
852001,6709,Brain_Myeloid_microglial_cell,548,0.0,994,10_60296002_60296304,5903,Psap,0.0
852002,6710,Brain_Myeloid_microglial_cell,548,0.0,282,10_60296002_60296304,5903,Psap,0.0
852003,6712,Brain_Myeloid_microglial_cell,548,0.0,240,10_60296002_60296304,5903,Psap,0.0
852004,6713,Brain_Myeloid_microglial_cell,548,0.0,107,10_60296002_60296304,5903,Psap,0.0
852005,6714,Brain_Myeloid_microglial_cell,548,0.0,421,10_60296002_60296304,5903,Psap,0.0
852006,6715,Brain_Myeloid_microglial_cell,548,0.0,251,10_60296002_60296304,5903,Psap,0.0
852007,6716,Brain_Myeloid_microglial_cell,548,0.0,755,10_60296002_60296304,5903,Psap,0.0
852008,6717,Brain_Myeloid_microglial_cell,548,0.0,93,10_60296002_60296304,5903,Psap,0.0
852009,6718,Brain_Myeloid_microglial_cell,548,0.0,57,10_60296002_60296304,5903,Psap,0.0
852010,6723,Brain_Myeloid_microglial_cell,548,0.0,208,10_60296002_60296304,5903,Psap,0.0
852011,6725,Brain_Myeloid_microglial_cell,548,0.0,100,10_60296002_60296304,5903,Psap,0.0
852012,6727,Brain_Myeloid_microglial_cell,548,0.0,410,10_60296002_60296304,5903,Psap,0.0
852013,6729,Brain_Myeloid_microglial_cell,548,0.0,191,10_60296002_60296304,5903,Psap,0.0
852014,6731,Brain_Myeloid_microglial_cell,548,0.0,142,10_60296002_60296304,5903,Psap,0.0
852015,6733,Brain_Myeloid_microglial_cell,548,0.0,302,10_60296002_60296304,5903,Psap,0.0
852016,6734,Brain_Myeloid_microglial_cell,548,0.0,36,10_60296002_60296304,5903,Psap,0.0
852017,6735,Brain_Myeloid_microglial_cell,548,0.0,549,10_60296002_60296304,5903,Psap,0.0
852018,6736,Brain_Myeloid_microglial_cell,548,0.0,166,10_60296002_60296304,5903,Psap,0.0
852019,6738,Brain_Myeloid_microglial_cell,548,0.0,28,10_60296002_60296304,5903,Psap,0.0
852020,6739,Brain_Myeloid_microglial_cell,548,0.0,408,10_60296002_60296304,5903,Psap,0.0
852021,6740,Brain_Myeloid_microglial_cell,548,0.0,305,10_60296002_60296304,5903,Psap,0.0
852022,6742,Brain_Myeloid_microglial_cell,548,0.0,718,10_60296002_60296304,5903,Psap,0.0
852023,6743,Brain_Myeloid_microglial_cell,548,0.0,75,10_60296002_60296304,5903,Psap,0.0
852024,6744,Brain_Myeloid_microglial_cell,548,0.0,627,10_60296002_60296304,5903,Psap,0.0
852025,6745,Brain_Myeloid_microglial_cell,548,0.0,307,10_60296002_60296304,5903,Psap,0.0
852026,6747,Brain_Myeloid_microglial_cell,548,0.0,292,10_60296002_60296304,5903,Psap,0.0
852027,6748,Brain_Myeloid_microglial_cell,548,0.0,432,10_60296002_60296304,5903,Psap,0.0
852028,6749,Brain_Myeloid_microglial_cell,548,0.0,59,10_60296002_60296304,5903,Psap,0.0
852029,6750,Brain_Myeloid_microglial_cell,548,0.0,946,10_60296002_60296304,5903,Psap,0.0
852030,6751,Brain_Myeloid_microglial_cell,548,0.0,224,10_60296002_60296304,5903,Psap,0.0
852031,6753,Brain_Myeloid_microglial_cell,548,0.0,194,10_60296002_60296304,5903,Psap,0.0
852032,6754,Brain_Myeloid_microglial_cell,548,0.0,56,10_60296002_60296304,5903,Psap,0.0
852033,6755,Brain_Myeloid_microglial_cell,548,0.0,260,10_60296002_60296304,5903,Psap,0.0
852034,6756,Brain_Myeloid_microglial_cell,548,0.0,27,10_60296002_60296304,5903,Psap,0.0
852035,6757,Brain_Myeloid_microglial_cell,548,0.0,53,10_60296002_60296304,5903,Psap,0.0
852036,6759,Brain_Myeloid_microglial_cell,548,0.0,40,10_60296002_60296304,5903,Psap,0.0
852037,6760,Brain_Myeloid_microglial_cell,548,0.0,53,10_60296002_60296304,5903,Psap,0.0
852038,6761,Brain_Myeloid_microglial_cell,548,0.0,2,10_60296002_60296304,5903,Psap,0.0
852039,6762,Brain_Myeloid_microglial_cell,548,0.0,55,10_60296002_60296304,5903,Psap,0.0
852040,6763,Brain_Myeloid_microglial_cell,548,0.0,358,10_60296002_60296304,5903,Psap,0.0
852041,6764,Brain_Myeloid_microglial_cell,548,0.0,21,10_60296002_60296304,5903,Psap,0.0
852042,6766,Brain_Myeloid_microglial_cell,548,0.0,1135,10_60296002_60296304,5903,Psap,0.0
852043,6767,Brain_Myeloid_microglial_cell,548,0.0,74,10_60296002_60296304,5903,Psap,0.0
852044,6768,Brain_Myeloid_microglial_cell,548,0.0,40,10_60296002_60296304,5903,Psap,0.0
852045,6769,Brain_Myeloid_microglial_cell,548,0.0,75,10_60296002_60296304,5903,Psap,0.0
852046,6770,Brain_Myeloid_microglial_cell,548,0.0,5,10_60296002_60296304,5903,Psap,0.0
852047,6771,Brain_Myeloid_microglial_cell,548,0.0,5,10_60296002_60296304,5903,Psap,0.0
852048,6772,Brain_Myeloid_microglial_cell,548,0.0,36,10_60296002_60296304,5903,Psap,0.0
852049,6773,Brain_Myeloid_microglial_cell,548,0.0,77,10_60296002_60296304,5903,Psap,0.0
852050,6775,Brain_Myeloid_microglial_cell,548,0.0,264,10_60296002_60296304,5903,Psap,0.0
852051,6776,Brain_Myeloid_microglial_cell,548,0.0,502,10_60296002_60296304,5903,Psap,0.0
852052,6777,Brain_Myeloid_microglial_cell,548,0.0,141,10_60296002_60296304,5903,Psap,0.0
852053,6779,Brain_Myeloid_microglial_cell,548,0.0,42,10_60296002_60296304,5903,Psap,0.0
852054,6780,Brain_Myeloid_microglial_cell,548,0.0,684,10_60296002_60296304,5903,Psap,0.0
852055,6781,Brain_Myeloid_microglial_cell,548,0.0,83,10_60296002_60296304,5903,Psap,0.0
852056,6782,Brain_Myeloid_microglial_cell,548,0.0,268,10_60296002_60296304,5903,Psap,0.0
852057,6783,Brain_Myeloid_microglial_cell,548,0.0,71,10_60296002_60296304,5903,Psap,0.0
852058,6784,Brain_Myeloid_microglial_cell,548,0.0,177,10_60296002_60296304,5903,Psap,0.0
852059,6785,Brain_Myeloid_microglial_cell,548,0.0,262,10_60296002_60296304,5903,Psap,0.0
852060,6787,Brain_Myeloid_microglial_cell,548,0.0,480,10_60296002_60296304,5903,Psap,0.0
852061,6788,Brain_Myeloid_microglial_cell,548,0.0,104,10_60296002_60296304,5903,Psap,0.0
852062,6789,Brain_Myeloid_microglial_cell,548,0.0,483,10_60296002_60296304,5903,Psap,0.0
852063,6790,Brain_Myeloid_microglial_cell,548,0.0,586,10_60296002_60296304,5903,Psap,0.0
852064,6791,Brain_Myeloid_microglial_cell,548,0.0,98,10_60296002_60296304,5903,Psap,0.0
852065,6792,Brain_Myeloid_microglial_cell,548,0.0,40,10_60296002_60296304,5903,Psap,0.0
852066,6793,Brain_Myeloid_microglial_cell,548,0.0,397,10_60296002_60296304,5903,Psap,0.0
852067,6794,Brain_Myeloid_microglial_cell,548,0.0,256,10_60296002_60296304,5903,Psap,0.0
852068,6796,Brain_Myeloid_microglial_cell,548,0.0,54,10_60296002_60296304,5903,Psap,0.0
852069,6797,Brain_Myeloid_microglial_cell,548,0.0,65,10_60296002_60296304,5903,Psap,0.0
852070,6798,Brain_Myeloid_microglial_cell,548,0.0,746,10_60296002_60296304,5903,Psap,0.0
852071,6800,Brain_Myeloid_microglial_cell,548,0.0,597,10_60296002_60296304,5903,Psap,0.0
852072,6801,Brain_Myeloid_microglial_cell,548,0.0,363,10_60296002_60296304,5903,Psap,0.0
852073,6802,Brain_Myeloid_microglial_cell,548,0.0,66,10_60296002_60296304,5903,Psap,0.0
852074,6803,Brain_Myeloid_microglial_cell,548,0.0,8,10_60296002_60296304,5903,Psap,0.0
852075,6804,Brain_Myeloid_microglial_cell,548,0.0,280,10_60296002_60296304,5903,Psap,0.0
852076,6805,Brain_Myeloid_microglial_cell,548,0.0,195,10_60296002_60296304,5903,Psap,0.0
852077,6806,Brain_Myeloid_microglial_cell,548,0.0,377,10_60296002_60296304,5903,Psap,0.0
852078,6808,Brain_Myeloid_microglial_cell,548,0.0,409,10_60296002_60296304,5903,Psap,0.0
852079,6809,Brain_Myeloid_microglial_cell,548,0.0,191,10_60296002_60296304,5903,Psap,0.0
852080,6810,Brain_Myeloid_microglial_cell,548,0.0,271,10_60296002_60296304,5903,Psap,0.0
852081,6812,Brain_Myeloid_microglial_cell,548,0.0,63,10_60296002_60296304,5903,Psap,0.0
852082,6813,Brain_Myeloid_microglial_cell,548,0.0,277,10_60296002_60296304,5903,Psap,0.0
852083,6814,Brain_Myeloid_microglial_cell,548,0.0,69,10_60296002_60296304,5903,Psap,0.0
852084,6815,Brain_Myeloid_microglial_cell,548,0.0,76,10_60296002_60296304,5903,Psap,0.0
852085,6816,Brain_Myeloid_microglial_cell,548,0.0,155,10_60296002_60296304,5903,Psap,0.0
852086,6817,Brain_Myeloid_microglial_cell,548,0.0,33,10_60296002_60296304,5903,Psap,0.0
852087,6818,Brain_Myeloid_microglial_cell,548,0.0,115,10_60296002_60296304,5903,Psap,0.0
852088,6819,Brain_Myeloid_microglial_cell,548,0.0,46,10_60296002_60296304,5903,Psap,0.0
852089,6820,Brain_Myeloid_microglial_cell,548,0.0,190,10_60296002_60296304,5903,Psap,0.0
852090,6822,Brain_Myeloid_microglial_cell,548,0.0,213,10_60296002_60296304,5903,Psap,0.0
852091,6823,Brain_Myeloid_microglial_cell,548,0.0,332,10_60296002_60296304,5903,Psap,0.0
852092,6825,Brain_Myeloid_microglial_cell,548,0.0,286,10_60296002_60296304,5903,Psap,0.0
852093,6826,Brain_Myeloid_microglial_cell,548,0.0,257,10_60296002_60296304,5903,Psap,0.0
852094,6827,Brain_Myeloid_microglial_cell,548,0.0,99,10_60296002_60296304,5903,Psap,0.0
852095,6829,Brain_Myeloid_microglial_cell,548,0.0,55,10_60296002_60296304,5903,Psap,0.0
852096,6830,Brain_Myeloid_microglial_cell,548,0.0,280,10_60296002_60296304,5903,Psap,0.0
852097,6831,Brain_Myeloid_microglial_cell,548,0.0,188,10_60296002_60296304,5903,Psap,0.0
852098,6832,Brain_Myeloid_microglial_cell,548,0.0,164,10_60296002_60296304,5903,Psap,0.0
852099,6834,Brain_Myeloid_microglial_cell,548,0.0,69,10_60296002_60296304,5903,Psap,0.0
852100,6835,Brain_Myeloid_microglial_cell,548,0.0,69,10_60296002_60296304,5903,Psap,0.0
852101,6836,Brain_Myeloid_microglial_cell,548,0.0,52,10_60296002_60296304,5903,Psap,0.0
852102,6837,Brain_Myeloid_microglial_cell,548,0.0,323,10_60296002_60296304,5903,Psap,0.0
852103,6839,Brain_Myeloid_microglial_cell,548,0.0,328,10_60296002_60296304,5903,Psap,0.0
852104,6840,Brain_Myeloid_microglial_cell,548,0.0,80,10_60296002_60296304,5903,Psap,0.0
852105,6841,Brain_Myeloid_microglial_cell,548,0.0,60,10_60296002_60296304,5903,Psap,0.0
852106,6842,Brain_Myeloid_microglial_cell,548,0.0,119,10_60296002_60296304,5903,Psap,0.0
852107,6843,Brain_Myeloid_microglial_cell,548,0.0,627,10_60296002_60296304,5903,Psap,0.0
852108,6844,Brain_Myeloid_microglial_cell,548,0.0,380,10_60296002_60296304,5903,Psap,0.0
852109,6845,Brain_Myeloid_microglial_cell,548,0.0,379,10_60296002_60296304,5903,Psap,0.0
852110,6846,Brain_Myeloid_microglial_cell,548,0.0,68,10_60296002_60296304,5903,Psap,0.0
852111,6847,Brain_Myeloid_microglial_cell,548,0.0,113,10_60296002_60296304,5903,Psap,0.0
852112,6849,Brain_Myeloid_microglial_cell,548,0.0,232,10_60296002_60296304,5903,Psap,0.0
852113,6850,Brain_Myeloid_microglial_cell,548,0.0,216,10_60296002_60296304,5903,Psap,0.0
852114,6851,Brain_Myeloid_microglial_cell,548,0.0,79,10_60296002_60296304,5903,Psap,0.0
852115,6852,Brain_Myeloid_microglial_cell,548,0.0,98,10_60296002_60296304,5903,Psap,0.0
852116,6854,Brain_Myeloid_microglial_cell,548,0.0,199,10_60296002_60296304,5903,Psap,0.0
852117,6855,Brain_Myeloid_microglial_cell,548,0.0,88,10_60296002_60296304,5903,Psap,0.0
852118,6856,Brain_Myeloid_microglial_cell,548,0.0,18,10_60296002_60296304,5903,Psap,0.0
852119,6857,Brain_Myeloid_microglial_cell,548,0.0,85,10_60296002_60296304,5903,Psap,0.0
852120,6858,Brain_Myeloid_microglial_cell,548,0.0,618,10_60296002_60296304,5903,Psap,0.0
852121,6859,Brain_Myeloid_microglial_cell,548,0.0,529,10_60296002_60296304,5903,Psap,0.0
852122,6860,Brain_Myeloid_microglial_cell,548,0.0,99,10_60296002_60296304,5903,Psap,0.0
852123,6862,Brain_Myeloid_microglial_cell,548,0.0,248,10_60296002_60296304,5903,Psap,0.0
852124,6863,Brain_Myeloid_microglial_cell,548,0.0,42,10_60296002_60296304,5903,Psap,0.0
852125,6864,Brain_Myeloid_microglial_cell,548,0.0,29,10_60296002_60296304,5903,Psap,0.0
852126,6865,Brain_Myeloid_microglial_cell,548,0.0,386,10_60296002_60296304,5903,Psap,0.0
852127,6866,Brain_Myeloid_microglial_cell,548,0.0,195,10_60296002_60296304,5903,Psap,0.0
852128,6867,Brain_Myeloid_microglial_cell,548,0.0,158,10_60296002_60296304,5903,Psap,0.0
852129,6869,Brain_Myeloid_microglial_cell,548,0.0,483,10_60296002_60296304,5903,Psap,0.0
852130,6871,Brain_Myeloid_microglial_cell,548,0.0,38,10_60296002_60296304,5903,Psap,0.0
852131,6872,Brain_Myeloid_microglial_cell,548,0.0,217,10_60296002_60296304,5903,Psap,0.0
852132,6873,Brain_Myeloid_microglial_cell,548,0.0,452,10_60296002_60296304,5903,Psap,0.0
852133,6874,Brain_Myeloid_microglial_cell,548,0.0,165,10_60296002_60296304,5903,Psap,0.0
852134,6875,Brain_Myeloid_microglial_cell,548,0.0,160,10_60296002_60296304,5903,Psap,0.0
852135,6876,Brain_Myeloid_microglial_cell,548,0.0,157,10_60296002_60296304,5903,Psap,0.0
852136,6877,Brain_Myeloid_microglial_cell,548,0.0,313,10_60296002_60296304,5903,Psap,0.0
852137,6878,Brain_Myeloid_microglial_cell,548,0.0,480,10_60296002_60296304,5903,Psap,0.0
852138,6879,Brain_Myeloid_microglial_cell,548,0.0,130,10_60296002_60296304,5903,Psap,0.0
852139,6880,Brain_Myeloid_microglial_cell,548,0.0,28,10_60296002_60296304,5903,Psap,0.0
852140,6881,Brain_Myeloid_microglial_cell,548,0.0,131,10_60296002_60296304,5903,Psap,0.0
852141,6882,Brain_Myeloid_microglial_cell,548,0.0,134,10_60296002_60296304,5903,Psap,0.0
852142,6883,Brain_Myeloid_microglial_cell,548,0.0,155,10_60296002_60296304,5903,Psap,0.0
852143,6884,Brain_Myeloid_microglial_cell,548,0.0,80,10_60296002_60296304,5903,Psap,0.0
852144,6885,Brain_Myeloid_microglial_cell,548,0.0,733,10_60296002_60296304,5903,Psap,0.0
852145,6886,Brain_Myeloid_microglial_cell,548,0.0,481,10_60296002_60296304,5903,Psap,0.0
852146,6887,Brain_Myeloid_microglial_cell,548,0.0,57,10_60296002_60296304,5903,Psap,0.0
852147,6888,Brain_Myeloid_microglial_cell,548,0.0,307,10_60296002_60296304,5903,Psap,0.0
852148,6889,Brain_Myeloid_microglial_cell,548,0.0,87,10_60296002_60296304,5903,Psap,0.0
852149,6890,Brain_Myeloid_microglial_cell,548,0.0,75,10_60296002_60296304,5903,Psap,0.0
852150,6891,Brain_Myeloid_microglial_cell,548,0.0,100,10_60296002_60296304,5903,Psap,0.0
852151,6892,Brain_Myeloid_microglial_cell,548,0.0,12,10_60296002_60296304,5903,Psap,0.0
852152,6893,Brain_Myeloid_microglial_cell,548,0.0,99,10_60296002_60296304,5903,Psap,0.0
852153,6894,Brain_Myeloid_microglial_cell,548,0.0,354,10_60296002_60296304,5903,Psap,0.0
852154,6895,Brain_Myeloid_microglial_cell,548,0.0,17,10_60296002_60296304,5903,Psap,0.0
852155,6896,Brain_Myeloid_microglial_cell,548,0.0,8,10_60296002_60296304,5903,Psap,0.0
852156,6897,Brain_Myeloid_microglial_cell,548,0.0,561,10_60296002_60296304,5903,Psap,0.0
852157,6898,Brain_Myeloid_microglial_cell,548,0.0,259,10_60296002_60296304,5903,Psap,0.0
852158,6899,Brain_Myeloid_microglial_cell,548,0.0,49,10_60296002_60296304,5903,Psap,0.0
852159,6900,Brain_Myeloid_microglial_cell,548,0.0,255,10_60296002_60296304,5903,Psap,0.0
852160,6901,Brain_Myeloid_microglial_cell,548,0.0,42,10_60296002_60296304,5903,Psap,0.0
852161,6902,Brain_Myeloid_microglial_cell,548,0.0,64,10_60296002_60296304,5903,Psap,0.0
852162,6903,Brain_Myeloid_microglial_cell,548,0.0,757,10_60296002_60296304,5903,Psap,0.0
852163,6904,Brain_Myeloid_microglial_cell,548,0.0,108,10_60296002_60296304,5903,Psap,0.0
852164,6905,Brain_Myeloid_microglial_cell,548,0.0,732,10_60296002_60296304,5903,Psap,0.0
852165,6906,Brain_Myeloid_microglial_cell,548,0.0,37,10_60296002_60296304,5903,Psap,0.0
852166,6907,Brain_Myeloid_microglial_cell,548,0.0,107,10_60296002_60296304,5903,Psap,0.0
852167,6908,Brain_Myeloid_microglial_cell,548,0.0,384,10_60296002_60296304,5903,Psap,0.0
852168,6909,Brain_Myeloid_microglial_cell,548,0.0,925,10_60296002_60296304,5903,Psap,0.0
852169,6910,Brain_Myeloid_microglial_cell,548,0.0,28,10_60296002_60296304,5903,Psap,0.0
852170,6911,Brain_Myeloid_microglial_cell,548,0.0,450,10_60296002_60296304,5903,Psap,0.0
852171,6912,Brain_Myeloid_microglial_cell,548,0.0,16,10_60296002_60296304,5903,Psap,0.0
852172,6913,Brain_Myeloid_microglial_cell,548,0.0,232,10_60296002_60296304,5903,Psap,0.0
852173,6914,Brain_Myeloid_microglial_cell,548,0.0,108,10_60296002_60296304,5903,Psap,0.0
852174,6915,Brain_Myeloid_microglial_cell,548,0.0,114,10_60296002_60296304,5903,Psap,0.0
852175,6916,Brain_Myeloid_microglial_cell,548,0.0,353,10_60296002_60296304,5903,Psap,0.0
852176,6917,Brain_Myeloid_microglial_cell,548,0.0,95,10_60296002_60296304,5903,Psap,0.0
852177,6918,Brain_Myeloid_microglial_cell,548,0.0,28,10_60296002_60296304,5903,Psap,0.0
852178,6919,Brain_Myeloid_microglial_cell,548,0.0,215,10_60296002_60296304,5903,Psap,0.0
852179,6920,Brain_Myeloid_microglial_cell,548,0.0,94,10_60296002_60296304,5903,Psap,0.0
852180,6922,Brain_Myeloid_microglial_cell,548,0.0,29,10_60296002_60296304,5903,Psap,0.0
852181,6923,Brain_Myeloid_microglial_cell,548,0.0,63,10_60296002_60296304,5903,Psap,0.0
852182,6924,Brain_Myeloid_microglial_cell,548,0.0,131,10_60296002_60296304,5903,Psap,0.0
852183,6925,Brain_Myeloid_microglial_cell,548,0.0,364,10_60296002_60296304,5903,Psap,0.0
852184,6927,Brain_Myeloid_microglial_cell,548,0.0,52,10_60296002_60296304,5903,Psap,0.0
852185,6928,Brain_Myeloid_microglial_cell,548,0.0,777,10_60296002_60296304,5903,Psap,0.0
852186,6930,Brain_Myeloid_microglial_cell,548,0.0,143,10_60296002_60296304,5903,Psap,0.0
852187,6931,Brain_Myeloid_microglial_cell,548,0.0,53,10_60296002_60296304,5903,Psap,0.0
852188,6932,Brain_Myeloid_microglial_cell,548,0.0,206,10_60296002_60296304,5903,Psap,0.0
852189,6933,Brain_Myeloid_microglial_cell,548,0.0,120,10_60296002_60296304,5903,Psap,0.0
852190,6934,Brain_Myeloid_microglial_cell,548,0.0,432,10_60296002_60296304,5903,Psap,0.0
852191,6935,Brain_Myeloid_microglial_cell,548,0.0,184,10_60296002_60296304,5903,Psap,0.0
852192,6936,Brain_Myeloid_microglial_cell,548,0.0,397,10_60296002_60296304,5903,Psap,0.0
852193,6937,Brain_Myeloid_microglial_cell,548,0.0,32,10_60296002_60296304,5903,Psap,0.0
852194,6938,Brain_Myeloid_microglial_cell,548,0.0,296,10_60296002_60296304,5903,Psap,0.0
852195,6939,Brain_Myeloid_microglial_cell,548,0.0,202,10_60296002_60296304,5903,Psap,0.0
852196,6940,Brain_Myeloid_microglial_cell,548,0.0,220,10_60296002_60296304,5903,Psap,0.0
852197,6941,Brain_Myeloid_microglial_cell,548,0.0,31,10_60296002_60296304,5903,Psap,0.0
852198,6942,Brain_Myeloid_microglial_cell,548,0.0,116,10_60296002_60296304,5903,Psap,0.0
852199,6943,Brain_Myeloid_microglial_cell,548,0.0,21,10_60296002_60296304,5903,Psap,0.0
852200,6944,Brain_Myeloid_microglial_cell,548,0.0,53,10_60296002_60296304,5903,Psap,0.0
852201,6945,Brain_Myeloid_microglial_cell,548,0.0,53,10_60296002_60296304,5903,Psap,0.0
852202,6946,Brain_Myeloid_microglial_cell,548,0.0,77,10_60296002_60296304,5903,Psap,0.0
852203,6947,Brain_Myeloid_microglial_cell,548,0.0,304,10_60296002_60296304,5903,Psap,0.0
852204,6948,Brain_Myeloid_microglial_cell,548,0.0,4,10_60296002_60296304,5903,Psap,0.0
852205,6949,Brain_Myeloid_microglial_cell,548,0.0,61,10_60296002_60296304,5903,Psap,0.0
852206,6950,Brain_Myeloid_microglial_cell,548,0.0,579,10_60296002_60296304,5903,Psap,0.0
852207,6951,Brain_Myeloid_microglial_cell,548,0.0,71,10_60296002_60296304,5903,Psap,0.0
852208,6952,Brain_Myeloid_microglial_cell,548,0.0,3,10_60296002_60296304,5903,Psap,0.0
852209,6953,Brain_Myeloid_microglial_cell,548,0.0,71,10_60296002_60296304,5903,Psap,0.0
852210,6954,Brain_Myeloid_microglial_cell,548,0.0,15,10_60296002_60296304,5903,Psap,0.0
852211,6955,Brain_Myeloid_microglial_cell,548,0.0,634,10_60296002_60296304,5903,Psap,0.0
852212,6956,Brain_Myeloid_microglial_cell,548,0.0,152,10_60296002_60296304,5903,Psap,0.0
852213,6957,Brain_Myeloid_microglial_cell,548,0.0,90,10_60296002_60296304,5903,Psap,0.0
852214,6958,Brain_Myeloid_microglial_cell,548,0.0,972,10_60296002_60296304,5903,Psap,0.0
852215,6959,Brain_Myeloid_microglial_cell,548,0.0,172,10_60296002_60296304,5903,Psap,0.0
852216,6960,Brain_Myeloid_microglial_cell,548,0.0,180,10_60296002_60296304,5903,Psap,0.0
852217,6961,Brain_Myeloid_microglial_cell,548,0.0,72,10_60296002_60296304,5903,Psap,0.0
852218,6962,Brain_Myeloid_microglial_cell,548,0.0,436,10_60296002_60296304,5903,Psap,0.0
852219,6963,Brain_Myeloid_microglial_cell,548,0.0,60,10_60296002_60296304,5903,Psap,0.0
852220,6964,Brain_Myeloid_microglial_cell,548,0.0,358,10_60296002_60296304,5903,Psap,0.0
852221,6965,Brain_Myeloid_microglial_cell,548,0.0,670,10_60296002_60296304,5903,Psap,0.0
852222,6966,Brain_Myeloid_microglial_cell,548,0.0,126,10_60296002_60296304,5903,Psap,0.0
852223,6967,Brain_Myeloid_microglial_cell,548,0.0,140,10_60296002_60296304,5903,Psap,0.0
852224,6968,Brain_Myeloid_microglial_cell,548,0.0,233,10_60296002_60296304,5903,Psap,0.0
852225,6969,Brain_Myeloid_microglial_cell,548,0.0,54,10_60296002_60296304,5903,Psap,0.0
852226,6970,Brain_Myeloid_microglial_cell,548,0.0,31,10_60296002_60296304,5903,Psap,0.0
852227,6971,Brain_Myeloid_microglial_cell,548,0.0,754,10_60296002_60296304,5903,Psap,0.0
852228,6972,Brain_Myeloid_microglial_cell,548,0.0,432,10_60296002_60296304,5903,Psap,0.0
852229,6973,Brain_Myeloid_microglial_cell,548,0.0,27,10_60296002_60296304,5903,Psap,0.0
852230,6974,Brain_Myeloid_microglial_cell,548,0.0,61,10_60296002_60296304,5903,Psap,0.0
852231,6975,Brain_Myeloid_microglial_cell,548,0.0,168,10_60296002_60296304,5903,Psap,0.0
852232,6976,Brain_Myeloid_microglial_cell,548,0.0,173,10_60296002_60296304,5903,Psap,0.0
852233,6977,Brain_Myeloid_microglial_cell,548,0.0,38,10_60296002_60296304,5903,Psap,0.0
852234,6978,Brain_Myeloid_microglial_cell,548,0.0,60,10_60296002_60296304,5903,Psap,0.0
852235,6979,Brain_Myeloid_microglial_cell,548,0.0,376,10_60296002_60296304,5903,Psap,0.0
852236,6980,Brain_Myeloid_microglial_cell,548,0.0,190,10_60296002_60296304,5903,Psap,0.0
852237,6981,Brain_Myeloid_microglial_cell,548,0.0,176,10_60296002_60296304,5903,Psap,0.0
852238,6983,Brain_Myeloid_microglial_cell,548,0.0,115,10_60296002_60296304,5903,Psap,0.0
852239,6984,Brain_Myeloid_microglial_cell,548,0.0,350,10_60296002_60296304,5903,Psap,0.0
852240,6985,Brain_Myeloid_microglial_cell,548,0.0,103,10_60296002_60296304,5903,Psap,0.0
852241,6986,Brain_Myeloid_microglial_cell,548,0.0,144,10_60296002_60296304,5903,Psap,0.0
852242,6987,Brain_Myeloid_microglial_cell,548,0.0,643,10_60296002_60296304,5903,Psap,0.0
852243,6988,Brain_Myeloid_microglial_cell,548,0.0,222,10_60296002_60296304,5903,Psap,0.0
852244,6989,Brain_Myeloid_microglial_cell,548,0.0,37,10_60296002_60296304,5903,Psap,0.0
852245,6990,Brain_Myeloid_microglial_cell,548,0.0,230,10_60296002_60296304,5903,Psap,0.0
852246,6991,Brain_Myeloid_microglial_cell,548,0.0,113,10_60296002_60296304,5903,Psap,0.0
852247,6992,Brain_Myeloid_microglial_cell,548,0.0,23,10_60296002_60296304,5903,Psap,0.0
852248,6993,Brain_Myeloid_microglial_cell,548,0.0,28,10_60296002_60296304,5903,Psap,0.0
852249,6994,Brain_Myeloid_microglial_cell,548,0.0,182,10_60296002_60296304,5903,Psap,0.0
852250,6995,Brain_Myeloid_microglial_cell,548,0.0,141,10_60296002_60296304,5903,Psap,0.0
852251,6996,Brain_Myeloid_microglial_cell,548,0.0,1,10_60296002_60296304,5903,Psap,0.0
852252,6997,Brain_Myeloid_microglial_cell,548,0.0,26,10_60296002_60296304,5903,Psap,0.0
852253,6998,Brain_Myeloid_microglial_cell,548,0.0,332,10_60296002_60296304,5903,Psap,0.0
852254,6999,Brain_Myeloid_microglial_cell,548,0.0,57,10_60296002_60296304,5903,Psap,0.0
852255,7000,Brain_Myeloid_microglial_cell,548,0.0,36,10_60296002_60296304,5903,Psap,0.0
852256,7001,Brain_Myeloid_microglial_cell,548,0.0,469,10_60296002_60296304,5903,Psap,0.0
852257,7002,Brain_Myeloid_microglial_cell,548,0.0,101,10_60296002_60296304,5903,Psap,0.0
852258,7003,Brain_Myeloid_microglial_cell,548,0.0,79,10_60296002_60296304,5903,Psap,0.0
852259,7004,Brain_Myeloid_microglial_cell,548,0.0,305,10_60296002_60296304,5903,Psap,0.0
852260,7005,Brain_Myeloid_microglial_cell,548,0.0,85,10_60296002_60296304,5903,Psap,0.0
852261,7006,Brain_Myeloid_microglial_cell,548,0.0,223,10_60296002_60296304,5903,Psap,0.0
852262,7007,Brain_Myeloid_microglial_cell,548,0.0,303,10_60296002_60296304,5903,Psap,0.0
852263,7008,Brain_Myeloid_microglial_cell,548,0.0,224,10_60296002_60296304,5903,Psap,0.0
852264,7009,Brain_Myeloid_microglial_cell,548,0.0,374,10_60296002_60296304,5903,Psap,0.0
852265,7010,Brain_Myeloid_microglial_cell,548,0.0,26,10_60296002_60296304,5903,Psap,0.0
852266,7011,Brain_Myeloid_microglial_cell,548,0.0,161,10_60296002_60296304,5903,Psap,0.0
852267,7012,Brain_Myeloid_microglial_cell,548,0.0,621,10_60296002_60296304,5903,Psap,0.0
852268,7013,Brain_Myeloid_microglial_cell,548,0.0,45,10_60296002_60296304,5903,Psap,0.0
852269,7014,Brain_Myeloid_microglial_cell,548,0.0,118,10_60296002_60296304,5903,Psap,0.0
852270,7015,Brain_Myeloid_microglial_cell,548,0.0,492,10_60296002_60296304,5903,Psap,0.0
852271,7016,Brain_Myeloid_microglial_cell,548,0.0,40,10_60296002_60296304,5903,Psap,0.0
852272,7017,Brain_Myeloid_microglial_cell,548,0.0,99,10_60296002_60296304,5903,Psap,0.0
852273,7018,Brain_Myeloid_microglial_cell,548,0.0,277,10_60296002_60296304,5903,Psap,0.0
852274,7019,Brain_Myeloid_microglial_cell,548,0.0,21,10_60296002_60296304,5903,Psap,0.0
852275,7020,Brain_Myeloid_microglial_cell,548,0.0,329,10_60296002_60296304,5903,Psap,0.0
852276,7022,Brain_Myeloid_microglial_cell,548,0.0,116,10_60296002_60296304,5903,Psap,0.0
852277,7023,Brain_Myeloid_microglial_cell,548,0.0,6,10_60296002_60296304,5903,Psap,0.0
852278,7024,Brain_Myeloid_microglial_cell,548,0.0,33,10_60296002_60296304,5903,Psap,0.0
852279,7025,Brain_Myeloid_microglial_cell,548,0.0,209,10_60296002_60296304,5903,Psap,0.0
852280,7026,Brain_Myeloid_microglial_cell,548,0.0,185,10_60296002_60296304,5903,Psap,0.0
852281,7027,Brain_Myeloid_microglial_cell,548,0.0,89,10_60296002_60296304,5903,Psap,0.0
852282,7028,Brain_Myeloid_microglial_cell,548,0.0,72,10_60296002_60296304,5903,Psap,0.0
852283,7029,Brain_Myeloid_microglial_cell,548,0.0,506,10_60296002_60296304,5903,Psap,0.0
852284,7030,Brain_Myeloid_microglial_cell,548,0.0,142,10_60296002_60296304,5903,Psap,0.0
852285,7031,Brain_Myeloid_microglial_cell,548,0.0,266,10_60296002_60296304,5903,Psap,0.0
852286,7032,Brain_Myeloid_microglial_cell,548,0.0,216,10_60296002_60296304,5903,Psap,0.0
852287,7033,Brain_Myeloid_microglial_cell,548,0.0,283,10_60296002_60296304,5903,Psap,0.0
852288,7034,Brain_Myeloid_microglial_cell,548,0.0,229,10_60296002_60296304,5903,Psap,0.0
852289,7035,Brain_Myeloid_microglial_cell,548,0.0,60,10_60296002_60296304,5903,Psap,0.0
852290,7036,Brain_Myeloid_microglial_cell,548,0.0,724,10_60296002_60296304,5903,Psap,0.0
852291,7037,Brain_Myeloid_microglial_cell,548,0.0,275,10_60296002_60296304,5903,Psap,0.0
852292,7038,Brain_Myeloid_microglial_cell,548,0.0,60,10_60296002_60296304,5903,Psap,0.0
852293,7039,Brain_Myeloid_microglial_cell,548,0.0,92,10_60296002_60296304,5903,Psap,0.0
852294,7040,Brain_Myeloid_microglial_cell,548,0.0,414,10_60296002_60296304,5903,Psap,0.0
852295,7041,Brain_Myeloid_microglial_cell,548,0.0,24,10_60296002_60296304,5903,Psap,0.0
852296,7042,Brain_Myeloid_microglial_cell,548,0.0,188,10_60296002_60296304,5903,Psap,0.0
852297,7043,Brain_Myeloid_microglial_cell,548,0.0,159,10_60296002_60296304,5903,Psap,0.0
852298,7044,Brain_Myeloid_microglial_cell,548,0.0,34,10_60296002_60296304,5903,Psap,0.0
852299,7045,Brain_Myeloid_microglial_cell,548,0.0,15,10_60296002_60296304,5903,Psap,0.0
852300,7046,Brain_Myeloid_microglial_cell,548,0.0,505,10_60296002_60296304,5903,Psap,0.0
852301,7047,Brain_Myeloid_microglial_cell,548,0.0,114,10_60296002_60296304,5903,Psap,0.0
852302,7048,Brain_Myeloid_microglial_cell,548,0.0,519,10_60296002_60296304,5903,Psap,0.0
852303,7049,Brain_Myeloid_microglial_cell,548,0.0,311,10_60296002_60296304,5903,Psap,0.0
852304,7050,Brain_Myeloid_microglial_cell,548,0.0,1150,10_60296002_60296304,5903,Psap,0.0
852305,7051,Brain_Myeloid_microglial_cell,548,0.0,44,10_60296002_60296304,5903,Psap,0.0
852306,7052,Brain_Myeloid_microglial_cell,548,0.0,91,10_60296002_60296304,5903,Psap,0.0
852307,7053,Brain_Myeloid_microglial_cell,548,0.0,394,10_60296002_60296304,5903,Psap,0.0
852308,7055,Brain_Myeloid_microglial_cell,548,0.0,81,10_60296002_60296304,5903,Psap,0.0
852309,7056,Brain_Myeloid_microglial_cell,548,0.0,53,10_60296002_60296304,5903,Psap,0.0
852310,7057,Brain_Myeloid_microglial_cell,548,0.0,72,10_60296002_60296304,5903,Psap,0.0
852311,7058,Brain_Myeloid_microglial_cell,548,0.0,12,10_60296002_60296304,5903,Psap,0.0
852312,7059,Brain_Myeloid_microglial_cell,548,0.0,554,10_60296002_60296304,5903,Psap,0.0
852313,7060,Brain_Myeloid_microglial_cell,548,0.0,373,10_60296002_60296304,5903,Psap,0.0
852314,7061,Brain_Myeloid_microglial_cell,548,0.0,200,10_60296002_60296304,5903,Psap,0.0
852315,7062,Brain_Myeloid_microglial_cell,548,0.0,332,10_60296002_60296304,5903,Psap,0.0
852316,7063,Brain_Myeloid_microglial_cell,548,0.0,384,10_60296002_60296304,5903,Psap,0.0
852317,7064,Brain_Myeloid_microglial_cell,548,0.0,324,10_60296002_60296304,5903,Psap,0.0
852318,7065,Brain_Myeloid_microglial_cell,548,0.0,67,10_60296002_60296304,5903,Psap,0.0
852319,7066,Brain_Myeloid_microglial_cell,548,0.0,42,10_60296002_60296304,5903,Psap,0.0
852320,7067,Brain_Myeloid_microglial_cell,548,0.0,751,10_60296002_60296304,5903,Psap,0.0
852321,7068,Brain_Myeloid_microglial_cell,548,0.0,228,10_60296002_60296304,5903,Psap,0.0
852322,7069,Brain_Myeloid_microglial_cell,548,0.0,245,10_60296002_60296304,5903,Psap,0.0
852323,7070,Brain_Myeloid_microglial_cell,548,0.0,75,10_60296002_60296304,5903,Psap,0.0
852324,7071,Brain_Myeloid_microglial_cell,548,0.0,197,10_60296002_60296304,5903,Psap,0.0
852325,7072,Brain_Myeloid_microglial_cell,548,0.0,633,10_60296002_60296304,5903,Psap,0.0
852326,7073,Brain_Myeloid_microglial_cell,548,0.0,579,10_60296002_60296304,5903,Psap,0.0
852327,7074,Brain_Myeloid_microglial_cell,548,0.0,108,10_60296002_60296304,5903,Psap,0.0
852328,7075,Brain_Myeloid_microglial_cell,548,0.0,53,10_60296002_60296304,5903,Psap,0.0
852329,7076,Brain_Myeloid_microglial_cell,548,0.0,44,10_60296002_60296304,5903,Psap,0.0
852330,7077,Brain_Myeloid_microglial_cell,548,0.0,6,10_60296002_60296304,5903,Psap,0.0
852331,7078,Brain_Myeloid_microglial_cell,548,0.0,33,10_60296002_60296304,5903,Psap,0.0
852332,7079,Brain_Myeloid_microglial_cell,548,0.0,271,10_60296002_60296304,5903,Psap,0.0
852333,7080,Brain_Myeloid_microglial_cell,548,0.0,147,10_60296002_60296304,5903,Psap,0.0
852334,7081,Brain_Myeloid_microglial_cell,548,0.0,44,10_60296002_60296304,5903,Psap,0.0
852335,7082,Brain_Myeloid_microglial_cell,548,0.0,564,10_60296002_60296304,5903,Psap,0.0
852336,7083,Brain_Myeloid_microglial_cell,548,0.0,22,10_60296002_60296304,5903,Psap,0.0
852337,7084,Brain_Myeloid_microglial_cell,548,0.0,94,10_60296002_60296304,5903,Psap,0.0
852338,7085,Brain_Myeloid_microglial_cell,548,0.0,36,10_60296002_60296304,5903,Psap,0.0
852339,7086,Brain_Myeloid_microglial_cell,548,0.0,39,10_60296002_60296304,5903,Psap,0.0
852340,7087,Brain_Myeloid_microglial_cell,548,0.0,187,10_60296002_60296304,5903,Psap,0.0
852341,7088,Brain_Myeloid_microglial_cell,548,0.0,99,10_60296002_60296304,5903,Psap,0.0
852342,7089,Brain_Myeloid_microglial_cell,548,0.0,67,10_60296002_60296304,5903,Psap,0.0
852343,7090,Brain_Myeloid_microglial_cell,548,0.0,56,10_60296002_60296304,5903,Psap,0.0
852344,7091,Brain_Myeloid_microglial_cell,548,0.0,2,10_60296002_60296304,5903,Psap,0.0
852345,7092,Brain_Myeloid_microglial_cell,548,0.0,63,10_60296002_60296304,5903,Psap,0.0
852346,7093,Brain_Myeloid_microglial_cell,548,0.0,205,10_60296002_60296304,5903,Psap,0.0
852347,7094,Brain_Myeloid_microglial_cell,548,0.0,810,10_60296002_60296304,5903,Psap,0.0
852348,7095,Brain_Myeloid_microglial_cell,548,0.0,46,10_60296002_60296304,5903,Psap,0.0
852349,7096,Brain_Myeloid_microglial_cell,548,0.0,1083,10_60296002_60296304,5903,Psap,0.0
852350,7097,Brain_Myeloid_microglial_cell,548,0.0,67,10_60296002_60296304,5903,Psap,0.0
852351,7098,Brain_Myeloid_microglial_cell,548,0.0,54,10_60296002_60296304,5903,Psap,0.0
852352,7099,Brain_Myeloid_microglial_cell,548,0.0,766,10_60296002_60296304,5903,Psap,0.0
852353,7100,Brain_Myeloid_microglial_cell,548,0.0,305,10_60296002_60296304,5903,Psap,0.0
852354,7101,Brain_Myeloid_microglial_cell,548,0.0,314,10_60296002_60296304,5903,Psap,0.0
852355,7102,Brain_Myeloid_microglial_cell,548,0.0,333,10_60296002_60296304,5903,Psap,0.0
852356,7103,Brain_Myeloid_microglial_cell,548,0.0,22,10_60296002_60296304,5903,Psap,0.0
852357,7104,Brain_Myeloid_microglial_cell,548,0.0,757,10_60296002_60296304,5903,Psap,0.0
852358,7105,Brain_Myeloid_microglial_cell,548,0.0,157,10_60296002_60296304,5903,Psap,0.0
852359,7106,Brain_Myeloid_microglial_cell,548,0.0,101,10_60296002_60296304,5903,Psap,0.0
852360,7107,Brain_Myeloid_microglial_cell,548,0.0,8,10_60296002_60296304,5903,Psap,0.0
852361,7108,Brain_Myeloid_microglial_cell,548,0.0,50,10_60296002_60296304,5903,Psap,0.0
852362,7109,Brain_Myeloid_microglial_cell,548,0.0,460,10_60296002_60296304,5903,Psap,0.0
852363,7110,Brain_Myeloid_microglial_cell,548,0.0,5,10_60296002_60296304,5903,Psap,0.0
852364,7111,Brain_Myeloid_microglial_cell,548,0.0,7,10_60296002_60296304,5903,Psap,0.0
852365,7112,Brain_Myeloid_microglial_cell,548,0.0,170,10_60296002_60296304,5903,Psap,0.0
852366,7113,Brain_Myeloid_microglial_cell,548,0.0,32,10_60296002_60296304,5903,Psap,0.0
852367,7114,Brain_Myeloid_microglial_cell,548,0.0,21,10_60296002_60296304,5903,Psap,0.0
852368,7115,Brain_Myeloid_microglial_cell,548,0.0,66,10_60296002_60296304,5903,Psap,0.0
852369,7116,Brain_Myeloid_microglial_cell,548,0.0,24,10_60296002_60296304,5903,Psap,0.0
852370,7118,Brain_Myeloid_microglial_cell,548,0.0,294,10_60296002_60296304,5903,Psap,0.0
852371,7119,Brain_Myeloid_microglial_cell,548,0.0,186,10_60296002_60296304,5903,Psap,0.0
852372,7120,Brain_Myeloid_microglial_cell,548,0.0,80,10_60296002_60296304,5903,Psap,0.0
852373,7121,Brain_Myeloid_microglial_cell,548,0.0,64,10_60296002_60296304,5903,Psap,0.0
852374,7122,Brain_Myeloid_microglial_cell,548,0.0,959,10_60296002_60296304,5903,Psap,0.0
852375,7123,Brain_Myeloid_microglial_cell,548,0.0,35,10_60296002_60296304,5903,Psap,0.0
852376,7124,Brain_Myeloid_microglial_cell,548,0.0,46,10_60296002_60296304,5903,Psap,0.0
852377,7125,Brain_Myeloid_microglial_cell,548,0.0,119,10_60296002_60296304,5903,Psap,0.0
852378,7126,Brain_Myeloid_microglial_cell,548,0.0,1350,10_60296002_60296304,5903,Psap,0.0
852379,7127,Brain_Myeloid_microglial_cell,548,0.0,65,10_60296002_60296304,5903,Psap,0.0
852380,7128,Brain_Myeloid_microglial_cell,548,0.0,458,10_60296002_60296304,5903,Psap,0.0
852381,7129,Brain_Myeloid_microglial_cell,548,0.0,132,10_60296002_60296304,5903,Psap,0.0
852382,7130,Brain_Myeloid_microglial_cell,548,0.0,98,10_60296002_60296304,5903,Psap,0.0
852383,7132,Brain_Myeloid_microglial_cell,548,0.0,60,10_60296002_60296304,5903,Psap,0.0
852384,7133,Brain_Myeloid_microglial_cell,548,0.0,123,10_60296002_60296304,5903,Psap,0.0
852385,7134,Brain_Myeloid_microglial_cell,548,0.0,53,10_60296002_60296304,5903,Psap,0.0
852386,7135,Brain_Myeloid_microglial_cell,548,0.0,586,10_60296002_60296304,5903,Psap,0.0
852387,7136,Brain_Myeloid_microglial_cell,548,0.0,84,10_60296002_60296304,5903,Psap,0.0
852388,7137,Brain_Myeloid_microglial_cell,548,0.0,26,10_60296002_60296304,5903,Psap,0.0
852389,7138,Brain_Myeloid_microglial_cell,548,0.0,441,10_60296002_60296304,5903,Psap,0.0
852390,7139,Brain_Myeloid_microglial_cell,548,0.0,117,10_60296002_60296304,5903,Psap,0.0
852391,7140,Brain_Myeloid_microglial_cell,548,0.0,176,10_60296002_60296304,5903,Psap,0.0
852392,7141,Brain_Myeloid_microglial_cell,548,0.0,78,10_60296002_60296304,5903,Psap,0.0
852393,7142,Brain_Myeloid_microglial_cell,548,0.0,91,10_60296002_60296304,5903,Psap,0.0
852394,7143,Brain_Myeloid_microglial_cell,548,0.0,27,10_60296002_60296304,5903,Psap,0.0
852395,7144,Brain_Myeloid_microglial_cell,548,0.0,63,10_60296002_60296304,5903,Psap,0.0
852396,7145,Brain_Myeloid_microglial_cell,548,0.0,91,10_60296002_60296304,5903,Psap,0.0
852397,7146,Brain_Myeloid_microglial_cell,548,0.0,47,10_60296002_60296304,5903,Psap,0.0
852398,7147,Brain_Myeloid_microglial_cell,548,0.0,237,10_60296002_60296304,5903,Psap,0.0
852399,7148,Brain_Myeloid_microglial_cell,548,0.0,23,10_60296002_60296304,5903,Psap,0.0
852400,7149,Brain_Myeloid_microglial_cell,548,0.0,18,10_60296002_60296304,5903,Psap,0.0
852401,7150,Brain_Myeloid_microglial_cell,548,0.0,305,10_60296002_60296304,5903,Psap,0.0
852402,7151,Brain_Myeloid_microglial_cell,548,0.0,52,10_60296002_60296304,5903,Psap,0.0
852403,7152,Brain_Myeloid_microglial_cell,548,0.0,172,10_60296002_60296304,5903,Psap,0.0
852404,7153,Brain_Myeloid_microglial_cell,548,0.0,79,10_60296002_60296304,5903,Psap,0.0
852405,7154,Brain_Myeloid_microglial_cell,548,0.0,433,10_60296002_60296304,5903,Psap,0.0
852406,7155,Brain_Myeloid_microglial_cell,548,0.0,299,10_60296002_60296304,5903,Psap,0.0
852407,7156,Brain_Myeloid_microglial_cell,548,0.0,185,10_60296002_60296304,5903,Psap,0.0
852408,7157,Brain_Myeloid_microglial_cell,548,0.0,104,10_60296002_60296304,5903,Psap,0.0
852409,7158,Brain_Myeloid_microglial_cell,548,0.0,476,10_60296002_60296304,5903,Psap,0.0
852410,7159,Brain_Myeloid_microglial_cell,548,0.0,7,10_60296002_60296304,5903,Psap,0.0
852411,7160,Brain_Myeloid_microglial_cell,548,0.0,59,10_60296002_60296304,5903,Psap,0.0
852412,7161,Brain_Myeloid_microglial_cell,548,0.0,341,10_60296002_60296304,5903,Psap,0.0
852413,7162,Brain_Myeloid_microglial_cell,548,0.0,148,10_60296002_60296304,5903,Psap,0.0
852414,7163,Brain_Myeloid_microglial_cell,548,0.0,177,10_60296002_60296304,5903,Psap,0.0
852415,7164,Brain_Myeloid_microglial_cell,548,0.0,84,10_60296002_60296304,5903,Psap,0.0
852416,7165,Brain_Myeloid_microglial_cell,548,0.0,67,10_60296002_60296304,5903,Psap,0.0
852417,7166,Brain_Myeloid_microglial_cell,548,0.0,388,10_60296002_60296304,5903,Psap,0.0
852418,7167,Brain_Myeloid_microglial_cell,548,0.0,62,10_60296002_60296304,5903,Psap,0.0
852419,7168,Brain_Myeloid_microglial_cell,548,0.0,75,10_60296002_60296304,5903,Psap,0.0
852420,7169,Brain_Myeloid_microglial_cell,548,0.0,101,10_60296002_60296304,5903,Psap,0.0
852421,7170,Brain_Myeloid_microglial_cell,548,0.0,54,10_60296002_60296304,5903,Psap,0.0
852422,7171,Brain_Myeloid_microglial_cell,548,0.0,578,10_60296002_60296304,5903,Psap,0.0
852423,7172,Brain_Myeloid_microglial_cell,548,0.0,451,10_60296002_60296304,5903,Psap,0.0
852424,7173,Brain_Myeloid_microglial_cell,548,0.0,260,10_60296002_60296304,5903,Psap,0.0
852425,7174,Brain_Myeloid_microglial_cell,548,0.0,41,10_60296002_60296304,5903,Psap,0.0
852426,7175,Brain_Myeloid_microglial_cell,548,0.0,235,10_60296002_60296304,5903,Psap,0.0
852427,7176,Brain_Myeloid_microglial_cell,548,0.0,25,10_60296002_60296304,5903,Psap,0.0
852428,7177,Brain_Myeloid_microglial_cell,548,0.0,70,10_60296002_60296304,5903,Psap,0.0
852429,7178,Brain_Myeloid_microglial_cell,548,0.0,63,10_60296002_60296304,5903,Psap,0.0
852430,7179,Brain_Myeloid_microglial_cell,548,0.0,44,10_60296002_60296304,5903,Psap,0.0
852431,7180,Brain_Myeloid_microglial_cell,548,0.0,884,10_60296002_60296304,5903,Psap,0.0
852432,7181,Brain_Myeloid_microglial_cell,548,0.0,34,10_60296002_60296304,5903,Psap,0.0
852433,7182,Brain_Myeloid_microglial_cell,548,0.0,90,10_60296002_60296304,5903,Psap,0.0
852434,7183,Brain_Myeloid_microglial_cell,548,0.0,28,10_60296002_60296304,5903,Psap,0.0
852435,7184,Brain_Myeloid_microglial_cell,548,0.0,220,10_60296002_60296304,5903,Psap,0.0
852436,7185,Brain_Myeloid_microglial_cell,548,0.0,2,10_60296002_60296304,5903,Psap,0.0
852437,7186,Brain_Myeloid_microglial_cell,548,0.0,22,10_60296002_60296304,5903,Psap,0.0
852438,7187,Brain_Myeloid_microglial_cell,548,0.0,50,10_60296002_60296304,5903,Psap,0.0
852439,7188,Brain_Myeloid_microglial_cell,548,0.0,87,10_60296002_60296304,5903,Psap,0.0
852440,7189,Brain_Myeloid_microglial_cell,548,0.0,17,10_60296002_60296304,5903,Psap,0.0
852441,7190,Brain_Myeloid_microglial_cell,548,0.0,109,10_60296002_60296304,5903,Psap,0.0
852442,7191,Brain_Myeloid_microglial_cell,548,0.0,58,10_60296002_60296304,5903,Psap,0.0
852443,7193,Brain_Myeloid_microglial_cell,548,0.0,34,10_60296002_60296304,5903,Psap,0.0
852444,7194,Brain_Myeloid_microglial_cell,548,0.0,92,10_60296002_60296304,5903,Psap,0.0
852445,7195,Brain_Myeloid_microglial_cell,548,0.0,179,10_60296002_60296304,5903,Psap,0.0
852446,7196,Brain_Myeloid_microglial_cell,548,0.0,37,10_60296002_60296304,5903,Psap,0.0
852447,7197,Brain_Myeloid_microglial_cell,548,0.0,56,10_60296002_60296304,5903,Psap,0.0
852448,7198,Brain_Myeloid_microglial_cell,548,0.0,28,10_60296002_60296304,5903,Psap,0.0
852449,7199,Brain_Myeloid_microglial_cell,548,0.0,52,10_60296002_60296304,5903,Psap,0.0
852450,7200,Brain_Myeloid_microglial_cell,548,0.0,10,10_60296002_60296304,5903,Psap,0.0
852451,7201,Brain_Myeloid_microglial_cell,548,0.0,158,10_60296002_60296304,5903,Psap,0.0
852452,7202,Brain_Myeloid_microglial_cell,548,0.0,36,10_60296002_60296304,5903,Psap,0.0
852453,7203,Brain_Myeloid_microglial_cell,548,0.0,329,10_60296002_60296304,5903,Psap,0.0
852454,7204,Brain_Myeloid_microglial_cell,548,0.0,71,10_60296002_60296304,5903,Psap,0.0
852455,7205,Brain_Myeloid_microglial_cell,548,0.0,279,10_60296002_60296304,5903,Psap,0.0
852456,7206,Brain_Myeloid_microglial_cell,548,0.0,206,10_60296002_60296304,5903,Psap,0.0
852457,7207,Brain_Myeloid_microglial_cell,548,0.0,37,10_60296002_60296304,5903,Psap,0.0
852458,7208,Brain_Myeloid_microglial_cell,548,0.0,33,10_60296002_60296304,5903,Psap,0.0
852459,7209,Brain_Myeloid_microglial_cell,548,0.0,29,10_60296002_60296304,5903,Psap,0.0
852460,7210,Brain_Myeloid_microglial_cell,548,0.0,36,10_60296002_60296304,5903,Psap,0.0
852461,7211,Brain_Myeloid_microglial_cell,548,0.0,803,10_60296002_60296304,5903,Psap,0.0
852462,7212,Brain_Myeloid_microglial_cell,548,0.0,83,10_60296002_60296304,5903,Psap,0.0
852463,7213,Brain_Myeloid_microglial_cell,548,0.0,57,10_60296002_60296304,5903,Psap,0.0
852464,7214,Brain_Myeloid_microglial_cell,548,0.0,79,10_60296002_60296304,5903,Psap,0.0
852465,7215,Brain_Myeloid_microglial_cell,548,0.0,537,10_60296002_60296304,5903,Psap,0.0
852466,7216,Brain_Myeloid_microglial_cell,548,0.0,47,10_60296002_60296304,5903,Psap,0.0
852467,7217,Brain_Myeloid_microglial_cell,548,0.0,38,10_60296002_60296304,5903,Psap,0.0
852468,7218,Brain_Myeloid_microglial_cell,548,0.0,73,10_60296002_60296304,5903,Psap,0.0
852469,7219,Brain_Myeloid_microglial_cell,548,0.0,16,10_60296002_60296304,5903,Psap,0.0
852470,7221,Brain_Myeloid_microglial_cell,548,0.0,677,10_60296002_60296304,5903,Psap,0.0
852471,7222,Brain_Myeloid_microglial_cell,548,0.0,75,10_60296002_60296304,5903,Psap,0.0
852472,7223,Brain_Myeloid_microglial_cell,548,0.0,136,10_60296002_60296304,5903,Psap,0.0
852473,7224,Brain_Myeloid_microglial_cell,548,0.0,15,10_60296002_60296304,5903,Psap,0.0
852474,7226,Brain_Myeloid_microglial_cell,548,0.0,37,10_60296002_60296304,5903,Psap,0.0
852475,7227,Brain_Myeloid_microglial_cell,548,0.0,192,10_60296002_60296304,5903,Psap,0.0
852476,7228,Brain_Myeloid_microglial_cell,548,0.0,154,10_60296002_60296304,5903,Psap,0.0
852477,7229,Brain_Myeloid_microglial_cell,548,0.0,16,10_60296002_60296304,5903,Psap,0.0
852478,7230,Brain_Myeloid_microglial_cell,548,0.0,24,10_60296002_60296304,5903,Psap,0.0
852479,7231,Brain_Myeloid_microglial_cell,548,0.0,185,10_60296002_60296304,5903,Psap,0.0
852480,7232,Brain_Myeloid_microglial_cell,548,0.0,776,10_60296002_60296304,5903,Psap,0.0
852481,7233,Brain_Myeloid_microglial_cell,548,0.0,40,10_60296002_60296304,5903,Psap,0.0
852482,7234,Brain_Myeloid_microglial_cell,548,0.0,14,10_60296002_60296304,5903,Psap,0.0
852483,7235,Brain_Myeloid_microglial_cell,548,0.0,65,10_60296002_60296304,5903,Psap,0.0
852484,7236,Brain_Myeloid_microglial_cell,548,0.0,73,10_60296002_60296304,5903,Psap,0.0
852485,7237,Brain_Myeloid_microglial_cell,548,0.0,307,10_60296002_60296304,5903,Psap,0.0
852486,7239,Brain_Myeloid_microglial_cell,548,0.0,20,10_60296002_60296304,5903,Psap,0.0
852487,7240,Brain_Myeloid_microglial_cell,548,0.0,152,10_60296002_60296304,5903,Psap,0.0
852488,7241,Brain_Myeloid_microglial_cell,548,0.0,106,10_60296002_60296304,5903,Psap,0.0
852489,7242,Brain_Myeloid_microglial_cell,548,0.0,35,10_60296002_60296304,5903,Psap,0.0
852490,7243,Brain_Myeloid_microglial_cell,548,0.0,152,10_60296002_60296304,5903,Psap,0.0
852491,7244,Brain_Myeloid_microglial_cell,548,0.0,15,10_60296002_60296304,5903,Psap,0.0
852492,7245,Brain_Myeloid_microglial_cell,548,0.0,131,10_60296002_60296304,5903,Psap,0.0
852493,7246,Brain_Myeloid_microglial_cell,548,0.0,36,10_60296002_60296304,5903,Psap,0.0
852494,7247,Brain_Myeloid_microglial_cell,548,0.0,14,10_60296002_60296304,5903,Psap,0.0
852495,7248,Brain_Myeloid_microglial_cell,548,0.0,706,10_60296002_60296304,5903,Psap,0.0
852496,7249,Brain_Myeloid_microglial_cell,548,0.0,26,10_60296002_60296304,5903,Psap,0.0
852497,7250,Brain_Myeloid_microglial_cell,548,0.0,35,10_60296002_60296304,5903,Psap,0.0
852498,7251,Brain_Myeloid_microglial_cell,548,0.0,91,10_60296002_60296304,5903,Psap,0.0
852499,7252,Brain_Myeloid_microglial_cell,548,0.0,65,10_60296002_60296304,5903,Psap,0.0
852500,7253,Brain_Myeloid_microglial_cell,548,0.0,181,10_60296002_60296304,5903,Psap,0.0
852501,7254,Brain_Myeloid_microglial_cell,548,0.0,116,10_60296002_60296304,5903,Psap,0.0
852502,7255,Brain_Myeloid_microglial_cell,548,0.0,86,10_60296002_60296304,5903,Psap,0.0
852503,7256,Brain_Myeloid_microglial_cell,548,0.0,61,10_60296002_60296304,5903,Psap,0.0
852504,7257,Brain_Myeloid_microglial_cell,548,0.0,137,10_60296002_60296304,5903,Psap,0.0
852505,7258,Brain_Myeloid_microglial_cell,548,0.0,230,10_60296002_60296304,5903,Psap,0.0
852506,7259,Brain_Myeloid_microglial_cell,548,0.0,104,10_60296002_60296304,5903,Psap,0.0
852507,7260,Brain_Myeloid_microglial_cell,548,0.0,1026,10_60296002_60296304,5903,Psap,0.0
852508,7261,Brain_Myeloid_microglial_cell,548,0.0,2,10_60296002_60296304,5903,Psap,0.0
852509,7262,Brain_Myeloid_microglial_cell,548,0.0,66,10_60296002_60296304,5903,Psap,0.0
852510,7263,Brain_Myeloid_microglial_cell,548,0.0,22,10_60296002_60296304,5903,Psap,0.0
852511,7264,Brain_Myeloid_microglial_cell,548,0.0,11,10_60296002_60296304,5903,Psap,0.0
852512,7265,Brain_Myeloid_microglial_cell,548,0.0,94,10_60296002_60296304,5903,Psap,0.0
852513,7266,Brain_Myeloid_microglial_cell,548,0.0,117,10_60296002_60296304,5903,Psap,0.0
852514,7267,Brain_Myeloid_microglial_cell,548,0.0,488,10_60296002_60296304,5903,Psap,0.0
852515,7268,Brain_Myeloid_microglial_cell,548,0.0,211,10_60296002_60296304,5903,Psap,0.0
852516,7269,Brain_Myeloid_microglial_cell,548,0.0,42,10_60296002_60296304,5903,Psap,0.0
852517,7270,Brain_Myeloid_microglial_cell,548,0.0,11,10_60296002_60296304,5903,Psap,0.0
852518,7271,Brain_Myeloid_microglial_cell,548,0.0,25,10_60296002_60296304,5903,Psap,0.0
852519,7272,Brain_Myeloid_microglial_cell,548,0.0,295,10_60296002_60296304,5903,Psap,0.0
852520,7273,Brain_Myeloid_microglial_cell,548,0.0,23,10_60296002_60296304,5903,Psap,0.0
852521,7274,Brain_Myeloid_microglial_cell,548,0.0,1858,10_60296002_60296304,5903,Psap,0.0
852522,7275,Brain_Myeloid_microglial_cell,548,0.0,83,10_60296002_60296304,5903,Psap,0.0
852523,7276,Brain_Myeloid_microglial_cell,548,0.0,4,10_60296002_60296304,5903,Psap,0.0
852524,7277,Brain_Myeloid_microglial_cell,548,0.0,908,10_60296002_60296304,5903,Psap,0.0
852525,7278,Brain_Myeloid_microglial_cell,548,0.0,482,10_60296002_60296304,5903,Psap,0.0
852526,7279,Brain_Myeloid_microglial_cell,548,0.0,59,10_60296002_60296304,5903,Psap,0.0
852527,7280,Brain_Myeloid_microglial_cell,548,0.0,27,10_60296002_60296304,5903,Psap,0.0
852528,7281,Brain_Myeloid_microglial_cell,548,0.0,40,10_60296002_60296304,5903,Psap,0.0
852529,7282,Brain_Myeloid_microglial_cell,548,0.0,129,10_60296002_60296304,5903,Psap,0.0
852530,7283,Brain_Myeloid_microglial_cell,548,0.0,69,10_60296002_60296304,5903,Psap,0.0
852531,7284,Brain_Myeloid_microglial_cell,548,0.0,599,10_60296002_60296304,5903,Psap,0.0
852532,7285,Brain_Myeloid_microglial_cell,548,0.0,40,10_60296002_60296304,5903,Psap,0.0
852533,7286,Brain_Myeloid_microglial_cell,548,0.0,112,10_60296002_60296304,5903,Psap,0.0
852534,7287,Brain_Myeloid_microglial_cell,548,0.0,371,10_60296002_60296304,5903,Psap,0.0
852535,7288,Brain_Myeloid_microglial_cell,548,0.0,48,10_60296002_60296304,5903,Psap,0.0
852536,7289,Brain_Myeloid_microglial_cell,548,0.0,58,10_60296002_60296304,5903,Psap,0.0
852537,7290,Brain_Myeloid_microglial_cell,548,0.0,206,10_60296002_60296304,5903,Psap,0.0
852538,7291,Brain_Myeloid_microglial_cell,548,0.0,120,10_60296002_60296304,5903,Psap,0.0
852539,7292,Brain_Myeloid_microglial_cell,548,0.0,20,10_60296002_60296304,5903,Psap,0.0
852540,7293,Brain_Myeloid_microglial_cell,548,0.0,155,10_60296002_60296304,5903,Psap,0.0
852541,7294,Brain_Myeloid_microglial_cell,548,0.0,23,10_60296002_60296304,5903,Psap,0.0
852542,7295,Brain_Myeloid_microglial_cell,548,0.0,19,10_60296002_60296304,5903,Psap,0.0
852543,7296,Brain_Myeloid_microglial_cell,548,0.0,374,10_60296002_60296304,5903,Psap,0.0
852544,7297,Brain_Myeloid_microglial_cell,548,0.0,4,10_60296002_60296304,5903,Psap,0.0
852545,7298,Brain_Myeloid_microglial_cell,548,0.0,40,10_60296002_60296304,5903,Psap,0.0
852546,7299,Brain_Myeloid_microglial_cell,548,0.0,18,10_60296002_60296304,5903,Psap,0.0
852547,7300,Brain_Myeloid_microglial_cell,548,0.0,121,10_60296002_60296304,5903,Psap,0.0
852548,7301,Brain_Myeloid_microglial_cell,548,0.0,94,10_60296002_60296304,5903,Psap,0.0
852549,7302,Brain_Myeloid_microglial_cell,548,0.0,5,10_60296002_60296304,5903,Psap,0.0
852550,7303,Brain_Myeloid_microglial_cell,548,0.0,95,10_60296002_60296304,5903,Psap,0.0
852551,7304,Brain_Myeloid_microglial_cell,548,0.0,162,10_60296002_60296304,5903,Psap,0.0
852552,7305,Brain_Myeloid_microglial_cell,548,0.0,40,10_60296002_60296304,5903,Psap,0.0
852553,7306,Brain_Myeloid_microglial_cell,548,0.0,621,10_60296002_60296304,5903,Psap,0.0
852554,7307,Brain_Myeloid_microglial_cell,548,0.0,46,10_60296002_60296304,5903,Psap,0.0
852555,7308,Brain_Myeloid_microglial_cell,548,0.0,252,10_60296002_60296304,5903,Psap,0.0
852556,7309,Brain_Myeloid_microglial_cell,548,0.0,140,10_60296002_60296304,5903,Psap,0.0
852557,7310,Brain_Myeloid_microglial_cell,548,0.0,6,10_60296002_60296304,5903,Psap,0.0
852558,7311,Brain_Myeloid_microglial_cell,548,0.0,275,10_60296002_60296304,5903,Psap,0.0
852559,7312,Brain_Myeloid_microglial_cell,548,0.0,20,10_60296002_60296304,5903,Psap,0.0
852560,7313,Brain_Myeloid_microglial_cell,548,0.0,128,10_60296002_60296304,5903,Psap,0.0
852561,7314,Brain_Myeloid_microglial_cell,548,0.0,68,10_60296002_60296304,5903,Psap,0.0
852562,7315,Brain_Myeloid_microglial_cell,548,0.0,21,10_60296002_60296304,5903,Psap,0.0
852563,7317,Brain_Myeloid_microglial_cell,548,0.0,52,10_60296002_60296304,5903,Psap,0.0
852564,7318,Brain_Myeloid_microglial_cell,548,0.0,27,10_60296002_60296304,5903,Psap,0.0
852565,7319,Brain_Myeloid_microglial_cell,548,0.0,1024,10_60296002_60296304,5903,Psap,0.0
852566,7320,Brain_Myeloid_microglial_cell,548,0.0,17,10_60296002_60296304,5903,Psap,0.0
852567,7321,Brain_Myeloid_microglial_cell,548,0.0,111,10_60296002_60296304,5903,Psap,0.0
852568,7322,Brain_Myeloid_microglial_cell,548,0.0,216,10_60296002_60296304,5903,Psap,0.0
852569,7323,Brain_Myeloid_microglial_cell,548,0.0,9,10_60296002_60296304,5903,Psap,0.0
852570,7324,Brain_Myeloid_microglial_cell,548,0.0,187,10_60296002_60296304,5903,Psap,0.0
852571,7325,Brain_Myeloid_microglial_cell,548,0.0,30,10_60296002_60296304,5903,Psap,0.0
852572,7326,Brain_Myeloid_microglial_cell,548,0.0,50,10_60296002_60296304,5903,Psap,0.0
852573,7327,Brain_Myeloid_microglial_cell,548,0.0,134,10_60296002_60296304,5903,Psap,0.0
852574,7328,Brain_Myeloid_microglial_cell,548,0.0,7,10_60296002_60296304,5903,Psap,0.0
852575,7329,Brain_Myeloid_microglial_cell,548,0.0,28,10_60296002_60296304,5903,Psap,0.0
852576,7330,Brain_Myeloid_microglial_cell,548,0.0,91,10_60296002_60296304,5903,Psap,0.0
852577,7331,Brain_Myeloid_microglial_cell,548,0.0,51,10_60296002_60296304,5903,Psap,0.0
852578,7332,Brain_Myeloid_microglial_cell,548,0.0,388,10_60296002_60296304,5903,Psap,0.0
852579,7333,Brain_Myeloid_microglial_cell,548,0.0,39,10_60296002_60296304,5903,Psap,0.0
852580,7334,Brain_Myeloid_microglial_cell,548,0.0,1367,10_60296002_60296304,5903,Psap,0.0
852581,7335,Brain_Myeloid_microglial_cell,548,0.0,326,10_60296002_60296304,5903,Psap,0.0
852582,7336,Brain_Myeloid_microglial_cell,548,0.0,44,10_60296002_60296304,5903,Psap,0.0
852583,7337,Brain_Myeloid_microglial_cell,548,0.0,699,10_60296002_60296304,5903,Psap,0.0
852584,7338,Brain_Myeloid_microglial_cell,548,0.0,60,10_60296002_60296304,5903,Psap,0.0
852585,7339,Brain_Myeloid_microglial_cell,548,0.0,176,10_60296002_60296304,5903,Psap,0.0
852586,7340,Brain_Myeloid_microglial_cell,548,0.0,126,10_60296002_60296304,5903,Psap,0.0
852587,7341,Brain_Myeloid_microglial_cell,548,0.0,24,10_60296002_60296304,5903,Psap,0.0
852588,7342,Brain_Myeloid_microglial_cell,548,0.0,52,10_60296002_60296304,5903,Psap,0.0
852589,7343,Brain_Myeloid_microglial_cell,548,0.0,122,10_60296002_60296304,5903,Psap,0.0
852590,7344,Brain_Myeloid_microglial_cell,548,0.0,1277,10_60296002_60296304,5903,Psap,0.0
852591,7345,Brain_Myeloid_microglial_cell,548,0.0,26,10_60296002_60296304,5903,Psap,0.0
852592,7346,Brain_Myeloid_microglial_cell,548,0.0,45,10_60296002_60296304,5903,Psap,0.0
852593,7347,Brain_Myeloid_microglial_cell,548,0.0,500,10_60296002_60296304,5903,Psap,0.0
852594,7348,Brain_Myeloid_microglial_cell,548,0.0,19,10_60296002_60296304,5903,Psap,0.0
852595,7349,Brain_Myeloid_microglial_cell,548,0.0,159,10_60296002_60296304,5903,Psap,0.0
852596,7350,Brain_Myeloid_microglial_cell,548,0.0,17,10_60296002_60296304,5903,Psap,0.0
852597,7351,Brain_Myeloid_microglial_cell,548,0.0,26,10_60296002_60296304,5903,Psap,0.0
852598,7352,Brain_Myeloid_microglial_cell,548,0.0,109,10_60296002_60296304,5903,Psap,0.0
852599,7353,Brain_Myeloid_microglial_cell,548,0.0,182,10_60296002_60296304,5903,Psap,0.0
852600,7354,Brain_Myeloid_microglial_cell,548,0.0,71,10_60296002_60296304,5903,Psap,0.0
852601,7355,Brain_Myeloid_microglial_cell,548,0.0,11,10_60296002_60296304,5903,Psap,0.0
852602,7356,Brain_Myeloid_microglial_cell,548,0.0,86,10_60296002_60296304,5903,Psap,0.0
852603,7357,Brain_Myeloid_microglial_cell,548,0.0,283,10_60296002_60296304,5903,Psap,0.0
852604,7358,Brain_Myeloid_microglial_cell,548,0.0,1737,10_60296002_60296304,5903,Psap,0.0
852605,7359,Brain_Myeloid_microglial_cell,548,0.0,47,10_60296002_60296304,5903,Psap,0.0
852606,7360,Brain_Myeloid_microglial_cell,548,0.0,73,10_60296002_60296304,5903,Psap,0.0
852607,7361,Brain_Myeloid_microglial_cell,548,0.0,355,10_60296002_60296304,5903,Psap,0.0
852608,7362,Brain_Myeloid_microglial_cell,548,0.0,59,10_60296002_60296304,5903,Psap,0.0
852609,7363,Brain_Myeloid_microglial_cell,548,0.0,20,10_60296002_60296304,5903,Psap,0.0
852610,7364,Brain_Myeloid_microglial_cell,548,0.0,130,10_60296002_60296304,5903,Psap,0.0
852611,7365,Brain_Myeloid_microglial_cell,548,0.0,82,10_60296002_60296304,5903,Psap,0.0
852612,7366,Brain_Myeloid_microglial_cell,548,0.0,1272,10_60296002_60296304,5903,Psap,0.0
852613,7367,Brain_Myeloid_microglial_cell,548,0.0,77,10_60296002_60296304,5903,Psap,0.0
852614,7368,Brain_Myeloid_microglial_cell,548,0.0,197,10_60296002_60296304,5903,Psap,0.0
852615,7369,Brain_Myeloid_microglial_cell,548,0.0,67,10_60296002_60296304,5903,Psap,0.0
852616,7370,Brain_Myeloid_microglial_cell,548,0.0,55,10_60296002_60296304,5903,Psap,0.0
852617,7371,Brain_Myeloid_microglial_cell,548,0.0,2,10_60296002_60296304,5903,Psap,0.0
852618,7372,Brain_Myeloid_microglial_cell,548,0.0,286,10_60296002_60296304,5903,Psap,0.0
852619,7373,Brain_Myeloid_microglial_cell,548,0.0,32,10_60296002_60296304,5903,Psap,0.0
852620,7374,Brain_Myeloid_microglial_cell,548,0.0,261,10_60296002_60296304,5903,Psap,0.0
852621,7375,Brain_Myeloid_microglial_cell,548,0.0,46,10_60296002_60296304,5903,Psap,0.0
852622,7376,Brain_Myeloid_microglial_cell,548,0.0,29,10_60296002_60296304,5903,Psap,0.0
852623,7377,Brain_Myeloid_microglial_cell,548,0.0,487,10_60296002_60296304,5903,Psap,0.0
852624,7378,Brain_Myeloid_microglial_cell,548,0.0,144,10_60296002_60296304,5903,Psap,0.0
852625,7379,Brain_Myeloid_microglial_cell,548,0.0,98,10_60296002_60296304,5903,Psap,0.0
852626,7380,Brain_Myeloid_microglial_cell,548,0.0,24,10_60296002_60296304,5903,Psap,0.0
852627,7381,Brain_Myeloid_microglial_cell,548,0.0,175,10_60296002_60296304,5903,Psap,0.0
852628,7382,Brain_Myeloid_microglial_cell,548,0.0,80,10_60296002_60296304,5903,Psap,0.0
852629,7383,Brain_Myeloid_microglial_cell,548,0.0,474,10_60296002_60296304,5903,Psap,0.0
852630,7427,Brain_Non-Myeloid_astrocyte,548,0.0,1,10_60296002_60296304,5903,Psap,0.0
852631,7430,Brain_Non-Myeloid_astrocyte,548,0.0,3,10_60296002_60296304,5903,Psap,0.0
852632,7454,Brain_Non-Myeloid_astrocyte,548,0.0,41,10_60296002_60296304,5903,Psap,0.0
852633,7481,Brain_Non-Myeloid_astrocyte,548,0.0,254,10_60296002_60296304,5903,Psap,0.0
852634,7510,Brain_Non-Myeloid_astrocyte,548,0.0,1,10_60296002_60296304,5903,Psap,0.0
852635,7546,Brain_Non-Myeloid_astrocyte,548,0.0,2,10_60296002_60296304,5903,Psap,0.0
852636,7588,Brain_Non-Myeloid_astrocyte,548,0.0,36,10_60296002_60296304,5903,Psap,0.0
852637,7594,Brain_Non-Myeloid_astrocyte,548,0.0,4,10_60296002_60296304,5903,Psap,0.0
852638,7624,Brain_Non-Myeloid_astrocyte,548,0.0,3,10_60296002_60296304,5903,Psap,0.0
852639,7777,Brain_Non-Myeloid_astrocyte,548,0.0,1,10_60296002_60296304,5903,Psap,0.0
852640,7781,Brain_Non-Myeloid_astrocyte,548,0.0,4,10_60296002_60296304,5903,Psap,0.0
852641,7815,Brain_Non-Myeloid_astrocyte,548,0.0,21,10_60296002_60296304,5903,Psap,0.0
