cell_id,psap_expression
A12-MAA000926-3_9_M-1-1,3.5965395
A16-MAA000564-3_10_M-1-1,3.3031604
A20-MAA000550-3_10_M-1-1,3.4373999
A20-MAA000947-3_9_M-1-1,3.2852924
A3-MAA000560-3_10_M-1-1,2.7064679
A4-MAA000560-3_10_M-1-1,3.751188
A4-MAA000563-3_10_M-1-1,3.1253028
A7-MAA000932-3_11_M-1-1,0.9968194
A7-MAA001894-3_39_F-1-1,2.164755
A8-MAA000615-3_10_M-1-1,1.9631848
B10-MAA000902-3_11_M-1-1,3.390833
B11-MAA000923-3_9_M-1-1,3.5677295
B12-MAA000923-3_9_M-1-1,3.2427006
B13-MAA000941-3_8_M-1-1,3.0886009
B14-MAA000944-3_9_M-1-1,3.7134352
B15-MAA000941-3_8_M-1-1,1.9803675
B18-MAA000560-3_10_M-1-1,3.1211412
B19-MAA000932-3_11_M-1-1,3.4040346
B6-MAA000581-3_10_M-1-1,2.2731273
B7-B003277-3_39_F-1-1,3.8545852
B7-MAA000932-3_11_M-1-1,2.7977312
C10-MAA000615-3_10_M-1-1,3.4128058
C11-B003275-3_38_F-1-1,2.5746264
C17-MAA000641-3_9_M-1-1,0.0
C18-MAA000947-3_9_M-1-1,3.1351216
C19-MAA000564-3_10_M-1-1,3.325378
C19-MAA000932-3_11_M-1-1,3.056149
C1-B000404-3_56_F-1-1,1.4124557
C22-MAA000932-3_11_M-1-1,2.5578787
C2-MAA000564-3_10_M-1-1,3.4112542
C5-MAA000563-3_10_M-1-1,3.1252987
C7-MAA000932-3_11_M-1-1,2.644621
D10-B003275-3_38_F-1-1,3.3546832
D15-MAA000935-3_8_M-1-1,2.4622698
D20-MAA000578-3_10_M-1-1,3.0779686
D21-MAA000947-3_9_M-1-1,3.4225605
D2-MAA000615-3_10_M-1-1,0.7765441
D2-MAA000641-3_9_M-1-1,2.4173026
D2-MAA000932-3_11_M-1-1,2.4017909
D3-MAA000564-3_10_M-1-1,3.5370128
D6-MAA000563-3_10_M-1-1,2.9803953
D6-MAA000947-3_9_M-1-1,2.9065678
D7-MAA000560-3_10_M-1-1,3.2151382
D9-B003275-3_38_F-1-1,2.6988392
E10-MAA000563-3_10_M-1-1,2.6639576
E12-MAA001894-3_39_F-1-1,1.9938046
E19-MAA000560-3_10_M-1-1,3.221398
E1-MAA000926-3_9_M-1-1,3.5836954
E1-MAA000942-3_8_M-1-1,3.206641
E20-MAA000932-3_11_M-1-1,1.6150854
E3-MAA000923-3_9_M-1-1,2.6150856
E3-MAA000941-3_8_M-1-1,3.5146794
E5-B003277-3_39_F-1-1,3.0813546
E6-MAA000930-3_8_M-1-1,2.8109186
E9-MAA000942-3_8_M-1-1,3.420328
F10-B003290-3_38_F-1-1,3.6343005
F11-B003290-3_38_F-1-1,3.7388499
F11-MAA000942-3_8_M-1-1,2.7178285
F12-MAA000563-3_10_M-1-1,2.786619
F12-MAA000564-3_10_M-1-1,3.4322662
F15-MAA000553-3_10_M-1-1,3.0201888
F19-MAA000926-3_9_M-1-1,3.4766922
F19-MAA000932-3_11_M-1-1,2.4185216
F2-MAA000944-3_9_M-1-1,3.2664676
F3-MAA000550-3_10_M-1-1,3.3293777
F4-MAA000564-3_10_M-1-1,3.1157353
F9-MAA000944-3_9_M-1-1,3.3078148
G14-MAA000941-3_8_M-1-1,3.2744927
G18-MAA000932-3_11_M-1-1,1.8826336
G19-MAA000935-3_8_M-1-1,2.795644
G20-MAA000553-3_10_M-1-1,2.8655396
G21-MAA000560-3_10_M-1-1,3.3015442
G22-B000621-3_56_F-1-1,2.8898754
G2-MAA000942-3_8_M-1-1,3.259619
G3-MAA000902-3_11_M-1-1,3.4915237
G7-MAA000550-3_10_M-1-1,3.2398129
H10-MAA000553-3_10_M-1-1,3.0615537
H12-MAA000560-3_10_M-1-1,3.3802762
H12-MAA000944-3_9_M-1-1,3.500492
H12-MAA000947-3_9_M-1-1,3.3581266
H12-MAA001894-3_39_F-1-1,2.9690144
H14-B003277-3_39_F-1-1,3.1491554
H16-MAA000563-3_10_M-1-1,2.2911727
H16-MAA000941-3_8_M-1-1,2.7500205
H16-MAA001894-3_39_F-1-1,2.4904213
H20-B000621-3_56_F-1-1,2.945024
H20-MAA000560-3_10_M-1-1,3.4230363
H2-MAA000942-3_8_M-1-1,3.2147343
H3-MAA000926-3_9_M-1-1,2.354982
H4-MAA000564-3_10_M-1-1,2.2605386
H4-MAA000932-3_11_M-1-1,2.9942317
H5-MAA000578-3_10_M-1-1,2.2915761
H6-B003275-3_38_F-1-1,2.5540981
H6-MAA000615-3_10_M-1-1,3.4926465
H8-MAA000560-3_10_M-1-1,3.0882244
H8-MAA000932-3_11_M-1-1,3.5450065
H8-MAA000944-3_9_M-1-1,3.154288
I10-B000621-3_56_F-1-1,3.8185987
I10-MAA000935-3_8_M-1-1,2.9019842
I10-MAA000944-3_9_M-1-1,2.9255478
I11-MAA000553-3_10_M-1-1,2.9416382
I11-MAA000615-3_10_M-1-1,3.946889
I13-MAA000563-3_10_M-1-1,2.707274
I15-MAA000947-3_9_M-1-1,3.1380033
I18-MAA000947-3_9_M-1-1,3.8501973
I19-MAA000926-3_9_M-1-1,3.1453936
I20-MAA001894-3_39_F-1-1,3.0417135
I2-MAA000941-3_8_M-1-1,2.5700927
I3-MAA000560-3_10_M-1-1,3.128377
I6-MAA000932-3_11_M-1-1,3.3069327
I6-MAA000944-3_9_M-1-1,3.5083308
J10-MAA001856-3_39_F-1-1,3.3738315
J11-MAA000564-3_10_M-1-1,3.7773688
J11-MAA001894-3_39_F-1-1,3.0064955
J12-MAA000947-3_9_M-1-1,2.8588219
J15-MAA000942-3_8_M-1-1,2.9887946
J16-MAA000941-3_8_M-1-1,2.6255116
J17-MAA000947-3_9_M-1-1,3.4160771
J1-MAA001894-3_39_F-1-1,3.1022758
J21-MAA000926-3_9_M-1-1,2.602974
J21-MAA000947-3_9_M-1-1,2.962627
J2-B003277-3_39_F-1-1,2.656336
J3-MAA000942-3_8_M-1-1,3.035862
J9-MAA001894-3_39_F-1-1,3.581838
K11-MAA000902-3_11_M-1-1,3.587257
K12-B000404-3_56_F-1-1,3.2316897
K12-MAA000947-3_9_M-1-1,2.5917528
K14-B003728-3_56_F-1-1,2.8376193
K15-MAA000941-3_8_M-1-1,3.1008043
K15-MAA000947-3_9_M-1-1,3.177266
K17-MAA000947-3_9_M-1-1,3.5052316
K20-MAA000947-3_9_M-1-1,3.179882
K21-MAA000947-3_9_M-1-1,2.8807383
K4-MAA000563-3_10_M-1-1,2.991878
L13-B001688-3_38_F-1-1,3.4114804
L14-MAA000947-3_9_M-1-1,2.4874363
L17-MAA001894-3_39_F-1-1,3.1819234
L18-MAA000560-3_10_M-1-1,3.611542
L18-MAA000641-3_9_M-1-1,2.5912998
L19-MAA000947-3_9_M-1-1,3.352406
L22-MAA000563-3_10_M-1-1,3.0427477
L3-B003274-3_38_F-1-1,1.6803173
L3-MAA000563-3_10_M-1-1,2.9483726
L4-MAA000932-3_11_M-1-1,1.6444124
L5-B003277-3_39_F-1-1,3.444078
L5-MAA000942-3_8_M-1-1,2.710016
L7-MAA000942-3_8_M-1-1,3.240604
L9-MAA001894-3_39_F-1-1,3.1413155
M11-MAA000942-3_8_M-1-1,2.8220518
M13-MAA001856-3_39_F-1-1,2.8388267
M14-MAA000941-3_8_M-1-1,3.0322437
M17-MAA000564-3_10_M-1-1,3.7815266
M17-MAA000947-3_9_M-1-1,3.0720966
M18-MAA000902-3_11_M-1-1,3.5350301
M19-B003277-3_39_F-1-1,3.113257
M19-MAA000932-3_11_M-1-1,2.7308993
M21-MAA000930-3_8_M-1-1,2.964187
M4-MAA000564-3_10_M-1-1,3.4283442
M5-MAA000560-3_10_M-1-1,3.4533122
M5-MAA000935-3_8_M-1-1,3.1754417
M6-MAA000902-3_11_M-1-1,1.8330617
N11-MAA000923-3_9_M-1-1,3.060261
N14-MAA001856-3_39_F-1-1,2.7786064
N15-MAA000553-3_10_M-1-1,2.6352823
N16-MAA000941-3_8_M-1-1,2.9991362
N19-MAA000947-3_9_M-1-1,3.3201604
N3-MAA000564-3_10_M-1-1,3.3850987
N3-MAA000902-3_11_M-1-1,2.9060245
N3-MAA001894-3_39_F-1-1,2.761511
N4-MAA000932-3_11_M-1-1,2.7670944
N5-MAA000560-3_10_M-1-1,2.3699663
N6-MAA000941-3_8_M-1-1,3.1332269
N7-MAA000942-3_8_M-1-1,2.8410673
N8-MAA000902-3_11_M-1-1,3.321912
N8-MAA000935-3_8_M-1-1,3.4289029
O10-MAA000641-3_9_M-1-1,2.8832998
O16-MAA000947-3_9_M-1-1,2.9557755
O17-MAA001894-3_39_F-1-1,2.7364058
O21-MAA000553-3_10_M-1-1,2.587062
O3-MAA000942-3_8_M-1-1,3.2828727
O6-B000404-3_56_F-1-1,2.6606693
O7-MAA000942-3_8_M-1-1,2.917524
O8-MAA000935-3_8_M-1-1,3.073574
O9-MAA001894-3_39_F-1-1,2.0627465
P10-B001688-3_38_F-1-1,2.4247193
P10-MAA000926-3_9_M-1-1,2.7842135
P12-MAA001894-3_39_F-1-1,3.0388227
P14-MAA000553-3_10_M-1-1,3.6604352
P15-MAA000941-3_8_M-1-1,3.2253194
P17-MAA000641-3_9_M-1-1,2.786988
P17-MAA001894-3_39_F-1-1,2.1434643
P19-MAA000930-3_8_M-1-1,2.8120255
P20-MAA000923-3_9_M-1-1,2.5542138
P2-MAA000564-3_10_M-1-1,2.624666
P4-MAA000926-3_9_M-1-1,1.8450315
P6-MAA000564-3_10_M-1-1,2.346354
P7-MAA001894-3_39_F-1-1,2.5779765
P9-MAA000926-3_9_M-1-1,2.34159
C20-B003279-3_38_F-1-1,3.1030602
C21-MAA000605-3_10_M-1-1,2.3014698
C2-MAA000604-3_10_M-1-1,4.179143
D3-MAA000572-3_8_M-1-1,4.1301746
D3-MAA000603-3_10_M-1-1,3.5122752
D5-MAA000604-3_10_M-1-1,3.4081526
E15-B003279-3_38_F-1-1,3.725212
E20-B003281-3_39_F-1-1,3.2540774
F14-B003279-3_38_F-1-1,2.9186883
F15-MAA000570-3_8_M-1-1,3.7502556
F2-MAA000605-3_10_M-1-1,3.7442534
F2-MAA000617-3_10_M-1-1,4.4122925
F8-MAA000605-3_10_M-1-1,1.3191707
G11-MAA000603-3_10_M-1-1,4.090973
G13-MAA000604-3_10_M-1-1,4.070527
G16-MAA000570-3_8_M-1-1,4.1751494
G16-MAA000617-3_10_M-1-1,3.6995966
G17-MAA000571-3_9_M-1-1,4.0272245
G19-B003279-3_38_F-1-1,1.5486944
G1-B003278-3_38_F-1-1,3.1555076
G1-B003279-3_38_F-1-1,4.075002
G20-B003279-3_38_F-1-1,3.355434
G4-MAA000570-3_8_M-1-1,4.089844
G6-MAA000570-3_8_M-1-1,3.885499
H11-MAA000571-3_9_M-1-1,4.021813
H12-B003281-3_39_F-1-1,3.9402254
H13-B003292-3_39_F-1-1,3.172396
H19-MAA000605-3_10_M-1-1,3.745656
I14-MAA000605-3_10_M-1-1,0.17825957
I16-MAA000570-3_8_M-1-1,3.150992
I16-MAA000605-3_10_M-1-1,3.5654752
I22-MAA000571-3_9_M-1-1,4.1033545
I22-MAA000605-3_10_M-1-1,4.0311055
J16-MAA000571-3_9_M-1-1,3.6991553
J22-MAA000571-3_9_M-1-1,4.8111696
J22-MAA000605-3_10_M-1-1,4.530243
J9-MAA000603-3_10_M-1-1,3.3345082
K17-MAA000605-3_10_M-1-1,4.469824
K7-MAA000571-3_9_M-1-1,3.6923413
L15-B003281-3_39_F-1-1,3.6039844
L18-MAA000605-3_10_M-1-1,3.6937084
L3-B000826-3_39_F-1-1,3.2592738
M10-B003281-3_39_F-1-1,2.813304
M10-MAA000604-3_10_M-1-1,3.1979809
M11-MAA000603-3_10_M-1-1,3.6972127
M18-MAA000605-3_10_M-1-1,3.3776972
M19-MAA000605-3_10_M-1-1,4.2782893
N12-B003279-3_38_F-1-1,4.013733
N16-MAA000605-3_10_M-1-1,3.2197778
N1-MAA000570-3_8_M-1-1,4.3252063
O14-MAA000605-3_10_M-1-1,4.5578823
O6-MAA000604-3_10_M-1-1,4.1577206
O7-B000825-3_38_F-1-1,1.7552598
P16-B003279-3_38_F-1-1,2.223342
P18-B003279-3_38_F-1-1,2.624534
P9-MAA000605-3_10_M-1-1,2.9163184
A11-MAA000932-3_11_M-1-1,0.9903209
A12-B003275-3_38_F-1-1,2.2411196
A12-B003290-3_38_F-1-1,2.664056
A12-MAA000581-3_10_M-1-1,0.6619623
A13-B003275-3_38_F-1-1,1.7337968
A13-B003290-3_38_F-1-1,2.1738234
A13-MAA000941-3_8_M-1-1,3.1070406
A13-MAA000944-3_9_M-1-1,1.3041961
A14-B003275-3_38_F-1-1,1.295887
A14-B003290-3_38_F-1-1,2.1567779
A14-MAA001845-3_39_F-1-1,0.0
A15-B003290-3_38_F-1-1,1.780133
A15-MAA000581-3_10_M-1-1,0.033511437
A15-MAA000930-3_8_M-1-1,0.50930667
A15-MAA000941-3_8_M-1-1,2.154195
A15-MAA001895-3_38_F-1-1,0.59438044
A16-MAA000581-3_10_M-1-1,2.6218054
A16-MAA000932-3_11_M-1-1,1.7031881
A17-MAA000581-3_10_M-1-1,2.5285015
A17-MAA001895-3_38_F-1-1,0.41056046
A18-MAA000581-3_10_M-1-1,2.7569132
A18-MAA000930-3_8_M-1-1,2.0489702
A18-MAA000941-3_8_M-1-1,3.3237438
A18-MAA001845-3_39_F-1-1,0.14648156
A19-B003275-3_38_F-1-1,2.5144799
A1-MAA000564-3_10_M-1-1,1.5692784
A1-MAA000932-3_11_M-1-1,0.3794148
A1-MAA001894-3_39_F-1-1,2.2352865
A1-MAA001895-3_38_F-1-1,0.6970926
A20-B003275-3_38_F-1-1,2.8683796
A20-MAA000564-3_10_M-1-1,2.7628272
A21-B003275-3_38_F-1-1,2.5433695
A21-MAA000424-3_11_M-1-1,2.4973636
A21-MAA000581-3_10_M-1-1,2.5622451
A21-MAA000944-3_9_M-1-1,2.479904
A22-B003275-3_38_F-1-1,1.7572483
A22-MAA000424-3_11_M-1-1,2.462431
A22-MAA000561-3_10_M-1-1,2.5364559
A22-MAA000581-3_10_M-1-1,3.2088666
A2-B003290-3_38_F-1-1,1.6809301
A2-MAA000932-3_11_M-1-1,1.4994234
A2-MAA000941-3_8_M-1-1,2.8556693
A3-B003290-3_38_F-1-1,1.5061791
A3-MAA000932-3_11_M-1-1,1.3593141
A4-B003290-3_38_F-1-1,1.6364322
A4-MAA000932-3_11_M-1-1,0.7133066
A4-MAA000942-3_8_M-1-1,2.7837052
A4-MAA001895-3_38_F-1-1,1.3687063
A5-B003290-3_38_F-1-1,2.1484358
A5-MAA000581-3_10_M-1-1,1.7394683
A5-MAA000932-3_11_M-1-1,1.1118989
A5-MAA001845-3_39_F-1-1,0.05738019
A5-MAA001895-3_38_F-1-1,0.0
A6-B003290-3_38_F-1-1,1.4536548
A6-MAA000932-3_11_M-1-1,2.0718038
A6-MAA001895-3_38_F-1-1,2.5355182
A7-B003275-3_38_F-1-1,2.5491514
A7-B003290-3_38_F-1-1,0.0
A7-MAA000424-3_11_M-1-1,2.8189566
A7-MAA001845-3_39_F-1-1,0.17747116
A8-B003290-3_38_F-1-1,2.0301208
A8-MAA000932-3_11_M-1-1,0.1532418
A8-MAA001845-3_39_F-1-1,0.44043234
A8-MAA001895-3_38_F-1-1,0.6346799
A9-B003275-3_38_F-1-1,2.5791578
A9-B003290-3_38_F-1-1,2.9575663
A9-MAA001845-3_39_F-1-1,1.0814064
A9-MAA001895-3_38_F-1-1,0.86929697
B10-B003275-3_38_F-1-1,0.0
B10-B003290-3_38_F-1-1,1.667557
B10-MAA000553-3_10_M-1-1,2.3159723
B11-B003275-3_38_F-1-1,1.7440494
B11-B003290-3_38_F-1-1,2.668831
B11-MAA000581-3_10_M-1-1,2.502047
B11-MAA000932-3_11_M-1-1,0.0
B11-MAA001845-3_39_F-1-1,2.2509222
B11-MAA001895-3_38_F-1-1,0.6744696
B12-B003275-3_38_F-1-1,1.3027887
B12-B003290-3_38_F-1-1,0.0072410307
B12-MAA000926-3_9_M-1-1,2.6565323
B12-MAA000941-3_8_M-1-1,2.3024793
B13-B003275-3_38_F-1-1,2.0515473
B13-MAA000581-3_10_M-1-1,2.4737678
B14-B003275-3_38_F-1-1,1.4956827
B14-B003290-3_38_F-1-1,2.4063444
B14-MAA000581-3_10_M-1-1,2.7111168
B14-MAA001845-3_39_F-1-1,1.1223032
B15-B003275-3_38_F-1-1,2.4694374
B15-B003290-3_38_F-1-1,2.016639
B15-MAA000581-3_10_M-1-1,1.259473
B17-B003275-3_38_F-1-1,1.7699801
B17-MAA000561-3_10_M-1-1,3.066942
B18-MAA000944-3_9_M-1-1,1.9898564
B19-B003275-3_38_F-1-1,2.0835156
B19-MAA000424-3_11_M-1-1,2.3475244
B1-B003290-3_38_F-1-1,2.2919812
B1-MAA000932-3_11_M-1-1,1.836962
B1-MAA001845-3_39_F-1-1,2.65878
B1-MAA001895-3_38_F-1-1,1.4533147
B20-B003275-3_38_F-1-1,2.3562973
B20-B003290-3_38_F-1-1,3.1482208
B20-MAA000424-3_11_M-1-1,2.7429764
B20-MAA000564-3_10_M-1-1,2.4562025
B20-MAA000930-3_8_M-1-1,2.838797
B20-MAA000932-3_11_M-1-1,0.23900278
B22-B003275-3_38_F-1-1,2.3927445
B22-MAA000581-3_10_M-1-1,2.9176285
B22-MAA000944-3_9_M-1-1,1.4345558
B2-B003290-3_38_F-1-1,1.9666618
B2-MAA000932-3_11_M-1-1,1.3768197
B2-MAA001845-3_39_F-1-1,2.0095854
B2-MAA001895-3_38_F-1-1,0.89278924
B3-MAA000930-3_8_M-1-1,1.9435146
B4-B003290-3_38_F-1-1,1.3987012
B4-MAA000560-3_10_M-1-1,2.5166936
B4-MAA000932-3_11_M-1-1,1.3415602
B4-MAA001845-3_39_F-1-1,0.07324627
B5-B003290-3_38_F-1-1,2.079946
B5-MAA000932-3_11_M-1-1,0.0
B5-MAA001845-3_39_F-1-1,1.3512832
B5-MAA001895-3_38_F-1-1,2.005782
B6-MAA000932-3_11_M-1-1,1.4739987
B6-MAA001845-3_39_F-1-1,0.097323686
B6-MAA001895-3_38_F-1-1,1.0977876
B7-B003290-3_38_F-1-1,2.6236186
B7-MAA000935-3_8_M-1-1,1.9170141
B7-MAA001845-3_39_F-1-1,0.0
B7-MAA001895-3_38_F-1-1,1.4032215
B8-B003275-3_38_F-1-1,2.0506256
B8-B003290-3_38_F-1-1,2.3277688
B8-MAA000615-3_10_M-1-1,1.9642446
B8-MAA000932-3_11_M-1-1,0.03248811
B8-MAA001854-3_38_F-1-1,2.5560799
B9-B003290-3_38_F-1-1,0.5966986
B9-MAA000932-3_11_M-1-1,2.6466358
B9-MAA001845-3_39_F-1-1,0.47847965
C10-B003275-3_38_F-1-1,1.8873453
C10-B003290-3_38_F-1-1,0.07001739
C10-MAA001845-3_39_F-1-1,0.50338054
C11-MAA000553-3_10_M-1-1,2.6186037
C11-MAA000638-3_9_M-1-1,0.0
C11-MAA000932-3_11_M-1-1,1.201399
C12-B003290-3_38_F-1-1,0.4664835
C12-MAA000553-3_10_M-1-1,0.0
C12-MAA000581-3_10_M-1-1,0.077489085
C12-MAA000641-3_9_M-1-1,2.2574742
C12-MAA001895-3_38_F-1-1,1.4284701
C13-B003275-3_38_F-1-1,3.0033207
C13-B003290-3_38_F-1-1,1.9159786
C13-MAA000581-3_10_M-1-1,2.7271328
C13-MAA000926-3_9_M-1-1,2.440192
C14-B003275-3_38_F-1-1,2.2710354
C14-MAA000926-3_9_M-1-1,1.1778806
C15-B003275-3_38_F-1-1,2.4373498
C15-B003290-3_38_F-1-1,2.1850495
C15-MAA000641-3_9_M-1-1,1.032581
C15-MAA000935-3_8_M-1-1,2.100702
C15-MAA001895-3_38_F-1-1,2.2904751
C16-B003275-3_38_F-1-1,1.5583498
C16-MAA000581-3_10_M-1-1,2.3395834
C16-MAA000926-3_9_M-1-1,2.399191
C16-MAA000944-3_9_M-1-1,2.8838809
C16-MAA000947-3_9_M-1-1,1.7456794
C17-MAA000932-3_11_M-1-1,2.2535603
C18-MAA000581-3_10_M-1-1,2.6765795
C18-MAA000926-3_9_M-1-1,1.3091571
C18-MAA000941-3_8_M-1-1,2.4244125
C19-MAA000581-3_10_M-1-1,2.8632402
C1-MAA000932-3_11_M-1-1,2.0372276
C20-MAA000941-3_8_M-1-1,1.7965624
C20-MAA001895-3_38_F-1-1,1.7924542
C21-B003275-3_38_F-1-1,2.5970428
C21-MAA000424-3_11_M-1-1,2.246141
C21-MAA000581-3_10_M-1-1,1.2223843
C22-MAA000553-3_10_M-1-1,1.898712
C2-B003290-3_38_F-1-1,0.0
C2-MAA001845-3_39_F-1-1,1.4727803
C3-B003290-3_38_F-1-1,1.874001
C3-MAA000932-3_11_M-1-1,1.8686445
C3-MAA001845-3_39_F-1-1,1.7073021
C4-MAA000932-3_11_M-1-1,2.2996635
C4-MAA001845-3_39_F-1-1,1.0953321
C4-MAA001895-3_38_F-1-1,0.7711123
C5-MAA000932-3_11_M-1-1,2.8173683
C5-MAA001895-3_38_F-1-1,0.69429916
C6-B003290-3_38_F-1-1,1.1871984
C7-B003290-3_38_F-1-1,1.3910124
C7-MAA001845-3_39_F-1-1,0.031614393
C8-MAA000932-3_11_M-1-1,0.0749909
C8-MAA001845-3_39_F-1-1,0.054015227
C9-MAA000932-3_11_M-1-1,1.5390903
C9-MAA001845-3_39_F-1-1,1.0328637
D10-MAA000560-3_10_M-1-1,2.364334
D10-MAA001845-3_39_F-1-1,2.5196548
D11-B000621-3_56_F-1-1,2.418579
D11-B003275-3_38_F-1-1,0.102794625
D11-MAA000553-3_10_M-1-1,2.8883572
D11-MAA000638-3_9_M-1-1,2.4516134
D11-MAA001845-3_39_F-1-1,1.8421273
D12-B003290-3_38_F-1-1,1.7800319
D13-B003275-3_38_F-1-1,2.3051133
D13-MAA000941-3_8_M-1-1,2.9300616
D13-MAA000944-3_9_M-1-1,2.6249998
D14-B003275-3_38_F-1-1,1.8009652
D14-B003290-3_38_F-1-1,1.911265
D14-MAA000581-3_10_M-1-1,0.0
D14-MAA000615-3_10_M-1-1,1.8928094
D14-MAA000926-3_9_M-1-1,1.1694243
D14-MAA000930-3_8_M-1-1,1.8338467
D15-B003275-3_38_F-1-1,2.230206
D15-MAA000581-3_10_M-1-1,2.2081113
D15-MAA000926-3_9_M-1-1,1.1525729
D16-MAA000424-3_11_M-1-1,2.55475
D16-MAA000581-3_10_M-1-1,2.8222282
D17-B003275-3_38_F-1-1,3.006148
D17-MAA000581-3_10_M-1-1,2.3961225
D17-MAA000923-3_9_M-1-1,2.453211
D18-MAA000561-3_10_M-1-1,1.5723886
D18-MAA001895-3_38_F-1-1,1.607082
D19-MAA000561-3_10_M-1-1,1.6435516
D19-MAA000581-3_10_M-1-1,2.9621482
D19-MAA000941-3_8_M-1-1,2.2140374
D1-MAA000932-3_11_M-1-1,1.265157
D1-MAA001895-3_38_F-1-1,1.1694688
D20-MAA001895-3_38_F-1-1,2.1359556
D21-B003275-3_38_F-1-1,2.241054
D21-MAA000561-3_10_M-1-1,2.2707129
D22-B003275-3_38_F-1-1,3.5712867
D2-B003290-3_38_F-1-1,0.0
D3-B003290-3_38_F-1-1,0.9090824
D3-MAA000932-3_11_M-1-1,1.1715912
D3-MAA001845-3_39_F-1-1,0.12048938
D3-MAA001895-3_38_F-1-1,1.4812295
D4-B003290-3_38_F-1-1,2.521256
D4-MAA001845-3_39_F-1-1,1.5652059
D4-MAA001895-3_38_F-1-1,0.71337515
D5-MAA000564-3_10_M-1-1,3.1185384
D5-MAA000932-3_11_M-1-1,2.6577275
D5-MAA001845-3_39_F-1-1,1.9363948
D6-B003275-3_38_F-1-1,2.7815175
D6-MAA001894-3_39_F-1-1,2.4430566
D7-B003275-3_38_F-1-1,3.2613435
D7-MAA000932-3_11_M-1-1,0.68520635
D7-MAA001895-3_38_F-1-1,2.410238
D9-B003290-3_38_F-1-1,1.9728634
D9-MAA000553-3_10_M-1-1,2.96376
D9-MAA001895-3_38_F-1-1,1.9602526
E10-B003275-3_38_F-1-1,2.3350232
E10-B003290-3_38_F-1-1,1.5363976
E11-B003275-3_38_F-1-1,2.1947482
E11-B003290-3_38_F-1-1,0.0
E11-MAA000932-3_11_M-1-1,2.1658406
E12-MAA000581-3_10_M-1-1,2.8215258
E12-MAA001895-3_38_F-1-1,1.4775879
E13-B003290-3_38_F-1-1,2.210604
E13-MAA000581-3_10_M-1-1,0.0
E13-MAA000941-3_8_M-1-1,1.1574047
E14-B003275-3_38_F-1-1,1.8239973
E14-B003290-3_38_F-1-1,3.0227888
E16-B003275-3_38_F-1-1,0.011470832
E17-B003275-3_38_F-1-1,0.0
E18-MAA000581-3_10_M-1-1,0.17207208
E18-MAA000638-3_9_M-1-1,0.018144576
E18-MAA000932-3_11_M-1-1,2.6764216
E19-MAA000561-3_10_M-1-1,2.2429147
E19-MAA000581-3_10_M-1-1,0.2865466
E1-B003290-3_38_F-1-1,2.4659348
E1-MAA000932-3_11_M-1-1,0.16727518
E1-MAA001845-3_39_F-1-1,1.2065896
E1-MAA001895-3_38_F-1-1,0.50568175
E20-B003275-3_38_F-1-1,1.9894043
E20-MAA000581-3_10_M-1-1,2.6634834
E20-MAA000944-3_9_M-1-1,1.8366514
E21-MAA000581-3_10_M-1-1,2.4592595
E21-MAA000926-3_9_M-1-1,2.3368826
E22-B000621-3_56_F-1-1,2.7419746
E2-B003290-3_38_F-1-1,0.0
E2-MAA000560-3_10_M-1-1,2.0534043
E2-MAA000932-3_11_M-1-1,0.8074334
E3-MAA000932-3_11_M-1-1,1.6381408
E3-MAA001845-3_39_F-1-1,1.6087033
E4-MAA000930-3_8_M-1-1,2.731391
E4-MAA000932-3_11_M-1-1,2.5596335
E4-MAA000941-3_8_M-1-1,1.6422887
E4-MAA001845-3_39_F-1-1,1.6022781
E4-MAA001895-3_38_F-1-1,1.8340876
E5-MAA001845-3_39_F-1-1,0.79604495
E6-B003290-3_38_F-1-1,2.474505
E6-MAA000932-3_11_M-1-1,2.5376625
E6-MAA001895-3_38_F-1-1,1.5187305
E7-B003290-3_38_F-1-1,3.0726137
E8-B003275-3_38_F-1-1,2.212415
E8-B003290-3_38_F-1-1,1.4155596
E9-B003290-3_38_F-1-1,0.0
F10-MAA000553-3_10_M-1-1,2.3375032
F10-MAA000932-3_11_M-1-1,1.8378338
F11-B003275-3_38_F-1-1,0.5836764
F11-MAA000553-3_10_M-1-1,1.8008657
F11-MAA000564-3_10_M-1-1,2.8471177
F11-MAA000932-3_11_M-1-1,1.5959662
F12-B003275-3_38_F-1-1,0.03336718
F12-B003290-3_38_F-1-1,1.0971217
F12-MAA000561-3_10_M-1-1,2.2152507
F13-B003275-3_38_F-1-1,1.3296942
F13-MAA000942-3_8_M-1-1,1.1118209
F14-MAA000424-3_11_M-1-1,3.1898685
F14-MAA000581-3_10_M-1-1,1.9577061
F14-MAA001895-3_38_F-1-1,1.5972072
F15-B003275-3_38_F-1-1,2.5553558
F15-B003290-3_38_F-1-1,2.7838972
F15-MAA000902-3_11_M-1-1,1.8804219
F15-MAA000930-3_8_M-1-1,2.581221
F15-MAA001895-3_38_F-1-1,1.7863592
F16-MAA000581-3_10_M-1-1,2.7968175
F17-B003290-3_38_F-1-1,0.0
F18-MAA000424-3_11_M-1-1,1.9987246
F18-MAA000581-3_10_M-1-1,2.322162
F18-MAA001895-3_38_F-1-1,1.0458277
F19-B003275-3_38_F-1-1,1.5721899
F1-B003290-3_38_F-1-1,1.3962443
F1-MAA000932-3_11_M-1-1,1.4931016
F20-B003275-3_38_F-1-1,2.0250237
F20-MAA000581-3_10_M-1-1,2.0483184
F20-MAA000926-3_9_M-1-1,2.9447324
F20-MAA001895-3_38_F-1-1,2.3063772
F21-MAA000561-3_10_M-1-1,2.1801786
F22-MAA000424-3_11_M-1-1,2.5236118
F22-MAA000581-3_10_M-1-1,2.272285
F2-MAA000932-3_11_M-1-1,2.4618073
F2-MAA000947-3_9_M-1-1,2.726476
F3-B003290-3_38_F-1-1,1.2011782
F3-MAA000424-3_11_M-1-1,2.107266
F3-MAA000932-3_11_M-1-1,3.3714979
F4-B003290-3_38_F-1-1,2.3571525
F4-MAA001895-3_38_F-1-1,1.4867848
F5-B003275-3_38_F-1-1,0.0
F5-B003290-3_38_F-1-1,2.5314648
F5-MAA000932-3_11_M-1-1,1.2629746
F5-MAA001894-3_39_F-1-1,0.0
F6-B003290-3_38_F-1-1,0.061939303
F6-MAA000932-3_11_M-1-1,2.958016
F7-B003290-3_38_F-1-1,0.0
F7-MAA000638-3_9_M-1-1,0.01626462
F7-MAA000932-3_11_M-1-1,2.777459
F7-MAA001853-3_38_F-1-1,1.6794475
F7-MAA001895-3_38_F-1-1,1.8029773
F8-MAA000932-3_11_M-1-1,1.6463214
F9-MAA000932-3_11_M-1-1,2.1117854
G10-B003275-3_38_F-1-1,2.9695108
G10-B003290-3_38_F-1-1,0.52789474
G10-MAA000553-3_10_M-1-1,2.024874
G10-MAA000932-3_11_M-1-1,2.4608736
G11-MAA000553-3_10_M-1-1,0.0
G12-B003290-3_38_F-1-1,0.2779835
G13-B003275-3_38_F-1-1,2.8186862
G13-MAA000925-3_9_M-1-1,1.154068
G13-MAA000935-3_8_M-1-1,2.4663074
G14-B003275-3_38_F-1-1,2.414857
G14-MAA000581-3_10_M-1-1,2.3319998
G14-MAA000947-3_9_M-1-1,0.6947942
G15-B003275-3_38_F-1-1,1.5624418
G15-B003290-3_38_F-1-1,3.3437114
G16-MAA000581-3_10_M-1-1,0.053203236
G16-MAA000944-3_9_M-1-1,2.0801237
G17-MAA000581-3_10_M-1-1,1.8368988
G19-B003275-3_38_F-1-1,2.2621846
G19-MAA000424-3_11_M-1-1,1.611645
G1-B003290-3_38_F-1-1,1.9658678
G20-MAA000561-3_10_M-1-1,2.0906537
G20-MAA000581-3_10_M-1-1,0.004267978
G20-MAA000923-3_9_M-1-1,2.847251
G21-B003275-3_38_F-1-1,0.94358146
G21-MAA000581-3_10_M-1-1,0.0089193685
G22-MAA000581-3_10_M-1-1,3.0289705
G22-MAA000930-3_8_M-1-1,1.3031913
G22-MAA001895-3_38_F-1-1,1.1956652
G2-B003290-3_38_F-1-1,3.0219038
G2-MAA000932-3_11_M-1-1,0.0
G2-MAA001894-3_39_F-1-1,1.5455567
G3-B003290-3_38_F-1-1,2.1471558
G3-MAA000932-3_11_M-1-1,1.4082278
G3-MAA001853-3_38_F-1-1,0.5454529
G4-MAA000564-3_10_M-1-1,2.4250994
G4-MAA001895-3_38_F-1-1,2.494844
G5-B003290-3_38_F-1-1,3.1524582
G5-MAA000932-3_11_M-1-1,2.4918349
G5-MAA001895-3_38_F-1-1,0.15956831
G6-MAA000932-3_11_M-1-1,2.0309253
G6-MAA001895-3_38_F-1-1,2.3423054
G7-B003290-3_38_F-1-1,2.461626
G7-MAA000932-3_11_M-1-1,2.5869548
G8-B003275-3_38_F-1-1,0.0640762
G8-B003290-3_38_F-1-1,0.17232028
G8-MAA000932-3_11_M-1-1,1.1834376
G8-MAA001894-3_39_F-1-1,2.2019162
G9-B001688-3_38_F-1-1,2.6741931
G9-MAA000564-3_10_M-1-1,2.2849903
H10-B003275-3_38_F-1-1,1.9003563
H12-B003275-3_38_F-1-1,2.2902687
H12-MAA000561-3_10_M-1-1,2.8707612
H12-MAA000581-3_10_M-1-1,2.8536081
H12-MAA000941-3_8_M-1-1,2.2139308
H13-B003275-3_38_F-1-1,1.8563681
H13-B003290-3_38_F-1-1,2.5782309
H13-MAA000581-3_10_M-1-1,1.2944643
H13-MAA001853-3_38_F-1-1,1.2804065
H14-B003275-3_38_F-1-1,2.2400994
H14-MAA000581-3_10_M-1-1,2.4894202
H14-MAA000926-3_9_M-1-1,2.022164
H15-B003275-3_38_F-1-1,0.0
H15-MAA000561-3_10_M-1-1,2.2527335
H15-MAA000947-3_9_M-1-1,1.9264383
H16-MAA000553-3_10_M-1-1,2.9138272
H17-MAA000581-3_10_M-1-1,1.9400917
H18-MAA000926-3_9_M-1-1,1.3552634
H19-MAA000581-3_10_M-1-1,1.8555957
H1-MAA000932-3_11_M-1-1,1.4287958
H20-MAA000581-3_10_M-1-1,1.7565773
H21-B003290-3_38_F-1-1,3.3668528
H21-MAA000581-3_10_M-1-1,2.970883
H21-MAA000932-3_11_M-1-1,1.1698153
H2-B003275-3_38_F-1-1,1.4893831
H2-MAA000932-3_11_M-1-1,2.2372487
H2-MAA001853-3_38_F-1-1,0.13282499
H3-MAA000932-3_11_M-1-1,2.5952559
H4-MAA001853-3_38_F-1-1,2.1706924
H5-MAA000581-3_10_M-1-1,2.098861
H5-MAA000932-3_11_M-1-1,2.5439456
H6-MAA000932-3_11_M-1-1,2.3090382
H6-MAA000941-3_8_M-1-1,2.159187
H7-B003275-3_38_F-1-1,2.7666533
H8-B003275-3_38_F-1-1,2.5310547
H9-B003275-3_38_F-1-1,0.0
H9-B003277-3_39_F-1-1,0.9909291
H9-MAA000932-3_11_M-1-1,2.356906
I11-B003275-3_38_F-1-1,1.434326
I11-MAA000935-3_8_M-1-1,2.031558
I11-MAA001853-3_38_F-1-1,2.6886249
I12-B003275-3_38_F-1-1,2.3390245
I12-B003277-3_39_F-1-1,2.0194383
I12-MAA000560-3_10_M-1-1,2.4562404
I13-B003275-3_38_F-1-1,2.5990217
I13-MAA000581-3_10_M-1-1,1.8640897
I14-MAA000926-3_9_M-1-1,0.5182984
I15-B003275-3_38_F-1-1,1.1837319
I16-MAA000581-3_10_M-1-1,1.2230549
I16-MAA000926-3_9_M-1-1,1.7268068
I18-B003275-3_38_F-1-1,2.122462
I18-MAA000926-3_9_M-1-1,1.3111844
I1-MAA000926-3_9_M-1-1,1.6388345
I20-MAA000564-3_10_M-1-1,2.439898
I20-MAA000581-3_10_M-1-1,0.0
I21-B003275-3_38_F-1-1,2.4226887
I21-MAA000581-3_10_M-1-1,0.0
I22-MAA000561-3_10_M-1-1,2.8790674
I22-MAA000581-3_10_M-1-1,0.5733925
I22-MAA001894-3_39_F-1-1,2.907004
I3-MAA000932-3_11_M-1-1,1.3664343
I3-MAA001853-3_38_F-1-1,0.0
I4-MAA000935-3_8_M-1-1,1.0869287
I7-MAA000932-3_11_M-1-1,1.8454635
I8-MAA000932-3_11_M-1-1,1.2529254
I8-MAA001853-3_38_F-1-1,2.0720356
I9-B003275-3_38_F-1-1,2.2343824
I9-MAA000641-3_9_M-1-1,2.4920936
I9-MAA000932-3_11_M-1-1,0.15326573
I9-MAA000944-3_9_M-1-1,2.9146268
J10-MAA000641-3_9_M-1-1,2.89931
J10-MAA001853-3_38_F-1-1,2.2948384
J11-MAA000932-3_11_M-1-1,2.0190485
J13-MAA000424-3_11_M-1-1,2.3873212
J13-MAA000581-3_10_M-1-1,2.5829854
J13-MAA000926-3_9_M-1-1,2.48484
J14-MAA000581-3_10_M-1-1,2.5357985
J14-MAA000926-3_9_M-1-1,2.0473225
J14-MAA000941-3_8_M-1-1,2.6560094
J15-MAA000926-3_9_M-1-1,1.7936001
J16-MAA000564-3_10_M-1-1,0.8581439
J16-MAA000581-3_10_M-1-1,0.0
J17-MAA000560-3_10_M-1-1,2.4038653
J17-MAA000944-3_9_M-1-1,1.9060292
J18-MAA000581-3_10_M-1-1,2.904125
J19-MAA000581-3_10_M-1-1,2.368593
J1-MAA000942-3_8_M-1-1,0.0
J1-MAA000944-3_9_M-1-1,2.2095993
J20-MAA000581-3_10_M-1-1,0.012032884
J20-MAA000932-3_11_M-1-1,2.8916826
J2-MAA000932-3_11_M-1-1,0.55477417
J2-MAA001894-3_39_F-1-1,2.5557365
J3-MAA000925-3_9_M-1-1,1.5869688
J3-MAA000932-3_11_M-1-1,0.0
J3-MAA000944-3_9_M-1-1,2.6724079
J3-MAA001853-3_38_F-1-1,2.0387986
J4-MAA000564-3_10_M-1-1,0.0
J4-MAA000932-3_11_M-1-1,2.033223
J5-MAA000932-3_11_M-1-1,1.9142867
J5-MAA000944-3_9_M-1-1,2.720417
J6-MAA000932-3_11_M-1-1,1.9229575
J6-MAA001853-3_38_F-1-1,1.6210036
J7-MAA000932-3_11_M-1-1,0.022280999
J7-MAA001853-3_38_F-1-1,2.4654336
J8-MAA000932-3_11_M-1-1,1.0371063
J9-MAA000553-3_10_M-1-1,2.3926053
J9-MAA000932-3_11_M-1-1,1.6691948
K10-MAA000553-3_10_M-1-1,1.7875167
K11-MAA000553-3_10_M-1-1,1.3889244
K11-MAA000564-3_10_M-1-1,2.6309874
K11-MAA000932-3_11_M-1-1,0.023293512
K11-MAA000944-3_9_M-1-1,1.6490126
K12-MAA000581-3_10_M-1-1,0.070908956
K12-MAA000941-3_8_M-1-1,0.8215633
K13-MAA000564-3_10_M-1-1,1.5879039
K13-MAA000581-3_10_M-1-1,2.6818392
K13-MAA000941-3_8_M-1-1,0.16174957
K14-MAA000581-3_10_M-1-1,2.5793135
K14-MAA000942-3_8_M-1-1,2.3358042
K15-B001688-3_38_F-1-1,2.569567
K15-MAA000581-3_10_M-1-1,2.7090616
K17-MAA000926-3_9_M-1-1,1.1279969
K18-MAA000941-3_8_M-1-1,2.291684
K19-MAA000581-3_10_M-1-1,3.1089647
K1-MAA000550-3_10_M-1-1,2.9354954
K1-MAA000564-3_10_M-1-1,1.1587719
K1-MAA001853-3_38_F-1-1,1.3217958
K20-MAA000923-3_9_M-1-1,2.3645988
K21-MAA000581-3_10_M-1-1,0.0
K21-MAA000941-3_8_M-1-1,2.365354
K2-MAA000932-3_11_M-1-1,3.3321352
K3-MAA000564-3_10_M-1-1,0.4214709
K3-MAA000932-3_11_M-1-1,2.0085323
K4-MAA000932-3_11_M-1-1,2.1203272
K5-MAA000932-3_11_M-1-1,2.2506537
K6-MAA000924-3_8_M-1-1,0.0044967085
K6-MAA000932-3_11_M-1-1,2.389201
K7-MAA000932-3_11_M-1-1,1.5747911
K8-MAA000932-3_11_M-1-1,2.2167094
L10-MAA000581-3_10_M-1-1,2.515876
L10-MAA000932-3_11_M-1-1,3.0039008
L11-MAA000553-3_10_M-1-1,1.508636
L11-MAA000615-3_10_M-1-1,3.161923
L11-MAA000932-3_11_M-1-1,1.2856013
L12-MAA000923-3_9_M-1-1,1.5773356
L12-MAA000926-3_9_M-1-1,1.5634265
L13-MAA000615-3_10_M-1-1,1.9534442
L14-MAA000581-3_10_M-1-1,2.333707
L16-MAA000581-3_10_M-1-1,0.20261867
L17-MAA000424-3_11_M-1-1,2.3991
L17-MAA000561-3_10_M-1-1,2.3385425
L17-MAA000581-3_10_M-1-1,1.6884739
L17-MAA000923-3_9_M-1-1,2.8200502
L17-MAA000926-3_9_M-1-1,2.2761474
L17-MAA000935-3_8_M-1-1,2.8958876
L18-MAA000926-3_9_M-1-1,2.7136505
L18-MAA000947-3_9_M-1-1,1.6020919
L19-MAA000581-3_10_M-1-1,1.3176098
L20-MAA000581-3_10_M-1-1,0.5130094
L20-MAA000926-3_9_M-1-1,0.04513656
L21-MAA000424-3_11_M-1-1,2.6504116
L21-MAA000581-3_10_M-1-1,2.9521039
L22-MAA000424-3_11_M-1-1,2.3222673
L22-MAA000581-3_10_M-1-1,1.4099697
L22-MAA000941-3_8_M-1-1,2.3712099
L2-MAA000932-3_11_M-1-1,1.2414281
L4-MAA000942-3_8_M-1-1,0.05683978
L5-MAA000926-3_9_M-1-1,1.6957465
L5-MAA000932-3_11_M-1-1,0.0
L7-MAA000932-3_11_M-1-1,1.7143779
L8-MAA000641-3_9_M-1-1,2.53758
L8-MAA000923-3_9_M-1-1,1.4737388
L9-MAA000932-3_11_M-1-1,1.1333934
M10-MAA000932-3_11_M-1-1,1.8966649
M11-MAA000553-3_10_M-1-1,2.1165864
M11-MAA001894-3_39_F-1-1,1.620257
M13-MAA000581-3_10_M-1-1,0.0
M14-MAA000581-3_10_M-1-1,1.495503
M14-MAA000942-3_8_M-1-1,2.4916239
M16-MAA000561-3_10_M-1-1,1.8854101
M16-MAA000564-3_10_M-1-1,1.4629585
M16-MAA000581-3_10_M-1-1,2.4775662
M16-MAA000941-3_8_M-1-1,1.7102251
M17-MAA000581-3_10_M-1-1,2.1845794
M17-MAA000926-3_9_M-1-1,1.6398952
M18-MAA000424-3_11_M-1-1,2.739953
M18-MAA000926-3_9_M-1-1,2.9926858
M18-MAA001894-3_39_F-1-1,2.757515
M19-MAA000581-3_10_M-1-1,2.1895359
M19-MAA000941-3_8_M-1-1,1.167069
M1-MAA000932-3_11_M-1-1,1.1566672
M20-MAA000581-3_10_M-1-1,2.3396242
M21-MAA000561-3_10_M-1-1,1.0081285
M21-MAA000932-3_11_M-1-1,1.6409304
M22-MAA000930-3_8_M-1-1,2.635271
M22-MAA000947-3_9_M-1-1,1.8539295
M2-MAA000932-3_11_M-1-1,1.1513461
M4-MAA000926-3_9_M-1-1,2.0255947
M4-MAA000932-3_11_M-1-1,2.721244
M5-MAA000564-3_10_M-1-1,2.4080043
M5-MAA000932-3_11_M-1-1,2.06994
M6-MAA001894-3_39_F-1-1,1.3831862
M8-MAA000932-3_11_M-1-1,2.10305
M9-MAA000932-3_11_M-1-1,1.5733418
N10-MAA000553-3_10_M-1-1,1.7192048
N10-MAA000932-3_11_M-1-1,2.0056903
N11-MAA000553-3_10_M-1-1,2.6668468
N11-MAA000564-3_10_M-1-1,1.0462862
N11-MAA000932-3_11_M-1-1,2.446848
N12-MAA000561-3_10_M-1-1,2.206564
N12-MAA000581-3_10_M-1-1,0.032894187
N13-MAA000581-3_10_M-1-1,1.183734
N13-MAA000941-3_8_M-1-1,2.7626903
N14-MAA000581-3_10_M-1-1,2.3377895
N14-MAA000926-3_9_M-1-1,1.6647003
N15-MAA000581-3_10_M-1-1,2.1379867
N16-MAA000581-3_10_M-1-1,1.6272991
N16-MAA000926-3_9_M-1-1,0.7874953
N17-MAA000581-3_10_M-1-1,1.7444173
N18-MAA000564-3_10_M-1-1,2.9573343
N18-MAA000581-3_10_M-1-1,2.0413074
N18-MAA000928-3_9_M-1-1,0.7467574
N1-MAA000932-3_11_M-1-1,1.6156118
N20-MAA000581-3_10_M-1-1,0.015442707
N21-MAA000561-3_10_M-1-1,2.852483
N21-MAA000564-3_10_M-1-1,0.031193122
N21-MAA000581-3_10_M-1-1,3.316217
N22-MAA000424-3_11_M-1-1,3.334791
N22-MAA000581-3_10_M-1-1,1.0122701
N22-MAA000926-3_9_M-1-1,2.7264242
N22-MAA000930-3_8_M-1-1,2.0399904
N22-MAA000941-3_8_M-1-1,0.10073852
N2-MAA000564-3_10_M-1-1,2.514147
N2-MAA000932-3_11_M-1-1,0.0
N3-MAA000641-3_9_M-1-1,2.1974053
N5-MAA000564-3_10_M-1-1,2.4651875
N5-MAA000932-3_11_M-1-1,2.6429687
N6-MAA000564-3_10_M-1-1,2.975427
N6-MAA000932-3_11_M-1-1,0.05890516
N8-MAA000932-3_11_M-1-1,2.1378994
O10-MAA000553-3_10_M-1-1,2.204523
O10-MAA000932-3_11_M-1-1,2.8943844
O11-MAA000564-3_10_M-1-1,1.7221221
O11-MAA000932-3_11_M-1-1,1.0668862
O11-MAA000935-3_8_M-1-1,1.5539981
O12-MAA000926-3_9_M-1-1,2.6541662
O13-MAA000581-3_10_M-1-1,1.9968572
O13-MAA000941-3_8_M-1-1,2.468364
O13-MAA000947-3_9_M-1-1,2.0362327
O14-MAA000581-3_10_M-1-1,2.351847
O14-MAA000923-3_9_M-1-1,2.259513
O15-MAA000564-3_10_M-1-1,0.8876573
O15-MAA000581-3_10_M-1-1,2.636359
O16-MAA000561-3_10_M-1-1,2.5954738
O16-MAA000581-3_10_M-1-1,1.8282784
O16-MAA000941-3_8_M-1-1,1.8335041
O17-MAA000581-3_10_M-1-1,1.6651018
O18-MAA000553-3_10_M-1-1,2.175009
O18-MAA000561-3_10_M-1-1,2.7034433
O18-MAA000581-3_10_M-1-1,1.8242257
O19-MAA000581-3_10_M-1-1,0.0033499154
O19-MAA000926-3_9_M-1-1,2.0565753
O1-MAA000932-3_11_M-1-1,1.7894977
O1-MAA000944-3_9_M-1-1,1.122595
O20-MAA000424-3_11_M-1-1,1.4705302
O20-MAA000926-3_9_M-1-1,2.2465425
O21-MAA000564-3_10_M-1-1,2.431809
O21-MAA000581-3_10_M-1-1,2.4126976
O22-MAA000581-3_10_M-1-1,3.3831975
O22-MAA000930-3_8_M-1-1,0.47548604
O2-MAA000581-3_10_M-1-1,0.112938195
O3-MAA000564-3_10_M-1-1,2.6232746
O3-MAA000932-3_11_M-1-1,0.74112046
O4-MAA000932-3_11_M-1-1,1.8865622
O6-MAA000581-3_10_M-1-1,3.1651528
O7-MAA000932-3_11_M-1-1,1.4108194
O9-MAA000932-3_11_M-1-1,1.4579183
P10-MAA000553-3_10_M-1-1,1.8600134
P11-MAA000564-3_10_M-1-1,0.9667188
P12-MAA000581-3_10_M-1-1,0.0
P13-MAA000581-3_10_M-1-1,0.0
P14-MAA000947-3_9_M-1-1,1.8021046
P15-MAA000424-3_11_M-1-1,2.607311
P15-MAA000926-3_9_M-1-1,1.927906
P15-MAA000942-3_8_M-1-1,1.9038994
P18-MAA000581-3_10_M-1-1,1.365796
P19-MAA000926-3_9_M-1-1,0.0
P1-MAA000581-3_10_M-1-1,2.6753638
P1-MAA000932-3_11_M-1-1,0.15310149
P1-MAA001894-3_39_F-1-1,1.5266308
P20-B000621-3_56_F-1-1,2.6391623
P20-MAA000581-3_10_M-1-1,1.8844441
P20-MAA000932-3_11_M-1-1,0.3751968
P21-MAA000581-3_10_M-1-1,2.6109498
P21-MAA000926-3_9_M-1-1,1.8415481
P21-MAA000941-3_8_M-1-1,2.0303233
P21-MAA001894-3_39_F-1-1,2.1011205
P22-MAA000561-3_10_M-1-1,2.25097
P22-MAA000581-3_10_M-1-1,0.0033703092
P2-MAA000932-3_11_M-1-1,0.66169035
P3-MAA000564-3_10_M-1-1,0.02823483
P3-MAA000932-3_11_M-1-1,0.9977224
P4-MAA000581-3_10_M-1-1,2.0048656
P5-MAA000932-3_11_M-1-1,0.5729695
P6-MAA000581-3_10_M-1-1,2.2415829
P6-MAA000926-3_9_M-1-1,2.6161454
P6-MAA000932-3_11_M-1-1,1.153754
P7-MAA000563-3_10_M-1-1,2.6277714
P7-MAA000932-3_11_M-1-1,1.4536275
P8-MAA000923-3_9_M-1-1,1.7000995
P8-MAA000926-3_9_M-1-1,1.8547331
P8-MAA000932-3_11_M-1-1,1.7417638
P9-MAA000932-3_11_M-1-1,1.7772783
A11-MAA000641-3_9_M-1-1,0.0
A11-MAA000902-3_11_M-1-1,3.0060918
A11-MAA000930-3_8_M-1-1,2.6140096
A12-MAA000560-3_10_M-1-1,1.6656828
A12-MAA000641-3_9_M-1-1,0.32446638
A12-MAA000935-3_8_M-1-1,2.6257377
A12-MAA000941-3_8_M-1-1,2.9561388
A12-MAA000944-3_9_M-1-1,2.7283454
A12-MAA001854-3_38_F-1-1,2.0780501
A13-MAA000563-3_10_M-1-1,2.198279
A13-MAA000930-3_8_M-1-1,2.2629974
A14-B003274-3_38_F-1-1,1.1856385
A14-B003728-3_56_F-1-1,2.8891869
A14-MAA000560-3_10_M-1-1,2.900468
A14-MAA000926-3_9_M-1-1,3.0161004
A14-MAA000944-3_9_M-1-1,1.4263953
A15-B003275-3_38_F-1-1,0.0
A15-B003277-3_39_F-1-1,0.02688005
A15-MAA000641-3_9_M-1-1,4.1259813
A16-B003275-3_38_F-1-1,0.0
A16-MAA000560-3_10_M-1-1,2.7132568
A16-MAA000641-3_9_M-1-1,5.7551665
A16-MAA000902-3_11_M-1-1,0.554101
A16-MAA000935-3_8_M-1-1,3.060372
A17-B003275-3_38_F-1-1,0.0
A17-MAA000641-3_9_M-1-1,0.0
A18-B000621-3_56_F-1-1,0.0
A18-MAA000560-3_10_M-1-1,1.753113
A18-MAA000578-3_10_M-1-1,3.322994
A18-MAA000926-3_9_M-1-1,2.1406562
A18-MAA000932-3_11_M-1-1,1.6082242
A18-MAA000935-3_8_M-1-1,2.8788333
A18-MAA000942-3_8_M-1-1,2.8620963
A18-MAA000944-3_9_M-1-1,2.8620563
A19-B003728-3_56_F-1-1,0.20350525
A19-MAA000550-3_10_M-1-1,2.7590241
A19-MAA000560-3_10_M-1-1,3.1067238
A19-MAA000944-3_9_M-1-1,0.0
A1-MAA000560-3_10_M-1-1,3.0736587
A1-MAA000930-3_8_M-1-1,3.0440214
A1-MAA001854-3_38_F-1-1,3.2668693
A20-B003274-3_38_F-1-1,0.0
A20-B003277-3_39_F-1-1,3.021125
A20-MAA000560-3_10_M-1-1,3.2770672
A21-B003277-3_39_F-1-1,2.6045651
A21-B003290-3_38_F-1-1,0.029999446
A21-MAA000925-3_9_M-1-1,3.1398625
A21-MAA001894-3_39_F-1-1,1.4976571
A21-MAA001895-3_38_F-1-1,1.0847859
A22-MAA000564-3_10_M-1-1,2.7193575
A22-MAA000641-3_9_M-1-1,2.6641042
A22-MAA000923-3_9_M-1-1,3.539019
A22-MAA000926-3_9_M-1-1,2.6298974
A22-MAA000940-3_8_M-1-1,2.0220685
A2-B003277-3_39_F-1-1,0.08314195
A2-MAA000935-3_8_M-1-1,3.0763714
A2-MAA000942-3_8_M-1-1,2.2357154
A2-MAA000944-3_9_M-1-1,0.082338825
A2-MAA001854-3_38_F-1-1,0.0
A3-MAA000615-3_10_M-1-1,2.2231863
A3-MAA000930-3_8_M-1-1,2.1980064
A3-MAA001854-3_38_F-1-1,0.57857174
A3-MAA001894-3_39_F-1-1,2.6169574
A4-MAA000615-3_10_M-1-1,2.4617896
A4-MAA000641-3_9_M-1-1,0.05538284
A4-MAA000902-3_11_M-1-1,2.429515
A4-MAA000930-3_8_M-1-1,0.0
A4-MAA000944-3_9_M-1-1,3.1909282
A5-MAA000923-3_9_M-1-1,3.1403658
A5-MAA000926-3_9_M-1-1,1.9183434
A5-MAA000928-3_9_M-1-1,0.0
A6-B003728-3_56_F-1-1,0.12456213
A6-MAA000550-3_10_M-1-1,2.9658859
A6-MAA000935-3_8_M-1-1,2.953042
A6-MAA000944-3_9_M-1-1,0.0
A7-B003728-3_56_F-1-1,1.4657166
A7-MAA000560-3_10_M-1-1,3.181887
A7-MAA000564-3_10_M-1-1,2.541838
A7-MAA000615-3_10_M-1-1,0.68364084
A7-MAA000926-3_9_M-1-1,2.6067228
A7-MAA000928-3_9_M-1-1,2.8421345
A7-MAA000930-3_8_M-1-1,2.8690662
A7-MAA000935-3_8_M-1-1,2.8643858
A7-MAA000942-3_8_M-1-1,2.3909457
A7-MAA000947-3_9_M-1-1,2.6297905
A8-B003277-3_39_F-1-1,2.8597038
A8-MAA000926-3_9_M-1-1,2.5282304
A8-MAA000928-3_9_M-1-1,3.3673124
A8-MAA000930-3_8_M-1-1,2.436254
A8-MAA000942-3_8_M-1-1,2.7329316
A8-MAA000944-3_9_M-1-1,2.8580878
A9-MAA000550-3_10_M-1-1,3.4025416
A9-MAA000923-3_9_M-1-1,3.164306
A9-MAA000926-3_9_M-1-1,0.0
A9-MAA000941-3_8_M-1-1,3.2412953
A9-MAA000942-3_8_M-1-1,2.2341866
A9-MAA000947-3_9_M-1-1,2.9878054
B10-B003274-3_38_F-1-1,0.3006248
B10-MAA000560-3_10_M-1-1,2.4431303
B10-MAA000563-3_10_M-1-1,1.7234758
B10-MAA000581-3_10_M-1-1,2.976707
B10-MAA000923-3_9_M-1-1,2.8650093
B10-MAA001894-3_39_F-1-1,2.7149498
B11-MAA000615-3_10_M-1-1,2.5684636
B11-MAA000935-3_8_M-1-1,2.9868479
B11-MAA000940-3_8_M-1-1,2.3514636
B12-B003728-3_56_F-1-1,2.5457616
B12-MAA000563-3_10_M-1-1,2.7407007
B13-B003290-3_38_F-1-1,2.4746985
B13-MAA000923-3_9_M-1-1,3.1273293
B13-MAA000926-3_9_M-1-1,3.0433013
B14-MAA000926-3_9_M-1-1,2.4308934
B15-MAA000560-3_10_M-1-1,3.2507892
B15-MAA000902-3_11_M-1-1,2.5907009
B15-MAA000935-3_8_M-1-1,2.8727207
B15-MAA000942-3_8_M-1-1,3.2655141
B15-MAA000944-3_9_M-1-1,2.9302845
B16-B000621-3_56_F-1-1,2.7859085
B16-B003728-3_56_F-1-1,0.0
B16-MAA000560-3_10_M-1-1,1.3890879
B16-MAA000923-3_9_M-1-1,2.5643036
B16-MAA000942-3_8_M-1-1,0.81865853
B17-MAA000560-3_10_M-1-1,2.9379368
B17-MAA000902-3_11_M-1-1,2.6971755
B17-MAA000926-3_9_M-1-1,3.0667162
B17-MAA000935-3_8_M-1-1,2.618192
B17-MAA000941-3_8_M-1-1,2.4616094
B17-MAA000942-3_8_M-1-1,2.7588696
B17-MAA000944-3_9_M-1-1,2.4016886
B17-MAA001894-3_39_F-1-1,0.0
B18-MAA000564-3_10_M-1-1,3.2065048
B18-MAA000926-3_9_M-1-1,2.8286572
B18-MAA000942-3_8_M-1-1,2.8046756
B19-MAA000550-3_10_M-1-1,2.3227482
B19-MAA000564-3_10_M-1-1,2.9050746
B19-MAA000923-3_9_M-1-1,3.0888944
B19-MAA000926-3_9_M-1-1,2.891719
B19-MAA000935-3_8_M-1-1,3.1035671
B19-MAA001894-3_39_F-1-1,2.3709066
B1-MAA000560-3_10_M-1-1,2.8816051
B1-MAA000641-3_9_M-1-1,0.109420165
B1-MAA000923-3_9_M-1-1,3.3998997
B1-MAA000930-3_8_M-1-1,2.7218573
B1-MAA001894-3_39_F-1-1,2.562612
B20-B003274-3_38_F-1-1,0.901536
B20-B003728-3_56_F-1-1,2.9151218
B20-MAA001895-3_38_F-1-1,0.85783195
B21-B003728-3_56_F-1-1,3.5242062
B21-MAA000926-3_9_M-1-1,2.7225971
B21-MAA000941-3_8_M-1-1,2.672167
B21-MAA000944-3_9_M-1-1,2.8696277
B22-MAA000564-3_10_M-1-1,3.1783488
B22-MAA000926-3_9_M-1-1,2.806035
B22-MAA000930-3_8_M-1-1,3.2396004
B22-MAA000932-3_11_M-1-1,2.335401
B22-MAA000940-3_8_M-1-1,1.4922836
B22-MAA001895-3_38_F-1-1,1.6373645
B2-MAA000560-3_10_M-1-1,2.9858224
B2-MAA000935-3_8_M-1-1,2.0138853
B2-MAA000941-3_8_M-1-1,2.2240798
B2-MAA000942-3_8_M-1-1,1.9635729
B3-B003277-3_39_F-1-1,0.0
B3-MAA000550-3_10_M-1-1,2.745213
B3-MAA000564-3_10_M-1-1,3.048868
B3-MAA000581-3_10_M-1-1,3.2430546
B3-MAA000932-3_11_M-1-1,0.0
B3-MAA001894-3_39_F-1-1,3.0526066
B4-MAA000563-3_10_M-1-1,3.2181387
B4-MAA000615-3_10_M-1-1,2.409504
B4-MAA000944-3_9_M-1-1,3.1384559
B4-MAA001894-3_39_F-1-1,3.0778332
B5-MAA000560-3_10_M-1-1,2.4761558
B5-MAA000564-3_10_M-1-1,2.4137366
B5-MAA000641-3_9_M-1-1,0.0
B5-MAA000923-3_9_M-1-1,2.3144915
B5-MAA000942-3_8_M-1-1,2.0229175
B5-MAA001894-3_39_F-1-1,3.474625
B6-MAA000560-3_10_M-1-1,3.3441865
B6-MAA000941-3_8_M-1-1,2.879601
B6-MAA000944-3_9_M-1-1,3.0100498
B7-MAA000563-3_10_M-1-1,2.538326
B7-MAA000564-3_10_M-1-1,2.6396077
B7-MAA000926-3_9_M-1-1,2.664757
B7-MAA000941-3_8_M-1-1,2.9778101
B8-MAA000424-3_11_M-1-1,3.5556397
B8-MAA000560-3_10_M-1-1,3.267109
B8-MAA000564-3_10_M-1-1,2.8733733
B8-MAA000926-3_9_M-1-1,2.823027
B8-MAA000930-3_8_M-1-1,2.1399302
B9-B003277-3_39_F-1-1,0.6151156
B9-MAA000578-3_10_M-1-1,2.476428
B9-MAA000923-3_9_M-1-1,2.4958162
B9-MAA000930-3_8_M-1-1,2.8508232
B9-MAA000935-3_8_M-1-1,3.16285
B9-MAA001854-3_38_F-1-1,2.078093
C10-MAA000581-3_10_M-1-1,2.4452333
C10-MAA000925-3_9_M-1-1,2.9958467
C10-MAA000926-3_9_M-1-1,2.293885
C10-MAA000935-3_8_M-1-1,2.8696346
C10-MAA000944-3_9_M-1-1,2.6656435
C11-MAA000560-3_10_M-1-1,2.69678
C11-MAA000926-3_9_M-1-1,2.514809
C12-B003275-3_38_F-1-1,0.016821835
C12-MAA000615-3_10_M-1-1,2.571885
C12-MAA000923-3_9_M-1-1,2.818196
C12-MAA000926-3_9_M-1-1,3.1350174
C12-MAA000944-3_9_M-1-1,3.0499446
C13-MAA000560-3_10_M-1-1,2.566053
C13-MAA000563-3_10_M-1-1,3.1230354
C13-MAA000564-3_10_M-1-1,2.777452
C13-MAA000923-3_9_M-1-1,2.6012664
C13-MAA000942-3_8_M-1-1,3.0537453
C13-MAA000944-3_9_M-1-1,3.26372
C14-B000621-3_56_F-1-1,3.2130518
C14-MAA000560-3_10_M-1-1,3.255747
C14-MAA001894-3_39_F-1-1,2.7953556
C15-MAA000564-3_10_M-1-1,3.2295
C15-MAA000638-3_9_M-1-1,2.719205
C15-MAA000942-3_8_M-1-1,2.3001356
C15-MAA000944-3_9_M-1-1,2.6723218
C16-MAA000935-3_8_M-1-1,2.7387383
C17-B003290-3_38_F-1-1,2.6149995
C17-MAA000638-3_9_M-1-1,0.0
C17-MAA000924-3_8_M-1-1,0.25916627
C17-MAA000925-3_9_M-1-1,3.779262
C17-MAA000926-3_9_M-1-1,3.0982814
C17-MAA000940-3_8_M-1-1,2.9151995
C17-MAA000942-3_8_M-1-1,2.9935405
C18-B000621-3_56_F-1-1,3.1343746
C18-MAA000560-3_10_M-1-1,2.127914
C18-MAA000564-3_10_M-1-1,3.6335595
C18-MAA000925-3_9_M-1-1,3.3120775
C18-MAA000930-3_8_M-1-1,2.8928576
C18-MAA000940-3_8_M-1-1,2.5396452
C18-MAA000944-3_9_M-1-1,2.9362233
C19-MAA000560-3_10_M-1-1,2.274262
C19-MAA000930-3_8_M-1-1,3.3783898
C19-MAA000944-3_9_M-1-1,2.9575841
C19-MAA000947-3_9_M-1-1,3.1106417
C1-B003277-3_39_F-1-1,1.9097193
C1-B003290-3_38_F-1-1,0.0
C1-MAA000560-3_10_M-1-1,3.4254932
C1-MAA000564-3_10_M-1-1,2.9927287
C1-MAA000638-3_9_M-1-1,0.012912895
C1-MAA000930-3_8_M-1-1,2.101385
C1-MAA000941-3_8_M-1-1,2.6217456
C20-B003277-3_39_F-1-1,0.0
C20-MAA000560-3_10_M-1-1,2.4818156
C20-MAA000944-3_9_M-1-1,0.05529824
C21-MAA000560-3_10_M-1-1,3.811284
C21-MAA000926-3_9_M-1-1,3.1800764
C22-B000404-3_56_F-1-1,3.355466
C22-MAA000560-3_10_M-1-1,2.3526583
C22-MAA000578-3_10_M-1-1,3.0724204
C2-MAA000560-3_10_M-1-1,2.5564537
C2-MAA000641-3_9_M-1-1,0.0
C2-MAA000935-3_8_M-1-1,2.1958048
C2-MAA001894-3_39_F-1-1,2.833573
C3-MAA000560-3_10_M-1-1,3.1869993
C3-MAA000638-3_9_M-1-1,0.0
C3-MAA000930-3_8_M-1-1,3.3552425
C4-MAA000424-3_11_M-1-1,3.08056
C4-MAA000641-3_9_M-1-1,3.7536733
C4-MAA000923-3_9_M-1-1,2.6408124
C4-MAA000926-3_9_M-1-1,2.9959133
C4-MAA000930-3_8_M-1-1,3.4078548
C4-MAA000942-3_8_M-1-1,2.9265616
C4-MAA000944-3_9_M-1-1,2.6372726
C5-B003728-3_56_F-1-1,2.6612525
C5-MAA000560-3_10_M-1-1,2.8498719
C5-MAA000926-3_9_M-1-1,3.2229466
C5-MAA000930-3_8_M-1-1,2.8302147
C5-MAA000942-3_8_M-1-1,2.208952
C5-MAA000944-3_9_M-1-1,2.1163213
C6-MAA000560-3_10_M-1-1,3.381206
C6-MAA000563-3_10_M-1-1,2.712728
C6-MAA000615-3_10_M-1-1,3.8377638
C6-MAA000923-3_9_M-1-1,3.7534144
C6-MAA000926-3_9_M-1-1,2.9234881
C6-MAA000930-3_8_M-1-1,2.1511614
C7-MAA000615-3_10_M-1-1,3.3504395
C7-MAA000930-3_8_M-1-1,2.4721472
C7-MAA000942-3_8_M-1-1,2.3997624
C8-MAA000581-3_10_M-1-1,3.013683
C8-MAA000615-3_10_M-1-1,2.473868
C8-MAA000930-3_8_M-1-1,2.8973336
C8-MAA000944-3_9_M-1-1,3.4435565
C8-MAA001894-3_39_F-1-1,2.7935085
C9-MAA000560-3_10_M-1-1,1.8069321
C9-MAA000615-3_10_M-1-1,3.1008763
C9-MAA000923-3_9_M-1-1,2.7463362
C9-MAA000944-3_9_M-1-1,2.9829342
D10-B003728-3_56_F-1-1,0.16902967
D10-MAA000926-3_9_M-1-1,3.0332928
D10-MAA000942-3_8_M-1-1,2.5355177
D11-MAA000560-3_10_M-1-1,2.802777
D11-MAA000561-3_10_M-1-1,3.1740928
D11-MAA000923-3_9_M-1-1,2.6864924
D11-MAA000926-3_9_M-1-1,2.3669095
D11-MAA000935-3_8_M-1-1,3.520948
D11-MAA000942-3_8_M-1-1,1.7553997
D12-MAA000560-3_10_M-1-1,2.764486
D12-MAA000641-3_9_M-1-1,2.2723775
D12-MAA000941-3_8_M-1-1,2.6445453
D12-MAA000944-3_9_M-1-1,3.2060356
D13-B000404-3_56_F-1-1,3.6579738
D13-B003728-3_56_F-1-1,0.12271781
D13-MAA000553-3_10_M-1-1,2.9601417
D13-MAA000638-3_9_M-1-1,3.8412616
D14-B003728-3_56_F-1-1,0.08697768
D14-MAA000560-3_10_M-1-1,3.2899444
D15-MAA000550-3_10_M-1-1,2.9321694
D15-MAA000560-3_10_M-1-1,3.319992
D15-MAA000925-3_9_M-1-1,2.471333
D15-MAA000944-3_9_M-1-1,3.4151495
D15-MAA000947-3_9_M-1-1,2.2547495
D16-B000621-3_56_F-1-1,3.052479
D16-MAA000926-3_9_M-1-1,2.0717552
D16-MAA000944-3_9_M-1-1,3.3181415
D16-MAA000947-3_9_M-1-1,2.7164388
D17-B000621-3_56_F-1-1,3.3396232
D17-B001688-3_38_F-1-1,3.2788663
D17-MAA000902-3_11_M-1-1,3.2874312
D17-MAA000942-3_8_M-1-1,3.0944386
D18-MAA000923-3_9_M-1-1,2.6372294
D18-MAA000926-3_9_M-1-1,2.7842855
D18-MAA000928-3_9_M-1-1,2.822132
D18-MAA000940-3_8_M-1-1,2.7561743
D18-MAA000944-3_9_M-1-1,3.3352885
D18-MAA001894-3_39_F-1-1,2.1572647
D19-MAA000560-3_10_M-1-1,2.6912909
D19-MAA000564-3_10_M-1-1,2.4603271
D19-MAA000926-3_9_M-1-1,2.3038576
D19-MAA000935-3_8_M-1-1,3.439815
D19-MAA000944-3_9_M-1-1,3.0367553
D1-MAA000560-3_10_M-1-1,1.9065828
D1-MAA000926-3_9_M-1-1,2.231511
D1-MAA000944-3_9_M-1-1,2.389208
D20-B003275-3_38_F-1-1,1.8080995
D20-MAA000563-3_10_M-1-1,3.4398725
D20-MAA000926-3_9_M-1-1,2.7984707
D20-MAA000930-3_8_M-1-1,3.1921825
D20-MAA000944-3_9_M-1-1,2.95009
D21-MAA000560-3_10_M-1-1,2.845922
D21-MAA000930-3_8_M-1-1,2.3944573
D21-MAA000932-3_11_M-1-1,2.8841941
D21-MAA000935-3_8_M-1-1,3.415647
D22-MAA000563-3_10_M-1-1,3.4417198
D22-MAA000578-3_10_M-1-1,3.1932213
D22-MAA000930-3_8_M-1-1,2.7804465
D22-MAA000935-3_8_M-1-1,2.8846922
D22-MAA000941-3_8_M-1-1,3.1101012
D22-MAA000944-3_9_M-1-1,2.6731791
D2-B003728-3_56_F-1-1,2.929
D2-MAA000564-3_10_M-1-1,3.1673388
D2-MAA000926-3_9_M-1-1,2.8262935
D2-MAA000935-3_8_M-1-1,3.527218
D2-MAA000944-3_9_M-1-1,0.017776793
D3-MAA000641-3_9_M-1-1,0.10532441
D3-MAA000926-3_9_M-1-1,0.058116872
D3-MAA000928-3_9_M-1-1,2.9996605
D3-MAA000941-3_8_M-1-1,2.5461845
D3-MAA000944-3_9_M-1-1,0.031184757
D4-B003274-3_38_F-1-1,1.0370796
D4-MAA000550-3_10_M-1-1,3.33959
D4-MAA000615-3_10_M-1-1,2.8735812
D4-MAA000926-3_9_M-1-1,2.6046045
D4-MAA000935-3_8_M-1-1,2.5907967
D4-MAA000944-3_9_M-1-1,3.2095695
D4-MAA001894-3_39_F-1-1,2.841491
D5-B003274-3_38_F-1-1,2.345904
D5-MAA000615-3_10_M-1-1,2.0578468
D5-MAA000926-3_9_M-1-1,0.0
D5-MAA001854-3_38_F-1-1,0.007907236
D6-MAA000926-3_9_M-1-1,3.1555002
D7-MAA000615-3_10_M-1-1,3.0067377
D7-MAA000926-3_9_M-1-1,2.7971487
D7-MAA000944-3_9_M-1-1,2.764994
D8-MAA000560-3_10_M-1-1,3.1951933
D8-MAA000563-3_10_M-1-1,3.1214542
D8-MAA000564-3_10_M-1-1,2.6460218
D8-MAA000615-3_10_M-1-1,2.7685857
D8-MAA000923-3_9_M-1-1,2.8374243
D8-MAA000926-3_9_M-1-1,2.0082643
D8-MAA000928-3_9_M-1-1,0.0
D8-MAA000941-3_8_M-1-1,2.7684925
D9-MAA000560-3_10_M-1-1,2.5453146
D9-MAA000615-3_10_M-1-1,2.0632536
D9-MAA000923-3_9_M-1-1,2.765258
D9-MAA000925-3_9_M-1-1,2.7681863
D9-MAA000935-3_8_M-1-1,3.0001175
E10-B003277-3_39_F-1-1,0.26178116
E10-MAA000581-3_10_M-1-1,3.110661
E10-MAA000925-3_9_M-1-1,2.4256854
E10-MAA000935-3_8_M-1-1,2.399043
E10-MAA000941-3_8_M-1-1,2.6680706
E11-MAA000560-3_10_M-1-1,3.6001527
E11-MAA000926-3_9_M-1-1,2.9414606
E11-MAA000935-3_8_M-1-1,3.1917217
E12-MAA000902-3_11_M-1-1,2.8685083
E12-MAA000926-3_9_M-1-1,2.4420466
E12-MAA000935-3_8_M-1-1,3.003899
E12-MAA000941-3_8_M-1-1,2.7309475
E12-MAA000947-3_9_M-1-1,3.01283
E13-MAA000560-3_10_M-1-1,3.4281836
E13-MAA000578-3_10_M-1-1,2.453489
E13-MAA000935-3_8_M-1-1,3.3254979
E14-MAA000560-3_10_M-1-1,2.9775949
E14-MAA000932-3_11_M-1-1,3.320499
E14-MAA000935-3_8_M-1-1,3.280286
E16-B001688-3_38_F-1-1,3.0580919
E16-MAA000923-3_9_M-1-1,2.6136732
E16-MAA000925-3_9_M-1-1,3.094336
E16-MAA000932-3_11_M-1-1,3.0601125
E16-MAA000944-3_9_M-1-1,2.3898118
E16-MAA000947-3_9_M-1-1,2.827544
E16-MAA001895-3_38_F-1-1,1.4966037
E17-MAA000947-3_9_M-1-1,0.3444444
E18-MAA000560-3_10_M-1-1,3.031373
E18-MAA000926-3_9_M-1-1,1.9742037
E18-MAA000942-3_8_M-1-1,2.7550368
E19-MAA000926-3_9_M-1-1,2.9246085
E19-MAA000941-3_8_M-1-1,3.1581106
E19-MAA000944-3_9_M-1-1,2.6283634
E1-B003274-3_38_F-1-1,0.20334953
E1-MAA000935-3_8_M-1-1,2.9361687
E1-MAA000941-3_8_M-1-1,3.16665
E1-MAA000944-3_9_M-1-1,0.0
E20-B001688-3_38_F-1-1,2.8566585
E20-MAA000560-3_10_M-1-1,3.4191263
E20-MAA000563-3_10_M-1-1,3.3799138
E20-MAA000930-3_8_M-1-1,3.2088962
E20-MAA001895-3_38_F-1-1,1.7661301
E21-MAA000560-3_10_M-1-1,3.2213442
E21-MAA000641-3_9_M-1-1,2.6041672
E21-MAA000923-3_9_M-1-1,3.1621163
E21-MAA000944-3_9_M-1-1,0.062267296
E22-B003275-3_38_F-1-1,2.0676908
E22-MAA000560-3_10_M-1-1,2.4441693
E22-MAA000564-3_10_M-1-1,2.8172805
E22-MAA000581-3_10_M-1-1,2.0858393
E22-MAA000923-3_9_M-1-1,3.2188475
E22-MAA000932-3_11_M-1-1,2.680255
E22-MAA000935-3_8_M-1-1,0.0
E22-MAA000944-3_9_M-1-1,2.5005193
E2-B003277-3_39_F-1-1,0.03978455
E2-B003728-3_56_F-1-1,3.9009519
E2-MAA000926-3_9_M-1-1,2.1422195
E2-MAA000944-3_9_M-1-1,3.099477
E2-MAA001894-3_39_F-1-1,3.0500064
E3-MAA000564-3_10_M-1-1,2.683364
E3-MAA000926-3_9_M-1-1,0.12833744
E3-MAA000930-3_8_M-1-1,2.98591
E3-MAA000944-3_9_M-1-1,1.9996715
E3-MAA001894-3_39_F-1-1,2.5542192
E4-MAA000560-3_10_M-1-1,2.4695592
E4-MAA000563-3_10_M-1-1,3.297834
E4-MAA000615-3_10_M-1-1,3.125458
E4-MAA000926-3_9_M-1-1,2.2999425
E4-MAA000935-3_8_M-1-1,2.5856245
E5-MAA000638-3_9_M-1-1,2.4503217
E5-MAA000641-3_9_M-1-1,2.933577
E5-MAA000902-3_11_M-1-1,3.1065114
E5-MAA000926-3_9_M-1-1,2.8289647
E5-MAA000928-3_9_M-1-1,0.07331383
E5-MAA000930-3_8_M-1-1,2.7430384
E5-MAA000935-3_8_M-1-1,2.4597988
E5-MAA000944-3_9_M-1-1,2.9984672
E6-MAA000550-3_10_M-1-1,2.9535675
E6-MAA000560-3_10_M-1-1,2.5947304
E6-MAA000615-3_10_M-1-1,2.8888018
E6-MAA000935-3_8_M-1-1,2.230694
E6-MAA000944-3_9_M-1-1,2.6568503
E7-MAA000560-3_10_M-1-1,2.862365
E7-MAA000615-3_10_M-1-1,1.5609334
E7-MAA000923-3_9_M-1-1,2.1170948
E7-MAA000926-3_9_M-1-1,2.9169192
E8-B001688-3_38_F-1-1,3.3181186
E8-MAA000926-3_9_M-1-1,2.882066
E8-MAA000944-3_9_M-1-1,1.8161157
E9-MAA000560-3_10_M-1-1,3.002954
E9-MAA000581-3_10_M-1-1,3.3276143
E9-MAA000615-3_10_M-1-1,2.406627
E9-MAA000923-3_9_M-1-1,3.4500525
E9-MAA000935-3_8_M-1-1,3.0973387
E9-MAA000944-3_9_M-1-1,3.0598824
F10-MAA000560-3_10_M-1-1,2.7503383
F10-MAA000923-3_9_M-1-1,3.540638
F11-MAA000538-3_8_M-1-1,1.4855855
F11-MAA000561-3_10_M-1-1,2.8244133
F11-MAA000615-3_10_M-1-1,2.9910986
F11-MAA000638-3_9_M-1-1,2.9322996
F11-MAA000941-3_8_M-1-1,2.8595543
F12-MAA000550-3_10_M-1-1,3.2747147
F12-MAA000560-3_10_M-1-1,2.850723
F12-MAA000930-3_8_M-1-1,2.8219059
F12-MAA000947-3_9_M-1-1,2.4972882
F12-MAA001894-3_39_F-1-1,3.4889822
F13-MAA000560-3_10_M-1-1,3.308516
F13-MAA000923-3_9_M-1-1,3.28327
F13-MAA000925-3_9_M-1-1,2.7599738
F13-MAA000926-3_9_M-1-1,2.8190954
F13-MAA000944-3_9_M-1-1,3.0433686
F14-MAA000560-3_10_M-1-1,3.3260474
F14-MAA000564-3_10_M-1-1,3.267637
F14-MAA000935-3_8_M-1-1,2.8633418
F15-MAA000923-3_9_M-1-1,2.9442246
F15-MAA000944-3_9_M-1-1,3.2494793
F16-B003277-3_39_F-1-1,0.040512033
F16-MAA000560-3_10_M-1-1,2.4666402
F16-MAA000638-3_9_M-1-1,3.5120997
F16-MAA000926-3_9_M-1-1,2.1661506
F16-MAA000935-3_8_M-1-1,2.7548854
F16-MAA000947-3_9_M-1-1,0.20506878
F17-MAA000926-3_9_M-1-1,2.6335323
F17-MAA000941-3_8_M-1-1,2.309972
F18-B003275-3_38_F-1-1,2.2002785
F18-B003277-3_39_F-1-1,0.0
F18-MAA000560-3_10_M-1-1,2.843505
F18-MAA000923-3_9_M-1-1,3.221118
F18-MAA000940-3_8_M-1-1,2.649384
F18-MAA000947-3_9_M-1-1,2.565207
F19-B003277-3_39_F-1-1,0.0
F19-MAA000560-3_10_M-1-1,3.057215
F19-MAA000638-3_9_M-1-1,3.1587462
F19-MAA000902-3_11_M-1-1,2.9914827
F1-MAA000564-3_10_M-1-1,3.0074966
F1-MAA000935-3_8_M-1-1,2.8025641
F1-MAA000947-3_9_M-1-1,2.6999788
F20-MAA000560-3_10_M-1-1,2.4379687
F20-MAA000902-3_11_M-1-1,2.9108608
F20-MAA000947-3_9_M-1-1,2.796564
F21-MAA000560-3_10_M-1-1,2.9504948
F21-MAA000925-3_9_M-1-1,3.136548
F21-MAA000926-3_9_M-1-1,2.7259204
F21-MAA000944-3_9_M-1-1,3.1733265
F22-B003274-3_38_F-1-1,2.611397
F22-MAA000553-3_10_M-1-1,2.6301928
F22-MAA000560-3_10_M-1-1,3.7930894
F22-MAA000563-3_10_M-1-1,2.530546
F22-MAA000641-3_9_M-1-1,2.404408
F22-MAA000935-3_8_M-1-1,2.3016527
F22-MAA001895-3_38_F-1-1,0.86974895
F2-B003728-3_56_F-1-1,4.507719
F2-MAA000564-3_10_M-1-1,2.3968523
F2-MAA000615-3_10_M-1-1,1.8715949
F2-MAA000923-3_9_M-1-1,2.7774327
F2-MAA000924-3_8_M-1-1,0.0
F2-MAA000926-3_9_M-1-1,2.4676008
F2-MAA000941-3_8_M-1-1,0.6365726
F3-B003728-3_56_F-1-1,2.7219176
F3-MAA000925-3_9_M-1-1,2.9976547
F3-MAA000942-3_8_M-1-1,2.824315
F4-MAA000560-3_10_M-1-1,3.3741663
F4-MAA000930-3_8_M-1-1,3.2777815
F4-MAA000935-3_8_M-1-1,2.469628
F4-MAA000941-3_8_M-1-1,3.2976139
F4-MAA000942-3_8_M-1-1,2.5325434
F4-MAA000947-3_9_M-1-1,2.5740662
F5-B003274-3_38_F-1-1,3.1645255
F5-MAA000564-3_10_M-1-1,2.7611716
F5-MAA000641-3_9_M-1-1,3.321388
F5-MAA000924-3_8_M-1-1,0.0
F5-MAA000935-3_8_M-1-1,3.1530094
F5-MAA000947-3_9_M-1-1,3.7357583
F6-MAA000560-3_10_M-1-1,2.9837518
F6-MAA000563-3_10_M-1-1,2.6379757
F6-MAA000926-3_9_M-1-1,3.2928905
F6-MAA000930-3_8_M-1-1,2.5245743
F6-MAA000944-3_9_M-1-1,3.0193534
F6-MAA001894-3_39_F-1-1,3.624153
F7-MAA000560-3_10_M-1-1,2.6728177
F7-MAA000902-3_11_M-1-1,2.512865
F7-MAA000926-3_9_M-1-1,1.9025351
F7-MAA000930-3_8_M-1-1,2.6825974
F7-MAA000935-3_8_M-1-1,3.1937923
F7-MAA000942-3_8_M-1-1,1.1453626
F7-MAA001894-3_39_F-1-1,2.569364
F8-B003728-3_56_F-1-1,2.0282476
F8-MAA000560-3_10_M-1-1,2.853426
F8-MAA000942-3_8_M-1-1,2.7704568
F8-MAA000947-3_9_M-1-1,3.372124
F9-B001688-3_38_F-1-1,2.4318223
F9-B003277-3_39_F-1-1,3.2720282
F9-B003728-3_56_F-1-1,3.5902555
F9-MAA000560-3_10_M-1-1,3.014323
F9-MAA000615-3_10_M-1-1,3.699834
F9-MAA000926-3_9_M-1-1,2.6905072
F9-MAA000935-3_8_M-1-1,2.9999676
F9-MAA000941-3_8_M-1-1,3.1213412
F9-MAA000947-3_9_M-1-1,3.3578413
G10-MAA000615-3_10_M-1-1,3.2980764
G10-MAA000923-3_9_M-1-1,1.904139
G10-MAA000925-3_9_M-1-1,3.5449214
G10-MAA000930-3_8_M-1-1,2.8845172
G10-MAA000947-3_9_M-1-1,2.54424
G11-MAA000578-3_10_M-1-1,3.5018368
G11-MAA000926-3_9_M-1-1,2.7863925
G11-MAA000942-3_8_M-1-1,2.437797
G12-MAA000550-3_10_M-1-1,3.1472476
G12-MAA000926-3_9_M-1-1,2.492107
G12-MAA000941-3_8_M-1-1,3.0925987
G13-MAA000560-3_10_M-1-1,2.7772524
G13-MAA000923-3_9_M-1-1,3.0754182
G13-MAA001894-3_39_F-1-1,2.335062
G14-MAA000560-3_10_M-1-1,2.6453567
G14-MAA000942-3_8_M-1-1,2.9605765
G14-MAA000944-3_9_M-1-1,3.5234094
G15-MAA000560-3_10_M-1-1,1.6812484
G15-MAA000923-3_9_M-1-1,3.5602987
G15-MAA000926-3_9_M-1-1,2.7899363
G15-MAA000944-3_9_M-1-1,3.1645868
G16-MAA000941-3_8_M-1-1,2.6622343
G16-MAA000947-3_9_M-1-1,3.1974013
G17-B000404-3_56_F-1-1,2.9613214
G17-B003275-3_38_F-1-1,1.6598507
G17-MAA000925-3_9_M-1-1,2.6727142
G17-MAA000935-3_8_M-1-1,2.642483
G17-MAA000941-3_8_M-1-1,2.6197345
G18-B003274-3_38_F-1-1,0.0
G18-B003277-3_39_F-1-1,0.038405925
G18-B003728-3_56_F-1-1,0.046174478
G18-MAA000926-3_9_M-1-1,2.5154011
G18-MAA000928-3_9_M-1-1,2.890499
G18-MAA000947-3_9_M-1-1,3.5246484
G19-MAA000560-3_10_M-1-1,3.3643045
G19-MAA000561-3_10_M-1-1,2.1772583
G19-MAA000926-3_9_M-1-1,2.7436023
G19-MAA000944-3_9_M-1-1,3.0360198
G1-B003728-3_56_F-1-1,3.2462094
G1-MAA000560-3_10_M-1-1,2.4997187
G1-MAA000926-3_9_M-1-1,2.879645
G1-MAA000935-3_8_M-1-1,2.8336809
G1-MAA000944-3_9_M-1-1,3.1003385
G20-MAA000564-3_10_M-1-1,2.7449055
G20-MAA000926-3_9_M-1-1,2.739972
G20-MAA000928-3_9_M-1-1,2.9702444
G20-MAA000941-3_8_M-1-1,3.3690073
G20-MAA000944-3_9_M-1-1,2.748586
G21-MAA000563-3_10_M-1-1,3.216384
G21-MAA000578-3_10_M-1-1,0.0
G21-MAA000923-3_9_M-1-1,2.7675285
G21-MAA000926-3_9_M-1-1,2.4516487
G21-MAA000935-3_8_M-1-1,3.4155157
G22-MAA000578-3_10_M-1-1,2.4808702
G22-MAA000923-3_9_M-1-1,3.477672
G2-MAA000560-3_10_M-1-1,2.960054
G2-MAA000564-3_10_M-1-1,2.1693308
G2-MAA000923-3_9_M-1-1,2.9623914
G2-MAA001854-3_38_F-1-1,2.91583
G3-MAA000550-3_10_M-1-1,3.4429054
G3-MAA000615-3_10_M-1-1,2.9088902
G3-MAA000926-3_9_M-1-1,1.7709394
G3-MAA000930-3_8_M-1-1,3.0041838
G3-MAA000942-3_8_M-1-1,2.3685703
G4-MAA000615-3_10_M-1-1,2.8346941
G4-MAA000923-3_9_M-1-1,2.0721161
G4-MAA000926-3_9_M-1-1,1.901705
G4-MAA000935-3_8_M-1-1,1.5550468
G4-MAA000944-3_9_M-1-1,2.5012927
G4-MAA000947-3_9_M-1-1,2.66685
G5-MAA000930-3_8_M-1-1,3.1504445
G5-MAA000944-3_9_M-1-1,2.9705896
G5-MAA000947-3_9_M-1-1,1.7162695
G5-MAA001894-3_39_F-1-1,2.9200788
G6-MAA000550-3_10_M-1-1,2.9755564
G6-MAA000560-3_10_M-1-1,2.9072125
G6-MAA000563-3_10_M-1-1,3.482241
G6-MAA000926-3_9_M-1-1,1.7490661
G6-MAA000930-3_8_M-1-1,3.2021096
G6-MAA000940-3_8_M-1-1,2.2948408
G6-MAA000941-3_8_M-1-1,2.7647243
G6-MAA001894-3_39_F-1-1,3.1493096
G7-B001688-3_38_F-1-1,2.6205225
G7-MAA000560-3_10_M-1-1,3.3616176
G7-MAA000926-3_9_M-1-1,3.296984
G8-MAA000560-3_10_M-1-1,2.6860323
G8-MAA000564-3_10_M-1-1,2.4278176
G8-MAA000615-3_10_M-1-1,3.269853
G8-MAA000942-3_8_M-1-1,2.868545
G8-MAA001854-3_38_F-1-1,4.629626
G9-MAA000550-3_10_M-1-1,2.5331652
G9-MAA000560-3_10_M-1-1,2.9867787
G9-MAA000615-3_10_M-1-1,2.2225454
G9-MAA000926-3_9_M-1-1,2.5606482
H10-MAA000560-3_10_M-1-1,2.2713857
H10-MAA000564-3_10_M-1-1,1.6972685
H10-MAA000578-3_10_M-1-1,3.210158
H10-MAA000615-3_10_M-1-1,2.7376513
H10-MAA000926-3_9_M-1-1,2.5133915
H10-MAA000944-3_9_M-1-1,3.2191985
H10-MAA001894-3_39_F-1-1,3.1609485
H11-MAA000560-3_10_M-1-1,2.2460337
H11-MAA000561-3_10_M-1-1,2.887979
H11-MAA000615-3_10_M-1-1,2.8283215
H11-MAA000944-3_9_M-1-1,3.3953815
H11-MAA000947-3_9_M-1-1,3.2793355
H13-MAA000550-3_10_M-1-1,3.1271493
H13-MAA000553-3_10_M-1-1,2.966654
H13-MAA000564-3_10_M-1-1,2.8326426
H13-MAA000926-3_9_M-1-1,2.7008252
H13-MAA001894-3_39_F-1-1,3.186404
H14-B000404-3_56_F-1-1,3.3397257
H14-MAA000935-3_8_M-1-1,2.9084678
H14-MAA000942-3_8_M-1-1,3.008325
H14-MAA000944-3_9_M-1-1,1.7165548
H14-MAA000947-3_9_M-1-1,3.0190845
H15-B003728-3_56_F-1-1,3.093888
H15-MAA000925-3_9_M-1-1,2.7427673
H15-MAA000932-3_11_M-1-1,2.9639425
H15-MAA000935-3_8_M-1-1,2.5182219
H15-MAA000941-3_8_M-1-1,3.17241
H15-MAA000944-3_9_M-1-1,2.2717855
H16-B001688-3_38_F-1-1,2.5847876
H16-MAA000550-3_10_M-1-1,2.808554
H16-MAA000926-3_9_M-1-1,2.4206624
H17-MAA000942-3_8_M-1-1,2.741667
H17-MAA000947-3_9_M-1-1,2.4999785
H18-MAA000560-3_10_M-1-1,2.424951
H18-MAA000902-3_11_M-1-1,3.0467827
H18-MAA000942-3_8_M-1-1,1.4156379
H18-MAA000944-3_9_M-1-1,2.7876532
H19-B003277-3_39_F-1-1,0.0047568805
H19-MAA000564-3_10_M-1-1,2.9231677
H19-MAA000935-3_8_M-1-1,2.589643
H19-MAA000941-3_8_M-1-1,2.7675257
H19-MAA000944-3_9_M-1-1,2.8318768
H1-MAA000560-3_10_M-1-1,3.067805
H1-MAA000581-3_10_M-1-1,2.6443253
H1-MAA000926-3_9_M-1-1,2.6455278
H1-MAA000944-3_9_M-1-1,1.9043148
H1-MAA001856-3_39_F-1-1,0.74894667
H20-B003277-3_39_F-1-1,0.0
H20-MAA000564-3_10_M-1-1,3.0872107
H20-MAA001894-3_39_F-1-1,3.02044
H21-B000404-3_56_F-1-1,3.942462
H21-B000621-3_56_F-1-1,3.895461
H21-MAA000563-3_10_M-1-1,3.7310493
H21-MAA000930-3_8_M-1-1,3.1419313
H21-MAA000944-3_9_M-1-1,2.999012
H22-B003290-3_38_F-1-1,0.44246367
H22-B003728-3_56_F-1-1,0.020109553
H22-MAA000564-3_10_M-1-1,3.127602
H22-MAA000926-3_9_M-1-1,2.8641107
H2-MAA000560-3_10_M-1-1,3.053387
H2-MAA000564-3_10_M-1-1,1.7984657
H2-MAA000925-3_9_M-1-1,2.7977223
H2-MAA000935-3_8_M-1-1,2.7023973
H2-MAA000944-3_9_M-1-1,0.90397406
H2-MAA000947-3_9_M-1-1,3.1674361
H3-MAA000615-3_10_M-1-1,3.223063
H3-MAA000942-3_8_M-1-1,1.8429992
H3-MAA000944-3_9_M-1-1,2.7400067
H4-MAA000560-3_10_M-1-1,2.2916412
H4-MAA000563-3_10_M-1-1,3.5189753
H4-MAA000581-3_10_M-1-1,2.7345483
H4-MAA000615-3_10_M-1-1,2.7224565
H4-MAA000923-3_9_M-1-1,3.3032656
H4-MAA000925-3_9_M-1-1,2.6107607
H4-MAA000926-3_9_M-1-1,2.7387574
H4-MAA000942-3_8_M-1-1,2.7771528
H4-MAA000944-3_9_M-1-1,2.8882055
H5-MAA000560-3_10_M-1-1,3.0836706
H5-MAA000926-3_9_M-1-1,2.3762388
H5-MAA000942-3_8_M-1-1,3.3127923
H5-MAA000947-3_9_M-1-1,2.4992464
H5-MAA001894-3_39_F-1-1,3.0663562
H6-MAA000424-3_11_M-1-1,3.354299
H6-MAA000560-3_10_M-1-1,2.9821591
H6-MAA000563-3_10_M-1-1,2.603124
H6-MAA000564-3_10_M-1-1,2.9732232
H6-MAA000923-3_9_M-1-1,2.6306264
H6-MAA000926-3_9_M-1-1,2.769368
H6-MAA000944-3_9_M-1-1,2.1985528
H6-MAA001894-3_39_F-1-1,3.0521302
H7-MAA000560-3_10_M-1-1,3.3933623
H7-MAA000926-3_9_M-1-1,2.2564683
H7-MAA000942-3_8_M-1-1,1.3654337
H8-B003277-3_39_F-1-1,3.6707244
H8-MAA000923-3_9_M-1-1,2.6290283
H8-MAA000935-3_8_M-1-1,2.258565
H8-MAA001894-3_39_F-1-1,3.5603025
H9-MAA000615-3_10_M-1-1,3.005271
H9-MAA000925-3_9_M-1-1,3.5009472
H9-MAA000942-3_8_M-1-1,2.4800687
H9-MAA000947-3_9_M-1-1,3.028102
I10-B001688-3_38_F-1-1,3.1415024
I11-B001688-3_38_F-1-1,2.6888993
I11-MAA000902-3_11_M-1-1,2.800481
I11-MAA000926-3_9_M-1-1,2.7389297
I11-MAA000944-3_9_M-1-1,2.8217864
I11-MAA001894-3_39_F-1-1,3.1371095
I12-MAA000923-3_9_M-1-1,2.6799345
I12-MAA000926-3_9_M-1-1,2.4460237
I12-MAA000942-3_8_M-1-1,2.5406678
I12-MAA000947-3_9_M-1-1,2.0957737
I13-MAA000560-3_10_M-1-1,0.0
I13-MAA000902-3_11_M-1-1,3.2566748
I13-MAA000930-3_8_M-1-1,3.545701
I13-MAA000932-3_11_M-1-1,3.3773541
I13-MAA000942-3_8_M-1-1,2.0542402
I13-MAA000944-3_9_M-1-1,3.4209757
I13-MAA001894-3_39_F-1-1,3.4530408
I14-MAA000560-3_10_M-1-1,3.6721594
I14-MAA000942-3_8_M-1-1,2.2949784
I15-B001688-3_38_F-1-1,3.0966792
I15-MAA000560-3_10_M-1-1,2.9727395
I15-MAA000923-3_9_M-1-1,3.410979
I15-MAA000924-3_8_M-1-1,1.1434602
I15-MAA000926-3_9_M-1-1,2.4614947
I15-MAA000928-3_9_M-1-1,2.89676
I15-MAA000935-3_8_M-1-1,2.7728848
I15-MAA001894-3_39_F-1-1,3.013966
I16-B000404-3_56_F-1-1,3.6073122
I16-B001688-3_38_F-1-1,2.5269248
I16-MAA000560-3_10_M-1-1,3.0596056
I16-MAA000564-3_10_M-1-1,2.641568
I16-MAA000935-3_8_M-1-1,3.4195864
I17-MAA000560-3_10_M-1-1,3.1364982
I17-MAA000564-3_10_M-1-1,3.1402614
I17-MAA000926-3_9_M-1-1,2.2090726
I17-MAA000935-3_8_M-1-1,1.51163
I17-MAA000941-3_8_M-1-1,3.0390854
I17-MAA000944-3_9_M-1-1,3.507288
I18-MAA000560-3_10_M-1-1,2.4123223
I18-MAA001894-3_39_F-1-1,2.5668597
I19-MAA000560-3_10_M-1-1,2.474841
I19-MAA000563-3_10_M-1-1,3.1213424
I1-B000404-3_56_F-1-1,3.6618981
I1-MAA000935-3_8_M-1-1,2.4785967
I1-MAA000941-3_8_M-1-1,2.4994755
I1-MAA000944-3_9_M-1-1,2.669373
I1-MAA001854-3_38_F-1-1,0.740636
I20-B003728-3_56_F-1-1,0.16514029
I20-MAA000560-3_10_M-1-1,3.5234232
I20-MAA000641-3_9_M-1-1,2.0012949
I20-MAA000926-3_9_M-1-1,3.4528463
I20-MAA000944-3_9_M-1-1,3.1310773
I21-MAA000932-3_11_M-1-1,3.251187
I21-MAA000935-3_8_M-1-1,3.062872
I21-MAA000944-3_9_M-1-1,3.2984228
I22-B003277-3_39_F-1-1,0.027711257
I22-MAA000560-3_10_M-1-1,3.1522322
I22-MAA000935-3_8_M-1-1,2.007117
I22-MAA000944-3_9_M-1-1,2.6662507
I2-B003277-3_39_F-1-1,2.7650712
I2-MAA000581-3_10_M-1-1,3.1508691
I2-MAA000923-3_9_M-1-1,2.9336853
I2-MAA000926-3_9_M-1-1,2.1858203
I2-MAA000930-3_8_M-1-1,2.8454933
I2-MAA000942-3_8_M-1-1,3.0717652
I3-MAA000923-3_9_M-1-1,3.0238476
I3-MAA000925-3_9_M-1-1,2.1229606
I3-MAA000926-3_9_M-1-1,2.9259136
I3-MAA000941-3_8_M-1-1,2.1235955
I3-MAA000944-3_9_M-1-1,3.0233085
I4-MAA000560-3_10_M-1-1,3.356552
I4-MAA000563-3_10_M-1-1,3.3347442
I4-MAA000638-3_9_M-1-1,2.6339915
I4-MAA000926-3_9_M-1-1,1.8756541
I4-MAA000944-3_9_M-1-1,2.8997142
I5-MAA000560-3_10_M-1-1,2.6674113
I5-MAA000923-3_9_M-1-1,3.0695834
I5-MAA000940-3_8_M-1-1,2.6950576
I5-MAA001894-3_39_F-1-1,3.0603004
I6-MAA000560-3_10_M-1-1,3.4266436
I6-MAA000923-3_9_M-1-1,2.7511222
I6-MAA000935-3_8_M-1-1,2.9138114
I6-MAA001894-3_39_F-1-1,3.1811295
I7-MAA000560-3_10_M-1-1,3.1882634
I7-MAA000564-3_10_M-1-1,2.9770677
I7-MAA000638-3_9_M-1-1,0.0
I7-MAA000935-3_8_M-1-1,1.7981257
I7-MAA000947-3_9_M-1-1,3.5456321
I7-MAA001894-3_39_F-1-1,3.0992758
I8-MAA000560-3_10_M-1-1,2.6682746
I8-MAA000615-3_10_M-1-1,2.7387002
I8-MAA000924-3_8_M-1-1,3.0484588
I8-MAA000942-3_8_M-1-1,2.7263582
I8-MAA000944-3_9_M-1-1,3.0626197
I9-MAA000560-3_10_M-1-1,2.8518102
I9-MAA000563-3_10_M-1-1,3.196044
I9-MAA000564-3_10_M-1-1,2.7746887
I9-MAA000926-3_9_M-1-1,2.6794434
I9-MAA000928-3_9_M-1-1,3.0959377
I9-MAA000947-3_9_M-1-1,2.9451036
I9-MAA001856-3_39_F-1-1,0.027913839
J10-B001688-3_38_F-1-1,3.1821618
J10-MAA000560-3_10_M-1-1,3.205325
J10-MAA000615-3_10_M-1-1,3.39032
J10-MAA000923-3_9_M-1-1,3.256948
J10-MAA000930-3_8_M-1-1,2.7910006
J11-B003277-3_39_F-1-1,0.0
J11-MAA000560-3_10_M-1-1,3.0162532
J11-MAA000923-3_9_M-1-1,2.7193027
J11-MAA000926-3_9_M-1-1,2.7672226
J11-MAA000935-3_8_M-1-1,2.7197912
J11-MAA000942-3_8_M-1-1,3.0062952
J12-MAA000560-3_10_M-1-1,2.5071166
J12-MAA000923-3_9_M-1-1,2.271012
J12-MAA000941-3_8_M-1-1,2.9325054
J12-MAA000944-3_9_M-1-1,2.7747343
J13-B001688-3_38_F-1-1,0.28791353
J13-B003274-3_38_F-1-1,0.0
J13-MAA000560-3_10_M-1-1,3.0865996
J13-MAA000923-3_9_M-1-1,2.7145326
J14-MAA000641-3_9_M-1-1,2.2106938
J14-MAA000925-3_9_M-1-1,3.0241392
J15-MAA000560-3_10_M-1-1,2.9761317
J15-MAA000925-3_9_M-1-1,2.911732
J15-MAA000930-3_8_M-1-1,2.7479897
J15-MAA000947-3_9_M-1-1,2.6992953
J15-MAA001894-3_39_F-1-1,3.3225372
J16-B001688-3_38_F-1-1,3.2157767
J16-MAA000560-3_10_M-1-1,3.3304374
J16-MAA000947-3_9_M-1-1,2.5439608
J17-B003728-3_56_F-1-1,2.3630733
J17-MAA000581-3_10_M-1-1,0.3047673
J17-MAA000925-3_9_M-1-1,3.0884535
J17-MAA000926-3_9_M-1-1,2.7064455
J17-MAA000935-3_8_M-1-1,3.5308397
J17-MAA000941-3_8_M-1-1,2.891098
J17-MAA000942-3_8_M-1-1,2.7503994
J17-MAA001894-3_39_F-1-1,2.2936308
J18-B001688-3_38_F-1-1,3.4713683
J18-MAA000560-3_10_M-1-1,2.2540078
J18-MAA000925-3_9_M-1-1,2.1315567
J18-MAA000926-3_9_M-1-1,2.5659528
J18-MAA000935-3_8_M-1-1,0.0
J18-MAA000942-3_8_M-1-1,2.2470202
J18-MAA000947-3_9_M-1-1,2.1583564
J19-B003277-3_39_F-1-1,0.0
J19-MAA000560-3_10_M-1-1,2.925059
J19-MAA000564-3_10_M-1-1,2.1131234
J19-MAA000902-3_11_M-1-1,2.9879086
J19-MAA000925-3_9_M-1-1,2.0980306
J19-MAA000935-3_8_M-1-1,0.4324076
J19-MAA001894-3_39_F-1-1,3.3022604
J1-MAA000947-3_9_M-1-1,2.8321702
J20-B003728-3_56_F-1-1,0.06846762
J20-MAA000553-3_10_M-1-1,2.5220816
J20-MAA000560-3_10_M-1-1,2.767165
J20-MAA000564-3_10_M-1-1,2.386575
J20-MAA000925-3_9_M-1-1,3.165346
J20-MAA000926-3_9_M-1-1,3.2287738
J20-MAA000935-3_8_M-1-1,1.0501479
J20-MAA000941-3_8_M-1-1,3.6053581
J21-MAA000560-3_10_M-1-1,2.3600204
J21-MAA000925-3_9_M-1-1,2.9086404
J21-MAA000935-3_8_M-1-1,3.1977334
J21-MAA000944-3_9_M-1-1,2.9840412
J22-MAA000564-3_10_M-1-1,2.5349083
J22-MAA000930-3_8_M-1-1,3.535964
J22-MAA001894-3_39_F-1-1,0.0
J2-MAA000560-3_10_M-1-1,2.7785149
J2-MAA000944-3_9_M-1-1,2.6588817
J3-MAA000615-3_10_M-1-1,2.5020428
J4-B003277-3_39_F-1-1,0.1542722
J4-MAA000560-3_10_M-1-1,2.8974612
J4-MAA000615-3_10_M-1-1,2.7261477
J4-MAA000641-3_9_M-1-1,3.1159704
J4-MAA000941-3_8_M-1-1,3.1220114
J5-B003277-3_39_F-1-1,0.0
J5-B003728-3_56_F-1-1,3.3697398
J5-MAA000424-3_11_M-1-1,2.9649873
J5-MAA000560-3_10_M-1-1,2.7995026
J5-MAA000923-3_9_M-1-1,2.997378
J5-MAA000930-3_8_M-1-1,2.6106298
J5-MAA000935-3_8_M-1-1,2.691498
J5-MAA000947-3_9_M-1-1,3.4755998
J5-MAA001894-3_39_F-1-1,1.5770481
J6-MAA000563-3_10_M-1-1,3.0277023
J6-MAA000564-3_10_M-1-1,2.8333745
J6-MAA000615-3_10_M-1-1,2.8656964
J6-MAA000930-3_8_M-1-1,2.781017
J6-MAA000935-3_8_M-1-1,3.1088033
J6-MAA000941-3_8_M-1-1,3.2424924
J6-MAA000944-3_9_M-1-1,3.163921
J7-MAA000538-3_8_M-1-1,0.941264
J7-MAA000615-3_10_M-1-1,3.0590897
J7-MAA000926-3_9_M-1-1,2.66838
J7-MAA000935-3_8_M-1-1,2.6119502
J7-MAA000941-3_8_M-1-1,2.416161
J7-MAA000942-3_8_M-1-1,2.8642268
J7-MAA000944-3_9_M-1-1,3.7209406
J8-MAA000563-3_10_M-1-1,3.1736696
J8-MAA000926-3_9_M-1-1,2.3093014
J8-MAA000930-3_8_M-1-1,2.8728874
J8-MAA000935-3_8_M-1-1,2.0999167
J8-MAA000942-3_8_M-1-1,1.6808205
J9-MAA000560-3_10_M-1-1,3.0398319
J9-MAA000563-3_10_M-1-1,3.4714992
J9-MAA000926-3_9_M-1-1,2.9178758
J9-MAA000935-3_8_M-1-1,2.8970227
J9-MAA000941-3_8_M-1-1,2.6221292
J9-MAA000944-3_9_M-1-1,3.6665866
K10-MAA000564-3_10_M-1-1,2.443462
K10-MAA000615-3_10_M-1-1,2.0163662
K10-MAA000925-3_9_M-1-1,2.6103516
K10-MAA000940-3_8_M-1-1,1.9878888
K10-MAA001894-3_39_F-1-1,2.6460006
K11-MAA000578-3_10_M-1-1,2.6374328
K11-MAA000923-3_9_M-1-1,2.905442
K11-MAA000928-3_9_M-1-1,3.2354722
K11-MAA000941-3_8_M-1-1,2.407106
K11-MAA000942-3_8_M-1-1,2.4077187
K12-MAA000560-3_10_M-1-1,2.8139122
K12-MAA000924-3_8_M-1-1,0.11921981
K12-MAA000942-3_8_M-1-1,3.1344826
K12-MAA000944-3_9_M-1-1,3.4047024
K13-MAA000560-3_10_M-1-1,3.1087222
K13-MAA000638-3_9_M-1-1,0.45425904
K13-MAA000926-3_9_M-1-1,2.5548584
K13-MAA000935-3_8_M-1-1,2.9131408
K13-MAA000944-3_9_M-1-1,3.24143
K13-MAA001894-3_39_F-1-1,3.3943822
K14-MAA000550-3_10_M-1-1,2.410386
K14-MAA000564-3_10_M-1-1,2.997591
K14-MAA000926-3_9_M-1-1,2.9588215
K14-MAA000930-3_8_M-1-1,3.104301
K14-MAA001894-3_39_F-1-1,3.5770614
K15-B003728-3_56_F-1-1,2.958496
K15-MAA000564-3_10_M-1-1,2.5219347
K15-MAA000638-3_9_M-1-1,2.6356742
K15-MAA000902-3_11_M-1-1,3.8820443
K15-MAA000923-3_9_M-1-1,2.7946055
K15-MAA000926-3_9_M-1-1,2.122651
K15-MAA000928-3_9_M-1-1,3.593533
K15-MAA000935-3_8_M-1-1,2.8536494
K16-B003728-3_56_F-1-1,3.461785
K16-MAA000560-3_10_M-1-1,3.1215415
K16-MAA000564-3_10_M-1-1,2.952011
K16-MAA000923-3_9_M-1-1,2.8431456
K16-MAA000926-3_9_M-1-1,3.2148838
K17-B003728-3_56_F-1-1,2.948834
K17-MAA000560-3_10_M-1-1,2.816664
K17-MAA000578-3_10_M-1-1,3.1466177
K17-MAA000940-3_8_M-1-1,2.4478617
K17-MAA000942-3_8_M-1-1,2.3845294
K18-MAA000560-3_10_M-1-1,2.6250482
K19-MAA000564-3_10_M-1-1,3.2611814
K19-MAA000925-3_9_M-1-1,2.4531386
K19-MAA000926-3_9_M-1-1,1.341312
K19-MAA000944-3_9_M-1-1,3.205759
K19-MAA001894-3_39_F-1-1,3.0174215
K1-MAA000538-3_8_M-1-1,1.628746
K1-MAA000923-3_9_M-1-1,3.3159118
K1-MAA000926-3_9_M-1-1,1.8185079
K1-MAA000930-3_8_M-1-1,2.327911
K1-MAA000941-3_8_M-1-1,3.0843644
K1-MAA000944-3_9_M-1-1,3.0256417
K1-MAA001854-3_38_F-1-1,2.2882671
K20-MAA000926-3_9_M-1-1,3.0511184
K20-MAA000930-3_8_M-1-1,2.5744145
K20-MAA000941-3_8_M-1-1,2.8514142
K21-B003277-3_39_F-1-1,0.0014392503
K21-MAA000560-3_10_M-1-1,3.0933266
K21-MAA000923-3_9_M-1-1,2.9749918
K21-MAA000926-3_9_M-1-1,3.2393913
K21-MAA000944-3_9_M-1-1,2.360991
K2-B003274-3_38_F-1-1,3.0283039
K2-MAA000560-3_10_M-1-1,2.9861574
K2-MAA000564-3_10_M-1-1,1.8753959
K2-MAA000926-3_9_M-1-1,3.0172787
K2-MAA000944-3_9_M-1-1,3.0793424
K3-MAA000538-3_8_M-1-1,2.812547
K3-MAA000560-3_10_M-1-1,0.0
K3-MAA000940-3_8_M-1-1,2.493903
K4-MAA000560-3_10_M-1-1,3.3059566
K4-MAA000615-3_10_M-1-1,3.328155
K4-MAA000923-3_9_M-1-1,2.8787122
K4-MAA000925-3_9_M-1-1,2.580834
K4-MAA000926-3_9_M-1-1,2.9624624
K4-MAA000942-3_8_M-1-1,2.2924657
K5-MAA000560-3_10_M-1-1,1.7905581
K5-MAA000930-3_8_M-1-1,2.9989793
K6-MAA000926-3_9_M-1-1,2.9726543
K6-MAA000935-3_8_M-1-1,3.0140307
K6-MAA000942-3_8_M-1-1,3.4245694
K6-MAA000944-3_9_M-1-1,3.709497
K7-MAA000560-3_10_M-1-1,2.5503743
K7-MAA000615-3_10_M-1-1,2.2723627
K7-MAA000944-3_9_M-1-1,3.2877543
K8-MAA000564-3_10_M-1-1,2.7814536
K8-MAA000615-3_10_M-1-1,3.2307055
K8-MAA000638-3_9_M-1-1,0.0
K8-MAA000926-3_9_M-1-1,2.0083802
K8-MAA000935-3_8_M-1-1,2.2588954
K8-MAA000941-3_8_M-1-1,2.6033442
K8-MAA000944-3_9_M-1-1,3.8593678
K9-B003277-3_39_F-1-1,3.9826338
K9-MAA000564-3_10_M-1-1,3.463642
K9-MAA000615-3_10_M-1-1,2.6365714
K9-MAA000923-3_9_M-1-1,2.8606334
K9-MAA000926-3_9_M-1-1,2.8806803
K9-MAA000941-3_8_M-1-1,3.2811282
K9-MAA000942-3_8_M-1-1,2.2225122
K9-MAA001894-3_39_F-1-1,2.9928796
L10-MAA000560-3_10_M-1-1,3.1071262
L10-MAA000615-3_10_M-1-1,3.4865634
L10-MAA000923-3_9_M-1-1,2.8526182
L10-MAA000926-3_9_M-1-1,3.186965
L10-MAA000935-3_8_M-1-1,3.0514808
L10-MAA000940-3_8_M-1-1,2.0661836
L11-MAA000935-3_8_M-1-1,2.725251
L11-MAA000940-3_8_M-1-1,2.8216
L11-MAA000942-3_8_M-1-1,2.4856262
L11-MAA000944-3_9_M-1-1,2.7603242
L12-MAA000560-3_10_M-1-1,3.0191727
L12-MAA000563-3_10_M-1-1,2.7263863
L12-MAA000578-3_10_M-1-1,2.500318
L12-MAA000942-3_8_M-1-1,1.972166
L12-MAA000944-3_9_M-1-1,2.6014986
L13-MAA000560-3_10_M-1-1,3.3074942
L13-MAA000564-3_10_M-1-1,3.6246014
L13-MAA000923-3_9_M-1-1,1.9686632
L13-MAA000942-3_8_M-1-1,2.8518345
L13-MAA000947-3_9_M-1-1,2.7812762
L14-B003274-3_38_F-1-1,2.3856583
L14-MAA000926-3_9_M-1-1,3.0880125
L14-MAA000928-3_9_M-1-1,1.5201094
L14-MAA000930-3_8_M-1-1,3.1206784
L14-MAA000935-3_8_M-1-1,2.9291573
L15-B001688-3_38_F-1-1,3.7310274
L15-B003277-3_39_F-1-1,0.012712515
L15-MAA000641-3_9_M-1-1,0.0
L15-MAA000930-3_8_M-1-1,2.9122114
L15-MAA000942-3_8_M-1-1,2.5062976
L15-MAA000947-3_9_M-1-1,2.7085738
L16-MAA000560-3_10_M-1-1,3.0237923
L16-MAA000564-3_10_M-1-1,3.6048024
L16-MAA000638-3_9_M-1-1,1.4056019
L16-MAA000641-3_9_M-1-1,2.0610683
L16-MAA000942-3_8_M-1-1,2.3945808
L17-MAA000560-3_10_M-1-1,2.7510977
L17-MAA000941-3_8_M-1-1,3.2193005
L18-B003277-3_39_F-1-1,0.0
L18-MAA000564-3_10_M-1-1,3.3153958
L18-MAA000928-3_9_M-1-1,0.0
L18-MAA000942-3_8_M-1-1,2.478395
L19-MAA000560-3_10_M-1-1,2.74467
L19-MAA000638-3_9_M-1-1,0.48692107
L19-MAA000926-3_9_M-1-1,1.9613136
L1-B003728-3_56_F-1-1,3.524372
L20-B000621-3_56_F-1-1,2.8958786
L20-MAA000560-3_10_M-1-1,3.223276
L20-MAA000641-3_9_M-1-1,2.680218
L20-MAA000902-3_11_M-1-1,2.6994786
L20-MAA000947-3_9_M-1-1,2.4780884
L20-MAA001894-3_39_F-1-1,2.6090338
L21-B000621-3_56_F-1-1,3.2944689
L21-MAA000553-3_10_M-1-1,3.1200278
L21-MAA000925-3_9_M-1-1,2.949881
L21-MAA000930-3_8_M-1-1,2.4319077
L21-MAA000932-3_11_M-1-1,2.2352452
L22-MAA000638-3_9_M-1-1,0.027726106
L22-MAA000926-3_9_M-1-1,2.2032208
L22-MAA001894-3_39_F-1-1,2.768769
L2-B003277-3_39_F-1-1,0.0
L2-MAA000560-3_10_M-1-1,2.4018905
L2-MAA000926-3_9_M-1-1,2.6317866
L2-MAA000942-3_8_M-1-1,2.101497
L2-MAA000944-3_9_M-1-1,0.01872351
L2-MAA000947-3_9_M-1-1,2.8393044
L3-MAA000564-3_10_M-1-1,3.7265832
L3-MAA000944-3_9_M-1-1,0.49698913
L4-B003274-3_38_F-1-1,0.0
L4-MAA000563-3_10_M-1-1,3.2037969
L4-MAA000564-3_10_M-1-1,3.1096678
L4-MAA000926-3_9_M-1-1,2.9652064
L5-MAA000560-3_10_M-1-1,2.9772913
L5-MAA000902-3_11_M-1-1,3.1846068
L5-MAA000935-3_8_M-1-1,2.4529145
L5-MAA000941-3_8_M-1-1,3.0277214
L5-MAA001894-3_39_F-1-1,2.7946312
L6-B003277-3_39_F-1-1,0.022307565
L6-MAA000560-3_10_M-1-1,3.7017245
L6-MAA000578-3_10_M-1-1,2.7156296
L6-MAA000615-3_10_M-1-1,3.0159185
L6-MAA000641-3_9_M-1-1,0.0
L6-MAA000926-3_9_M-1-1,2.9280567
L6-MAA000942-3_8_M-1-1,2.6078458
L6-MAA000944-3_9_M-1-1,3.2476335
L6-MAA001894-3_39_F-1-1,2.9621127
L7-MAA000538-3_8_M-1-1,0.70438284
L7-MAA000560-3_10_M-1-1,2.9918396
L7-MAA000935-3_8_M-1-1,2.617208
L7-MAA000941-3_8_M-1-1,2.9391985
L8-MAA000564-3_10_M-1-1,3.304937
L8-MAA000615-3_10_M-1-1,2.686546
L8-MAA000926-3_9_M-1-1,2.0194435
L8-MAA000930-3_8_M-1-1,2.7926514
L8-MAA000944-3_9_M-1-1,2.8296268
L8-MAA000947-3_9_M-1-1,2.6668975
L9-MAA000560-3_10_M-1-1,2.6082823
L9-MAA000941-3_8_M-1-1,3.1901731
M10-MAA000560-3_10_M-1-1,2.8885446
M10-MAA000581-3_10_M-1-1,2.3289533
M10-MAA000923-3_9_M-1-1,3.3359904
M10-MAA000926-3_9_M-1-1,2.9784718
M10-MAA000941-3_8_M-1-1,3.5850265
M10-MAA000947-3_9_M-1-1,3.5781524
M11-B003277-3_39_F-1-1,3.0303788
M11-MAA000560-3_10_M-1-1,3.3983324
M11-MAA000925-3_9_M-1-1,2.8213305
M11-MAA000926-3_9_M-1-1,2.241085
M11-MAA000935-3_8_M-1-1,3.2411354
M11-MAA000941-3_8_M-1-1,2.7631295
M11-MAA000947-3_9_M-1-1,3.0095148
M12-B003277-3_39_F-1-1,0.0
M12-MAA000560-3_10_M-1-1,3.0102606
M12-MAA000935-3_8_M-1-1,3.2989361
M12-MAA000940-3_8_M-1-1,2.4039757
M12-MAA000942-3_8_M-1-1,2.4542246
M12-MAA001894-3_39_F-1-1,2.688752
M13-MAA000550-3_10_M-1-1,2.9530215
M13-MAA000641-3_9_M-1-1,1.925368
M13-MAA000942-3_8_M-1-1,2.45554
M14-MAA000564-3_10_M-1-1,3.4720044
M14-MAA000902-3_11_M-1-1,3.0097013
M14-MAA000926-3_9_M-1-1,2.1391037
M14-MAA000930-3_8_M-1-1,2.9288287
M15-B003728-3_56_F-1-1,4.780829
M15-MAA000902-3_11_M-1-1,1.1092322
M15-MAA000940-3_8_M-1-1,2.6915295
M15-MAA000941-3_8_M-1-1,2.8623703
M15-MAA000942-3_8_M-1-1,2.5066206
M16-B003728-3_56_F-1-1,0.7928189
M16-MAA000560-3_10_M-1-1,2.5207663
M16-MAA000942-3_8_M-1-1,2.8398452
M16-MAA001894-3_39_F-1-1,3.0359724
M17-MAA000560-3_10_M-1-1,3.2003748
M17-MAA000940-3_8_M-1-1,2.6141841
M17-MAA000942-3_8_M-1-1,2.2157307
M18-B003277-3_39_F-1-1,0.0
M18-B003728-3_56_F-1-1,1.4331672
M18-MAA000564-3_10_M-1-1,2.55146
M18-MAA000923-3_9_M-1-1,2.989993
M18-MAA000925-3_9_M-1-1,2.4781723
M19-B001688-3_38_F-1-1,2.4478452
M19-MAA000578-3_10_M-1-1,2.6658936
M19-MAA000925-3_9_M-1-1,2.476863
M19-MAA000947-3_9_M-1-1,3.3009574
M19-MAA001894-3_39_F-1-1,2.9932234
M1-B003728-3_56_F-1-1,2.7444243
M1-MAA000560-3_10_M-1-1,3.313554
M1-MAA000578-3_10_M-1-1,3.2164981
M1-MAA000930-3_8_M-1-1,2.7335625
M20-MAA000553-3_10_M-1-1,2.6108322
M20-MAA000564-3_10_M-1-1,3.2771175
M20-MAA000925-3_9_M-1-1,2.5201848
M20-MAA000926-3_9_M-1-1,3.3308039
M20-MAA000930-3_8_M-1-1,2.6382582
M20-MAA000940-3_8_M-1-1,2.3943012
M20-MAA000947-3_9_M-1-1,2.4869256
M21-B000404-3_56_F-1-1,0.0
M21-B000621-3_56_F-1-1,3.0745587
M21-B003728-3_56_F-1-1,1.9515804
M21-MAA000550-3_10_M-1-1,1.5127344
M21-MAA000553-3_10_M-1-1,2.5889642
M21-MAA000560-3_10_M-1-1,2.8560781
M21-MAA000564-3_10_M-1-1,3.2706182
M21-MAA000925-3_9_M-1-1,3.611731
M22-B003728-3_56_F-1-1,0.0
M22-MAA000560-3_10_M-1-1,2.0863626
M2-MAA000560-3_10_M-1-1,2.9995692
M2-MAA000902-3_11_M-1-1,2.770085
M2-MAA000930-3_8_M-1-1,2.7462616
M2-MAA000941-3_8_M-1-1,1.0259147
M2-MAA000942-3_8_M-1-1,2.320026
M3-MAA000560-3_10_M-1-1,3.2014925
M3-MAA000581-3_10_M-1-1,2.6694381
M3-MAA000641-3_9_M-1-1,0.13771112
M3-MAA000923-3_9_M-1-1,3.6235464
M3-MAA001894-3_39_F-1-1,2.1415825
M4-MAA000560-3_10_M-1-1,2.397032
M4-MAA000581-3_10_M-1-1,2.796798
M4-MAA000615-3_10_M-1-1,2.7979734
M4-MAA000941-3_8_M-1-1,2.9505715
M4-MAA001894-3_39_F-1-1,2.51439
M5-MAA000641-3_9_M-1-1,1.081738
M6-B003274-3_38_F-1-1,3.0745912
M6-MAA000560-3_10_M-1-1,0.15232615
M6-MAA000563-3_10_M-1-1,0.027943483
M6-MAA000564-3_10_M-1-1,2.9567094
M6-MAA000615-3_10_M-1-1,2.5569608
M7-MAA000563-3_10_M-1-1,2.1448495
M7-MAA000615-3_10_M-1-1,1.8744125
M7-MAA000926-3_9_M-1-1,2.141613
M7-MAA000928-3_9_M-1-1,2.9408212
M7-MAA000947-3_9_M-1-1,2.7408216
M8-MAA000560-3_10_M-1-1,2.85029
M8-MAA000615-3_10_M-1-1,2.796288
M8-MAA000923-3_9_M-1-1,3.0817661
M9-MAA000560-3_10_M-1-1,2.9573126
M9-MAA000902-3_11_M-1-1,2.700784
M9-MAA000926-3_9_M-1-1,2.3203652
M9-MAA000935-3_8_M-1-1,2.8515453
M9-MAA000941-3_8_M-1-1,2.714921
M9-MAA000942-3_8_M-1-1,2.8980725
N10-MAA000560-3_10_M-1-1,3.7765138
N10-MAA000926-3_9_M-1-1,2.247282
N11-B000404-3_56_F-1-1,3.163198
N11-MAA000550-3_10_M-1-1,2.4976063
N11-MAA000930-3_8_M-1-1,2.2796078
N11-MAA000947-3_9_M-1-1,2.666112
N11-MAA001856-3_39_F-1-1,2.7654543
N12-B001688-3_38_F-1-1,0.036804598
N12-MAA000564-3_10_M-1-1,3.2468293
N12-MAA000932-3_11_M-1-1,2.9437618
N12-MAA000942-3_8_M-1-1,2.8644812
N13-MAA000564-3_10_M-1-1,2.7791362
N13-MAA000935-3_8_M-1-1,2.8700948
N13-MAA000942-3_8_M-1-1,2.1876655
N14-MAA000560-3_10_M-1-1,2.2962124
N14-MAA000925-3_9_M-1-1,3.086389
N14-MAA000930-3_8_M-1-1,2.727214
N14-MAA000942-3_8_M-1-1,2.6221473
N15-B003728-3_56_F-1-1,0.27057892
N15-MAA000578-3_10_M-1-1,2.7923353
N15-MAA000926-3_9_M-1-1,3.135578
N15-MAA000928-3_9_M-1-1,3.3154714
N15-MAA000940-3_8_M-1-1,2.3273225
N15-MAA000942-3_8_M-1-1,3.1890163
N15-MAA000947-3_9_M-1-1,3.2391973
N16-MAA000564-3_10_M-1-1,3.260482
N16-MAA000641-3_9_M-1-1,2.420319
N16-MAA000923-3_9_M-1-1,2.8337965
N16-MAA000925-3_9_M-1-1,2.204599
N17-B003277-3_39_F-1-1,0.0
N17-MAA001894-3_39_F-1-1,2.8992467
N18-B003277-3_39_F-1-1,2.2181857
N18-MAA000561-3_10_M-1-1,1.0258722
N18-MAA000923-3_9_M-1-1,2.585658
N18-MAA000926-3_9_M-1-1,2.190171
N18-MAA000942-3_8_M-1-1,2.532542
N18-MAA000944-3_9_M-1-1,2.9485064
N19-B003728-3_56_F-1-1,0.54294634
N19-MAA000563-3_10_M-1-1,2.3006852
N19-MAA000638-3_9_M-1-1,2.9304492
N19-MAA000923-3_9_M-1-1,2.8595116
N19-MAA000944-3_9_M-1-1,3.198625
N19-MAA001854-3_38_F-1-1,1.9840425
N19-MAA001894-3_39_F-1-1,2.5963774
N1-MAA000560-3_10_M-1-1,2.9998991
N1-MAA000581-3_10_M-1-1,2.6474166
N1-MAA000641-3_9_M-1-1,0.13779
N1-MAA000926-3_9_M-1-1,2.7390485
N1-MAA000930-3_8_M-1-1,3.0750418
N1-MAA000942-3_8_M-1-1,3.223899
N20-MAA000578-3_10_M-1-1,2.9672856
N20-MAA000935-3_8_M-1-1,2.7504146
N20-MAA000940-3_8_M-1-1,1.9796892
N20-MAA000947-3_9_M-1-1,2.84749
N21-MAA000560-3_10_M-1-1,3.0150406
N21-MAA000641-3_9_M-1-1,2.3378484
N21-MAA000923-3_9_M-1-1,3.4003444
N21-MAA000926-3_9_M-1-1,1.8449382
N21-MAA000930-3_8_M-1-1,3.3922706
N21-MAA000941-3_8_M-1-1,3.4418938
N21-MAA000947-3_9_M-1-1,2.4368455
N22-MAA000560-3_10_M-1-1,2.9964366
N22-MAA000564-3_10_M-1-1,3.0373714
N22-MAA000947-3_9_M-1-1,3.492741
N22-MAA001856-3_39_F-1-1,2.8628056
N2-B003728-3_56_F-1-1,3.6807523
N2-MAA000641-3_9_M-1-1,0.0
N2-MAA000923-3_9_M-1-1,2.546422
N2-MAA001894-3_39_F-1-1,3.1300914
N3-MAA000560-3_10_M-1-1,3.6600945
N3-MAA000563-3_10_M-1-1,2.5206683
N3-MAA000923-3_9_M-1-1,3.2762218
N3-MAA000932-3_11_M-1-1,0.038035784
N3-MAA000935-3_8_M-1-1,2.9323263
N3-MAA000941-3_8_M-1-1,2.5963893
N3-MAA000942-3_8_M-1-1,2.31557
N4-MAA000560-3_10_M-1-1,3.137121
N4-MAA000902-3_11_M-1-1,2.3154461
N4-MAA000928-3_9_M-1-1,0.0
N4-MAA000941-3_8_M-1-1,2.0848734
N4-MAA000942-3_8_M-1-1,2.0465612
N4-MAA000947-3_9_M-1-1,2.5025623
N4-MAA001894-3_39_F-1-1,2.8345315
N5-B003728-3_56_F-1-1,3.2852104
N5-MAA000563-3_10_M-1-1,0.098856345
N5-MAA000641-3_9_M-1-1,2.9134243
N5-MAA000930-3_8_M-1-1,3.2728179
N5-MAA000935-3_8_M-1-1,3.2254055
N5-MAA001854-3_38_F-1-1,0.0865646
N6-MAA000560-3_10_M-1-1,2.8503888
N6-MAA000926-3_9_M-1-1,3.2318244
N6-MAA000947-3_9_M-1-1,2.6766531
N6-MAA001894-3_39_F-1-1,2.9112725
N7-MAA000560-3_10_M-1-1,2.8706086
N7-MAA000563-3_10_M-1-1,3.0158179
N7-MAA000615-3_10_M-1-1,2.4509792
N7-MAA000926-3_9_M-1-1,2.2504895
N7-MAA000941-3_8_M-1-1,2.6067328
N7-MAA001894-3_39_F-1-1,3.094077
N8-MAA000560-3_10_M-1-1,2.8623679
N8-MAA000564-3_10_M-1-1,3.1739843
N9-MAA000560-3_10_M-1-1,3.4599168
N9-MAA000615-3_10_M-1-1,2.3365073
N9-MAA000641-3_9_M-1-1,0.0
N9-MAA000932-3_11_M-1-1,0.0
N9-MAA000935-3_8_M-1-1,2.3111913
N9-MAA000942-3_8_M-1-1,2.8528128
O10-MAA000424-3_11_M-1-1,2.3247728
O10-MAA000560-3_10_M-1-1,2.855421
O10-MAA000930-3_8_M-1-1,2.5623345
O11-MAA000550-3_10_M-1-1,2.9644544
O11-MAA000560-3_10_M-1-1,3.29701
O11-MAA000930-3_8_M-1-1,2.0877464
O11-MAA000940-3_8_M-1-1,2.1560793
O12-B000621-3_56_F-1-1,2.6610303
O12-B003274-3_38_F-1-1,1.816312
O12-MAA000560-3_10_M-1-1,2.7406406
O12-MAA000564-3_10_M-1-1,3.046527
O12-MAA001894-3_39_F-1-1,2.3969936
O14-MAA000538-3_8_M-1-1,2.1195006
O14-MAA000560-3_10_M-1-1,2.9312944
O14-MAA000926-3_9_M-1-1,0.17449826
O14-MAA000947-3_9_M-1-1,2.467832
O15-B001688-3_38_F-1-1,1.9991091
O15-MAA000923-3_9_M-1-1,3.1180189
O15-MAA000941-3_8_M-1-1,2.9569886
O15-MAA000947-3_9_M-1-1,3.025721
O16-MAA000942-3_8_M-1-1,2.7719834
O17-B003274-3_38_F-1-1,1.2225341
O17-MAA000561-3_10_M-1-1,2.9835453
O17-MAA000935-3_8_M-1-1,2.5459025
O18-MAA000560-3_10_M-1-1,3.7560458
O18-MAA000940-3_8_M-1-1,2.0766728
O18-MAA000941-3_8_M-1-1,3.2795415
O18-MAA001894-3_39_F-1-1,2.1372068
O19-MAA000538-3_8_M-1-1,0.03904497
O19-MAA000925-3_9_M-1-1,2.516221
O19-MAA000930-3_8_M-1-1,2.6052334
O1-MAA000563-3_10_M-1-1,3.6451724
O1-MAA000564-3_10_M-1-1,2.7451491
O1-MAA001894-3_39_F-1-1,2.1580682
O20-MAA000560-3_10_M-1-1,2.6969903
O20-MAA000923-3_9_M-1-1,3.4494138
O20-MAA000941-3_8_M-1-1,3.1400476
O21-MAA000560-3_10_M-1-1,2.8884814
O21-MAA000923-3_9_M-1-1,3.185166
O22-B003277-3_39_F-1-1,0.0
O22-MAA000563-3_10_M-1-1,2.6987824
O22-MAA000578-3_10_M-1-1,2.412771
O2-MAA000560-3_10_M-1-1,3.0467558
O2-MAA001894-3_39_F-1-1,2.456966
O3-MAA000550-3_10_M-1-1,3.5183103
O3-MAA000563-3_10_M-1-1,2.9973743
O3-MAA000935-3_8_M-1-1,2.5718083
O3-MAA000941-3_8_M-1-1,3.1584291
O3-MAA000947-3_9_M-1-1,2.9927013
O4-MAA000560-3_10_M-1-1,2.7338963
O4-MAA000564-3_10_M-1-1,2.6195762
O4-MAA000926-3_9_M-1-1,2.3518164
O4-MAA000941-3_8_M-1-1,3.1198394
O4-MAA001894-3_39_F-1-1,2.399732
O5-B001688-3_38_F-1-1,2.3602972
O5-MAA000930-3_8_M-1-1,2.7133796
O6-B003277-3_39_F-1-1,0.0
O6-MAA000560-3_10_M-1-1,0.53667593
O6-MAA000578-3_10_M-1-1,3.1103833
O6-MAA000615-3_10_M-1-1,1.3285844
O6-MAA000926-3_9_M-1-1,2.9200153
O7-MAA000560-3_10_M-1-1,3.068926
O7-MAA000563-3_10_M-1-1,3.1041274
O7-MAA000641-3_9_M-1-1,4.346451
O7-MAA000902-3_11_M-1-1,3.5982475
O7-MAA000923-3_9_M-1-1,2.914378
O8-MAA000560-3_10_M-1-1,2.9074035
O8-MAA000581-3_10_M-1-1,2.5878484
O8-MAA000641-3_9_M-1-1,1.6602404
O8-MAA000925-3_9_M-1-1,3.2366571
O8-MAA000926-3_9_M-1-1,2.7721112
O8-MAA000930-3_8_M-1-1,2.2376091
O8-MAA001894-3_39_F-1-1,3.038743
O9-B001688-3_38_F-1-1,2.6415892
O9-B003728-3_56_F-1-1,2.4542952
O9-MAA000564-3_10_M-1-1,2.532072
O9-MAA000940-3_8_M-1-1,2.043935
O9-MAA000942-3_8_M-1-1,2.1757247
P10-MAA000930-3_8_M-1-1,2.6812015
P10-MAA001854-3_38_F-1-1,0.2746295
P10-MAA001894-3_39_F-1-1,2.5590792
P11-B001688-3_38_F-1-1,1.2296525
P11-MAA000560-3_10_M-1-1,2.9064162
P11-MAA000923-3_9_M-1-1,3.0326018
P11-MAA000942-3_8_M-1-1,2.6555681
P11-MAA000947-3_9_M-1-1,2.7090044
P12-MAA000564-3_10_M-1-1,3.061902
P12-MAA000925-3_9_M-1-1,2.0328345
P12-MAA000941-3_8_M-1-1,2.105351
P13-MAA000926-3_9_M-1-1,2.378451
P13-MAA000930-3_8_M-1-1,3.1120806
P13-MAA000932-3_11_M-1-1,1.8656716
P13-MAA000940-3_8_M-1-1,1.6305184
P13-MAA000942-3_8_M-1-1,2.074775
P13-MAA000947-3_9_M-1-1,2.7086666
P14-B003728-3_56_F-1-1,2.939324
P14-MAA000578-3_10_M-1-1,2.2286823
P14-MAA000581-3_10_M-1-1,0.0
P14-MAA000926-3_9_M-1-1,1.7601041
P14-MAA000928-3_9_M-1-1,2.7238019
P14-MAA000935-3_8_M-1-1,2.5788124
P14-MAA000942-3_8_M-1-1,2.4497137
P14-MAA001894-3_39_F-1-1,2.2179832
P15-MAA000560-3_10_M-1-1,2.3662517
P15-MAA000925-3_9_M-1-1,2.5648844
P15-MAA001894-3_39_F-1-1,2.0816784
P16-MAA000564-3_10_M-1-1,2.640991
P16-MAA000926-3_9_M-1-1,1.0333239
P17-MAA000902-3_11_M-1-1,3.0646448
P17-MAA000926-3_9_M-1-1,2.1633923
P17-MAA000942-3_8_M-1-1,2.7755806
P18-B001688-3_38_F-1-1,2.3959658
P18-MAA000550-3_10_M-1-1,3.1636186
P18-MAA000560-3_10_M-1-1,3.0414891
P18-MAA000641-3_9_M-1-1,0.20888577
P18-MAA000923-3_9_M-1-1,2.9061852
P18-MAA000925-3_9_M-1-1,3.3227239
P18-MAA000926-3_9_M-1-1,1.6070354
P18-MAA000930-3_8_M-1-1,2.2401953
P18-MAA000941-3_8_M-1-1,3.0868487
P19-MAA000928-3_9_M-1-1,2.3992243
P1-B003277-3_39_F-1-1,2.913266
P1-B003728-3_56_F-1-1,2.752389
P1-MAA000930-3_8_M-1-1,2.8497899
P1-MAA000940-3_8_M-1-1,0.9723197
P20-B003728-3_56_F-1-1,4.9611564
P20-MAA000564-3_10_M-1-1,3.1650374
P20-MAA000940-3_8_M-1-1,3.3306112
P21-MAA000560-3_10_M-1-1,3.3325725
P21-MAA000935-3_8_M-1-1,3.2787492
P21-MAA000947-3_9_M-1-1,3.0496042
P21-MAA001854-3_38_F-1-1,1.2620535
P22-MAA000560-3_10_M-1-1,2.7917187
P22-MAA000641-3_9_M-1-1,2.5770965
P22-MAA000941-3_8_M-1-1,2.2964811
P2-MAA000560-3_10_M-1-1,2.9140215
P2-MAA000641-3_9_M-1-1,0.2563812
P2-MAA000926-3_9_M-1-1,2.8038304
P2-MAA000930-3_8_M-1-1,3.125515
P2-MAA000942-3_8_M-1-1,1.9304796
P2-MAA001894-3_39_F-1-1,1.7500956
P3-MAA000560-3_10_M-1-1,3.092287
P3-MAA000941-3_8_M-1-1,1.8388739
P3-MAA001894-3_39_F-1-1,2.3143528
P4-MAA000641-3_9_M-1-1,0.0
P4-MAA000935-3_8_M-1-1,2.87723
P4-MAA000940-3_8_M-1-1,1.9585822
P5-MAA000641-3_9_M-1-1,0.0
P5-MAA000935-3_8_M-1-1,2.8438494
P5-MAA000947-3_9_M-1-1,2.6128542
P6-B003274-3_38_F-1-1,1.0994797
P6-MAA000902-3_11_M-1-1,3.0891793
P6-MAA000928-3_9_M-1-1,0.0
P6-MAA000941-3_8_M-1-1,1.9127071
P7-MAA000560-3_10_M-1-1,2.691613
P7-MAA000926-3_9_M-1-1,2.953182
P7-MAA000935-3_8_M-1-1,3.2528493
P8-B001688-3_38_F-1-1,1.9327729
P8-MAA000564-3_10_M-1-1,2.2379346
P9-MAA000560-3_10_M-1-1,2.1252923
P9-MAA000564-3_10_M-1-1,2.590164
P9-MAA000935-3_8_M-1-1,2.472309
A20-MAA000561-3_10_M-1-1,2.3504417
A20-MAA000926-3_9_M-1-1,2.6104825
A22-MAA001895-3_38_F-1-1,1.0420066
A3-MAA000564-3_10_M-1-1,2.6482441
A3-MAA001895-3_38_F-1-1,1.8121005
B12-MAA001845-3_39_F-1-1,1.8214467
B13-MAA000561-3_10_M-1-1,2.5715451
B16-MAA000561-3_10_M-1-1,3.056057
B17-MAA000581-3_10_M-1-1,0.012537797
B18-B003275-3_38_F-1-1,2.7323914
B18-MAA000561-3_10_M-1-1,2.3413258
B18-MAA000581-3_10_M-1-1,2.0185597
B19-MAA000561-3_10_M-1-1,3.0560422
B19-MAA000581-3_10_M-1-1,3.3205476
B20-MAA000561-3_10_M-1-1,2.3984601
B20-MAA000581-3_10_M-1-1,3.2556045
B3-MAA001895-3_38_F-1-1,1.7082324
B4-B003275-3_38_F-1-1,2.3878677
B8-MAA001895-3_38_F-1-1,1.4974508
C15-MAA000926-3_9_M-1-1,2.600456
C16-MAA001895-3_38_F-1-1,1.7488618
C17-MAA000561-3_10_M-1-1,1.6764491
C17-MAA000581-3_10_M-1-1,2.8928878
C18-MAA001895-3_38_F-1-1,1.5616697
C19-MAA000561-3_10_M-1-1,2.404308
C19-MAA000941-3_8_M-1-1,2.735622
C19-MAA001895-3_38_F-1-1,1.0553155
C1-MAA001895-3_38_F-1-1,0.74895626
C20-MAA000581-3_10_M-1-1,2.254275
C21-MAA001895-3_38_F-1-1,0.9730116
C22-MAA000581-3_10_M-1-1,2.4133825
C2-MAA000932-3_11_M-1-1,2.024582
C3-MAA000641-3_9_M-1-1,2.6469383
C3-MAA000926-3_9_M-1-1,1.3331964
C4-B003290-3_38_F-1-1,2.2939427
C6-MAA000941-3_8_M-1-1,1.4277381
C7-MAA000926-3_9_M-1-1,2.2229922
C8-B003290-3_38_F-1-1,2.9330776
C9-MAA001895-3_38_F-1-1,2.0967438
D12-MAA001895-3_38_F-1-1,1.384286
D15-MAA000561-3_10_M-1-1,1.4554943
D16-MAA001895-3_38_F-1-1,2.3126974
D17-B003290-3_38_F-1-1,2.7903385
D17-MAA000560-3_10_M-1-1,2.1489792
D17-MAA000561-3_10_M-1-1,2.9832
D19-MAA000923-3_9_M-1-1,2.9230583
E13-B003275-3_38_F-1-1,1.572146
E13-MAA000926-3_9_M-1-1,1.2381055
E14-MAA000581-3_10_M-1-1,2.4540577
E14-MAA000641-3_9_M-1-1,2.5700645
E16-MAA000581-3_10_M-1-1,2.5949144
E17-B003290-3_38_F-1-1,2.8066678
E17-MAA001895-3_38_F-1-1,2.4935606
E20-MAA000561-3_10_M-1-1,2.756875
E22-MAA000941-3_8_M-1-1,3.3607037
E22-MAA001895-3_38_F-1-1,2.086624
F12-MAA000581-3_10_M-1-1,1.9970524
F12-MAA000926-3_9_M-1-1,2.7795086
F15-MAA000581-3_10_M-1-1,2.0826688
F17-MAA000581-3_10_M-1-1,0.017685158
F18-MAA000561-3_10_M-1-1,2.3726635
F19-MAA000561-3_10_M-1-1,1.0632255
F19-MAA000581-3_10_M-1-1,2.6496253
F4-MAA000563-3_10_M-1-1,2.8703897
F4-MAA000932-3_11_M-1-1,2.7732656
F8-B000621-3_56_F-1-1,2.7760704
F9-B003290-3_38_F-1-1,2.1530833
G14-MAA000615-3_10_M-1-1,2.5668755
G18-B003275-3_38_F-1-1,2.4418607
G18-MAA000581-3_10_M-1-1,1.6642451
G19-MAA000581-3_10_M-1-1,0.0
G22-B003275-3_38_F-1-1,2.2742152
G4-MAA000932-3_11_M-1-1,2.832893
G6-MAA000581-3_10_M-1-1,2.2254176
H11-MAA000923-3_9_M-1-1,1.7814869
H13-MAA000561-3_10_M-1-1,1.9844984
H15-MAA000581-3_10_M-1-1,2.723954
H16-MAA000561-3_10_M-1-1,1.5877845
H18-MAA000581-3_10_M-1-1,0.72472876
H22-MAA000561-3_10_M-1-1,2.25625
H22-MAA000581-3_10_M-1-1,2.67994
H4-MAA000941-3_8_M-1-1,1.7649832
I12-MAA000581-3_10_M-1-1,2.882926
I13-MAA000615-3_10_M-1-1,2.590823
I14-B003275-3_38_F-1-1,2.0491738
I15-MAA000581-3_10_M-1-1,2.50667
I15-MAA000944-3_9_M-1-1,2.2071943
I18-MAA000581-3_10_M-1-1,1.2290276
I19-MAA000581-3_10_M-1-1,2.7299361
I1-MAA000932-3_11_M-1-1,2.1871972
I20-MAA000561-3_10_M-1-1,2.2955613
I6-MAA000564-3_10_M-1-1,3.0307388
J10-MAA000932-3_11_M-1-1,2.3386478
J11-MAA000941-3_8_M-1-1,2.0126805
J13-MAA000941-3_8_M-1-1,2.564459
J15-MAA000581-3_10_M-1-1,2.3544872
J18-MAA000561-3_10_M-1-1,2.1364856
J1-MAA000932-3_11_M-1-1,2.5471122
J20-MAA000561-3_10_M-1-1,0.48619062
J22-MAA000561-3_10_M-1-1,1.5295005
J4-MAA000926-3_9_M-1-1,2.2600622
J9-MAA000638-3_9_M-1-1,0.62692046
K14-MAA000932-3_11_M-1-1,1.6448665
K16-MAA000581-3_10_M-1-1,2.9122083
K21-MAA000930-3_8_M-1-1,1.417452
K22-MAA000564-3_10_M-1-1,2.5669298
L10-MAA000564-3_10_M-1-1,2.5758095
L12-MAA000581-3_10_M-1-1,2.6464581
L16-MAA000561-3_10_M-1-1,2.883715
L1-MAA000932-3_11_M-1-1,1.9459866
L3-MAA000932-3_11_M-1-1,1.9809484
L8-MAA000932-3_11_M-1-1,0.90716565
L9-MAA000944-3_9_M-1-1,2.3974771
M12-MAA000581-3_10_M-1-1,2.6013637
M14-MAA000561-3_10_M-1-1,2.8987825
M15-MAA000561-3_10_M-1-1,2.443382
M21-MAA000424-3_11_M-1-1,2.0869253
M21-MAA001894-3_39_F-1-1,0.0783489
M22-MAA000561-3_10_M-1-1,2.3682694
M22-MAA000926-3_9_M-1-1,2.4622695
M3-MAA000564-3_10_M-1-1,0.17033209
M3-MAA000932-3_11_M-1-1,2.3633447
M4-MAA000947-3_9_M-1-1,1.4848462
M6-MAA000932-3_11_M-1-1,1.8639543
M7-MAA000932-3_11_M-1-1,2.8924937
N10-MAA000581-3_10_M-1-1,2.446341
N13-MAA000553-3_10_M-1-1,2.2277222
N13-MAA000615-3_10_M-1-1,1.3979551
N17-MAA000564-3_10_M-1-1,2.8274124
O11-MAA000553-3_10_M-1-1,2.1651561
O12-MAA000581-3_10_M-1-1,2.176023
O19-MAA000941-3_8_M-1-1,2.6910183
O20-MAA000561-3_10_M-1-1,2.8422453
O20-MAA000581-3_10_M-1-1,1.9638704
O21-MAA000561-3_10_M-1-1,2.3991437
O22-MAA000561-3_10_M-1-1,2.6559541
O6-MAA000932-3_11_M-1-1,1.3712409
O8-MAA000932-3_11_M-1-1,1.7870588
P10-MAA000932-3_11_M-1-1,1.2288073
P11-MAA000563-3_10_M-1-1,1.9249629
P11-MAA000581-3_10_M-1-1,1.5895078
P12-MAA000561-3_10_M-1-1,3.1198657
P14-MAA000560-3_10_M-1-1,2.7748535
P14-MAA000561-3_10_M-1-1,3.3404455
P15-MAA000581-3_10_M-1-1,2.4471405
P16-MAA000561-3_10_M-1-1,1.983585
P16-MAA000581-3_10_M-1-1,2.278638
P17-MAA000581-3_10_M-1-1,1.9810623
P18-MAA000561-3_10_M-1-1,1.6952386
P19-MAA000561-3_10_M-1-1,2.413595
P21-MAA000561-3_10_M-1-1,2.2294526
B3-MAA001856-3_39_F-1-1,3.936502
B6-MAA000564-3_10_M-1-1,4.168966
C1-MAA000578-3_10_M-1-1,3.273939
D5-MAA000578-3_10_M-1-1,3.7337925
D9-MAA000928-3_9_M-1-1,3.7063603
E19-MAA000538-3_8_M-1-1,2.8520977
F10-MAA000581-3_10_M-1-1,3.7393012
F1-MAA000581-3_10_M-1-1,3.8124514
F22-MAA000578-3_10_M-1-1,4.007773
G10-MAA000578-3_10_M-1-1,3.8756948
G3-MAA000924-3_8_M-1-1,3.1186306
G4-MAA000928-3_9_M-1-1,2.1462436
H19-MAA000928-3_9_M-1-1,3.925607
H2-B000404-3_56_F-1-1,3.4002774
I12-MAA001854-3_38_F-1-1,2.9666204
I4-MAA000578-3_10_M-1-1,0.54171884
J17-MAA000578-3_10_M-1-1,3.4049523
J22-B000404-3_56_F-1-1,2.8607767
K10-MAA000424-3_11_M-1-1,3.8876233
K11-MAA000641-3_9_M-1-1,3.3068125
K9-MAA000924-3_8_M-1-1,0.8438506
L12-MAA001854-3_38_F-1-1,3.2573652
L14-MAA000641-3_9_M-1-1,2.8355258
L8-MAA000424-3_11_M-1-1,3.7042453
M1-MAA000928-3_9_M-1-1,2.8561935
M7-MAA000578-3_10_M-1-1,4.29342
N12-MAA000928-3_9_M-1-1,4.186684
N5-MAA000581-3_10_M-1-1,3.551336
N6-MAA000928-3_9_M-1-1,2.9184902
O11-B000404-3_56_F-1-1,3.9238749
O16-MAA000928-3_9_M-1-1,3.669282
O18-B000404-3_56_F-1-1,3.817566
O19-B000404-3_56_F-1-1,4.051906
O2-MAA000641-3_9_M-1-1,1.9777141
P18-MAA000928-3_9_M-1-1,1.311008
A14-MAA000561-3_10_M-1-1,1.896077
A14-MAA000942-3_8_M-1-1,2.700484
A15-MAA000942-3_8_M-1-1,2.2501273
A16-MAA000561-3_10_M-1-1,3.5980742
A16-MAA000941-3_8_M-1-1,2.835674
A16-MAA000942-3_8_M-1-1,3.2262194
A16-MAA000944-3_9_M-1-1,3.2901216
A17-B003290-3_38_F-1-1,2.3002021
A17-MAA000561-3_10_M-1-1,2.3654132
A18-MAA000561-3_10_M-1-1,3.3961797
A19-MAA000561-3_10_M-1-1,2.5832038
A1-MAA000940-3_8_M-1-1,2.3221176
A20-B003290-3_38_F-1-1,0.93416613
A20-MAA000581-3_10_M-1-1,1.8111053
A20-MAA000944-3_9_M-1-1,3.9029717
A21-MAA000561-3_10_M-1-1,2.9352157
A4-MAA000578-3_10_M-1-1,2.7452347
A6-MAA000942-3_8_M-1-1,2.8591077
A7-MAA000940-3_8_M-1-1,2.0638287
B11-MAA000564-3_10_M-1-1,1.3535662
B11-MAA000941-3_8_M-1-1,3.4611146
B12-MAA000581-3_10_M-1-1,2.4573038
B12-MAA000615-3_10_M-1-1,1.5215545
B12-MAA000944-3_9_M-1-1,3.2836356
B13-MAA000615-3_10_M-1-1,2.7449617
B13-MAA000641-3_9_M-1-1,2.981262
B16-B003290-3_38_F-1-1,2.8394141
B16-MAA000581-3_10_M-1-1,3.065932
B18-MAA000925-3_9_M-1-1,2.2089639
B1-MAA000940-3_8_M-1-1,2.1809356
B20-MAA000925-3_9_M-1-1,2.7384374
B21-B003290-3_38_F-1-1,2.3001957
B21-MAA000560-3_10_M-1-1,1.4523714
B21-MAA000581-3_10_M-1-1,2.4416695
B22-B003290-3_38_F-1-1,1.8197914
B2-MAA001854-3_38_F-1-1,3.1626287
B7-MAA000942-3_8_M-1-1,2.131019
C11-MAA001894-3_39_F-1-1,1.1243153
C12-MAA000561-3_10_M-1-1,1.8174419
C13-MAA000615-3_10_M-1-1,1.5460848
C13-MAA000638-3_9_M-1-1,3.8982751
C14-MAA000615-3_10_M-1-1,2.7198377
C15-MAA000581-3_10_M-1-1,2.8952198
C16-MAA000942-3_8_M-1-1,2.0408838
C16-MAA001853-3_38_F-1-1,1.9841473
C17-B003275-3_38_F-1-1,1.7505274
C18-MAA000561-3_10_M-1-1,0.21963285
C18-MAA000942-3_8_M-1-1,1.7437785
C19-MAA000940-3_8_M-1-1,2.4818008
C1-MAA000940-3_8_M-1-1,2.3263495
C20-MAA000940-3_8_M-1-1,2.0521226
C22-B003290-3_38_F-1-1,2.8130236
C22-MAA000940-3_8_M-1-1,2.4971516
C22-MAA000944-3_9_M-1-1,2.6038592
C3-MAA000564-3_10_M-1-1,1.7962179
C3-MAA000578-3_10_M-1-1,3.4474852
C4-MAA000940-3_8_M-1-1,2.079332
C6-MAA000932-3_11_M-1-1,1.6766782
C6-MAA000942-3_8_M-1-1,1.3827466
C7-B003277-3_39_F-1-1,2.4627821
C7-MAA000940-3_8_M-1-1,2.6450963
D10-MAA000578-3_10_M-1-1,3.049607
D11-MAA000902-3_11_M-1-1,2.1807072
D12-MAA000424-3_11_M-1-1,3.240042
D12-MAA000561-3_10_M-1-1,2.9539535
D12-MAA000926-3_9_M-1-1,2.3965
D13-MAA000615-3_10_M-1-1,2.528681
D16-MAA000561-3_10_M-1-1,3.3411484
D16-MAA001853-3_38_F-1-1,3.1786804
D17-MAA000940-3_8_M-1-1,2.7921324
D17-MAA001845-3_39_F-1-1,1.8904865
D18-MAA000581-3_10_M-1-1,3.0744257
D19-B003290-3_38_F-1-1,2.9058604
D20-MAA000581-3_10_M-1-1,3.2887635
D20-MAA001853-3_38_F-1-1,2.185003
D22-B003290-3_38_F-1-1,2.761189
D22-MAA000561-3_10_M-1-1,3.1542592
D22-MAA000926-3_9_M-1-1,0.51949036
D6-MAA000942-3_8_M-1-1,1.0543396
D7-MAA000638-3_9_M-1-1,1.3154286
E10-MAA000923-3_9_M-1-1,2.898252
E12-MAA000924-3_8_M-1-1,0.007356028
E13-MAA000615-3_10_M-1-1,2.5875368
E13-MAA000942-3_8_M-1-1,1.9247288
E15-MAA000581-3_10_M-1-1,2.921458
E15-MAA000638-3_9_M-1-1,1.8442321
E17-MAA000561-3_10_M-1-1,3.2844281
E17-MAA000581-3_10_M-1-1,2.5704515
E19-MAA000638-3_9_M-1-1,0.013324524
E3-MAA000538-3_8_M-1-1,2.2514882
E5-MAA000924-3_8_M-1-1,2.8141327
E6-MAA000902-3_11_M-1-1,2.7599173
E9-MAA000638-3_9_M-1-1,2.5445628
F13-MAA000561-3_10_M-1-1,2.97882
F13-MAA000581-3_10_M-1-1,0.492891
F13-MAA000615-3_10_M-1-1,2.5839388
F15-MAA000638-3_9_M-1-1,2.937587
F17-MAA000940-3_8_M-1-1,2.9906673
F17-MAA000942-3_8_M-1-1,2.777576
F19-MAA000424-3_11_M-1-1,3.1791942
F19-MAA000940-3_8_M-1-1,2.4749796
F1-MAA000926-3_9_M-1-1,2.2191002
F1-MAA000942-3_8_M-1-1,1.3978565
F21-B003290-3_38_F-1-1,2.806188
F21-MAA000638-3_9_M-1-1,0.0
F21-MAA000924-3_8_M-1-1,0.0
F22-B003275-3_38_F-1-1,2.9037595
F2-MAA000940-3_8_M-1-1,2.6208482
F4-MAA000638-3_9_M-1-1,2.680467
F6-MAA001854-3_38_F-1-1,0.009466814
F8-B003290-3_38_F-1-1,1.8060427
F9-MAA000942-3_8_M-1-1,2.4436665
G10-MAA000638-3_9_M-1-1,1.2923636
G13-MAA000926-3_9_M-1-1,3.5070472
G14-MAA000564-3_10_M-1-1,0.29078144
G14-MAA000940-3_8_M-1-1,2.4696484
G15-MAA000424-3_11_M-1-1,1.1806719
G15-MAA000581-3_10_M-1-1,2.2877665
G17-MAA001853-3_38_F-1-1,2.649195
G18-MAA000578-3_10_M-1-1,2.326957
G18-MAA001853-3_38_F-1-1,3.183585
G19-B003290-3_38_F-1-1,2.576139
G1-MAA000932-3_11_M-1-1,1.8974054
G1-MAA000940-3_8_M-1-1,2.3912761
G20-MAA000638-3_9_M-1-1,0.0
G20-MAA001853-3_38_F-1-1,2.8493588
G22-MAA000947-3_9_M-1-1,2.9757996
G3-MAA000925-3_9_M-1-1,2.3541095
G3-MAA001856-3_39_F-1-1,3.3026931
G4-MAA000641-3_9_M-1-1,2.5156178
G5-MAA000564-3_10_M-1-1,2.463375
G5-MAA000935-3_8_M-1-1,1.5262607
G8-MAA000581-3_10_M-1-1,1.7199837
H10-MAA000942-3_8_M-1-1,2.4308922
H11-MAA000538-3_8_M-1-1,2.2817233
H12-MAA000638-3_9_M-1-1,3.5182998
H14-MAA000561-3_10_M-1-1,3.1279125
H14-MAA000615-3_10_M-1-1,1.7496364
H16-MAA000564-3_10_M-1-1,1.51317
H16-MAA000581-3_10_M-1-1,3.2011094
H16-MAA000638-3_9_M-1-1,0.82458836
H16-MAA000942-3_8_M-1-1,2.9168234
H16-MAA000944-3_9_M-1-1,2.047345
H18-MAA000424-3_11_M-1-1,2.6793694
H19-MAA000561-3_10_M-1-1,3.3339531
H19-MAA000641-3_9_M-1-1,2.3941412
H1-MAA000638-3_9_M-1-1,0.19096252
H20-B003290-3_38_F-1-1,1.6083524
H20-MAA000928-3_9_M-1-1,3.1851823
H20-MAA000940-3_8_M-1-1,2.5220978
H21-MAA001853-3_38_F-1-1,2.7477076
H21-MAA001854-3_38_F-1-1,0.51349115
H3-MAA001853-3_38_F-1-1,2.8644774
H5-MAA000550-3_10_M-1-1,3.030036
H9-MAA000638-3_9_M-1-1,2.1981254
I13-MAA000641-3_9_M-1-1,3.0551283
I14-MAA000944-3_9_M-1-1,2.417209
I15-MAA000561-3_10_M-1-1,3.6052408
I15-MAA000638-3_9_M-1-1,1.9668133
I15-MAA000641-3_9_M-1-1,2.1471121
I16-B000621-3_56_F-1-1,2.778864
I16-MAA000561-3_10_M-1-1,3.3757539
I17-MAA000581-3_10_M-1-1,0.013466077
I18-MAA000924-3_8_M-1-1,0.2436534
I18-MAA000925-3_9_M-1-1,2.116137
I19-MAA000561-3_10_M-1-1,3.3447115
I19-MAA000902-3_11_M-1-1,0.0032379478
I19-MAA000924-3_8_M-1-1,0.009295054
I20-MAA000940-3_8_M-1-1,2.2196066
I2-MAA000932-3_11_M-1-1,2.114002
I2-MAA000944-3_9_M-1-1,3.3528056
I3-MAA000940-3_8_M-1-1,2.096326
I4-MAA000940-3_8_M-1-1,2.7409408
I5-MAA000564-3_10_M-1-1,2.303169
I8-MAA000564-3_10_M-1-1,2.9684966
I8-MAA000940-3_8_M-1-1,1.9486514
J12-MAA000581-3_10_M-1-1,3.1924365
J12-MAA000942-3_8_M-1-1,2.328842
J13-MAA000615-3_10_M-1-1,1.819386
J14-MAA000947-3_9_M-1-1,3.2761807
J15-MAA000561-3_10_M-1-1,2.9184353
J16-MAA000561-3_10_M-1-1,3.1937363
J16-MAA000942-3_8_M-1-1,1.8069617
J19-MAA000561-3_10_M-1-1,0.5704674
J21-MAA000641-3_9_M-1-1,3.0405827
J22-MAA000424-3_11_M-1-1,2.9718568
J5-MAA000926-3_9_M-1-1,3.3728058
J5-MAA000940-3_8_M-1-1,2.756352
J6-MAA000940-3_8_M-1-1,2.6906457
J6-MAA000947-3_9_M-1-1,3.7194474
J8-MAA000638-3_9_M-1-1,0.0
J9-MAA000564-3_10_M-1-1,2.8442016
K10-B003277-3_39_F-1-1,2.4431055
K11-MAA000638-3_9_M-1-1,2.330789
K12-MAA000615-3_10_M-1-1,1.8568432
K12-MAA000926-3_9_M-1-1,2.9428499
K12-MAA000935-3_8_M-1-1,2.3225036
K13-MAA000615-3_10_M-1-1,2.1054983
K13-MAA000942-3_8_M-1-1,2.444426
K15-MAA000940-3_8_M-1-1,2.8887687
K16-MAA000638-3_9_M-1-1,2.0924687
K16-MAA000930-3_8_M-1-1,2.2594533
K17-MAA000424-3_11_M-1-1,2.6662767
K17-MAA000581-3_10_M-1-1,2.8589964
K18-MAA000581-3_10_M-1-1,2.214438
K1-MAA001894-3_39_F-1-1,2.7268856
K21-MAA000561-3_10_M-1-1,3.3673053
K21-MAA000940-3_8_M-1-1,2.7235968
K6-MAA000615-3_10_M-1-1,1.2947628
K6-MAA000638-3_9_M-1-1,2.4674063
K6-MAA000940-3_8_M-1-1,2.0447345
K7-MAA000947-3_9_M-1-1,3.247563
L12-MAA000615-3_10_M-1-1,0.8189794
L12-MAA000940-3_8_M-1-1,2.5534298
L13-MAA000638-3_9_M-1-1,0.005925036
L14-MAA000424-3_11_M-1-1,3.4145033
L18-MAA000581-3_10_M-1-1,3.5109518
L21-MAA000561-3_10_M-1-1,3.0474348
L22-MAA000641-3_9_M-1-1,2.007064
L3-MAA000615-3_10_M-1-1,1.4826732
L5-MAA000638-3_9_M-1-1,3.0577855
L7-MAA000638-3_9_M-1-1,0.0
L8-MAA000561-3_10_M-1-1,2.9126458
L9-MAA000942-3_8_M-1-1,2.2029815
M11-MAA000940-3_8_M-1-1,2.1302435
M11-MAA001854-3_38_F-1-1,0.38556084
M12-MAA000561-3_10_M-1-1,3.4858594
M13-MAA000638-3_9_M-1-1,0.010352252
M13-MAA000940-3_8_M-1-1,2.4876022
M14-MAA000615-3_10_M-1-1,1.7182115
M15-MAA000638-3_9_M-1-1,1.7442087
M15-MAA000926-3_9_M-1-1,2.9973464
M16-MAA000935-3_8_M-1-1,2.1801434
M17-MAA001894-3_39_F-1-1,2.844232
M18-MAA000581-3_10_M-1-1,2.470446
M18-MAA000940-3_8_M-1-1,2.1922798
M19-MAA000561-3_10_M-1-1,2.7804422
M19-MAA000638-3_9_M-1-1,0.0
M19-MAA000641-3_9_M-1-1,2.2889318
M20-MAA000561-3_10_M-1-1,2.751326
M21-MAA000581-3_10_M-1-1,3.3731987
M22-MAA000638-3_9_M-1-1,0.99571013
M6-MAA000940-3_8_M-1-1,2.5098786
M8-MAA000942-3_8_M-1-1,2.842674
N10-MAA000638-3_9_M-1-1,1.6764438
N11-MAA000578-3_10_M-1-1,2.9568315
N14-MAA000928-3_9_M-1-1,0.61279136
N19-MAA000581-3_10_M-1-1,2.8347347
N20-MAA000561-3_10_M-1-1,2.6585891
N22-MAA000561-3_10_M-1-1,3.2558038
N4-MAA000940-3_8_M-1-1,2.288646
N6-MAA000578-3_10_M-1-1,4.1961403
N7-MAA000638-3_9_M-1-1,0.0124596255
N8-MAA000926-3_9_M-1-1,2.996595
N8-MAA000928-3_9_M-1-1,0.0
O13-MAA000561-3_10_M-1-1,3.2344017
O15-MAA000561-3_10_M-1-1,1.7266175
O17-MAA000942-3_8_M-1-1,2.8365452
O19-MAA000561-3_10_M-1-1,3.091543
O21-MAA000424-3_11_M-1-1,3.465451
O6-MAA000942-3_8_M-1-1,2.0686977
O9-MAA000560-3_10_M-1-1,0.8794277
P10-MAA000942-3_8_M-1-1,2.0012712
P13-MAA000615-3_10_M-1-1,0.7224031
P14-MAA000615-3_10_M-1-1,1.542685
P15-MAA000561-3_10_M-1-1,3.0676467
P17-MAA000561-3_10_M-1-1,2.585764
P19-MAA000581-3_10_M-1-1,2.9306011
P19-MAA000940-3_8_M-1-1,2.0683246
P20-MAA000424-3_11_M-1-1,3.0310445
P20-MAA000561-3_10_M-1-1,2.8596582
P3-MAA000940-3_8_M-1-1,1.6344091
P5-MAA000940-3_8_M-1-1,1.6668885
P7-B000404-3_56_F-1-1,2.2484047
P7-MAA000925-3_9_M-1-1,2.7388666
P8-B000404-3_56_F-1-1,2.9556475
A13-MAA000560-3_10_M-1-1,3.8019865
A13-MAA000923-3_9_M-1-1,2.1806061
A15-MAA000560-3_10_M-1-1,3.5751832
A15-MAA000944-3_9_M-1-1,3.5653825
A16-MAA000930-3_8_M-1-1,3.0591283
A16-MAA001894-3_39_F-1-1,3.1884906
A17-MAA000560-3_10_M-1-1,4.1697044
A19-MAA000926-3_9_M-1-1,3.6050286
A19-MAA000930-3_8_M-1-1,3.3990169
A1-B003290-3_38_F-1-1,2.9919486
A1-B003728-3_56_F-1-1,2.4900908
A1-MAA000923-3_9_M-1-1,2.2638218
A21-MAA000560-3_10_M-1-1,3.6259987
A21-MAA000926-3_9_M-1-1,2.1333165
A21-MAA000930-3_8_M-1-1,2.7767396
A22-MAA000560-3_10_M-1-1,2.432951
A22-MAA000935-3_8_M-1-1,1.9495915
A2-MAA000560-3_10_M-1-1,2.6561508
A3-MAA000944-3_9_M-1-1,2.209404
A4-MAA001894-3_39_F-1-1,0.8609595
A5-MAA000560-3_10_M-1-1,1.2568063
A5-MAA000941-3_8_M-1-1,2.6345708
A6-MAA000560-3_10_M-1-1,3.4367497
A6-MAA000930-3_8_M-1-1,2.3267481
A7-MAA000944-3_9_M-1-1,3.2941809
A8-MAA000560-3_10_M-1-1,1.6370227
A9-MAA000560-3_10_M-1-1,1.471014
A9-MAA000930-3_8_M-1-1,3.072724
A9-MAA000944-3_9_M-1-1,3.8767319
A9-MAA001894-3_39_F-1-1,2.700763
B10-MAA000615-3_10_M-1-1,4.166309
B10-MAA001854-3_38_F-1-1,2.0896504
B11-MAA000560-3_10_M-1-1,3.6976912
B11-MAA000926-3_9_M-1-1,3.539777
B12-MAA000564-3_10_M-1-1,3.7474632
B15-B003274-3_38_F-1-1,1.8581172
B15-MAA000926-3_9_M-1-1,3.2213492
B18-B003728-3_56_F-1-1,0.8463982
B19-B003728-3_56_F-1-1,3.5491405
B19-MAA000560-3_10_M-1-1,3.1617131
B19-MAA000944-3_9_M-1-1,3.503384
B1-B003728-3_56_F-1-1,2.2041333
B20-MAA000944-3_9_M-1-1,2.9956903
B21-MAA000925-3_9_M-1-1,4.0413423
B21-MAA000930-3_8_M-1-1,3.0313704
B22-B003728-3_56_F-1-1,0.1784972
B22-MAA000925-3_9_M-1-1,0.0
B22-MAA000935-3_8_M-1-1,3.3884928
B2-B003728-3_56_F-1-1,1.4277507
B2-MAA000930-3_8_M-1-1,3.299707
B3-MAA000560-3_10_M-1-1,3.1853933
B3-MAA000935-3_8_M-1-1,3.5758913
B4-MAA000926-3_9_M-1-1,3.2558794
B4-MAA000930-3_8_M-1-1,2.7257674
B4-MAA000935-3_8_M-1-1,3.7836192
B4-MAA000941-3_8_M-1-1,3.067217
B5-MAA000581-3_10_M-1-1,2.86876
B5-MAA000926-3_9_M-1-1,3.227717
B5-MAA000944-3_9_M-1-1,1.0960835
B6-MAA000926-3_9_M-1-1,2.3430693
B6-MAA000930-3_8_M-1-1,3.005106
B7-B003274-3_38_F-1-1,0.89136237
B7-MAA000560-3_10_M-1-1,3.3328984
B7-MAA000615-3_10_M-1-1,2.0882201
B7-MAA000944-3_9_M-1-1,3.5118306
B8-B003274-3_38_F-1-1,1.6557186
B8-MAA001894-3_39_F-1-1,3.9462562
B9-MAA000560-3_10_M-1-1,3.4617403
B9-MAA000615-3_10_M-1-1,3.1807382
B9-MAA000926-3_9_M-1-1,2.4540129
B9-MAA000944-3_9_M-1-1,0.0
B9-MAA001894-3_39_F-1-1,3.186297
C12-MAA000560-3_10_M-1-1,2.989286
C12-MAA000942-3_8_M-1-1,4.274933
C13-B000621-3_56_F-1-1,2.4820108
C13-MAA000935-3_8_M-1-1,1.1082014
C13-MAA001894-3_39_F-1-1,3.1456175
C14-MAA000563-3_10_M-1-1,3.1062205
C16-MAA000560-3_10_M-1-1,3.3804612
C17-MAA000944-3_9_M-1-1,2.8971999
C19-B003728-3_56_F-1-1,2.9485073
C19-MAA000553-3_10_M-1-1,3.8422701
C1-MAA000563-3_10_M-1-1,2.989354
C1-MAA000926-3_9_M-1-1,3.2843885
C1-MAA000942-3_8_M-1-1,0.13298455
C1-MAA001894-3_39_F-1-1,1.9798787
C20-B003728-3_56_F-1-1,1.2567774
C21-MAA000944-3_9_M-1-1,3.677232
C22-B003728-3_56_F-1-1,1.1624163
C22-MAA000902-3_11_M-1-1,4.065124
C22-MAA001894-3_39_F-1-1,3.140825
C2-MAA000944-3_9_M-1-1,1.8171852
C3-MAA000944-3_9_M-1-1,3.3725655
C5-B003290-3_38_F-1-1,2.9046528
C6-MAA000944-3_9_M-1-1,3.858534
C7-MAA000560-3_10_M-1-1,2.531316
C8-MAA000926-3_9_M-1-1,2.8309927
C9-B003728-3_56_F-1-1,3.257145
C9-MAA000926-3_9_M-1-1,3.6789627
D10-MAA000615-3_10_M-1-1,3.3156297
D11-MAA000615-3_10_M-1-1,3.2798738
D13-MAA000926-3_9_M-1-1,3.050451
D17-MAA000926-3_9_M-1-1,3.3342605
D17-MAA000944-3_9_M-1-1,3.5562842
D18-MAA000935-3_8_M-1-1,0.78704953
D19-MAA000553-3_10_M-1-1,3.390733
D1-MAA000930-3_8_M-1-1,2.5446546
D20-MAA000560-3_10_M-1-1,3.25358
D20-MAA000947-3_9_M-1-1,2.9888856
D21-MAA000578-3_10_M-1-1,2.3069139
D2-MAA000923-3_9_M-1-1,3.8156888
D3-MAA000930-3_8_M-1-1,3.6678536
D3-MAA000947-3_9_M-1-1,2.2699656
D4-MAA000560-3_10_M-1-1,3.4716005
D4-MAA000564-3_10_M-1-1,3.0842419
D4-MAA000942-3_8_M-1-1,3.3008795
D5-MAA000560-3_10_M-1-1,2.018584
D5-MAA000941-3_8_M-1-1,2.2990654
D5-MAA000944-3_9_M-1-1,3.8347607
D6-MAA000615-3_10_M-1-1,3.2289555
D6-MAA000935-3_8_M-1-1,2.8749673
D6-MAA000944-3_9_M-1-1,3.110651
D7-B003290-3_38_F-1-1,3.133647
D9-MAA000926-3_9_M-1-1,2.8628302
E10-MAA000926-3_9_M-1-1,3.288443
E11-B000621-3_56_F-1-1,3.2127955
E11-MAA001894-3_39_F-1-1,3.3417695
E12-MAA000944-3_9_M-1-1,1.398773
E13-MAA000944-3_9_M-1-1,2.8379002
E14-MAA000926-3_9_M-1-1,3.5874019
E14-MAA000944-3_9_M-1-1,3.4032285
E15-MAA000923-3_9_M-1-1,4.2082634
E15-MAA000941-3_8_M-1-1,2.1550326
E16-MAA000560-3_10_M-1-1,3.525487
E16-MAA000941-3_8_M-1-1,3.252393
E17-MAA000923-3_9_M-1-1,3.5185769
E1-MAA000560-3_10_M-1-1,2.7629485
E1-MAA001894-3_39_F-1-1,2.8309524
E20-MAA000923-3_9_M-1-1,3.5978234
E21-MAA000941-3_8_M-1-1,3.26488
E2-MAA000902-3_11_M-1-1,3.240222
E3-MAA000560-3_10_M-1-1,3.3880458
E3-MAA000935-3_8_M-1-1,3.0627282
E4-MAA000944-3_9_M-1-1,2.8573694
E4-MAA001894-3_39_F-1-1,3.850308
E5-B003290-3_38_F-1-1,3.503047
E6-MAA000563-3_10_M-1-1,3.4881349
E6-MAA000926-3_9_M-1-1,3.6535125
E7-MAA000944-3_9_M-1-1,3.1591997
E8-MAA000560-3_10_M-1-1,3.7097423
E8-MAA000930-3_8_M-1-1,3.3944824
E9-MAA000926-3_9_M-1-1,0.7553695
F10-MAA000561-3_10_M-1-1,2.5934496
F10-MAA000926-3_9_M-1-1,3.2504835
F11-MAA000560-3_10_M-1-1,3.5288496
F14-MAA000926-3_9_M-1-1,3.4087915
F17-MAA000944-3_9_M-1-1,2.5739372
F19-MAA000941-3_8_M-1-1,3.0533836
F1-MAA000944-3_9_M-1-1,3.0452085
F20-MAA000944-3_9_M-1-1,2.3440552
F21-B003728-3_56_F-1-1,1.8971804
F21-MAA000935-3_8_M-1-1,3.2010546
F22-MAA000944-3_9_M-1-1,3.475479
F2-MAA000560-3_10_M-1-1,2.5667381
F3-B003274-3_38_F-1-1,2.9132519
F3-B003277-3_39_F-1-1,3.611858
F3-MAA000560-3_10_M-1-1,3.2613416
F3-MAA000564-3_10_M-1-1,3.4856734
F3-MAA000926-3_9_M-1-1,2.7299793
F3-MAA000944-3_9_M-1-1,3.4572175
F6-B003728-3_56_F-1-1,3.4524274
F6-MAA000947-3_9_M-1-1,3.1556547
F7-MAA000947-3_9_M-1-1,2.975611
F8-MAA000926-3_9_M-1-1,3.626785
G10-MAA000944-3_9_M-1-1,3.6207676
G11-MAA001894-3_39_F-1-1,3.1862726
G12-MAA000932-3_11_M-1-1,3.2855213
G13-MAA000578-3_10_M-1-1,2.8591518
G13-MAA000944-3_9_M-1-1,3.3985336
G18-MAA000560-3_10_M-1-1,3.3584104
G18-MAA000944-3_9_M-1-1,3.412562
G1-MAA000941-3_8_M-1-1,3.049221
G20-MAA000560-3_10_M-1-1,3.0937166
G2-MAA000926-3_9_M-1-1,1.8631091
G2-MAA000944-3_9_M-1-1,3.7055535
G3-MAA000560-3_10_M-1-1,2.6035576
G3-MAA000944-3_9_M-1-1,3.6472986
G4-MAA000560-3_10_M-1-1,3.336919
G4-MAA000930-3_8_M-1-1,3.806896
G4-MAA001894-3_39_F-1-1,1.6365395
G7-MAA000615-3_10_M-1-1,3.5749629
G9-MAA001894-3_39_F-1-1,1.0752628
H11-B003728-3_56_F-1-1,0.29139924
H12-MAA000926-3_9_M-1-1,3.4284694
H14-MAA000560-3_10_M-1-1,3.5552204
H14-MAA001894-3_39_F-1-1,3.6244762
H15-MAA000560-3_10_M-1-1,3.25711
H16-MAA000935-3_8_M-1-1,4.0219917
H17-B003728-3_56_F-1-1,2.7329686
H17-MAA000560-3_10_M-1-1,3.0079176
H18-MAA001894-3_39_F-1-1,2.1808174
H19-MAA000926-3_9_M-1-1,2.8586705
H20-B003728-3_56_F-1-1,2.438373
H20-MAA000926-3_9_M-1-1,3.4042425
H21-MAA000560-3_10_M-1-1,2.1476743
H22-MAA000944-3_9_M-1-1,2.9031262
H3-MAA000560-3_10_M-1-1,3.6473966
H3-MAA001894-3_39_F-1-1,3.277567
H4-MAA000935-3_8_M-1-1,3.6621015
H8-MAA000926-3_9_M-1-1,2.2239206
H9-MAA000560-3_10_M-1-1,3.4176998
H9-MAA000926-3_9_M-1-1,3.584596
H9-MAA000944-3_9_M-1-1,3.6649916
I10-MAA000926-3_9_M-1-1,2.4635003
I11-MAA000947-3_9_M-1-1,2.458454
I19-MAA000923-3_9_M-1-1,3.8489127
I20-B003274-3_38_F-1-1,2.8238409
I21-MAA000926-3_9_M-1-1,3.8362687
I22-MAA000926-3_9_M-1-1,2.5428402
I22-MAA000947-3_9_M-1-1,2.7955916
I2-MAA000560-3_10_M-1-1,3.2433047
I2-MAA001894-3_39_F-1-1,3.5483692
I4-MAA000564-3_10_M-1-1,3.286678
I4-MAA000923-3_9_M-1-1,3.3586292
I5-MAA000944-3_9_M-1-1,3.773561
I5-MAA000947-3_9_M-1-1,2.4599311
I7-B003728-3_56_F-1-1,3.6628385
I9-MAA000935-3_8_M-1-1,0.6693526
J10-MAA001894-3_39_F-1-1,4.0406375
J11-MAA000615-3_10_M-1-1,2.4771833
J11-MAA000944-3_9_M-1-1,3.34173
J12-MAA000641-3_9_M-1-1,3.0483506
J13-MAA000550-3_10_M-1-1,2.4079318
J14-MAA000560-3_10_M-1-1,4.1679068
J14-MAA000942-3_8_M-1-1,2.2330964
J16-MAA000925-3_9_M-1-1,2.770847
J16-MAA001894-3_39_F-1-1,3.4827287
J18-MAA000923-3_9_M-1-1,3.1038451
J18-MAA000932-3_11_M-1-1,2.0671165
J20-MAA000944-3_9_M-1-1,3.59833
J22-MAA000560-3_10_M-1-1,3.2691813
J22-MAA000926-3_9_M-1-1,3.3119876
J22-MAA000944-3_9_M-1-1,3.9246395
J3-MAA000560-3_10_M-1-1,3.108117
J3-MAA001894-3_39_F-1-1,1.4424651
J5-MAA000615-3_10_M-1-1,4.0696764
J5-MAA000941-3_8_M-1-1,3.409235
J8-MAA000560-3_10_M-1-1,3.115121
J9-MAA000902-3_11_M-1-1,3.1883564
K11-MAA000560-3_10_M-1-1,2.2647865
K13-MAA000550-3_10_M-1-1,2.914208
K13-MAA000930-3_8_M-1-1,3.0335598
K14-MAA000560-3_10_M-1-1,1.4612173
K15-MAA000560-3_10_M-1-1,3.2345915
K16-MAA000944-3_9_M-1-1,3.5896559
K18-B003274-3_38_F-1-1,2.7473311
K18-B003277-3_39_F-1-1,3.5520627
K18-MAA001894-3_39_F-1-1,1.9181378
K19-B003728-3_56_F-1-1,3.4588177
K20-MAA000560-3_10_M-1-1,2.9156334
K21-B000621-3_56_F-1-1,3.2384236
K22-MAA000560-3_10_M-1-1,3.3004954
K22-MAA000926-3_9_M-1-1,2.3068721
K22-MAA000930-3_8_M-1-1,2.6303823
K22-MAA000944-3_9_M-1-1,3.2382438
K22-MAA001894-3_39_F-1-1,0.04942987
K2-MAA000550-3_10_M-1-1,3.4668632
K3-MAA000926-3_9_M-1-1,2.834995
K3-MAA000944-3_9_M-1-1,3.7173858
K4-B003277-3_39_F-1-1,2.8849735
K4-MAA000940-3_8_M-1-1,2.80968
K4-MAA000944-3_9_M-1-1,2.6052475
K5-MAA000926-3_9_M-1-1,2.0292
K6-MAA000560-3_10_M-1-1,3.2017555
K7-MAA000926-3_9_M-1-1,4.008855
K7-MAA000935-3_8_M-1-1,3.5034068
K8-MAA000560-3_10_M-1-1,0.53722596
K9-B003274-3_38_F-1-1,3.23774
K9-MAA000563-3_10_M-1-1,1.6835257
L10-B001688-3_38_F-1-1,3.2469637
L10-MAA001894-3_39_F-1-1,3.9936044
L11-MAA000560-3_10_M-1-1,3.438523
L11-MAA000947-3_9_M-1-1,2.8203995
L11-MAA001894-3_39_F-1-1,3.607902
L13-MAA000926-3_9_M-1-1,3.1029923
L13-MAA000930-3_8_M-1-1,2.831044
L13-MAA000935-3_8_M-1-1,3.9256225
L13-MAA001894-3_39_F-1-1,3.625794
L14-MAA000560-3_10_M-1-1,3.343468
L14-MAA000944-3_9_M-1-1,2.7402744
L15-MAA000560-3_10_M-1-1,1.469705
L16-MAA000944-3_9_M-1-1,4.003136
L19-MAA000550-3_10_M-1-1,3.6210413
L1-MAA000930-3_8_M-1-1,1.7226827
L21-MAA000560-3_10_M-1-1,3.0421522
L22-MAA000560-3_10_M-1-1,2.6220143
L2-MAA000563-3_10_M-1-1,3.436161
L2-MAA000564-3_10_M-1-1,3.9980056
L2-MAA001894-3_39_F-1-1,3.4907453
L4-MAA000560-3_10_M-1-1,3.8965187
L4-MAA000944-3_9_M-1-1,3.7945864
L5-MAA000944-3_9_M-1-1,4.008221
L5-MAA000947-3_9_M-1-1,2.5312593
L7-B003728-3_56_F-1-1,3.6894104
L7-MAA000926-3_9_M-1-1,3.096955
L7-MAA000944-3_9_M-1-1,2.6513724
L7-MAA001894-3_39_F-1-1,2.1223621
M10-MAA000564-3_10_M-1-1,3.3989468
M10-MAA000615-3_10_M-1-1,3.0096579
M10-MAA001894-3_39_F-1-1,3.9969237
M13-B003728-3_56_F-1-1,2.9403598
M13-MAA000563-3_10_M-1-1,3.5350118
M13-MAA000926-3_9_M-1-1,3.0233407
M14-MAA001894-3_39_F-1-1,2.9315646
M15-MAA000560-3_10_M-1-1,4.3323545
M15-MAA000923-3_9_M-1-1,0.42340723
M16-MAA000925-3_9_M-1-1,3.1122005
M16-MAA000926-3_9_M-1-1,3.668112
M16-MAA000932-3_11_M-1-1,3.2785594
M19-MAA000560-3_10_M-1-1,3.969454
M1-MAA000563-3_10_M-1-1,3.270865
M1-MAA000926-3_9_M-1-1,2.3865643
M1-MAA001894-3_39_F-1-1,3.180617
M20-MAA000560-3_10_M-1-1,2.994972
M20-MAA001894-3_39_F-1-1,3.6309237
M21-MAA000926-3_9_M-1-1,3.4000845
M2-MAA001894-3_39_F-1-1,3.4964855
M4-MAA000935-3_8_M-1-1,0.5375289
M5-MAA000926-3_9_M-1-1,3.513873
M6-MAA000926-3_9_M-1-1,3.279193
M6-MAA000942-3_8_M-1-1,2.1868796
M7-MAA000564-3_10_M-1-1,3.2405422
M8-MAA000564-3_10_M-1-1,3.4801414
M8-MAA000926-3_9_M-1-1,3.0823836
M8-MAA000940-3_8_M-1-1,3.1494672
N10-B001688-3_38_F-1-1,2.9939127
N11-MAA000560-3_10_M-1-1,3.8259363
N12-MAA000560-3_10_M-1-1,3.8242555
N12-MAA000935-3_8_M-1-1,2.4869976
N13-B003728-3_56_F-1-1,3.370904
N13-MAA000550-3_10_M-1-1,0.40804836
N13-MAA000925-3_9_M-1-1,1.1503881
N13-MAA000926-3_9_M-1-1,3.8846035
N13-MAA000947-3_9_M-1-1,1.6672845
N14-MAA001894-3_39_F-1-1,3.3407934
N15-MAA000560-3_10_M-1-1,4.057403
N15-MAA000935-3_8_M-1-1,3.1883183
N15-MAA000944-3_9_M-1-1,3.3053882
N17-MAA000560-3_10_M-1-1,3.4744108
N17-MAA000925-3_9_M-1-1,2.7613745
N18-MAA000560-3_10_M-1-1,3.333993
N19-MAA000560-3_10_M-1-1,3.9106424
N20-MAA000925-3_9_M-1-1,2.5905588
N20-MAA001894-3_39_F-1-1,3.3178308
N22-MAA000923-3_9_M-1-1,0.0
N2-MAA000560-3_10_M-1-1,1.9959843
N3-B003728-3_56_F-1-1,0.5202051
N4-MAA000550-3_10_M-1-1,3.4167123
N5-MAA000615-3_10_M-1-1,2.258442
N5-MAA000926-3_9_M-1-1,2.623852
N7-MAA000935-3_8_M-1-1,3.4260375
N8-B000621-3_56_F-1-1,3.9509807
N8-B003274-3_38_F-1-1,1.6175983
N8-MAA000941-3_8_M-1-1,2.35843
N9-MAA000923-3_9_M-1-1,1.7811532
N9-MAA000926-3_9_M-1-1,3.2573433
O14-MAA000942-3_8_M-1-1,4.0037246
O15-MAA000560-3_10_M-1-1,2.4859293
O15-MAA000926-3_9_M-1-1,3.3099473
O15-MAA000930-3_8_M-1-1,1.6927266
O16-MAA000564-3_10_M-1-1,3.6684322
O16-MAA000926-3_9_M-1-1,2.846191
O16-MAA001894-3_39_F-1-1,3.525373
O17-MAA000560-3_10_M-1-1,2.7694812
O17-MAA000564-3_10_M-1-1,3.9569807
O17-MAA000926-3_9_M-1-1,1.1034849
O18-MAA000926-3_9_M-1-1,2.3426683
O19-MAA000560-3_10_M-1-1,3.7891517
O19-MAA000923-3_9_M-1-1,2.540781
O1-MAA000560-3_10_M-1-1,1.0293217
O1-MAA000926-3_9_M-1-1,3.232268
O20-MAA000935-3_8_M-1-1,1.8770446
O20-MAA001894-3_39_F-1-1,3.4339364
O21-MAA000550-3_10_M-1-1,3.4798098
O22-MAA000560-3_10_M-1-1,3.2155395
O22-MAA000926-3_9_M-1-1,0.13082667
O22-MAA001894-3_39_F-1-1,3.374918
O2-MAA000926-3_9_M-1-1,3.9213464
O4-B000404-3_56_F-1-1,3.6695392
O5-MAA000560-3_10_M-1-1,2.9219456
O6-MAA000930-3_8_M-1-1,3.25708
O6-MAA001894-3_39_F-1-1,2.0443954
O7-B001688-3_38_F-1-1,2.0398254
O8-MAA000947-3_9_M-1-1,3.2460854
O9-MAA000926-3_9_M-1-1,1.500076
O9-MAA000947-3_9_M-1-1,3.875565
P12-MAA000560-3_10_M-1-1,2.5827498
P12-MAA000942-3_8_M-1-1,3.223096
P13-MAA000560-3_10_M-1-1,2.1866353
P16-MAA000560-3_10_M-1-1,3.5082247
P17-MAA000560-3_10_M-1-1,3.1900225
P17-MAA000923-3_9_M-1-1,3.2285836
P18-MAA001894-3_39_F-1-1,2.7700849
P19-MAA000560-3_10_M-1-1,0.08705193
P19-MAA000935-3_8_M-1-1,3.7032137
P1-MAA000560-3_10_M-1-1,2.462451
P20-MAA000560-3_10_M-1-1,3.4944005
P20-MAA000578-3_10_M-1-1,3.6161447
P20-MAA000926-3_9_M-1-1,2.312698
P20-MAA001894-3_39_F-1-1,2.8117578
P22-B000621-3_56_F-1-1,2.9930377
P22-MAA000926-3_9_M-1-1,3.229305
P22-MAA001894-3_39_F-1-1,2.5334888
P3-MAA000923-3_9_M-1-1,3.3719826
P4-MAA000564-3_10_M-1-1,3.703135
P4-MAA000923-3_9_M-1-1,1.3747156
P4-MAA000930-3_8_M-1-1,3.0918941
P5-MAA000926-3_9_M-1-1,1.8907936
P5-MAA000930-3_8_M-1-1,2.6309304
P5-MAA001894-3_39_F-1-1,3.3894787
P6-MAA000560-3_10_M-1-1,3.2537684
P6-MAA000942-3_8_M-1-1,2.95125
P7-MAA000564-3_10_M-1-1,3.7378597
P7-MAA000947-3_9_M-1-1,1.9073148
P8-MAA000560-3_10_M-1-1,3.46144
P9-MAA000930-3_8_M-1-1,2.6074476
P9-MAA001894-3_39_F-1-1,2.7982802
A10-MAA000571-3_9_M-1-1,4.4505653
A10-MAA000572-3_8_M-1-1,3.5573108
A10-MAA000590-3_9_M-1-1,3.7593071
A10-MAA000591-3_8_M-1-1,3.8119729
A10-MAA000593-3_8_M-1-1,2.1877398
A10-MAA000603-3_10_M-1-1,3.4837153
A10-MAA000605-3_10_M-1-1,4.0950165
A10-MAA000617-3_10_M-1-1,4.0585666
A11-B000825-3_38_F-1-1,0.0
A11-B000826-3_39_F-1-1,2.7727802
A11-B001176-3_56_F-1-1,4.48748
A11-B001689-3_38_F-1-1,3.320206
A11-B003278-3_38_F-1-1,1.8472598
A11-B003279-3_38_F-1-1,3.7500477
A11-B003292-3_39_F-1-1,2.6423807
A11-MAA000570-3_8_M-1-1,3.801188
A11-MAA000572-3_8_M-1-1,3.5027716
A11-MAA000590-3_9_M-1-1,3.814992
A11-MAA000603-3_10_M-1-1,3.679797
A11-MAA000604-3_10_M-1-1,3.8619502
A11-MAA000605-3_10_M-1-1,4.7120357
A11-MAA000617-3_10_M-1-1,3.7912676
A12-B000825-3_38_F-1-1,0.05066602
A12-B000826-3_39_F-1-1,3.0614026
A12-B001176-3_56_F-1-1,3.8899322
A12-B001689-3_38_F-1-1,3.988381
A12-B003292-3_39_F-1-1,2.98241
A12-MAA000572-3_8_M-1-1,3.95858
A12-MAA000590-3_9_M-1-1,4.4454803
A12-MAA000591-3_8_M-1-1,3.2439811
A12-MAA000592-3_9_M-1-1,3.5212133
A12-MAA000603-3_10_M-1-1,3.5069942
A12-MAA000604-3_10_M-1-1,4.359144
A12-MAA000605-3_10_M-1-1,3.9226613
A12-MAA000617-3_10_M-1-1,3.800929
A13-B000825-3_38_F-1-1,0.47141728
A13-B000826-3_39_F-1-1,3.6265604
A13-B001176-3_56_F-1-1,3.9195795
A13-B001689-3_38_F-1-1,3.616419
A13-B003279-3_38_F-1-1,3.5680742
A13-B003292-3_39_F-1-1,4.0585113
A13-MAA000603-3_10_M-1-1,3.3502343
A13-MAA000604-3_10_M-1-1,4.150112
A13-MAA000617-3_10_M-1-1,4.2000713
A14-B000825-3_38_F-1-1,0.5681213
A14-B000826-3_39_F-1-1,2.0938804
A14-B001176-3_56_F-1-1,3.8721519
A14-B001689-3_38_F-1-1,3.371627
A14-B003279-3_38_F-1-1,3.1237514
A14-B003292-3_39_F-1-1,2.960192
A14-MAA000590-3_9_M-1-1,4.1056733
A14-MAA000591-3_8_M-1-1,3.9687505
A14-MAA000603-3_10_M-1-1,3.836331
A14-MAA000604-3_10_M-1-1,4.4665756
A14-MAA000605-3_10_M-1-1,4.188378
A14-MAA000617-3_10_M-1-1,4.193574
A15-B000825-3_38_F-1-1,2.3221
A15-B000826-3_39_F-1-1,2.5022836
A15-B001176-3_56_F-1-1,4.1330495
A15-B001689-3_38_F-1-1,3.494377
A15-B003279-3_38_F-1-1,3.519489
A15-B003281-3_39_F-1-1,2.4272616
A15-B003292-3_39_F-1-1,3.2802734
A15-MAA000570-3_8_M-1-1,3.2255058
A15-MAA000572-3_8_M-1-1,2.3481777
A15-MAA000573-3_9_M-1-1,4.1495724
A15-MAA000590-3_9_M-1-1,2.775071
A15-MAA000591-3_8_M-1-1,2.6062937
A15-MAA000592-3_9_M-1-1,4.087556
A15-MAA000593-3_8_M-1-1,3.124496
A15-MAA000603-3_10_M-1-1,3.1879764
A15-MAA000604-3_10_M-1-1,4.1363354
A15-MAA000605-3_10_M-1-1,4.0165935
A15-MAA000617-3_10_M-1-1,4.25077
A16-B000825-3_38_F-1-1,0.2501118
A16-B000826-3_39_F-1-1,3.8945541
A16-B001176-3_56_F-1-1,3.7577572
A16-B001689-3_38_F-1-1,3.6315463
A16-B003279-3_38_F-1-1,4.140576
A16-B003292-3_39_F-1-1,3.7448595
A16-MAA000572-3_8_M-1-1,3.6092265
A16-MAA000590-3_9_M-1-1,2.8633456
A16-MAA000593-3_8_M-1-1,4.2168508
A16-MAA000603-3_10_M-1-1,4.0867963
A16-MAA000604-3_10_M-1-1,3.7947693
A16-MAA000605-3_10_M-1-1,3.924888
A17-B000825-3_38_F-1-1,0.11389196
A17-B000826-3_39_F-1-1,3.14337
A17-B001176-3_56_F-1-1,4.275083
A17-B001689-3_38_F-1-1,1.6853619
A17-B003281-3_39_F-1-1,2.300725
A17-B003292-3_39_F-1-1,3.4188797
A17-MAA000605-3_10_M-1-1,4.121308
A17-MAA000617-3_10_M-1-1,4.0719543
A18-B000825-3_38_F-1-1,1.2787253
A18-B000826-3_39_F-1-1,2.5309782
A18-B001176-3_56_F-1-1,4.148924
A18-B001689-3_38_F-1-1,2.596949
A18-B003279-3_38_F-1-1,3.2188864
A18-B003292-3_39_F-1-1,4.9209576
A18-MAA000570-3_8_M-1-1,4.475932
A18-MAA000592-3_9_M-1-1,3.9753354
A18-MAA000603-3_10_M-1-1,4.235883
A18-MAA000604-3_10_M-1-1,3.982494
A18-MAA000605-3_10_M-1-1,4.4304957
A18-MAA000617-3_10_M-1-1,4.0815644
A19-B000826-3_39_F-1-1,2.5236046
A19-B001176-3_56_F-1-1,3.524327
A19-B001689-3_38_F-1-1,2.2772706
A19-B003279-3_38_F-1-1,3.8183165
A19-B003292-3_39_F-1-1,3.9719634
A19-MAA000570-3_8_M-1-1,0.97053194
A19-MAA000590-3_9_M-1-1,3.212505
A19-MAA000593-3_8_M-1-1,3.099446
A19-MAA000603-3_10_M-1-1,3.5702832
A19-MAA000605-3_10_M-1-1,3.843065
A19-MAA000617-3_10_M-1-1,4.6149883
A1-B000826-3_39_F-1-1,2.5945382
A1-B001176-3_56_F-1-1,4.303063
A1-B003279-3_38_F-1-1,2.6164746
A1-B003281-3_39_F-1-1,2.2190535
A1-B003292-3_39_F-1-1,2.7088754
A1-MAA000570-3_8_M-1-1,3.721283
A1-MAA000593-3_8_M-1-1,2.3967457
A1-MAA000603-3_10_M-1-1,3.61701
A1-MAA000604-3_10_M-1-1,3.8211446
A1-MAA000617-3_10_M-1-1,3.392051
A20-B000825-3_38_F-1-1,3.1815643
A20-B000826-3_39_F-1-1,2.4832006
A20-B001176-3_56_F-1-1,4.1244426
A20-B001689-3_38_F-1-1,3.2478127
A20-B003278-3_38_F-1-1,3.2394068
A20-B003279-3_38_F-1-1,4.0225606
A20-B003292-3_39_F-1-1,3.8481562
A20-MAA000570-3_8_M-1-1,4.2123184
A20-MAA000603-3_10_M-1-1,3.8565137
A20-MAA000604-3_10_M-1-1,4.1912847
A20-MAA000605-3_10_M-1-1,4.6834793
A20-MAA000617-3_10_M-1-1,4.2128706
A21-B000825-3_38_F-1-1,2.7628064
A21-B000826-3_39_F-1-1,2.8867855
A21-B001176-3_56_F-1-1,3.535939
A21-B003279-3_38_F-1-1,3.1515768
A21-B003292-3_39_F-1-1,4.080144
A21-MAA000603-3_10_M-1-1,3.9871693
A21-MAA000604-3_10_M-1-1,4.2558684
A21-MAA000605-3_10_M-1-1,3.8460217
A22-B000826-3_39_F-1-1,2.415886
A22-B001176-3_56_F-1-1,4.0033817
A22-B001689-3_38_F-1-1,2.8712466
A22-B003279-3_38_F-1-1,3.2582068
A22-B003281-3_39_F-1-1,2.4414763
A22-MAA000590-3_9_M-1-1,0.0
A22-MAA000603-3_10_M-1-1,3.573486
A22-MAA000604-3_10_M-1-1,3.0747523
A2-B000826-3_39_F-1-1,3.2926776
A2-B001176-3_56_F-1-1,3.8654325
A2-B001689-3_38_F-1-1,3.0208578
A2-B003279-3_38_F-1-1,4.1659145
A2-B003281-3_39_F-1-1,1.8757831
A2-B003292-3_39_F-1-1,3.6243503
A2-MAA000570-3_8_M-1-1,4.2545033
A2-MAA000572-3_8_M-1-1,3.52437
A2-MAA000590-3_9_M-1-1,3.660614
A2-MAA000592-3_9_M-1-1,3.6785588
A2-MAA000603-3_10_M-1-1,3.552636
A2-MAA000604-3_10_M-1-1,4.2447944
A2-MAA000617-3_10_M-1-1,4.309555
A3-B000825-3_38_F-1-1,0.6222215
A3-B000826-3_39_F-1-1,2.7212174
A3-B001176-3_56_F-1-1,3.9167857
A3-B001689-3_38_F-1-1,2.9548135
A3-B003279-3_38_F-1-1,3.9758637
A3-B003281-3_39_F-1-1,1.4806268
A3-B003292-3_39_F-1-1,3.255454
A3-MAA000570-3_8_M-1-1,4.143108
A3-MAA000572-3_8_M-1-1,4.054284
A3-MAA000573-3_9_M-1-1,4.2363667
A3-MAA000590-3_9_M-1-1,4.2018375
A3-MAA000592-3_9_M-1-1,2.6937554
A3-MAA000593-3_8_M-1-1,2.9571497
A3-MAA000603-3_10_M-1-1,3.7990117
A3-MAA000604-3_10_M-1-1,3.8024435
A3-MAA000617-3_10_M-1-1,4.211388
A4-B000825-3_38_F-1-1,2.5432732
A4-B000826-3_39_F-1-1,3.4282
A4-B001176-3_56_F-1-1,3.9435136
A4-B001689-3_38_F-1-1,2.18485
A4-B003278-3_38_F-1-1,3.333569
A4-B003279-3_38_F-1-1,1.9502316
A4-B003281-3_39_F-1-1,2.146086
A4-B003292-3_39_F-1-1,1.5722294
A4-MAA000570-3_8_M-1-1,3.280006
A4-MAA000573-3_9_M-1-1,3.5076756
A4-MAA000590-3_9_M-1-1,3.9642587
A4-MAA000591-3_8_M-1-1,4.040804
A4-MAA000592-3_9_M-1-1,2.920395
A4-MAA000603-3_10_M-1-1,3.6336815
A4-MAA000604-3_10_M-1-1,3.648252
A4-MAA000617-3_10_M-1-1,4.5824637
A5-B000825-3_38_F-1-1,3.0243561
A5-B000826-3_39_F-1-1,2.8367803
A5-B001176-3_56_F-1-1,2.9315333
A5-B001689-3_38_F-1-1,3.3347127
A5-B003279-3_38_F-1-1,3.6040714
A5-B003281-3_39_F-1-1,1.925852
A5-B003292-3_39_F-1-1,2.948837
A5-MAA000573-3_9_M-1-1,3.1711793
A5-MAA000590-3_9_M-1-1,4.785072
A5-MAA000591-3_8_M-1-1,4.191644
A5-MAA000593-3_8_M-1-1,3.4100113
A5-MAA000603-3_10_M-1-1,3.841377
A5-MAA000604-3_10_M-1-1,3.481365
A5-MAA000617-3_10_M-1-1,4.9593296
A6-B000825-3_38_F-1-1,3.4611034
A6-B000826-3_39_F-1-1,3.0749
A6-B001176-3_56_F-1-1,3.4307184
A6-B001689-3_38_F-1-1,3.6431618
A6-B003279-3_38_F-1-1,3.335062
A6-B003281-3_39_F-1-1,2.0678246
A6-B003292-3_39_F-1-1,3.1069634
A6-MAA000572-3_8_M-1-1,3.4872055
A6-MAA000590-3_9_M-1-1,3.7767372
A6-MAA000591-3_8_M-1-1,3.6452053
A6-MAA000603-3_10_M-1-1,4.4448767
A6-MAA000604-3_10_M-1-1,3.9135633
A6-MAA000617-3_10_M-1-1,4.203177
A7-B000825-3_38_F-1-1,2.795
A7-B000826-3_39_F-1-1,2.6546335
A7-B001176-3_56_F-1-1,3.1269617
A7-B001689-3_38_F-1-1,4.340367
A7-B003279-3_38_F-1-1,0.8934076
A7-B003292-3_39_F-1-1,2.5992494
A7-MAA000572-3_8_M-1-1,2.0287714
A7-MAA000603-3_10_M-1-1,3.4965706
A7-MAA000617-3_10_M-1-1,3.988203
A8-B000825-3_38_F-1-1,2.2101555
A8-B000826-3_39_F-1-1,3.3123403
A8-B001176-3_56_F-1-1,4.3543572
A8-B001689-3_38_F-1-1,1.3551035
A8-B003279-3_38_F-1-1,3.248449
A8-B003281-3_39_F-1-1,1.878416
A8-B003292-3_39_F-1-1,2.7046688
A8-MAA000590-3_9_M-1-1,3.8155677
A8-MAA000591-3_8_M-1-1,2.7328513
A8-MAA000603-3_10_M-1-1,3.656972
A8-MAA000604-3_10_M-1-1,4.2159986
A8-MAA000605-3_10_M-1-1,3.5369773
A8-MAA000617-3_10_M-1-1,4.3679724
A9-B000825-3_38_F-1-1,1.4850526
A9-B001689-3_38_F-1-1,3.8026173
A9-B003279-3_38_F-1-1,4.667374
A9-B003292-3_39_F-1-1,3.109087
A9-MAA000603-3_10_M-1-1,3.6925473
A9-MAA000604-3_10_M-1-1,3.6552851
A9-MAA000605-3_10_M-1-1,3.548699
A9-MAA000617-3_10_M-1-1,3.9389002
B10-B000825-3_38_F-1-1,3.095984
B10-B000826-3_39_F-1-1,3.6946478
B10-B001176-3_56_F-1-1,3.817701
B10-B001689-3_38_F-1-1,3.9633577
B10-B003278-3_38_F-1-1,3.471932
B10-B003279-3_38_F-1-1,4.0053105
B10-B003292-3_39_F-1-1,4.659749
B10-MAA000590-3_9_M-1-1,4.390737
B10-MAA000593-3_8_M-1-1,3.1483173
B10-MAA000603-3_10_M-1-1,3.5749624
B10-MAA000605-3_10_M-1-1,3.275899
B10-MAA000617-3_10_M-1-1,4.1644645
B11-B000825-3_38_F-1-1,2.6306357
B11-B000826-3_39_F-1-1,3.8821135
B11-B001176-3_56_F-1-1,3.7030938
B11-B001689-3_38_F-1-1,3.3115861
B11-B003281-3_39_F-1-1,2.9242694
B11-B003292-3_39_F-1-1,3.958283
B11-MAA000570-3_8_M-1-1,2.5276887
B11-MAA000572-3_8_M-1-1,3.2192323
B11-MAA000591-3_8_M-1-1,3.5598147
B11-MAA000592-3_9_M-1-1,3.47241
B11-MAA000605-3_10_M-1-1,3.5060427
B12-B000825-3_38_F-1-1,3.4758186
B12-B000826-3_39_F-1-1,3.8796177
B12-B001689-3_38_F-1-1,3.0270522
B12-B003278-3_38_F-1-1,2.4747667
B12-B003279-3_38_F-1-1,3.8626742
B12-B003281-3_39_F-1-1,3.2933967
B12-B003292-3_39_F-1-1,4.043911
B12-MAA000572-3_8_M-1-1,3.014162
B12-MAA000590-3_9_M-1-1,2.8599842
B12-MAA000591-3_8_M-1-1,3.7686129
B12-MAA000592-3_9_M-1-1,3.3546135
B12-MAA000603-3_10_M-1-1,3.7851794
B12-MAA000605-3_10_M-1-1,4.2772408
B12-MAA000617-3_10_M-1-1,4.4286585
B13-B000825-3_38_F-1-1,2.3577185
B13-B000826-3_39_F-1-1,4.4573193
B13-B001689-3_38_F-1-1,3.671289
B13-B003278-3_38_F-1-1,3.72931
B13-B003279-3_38_F-1-1,3.9721704
B13-B003292-3_39_F-1-1,2.6062174
B13-MAA000603-3_10_M-1-1,3.0965366
B13-MAA000605-3_10_M-1-1,4.110371
B13-MAA000617-3_10_M-1-1,3.7824771
B14-B000825-3_38_F-1-1,4.1296754
B14-B000826-3_39_F-1-1,3.7400017
B14-B001689-3_38_F-1-1,3.4885676
B14-B003279-3_38_F-1-1,3.5530825
B14-B003292-3_39_F-1-1,3.7223604
B14-MAA000590-3_9_M-1-1,4.041111
B14-MAA000603-3_10_M-1-1,3.4123027
B14-MAA000604-3_10_M-1-1,4.2893486
B14-MAA000617-3_10_M-1-1,4.091398
B15-B000825-3_38_F-1-1,2.2673788
B15-B000826-3_39_F-1-1,3.3469083
B15-B001176-3_56_F-1-1,3.8086967
B15-B001689-3_38_F-1-1,4.708228
B15-B003279-3_38_F-1-1,4.159282
B15-B003292-3_39_F-1-1,3.626335
B15-MAA000590-3_9_M-1-1,2.651383
B15-MAA000592-3_9_M-1-1,3.9874246
B15-MAA000603-3_10_M-1-1,3.7166524
B15-MAA000604-3_10_M-1-1,3.9793675
B15-MAA000605-3_10_M-1-1,4.2671366
B15-MAA000617-3_10_M-1-1,4.0812774
B16-B000825-3_38_F-1-1,3.3832822
B16-B000826-3_39_F-1-1,3.9768577
B16-B001176-3_56_F-1-1,3.952335
B16-B001689-3_38_F-1-1,3.659486
B16-B003279-3_38_F-1-1,2.935167
B16-B003292-3_39_F-1-1,2.917054
B16-MAA000572-3_8_M-1-1,4.1051335
B16-MAA000590-3_9_M-1-1,4.784129
B16-MAA000591-3_8_M-1-1,3.0641015
B16-MAA000592-3_9_M-1-1,3.6769137
B16-MAA000603-3_10_M-1-1,3.5895693
B16-MAA000604-3_10_M-1-1,3.9848046
B16-MAA000605-3_10_M-1-1,0.22749647
B16-MAA000617-3_10_M-1-1,4.060302
B17-B000825-3_38_F-1-1,3.7825103
B17-B000826-3_39_F-1-1,3.6412647
B17-B003279-3_38_F-1-1,4.438217
B17-B003292-3_39_F-1-1,3.5297205
B17-MAA000591-3_8_M-1-1,3.4777055
B17-MAA000603-3_10_M-1-1,4.206897
B17-MAA000604-3_10_M-1-1,3.6619966
B17-MAA000605-3_10_M-1-1,3.6732376
B17-MAA000617-3_10_M-1-1,4.2937536
B18-B000825-3_38_F-1-1,3.8231463
B18-B000826-3_39_F-1-1,3.3549623
B18-B001176-3_56_F-1-1,4.1342974
B18-B001689-3_38_F-1-1,1.340153
B18-B003279-3_38_F-1-1,3.0216694
B18-B003292-3_39_F-1-1,3.696271
B18-MAA000592-3_9_M-1-1,3.531176
B18-MAA000593-3_8_M-1-1,3.193055
B18-MAA000603-3_10_M-1-1,4.146034
B18-MAA000604-3_10_M-1-1,3.8257794
B18-MAA000605-3_10_M-1-1,4.846064
B18-MAA000617-3_10_M-1-1,3.3837132
B19-B000825-3_38_F-1-1,3.4944894
B19-B000826-3_39_F-1-1,2.865513
B19-B001176-3_56_F-1-1,3.8210092
B19-B001689-3_38_F-1-1,3.3626666
B19-B003279-3_38_F-1-1,4.2783823
B19-B003292-3_39_F-1-1,3.697698
B19-MAA000570-3_8_M-1-1,4.174196
B19-MAA000592-3_9_M-1-1,3.7670062
B19-MAA000603-3_10_M-1-1,4.3671236
B19-MAA000604-3_10_M-1-1,3.878202
B19-MAA000617-3_10_M-1-1,4.3002343
B1-B000825-3_38_F-1-1,2.097356
B1-B000826-3_39_F-1-1,2.9470477
B1-B001176-3_56_F-1-1,3.829046
B1-B001689-3_38_F-1-1,4.1417217
B1-B003278-3_38_F-1-1,2.9155087
B1-B003279-3_38_F-1-1,3.8693192
B1-B003281-3_39_F-1-1,1.8030558
B1-B003292-3_39_F-1-1,3.1548564
B1-MAA000590-3_9_M-1-1,2.772216
B1-MAA000592-3_9_M-1-1,3.9763474
B1-MAA000593-3_8_M-1-1,3.3083656
B1-MAA000604-3_10_M-1-1,4.2836275
B1-MAA000617-3_10_M-1-1,3.2442331
B20-B000825-3_38_F-1-1,2.951868
B20-B000826-3_39_F-1-1,3.5150564
B20-B001176-3_56_F-1-1,3.5690415
B20-B001689-3_38_F-1-1,4.3198395
B20-B003279-3_38_F-1-1,1.9491609
B20-B003292-3_39_F-1-1,3.6949883
B20-MAA000570-3_8_M-1-1,4.4245915
B20-MAA000590-3_9_M-1-1,3.6072085
B20-MAA000592-3_9_M-1-1,4.001767
B20-MAA000603-3_10_M-1-1,3.920602
B20-MAA000604-3_10_M-1-1,4.1496916
B20-MAA000605-3_10_M-1-1,4.6357226
B21-B000825-3_38_F-1-1,3.1195323
B21-B001176-3_56_F-1-1,4.0862103
B21-B001689-3_38_F-1-1,3.2055907
B21-B003292-3_39_F-1-1,3.5388446
B21-MAA000590-3_9_M-1-1,4.6800613
B21-MAA000603-3_10_M-1-1,3.729008
B21-MAA000605-3_10_M-1-1,4.193584
B22-B000826-3_39_F-1-1,3.6621065
B22-B001176-3_56_F-1-1,3.4974875
B22-B001689-3_38_F-1-1,3.4808104
B22-MAA000603-3_10_M-1-1,3.5194914
B22-MAA000604-3_10_M-1-1,4.542283
B22-MAA000605-3_10_M-1-1,3.6161215
B2-B000825-3_38_F-1-1,3.262911
B2-B000826-3_39_F-1-1,3.64502
B2-B001176-3_56_F-1-1,4.2497935
B2-B001689-3_38_F-1-1,4.3537297
B2-B003279-3_38_F-1-1,3.5404222
B2-B003281-3_39_F-1-1,2.3765242
B2-B003292-3_39_F-1-1,4.2139344
B2-MAA000570-3_8_M-1-1,3.0265076
B2-MAA000572-3_8_M-1-1,3.4277105
B2-MAA000590-3_9_M-1-1,3.7042758
B2-MAA000592-3_9_M-1-1,3.6624892
B2-MAA000593-3_8_M-1-1,3.3936303
B2-MAA000603-3_10_M-1-1,4.3466897
B2-MAA000604-3_10_M-1-1,4.185457
B2-MAA000617-3_10_M-1-1,3.6455896
B3-B000825-3_38_F-1-1,1.4324561
B3-B000826-3_39_F-1-1,3.4855485
B3-B001176-3_56_F-1-1,1.497979
B3-B001689-3_38_F-1-1,4.105957
B3-B003279-3_38_F-1-1,3.58384
B3-B003281-3_39_F-1-1,3.233341
B3-B003292-3_39_F-1-1,3.654037
B3-MAA000570-3_8_M-1-1,0.3698721
B3-MAA000572-3_8_M-1-1,4.355834
B3-MAA000590-3_9_M-1-1,3.576353
B3-MAA000592-3_9_M-1-1,1.7967697
B3-MAA000593-3_8_M-1-1,1.3890728
B3-MAA000603-3_10_M-1-1,4.0641427
B3-MAA000604-3_10_M-1-1,4.2093344
B3-MAA000617-3_10_M-1-1,3.9287817
B4-B000825-3_38_F-1-1,3.6283956
B4-B000826-3_39_F-1-1,2.7645712
B4-B001176-3_56_F-1-1,4.406151
B4-B001689-3_38_F-1-1,3.3407788
B4-B003279-3_38_F-1-1,3.8622375
B4-B003281-3_39_F-1-1,2.9066403
B4-B003292-3_39_F-1-1,3.4086154
B4-MAA000570-3_8_M-1-1,4.0113153
B4-MAA000572-3_8_M-1-1,3.9747336
B4-MAA000590-3_9_M-1-1,3.0559998
B4-MAA000592-3_9_M-1-1,3.2148938
B4-MAA000593-3_8_M-1-1,3.4690995
B4-MAA000603-3_10_M-1-1,4.006066
B4-MAA000604-3_10_M-1-1,4.5569267
B4-MAA000617-3_10_M-1-1,4.4474607
B5-B000825-3_38_F-1-1,1.487404
B5-B000826-3_39_F-1-1,3.877637
B5-B001689-3_38_F-1-1,3.579329
B5-B003279-3_38_F-1-1,3.5446217
B5-B003281-3_39_F-1-1,3.495833
B5-B003292-3_39_F-1-1,3.9999754
B5-MAA000591-3_8_M-1-1,3.865651
B5-MAA000593-3_8_M-1-1,3.0977437
B5-MAA000603-3_10_M-1-1,4.726294
B5-MAA000604-3_10_M-1-1,4.108645
B6-B000825-3_38_F-1-1,3.5880766
B6-B000826-3_39_F-1-1,3.7660954
B6-B001689-3_38_F-1-1,3.4636667
B6-B003279-3_38_F-1-1,3.4722152
B6-B003281-3_39_F-1-1,2.5906103
B6-B003292-3_39_F-1-1,3.6738865
B6-MAA000572-3_8_M-1-1,3.8197494
B6-MAA000590-3_9_M-1-1,3.7095747
B6-MAA000592-3_9_M-1-1,3.1753614
B6-MAA000603-3_10_M-1-1,3.7985373
B6-MAA000604-3_10_M-1-1,3.3285441
B6-MAA000617-3_10_M-1-1,4.467739
B7-B000825-3_38_F-1-1,2.4596784
B7-B000826-3_39_F-1-1,3.4793446
B7-B001176-3_56_F-1-1,3.7919157
B7-B001689-3_38_F-1-1,2.9734817
B7-B003279-3_38_F-1-1,4.3846807
B7-B003281-3_39_F-1-1,2.7309113
B7-B003292-3_39_F-1-1,3.6078684
B7-MAA000590-3_9_M-1-1,3.7610133
B7-MAA000593-3_8_M-1-1,0.82048196
B7-MAA000603-3_10_M-1-1,3.6955304
B7-MAA000604-3_10_M-1-1,4.316016
B7-MAA000617-3_10_M-1-1,3.4722471
B8-B000825-3_38_F-1-1,2.9997678
B8-B000826-3_39_F-1-1,3.5590377
B8-B001176-3_56_F-1-1,3.4675875
B8-B003281-3_39_F-1-1,2.935513
B8-B003292-3_39_F-1-1,3.781828
B8-MAA000570-3_8_M-1-1,4.427395
B8-MAA000571-3_9_M-1-1,3.8784788
B8-MAA000572-3_8_M-1-1,4.0015078
B8-MAA000591-3_8_M-1-1,4.1716433
B8-MAA000593-3_8_M-1-1,2.9877558
B8-MAA000603-3_10_M-1-1,3.8838809
B9-B000825-3_38_F-1-1,3.2962763
B9-B001176-3_56_F-1-1,3.4388385
B9-B001689-3_38_F-1-1,3.7389283
B9-B003279-3_38_F-1-1,3.2412407
B9-B003292-3_39_F-1-1,3.842324
B9-MAA000592-3_9_M-1-1,3.194612
B9-MAA000603-3_10_M-1-1,3.4555907
B9-MAA000605-3_10_M-1-1,3.4765491
B9-MAA000617-3_10_M-1-1,3.5232003
C10-B000825-3_38_F-1-1,3.230772
C10-B000826-3_39_F-1-1,3.4623053
C10-B001176-3_56_F-1-1,4.2170033
C10-B001689-3_38_F-1-1,3.7728734
C10-B003279-3_38_F-1-1,3.961365
C10-MAA000590-3_9_M-1-1,3.4413328
C10-MAA000603-3_10_M-1-1,3.9861698
C10-MAA000605-3_10_M-1-1,4.424246
C10-MAA000617-3_10_M-1-1,3.4490707
C11-B000825-3_38_F-1-1,3.426777
C11-B000826-3_39_F-1-1,3.4020288
C11-B001176-3_56_F-1-1,3.5144665
C11-B001689-3_38_F-1-1,3.6354434
C11-B003278-3_38_F-1-1,3.6525533
C11-B003279-3_38_F-1-1,3.3012924
C11-B003292-3_39_F-1-1,3.4190784
C11-MAA000572-3_8_M-1-1,2.671175
C11-MAA000603-3_10_M-1-1,4.2711883
C11-MAA000605-3_10_M-1-1,3.794785
C11-MAA000617-3_10_M-1-1,4.4835696
C12-B000826-3_39_F-1-1,3.5923476
C12-B001176-3_56_F-1-1,3.7760708
C12-B001689-3_38_F-1-1,3.7069166
C12-B003279-3_38_F-1-1,3.6747298
C12-B003281-3_39_F-1-1,3.3548265
C12-B003292-3_39_F-1-1,2.710426
C12-MAA000570-3_8_M-1-1,4.1242914
C12-MAA000572-3_8_M-1-1,3.5303721
C12-MAA000590-3_9_M-1-1,3.8005013
C12-MAA000603-3_10_M-1-1,3.819439
C12-MAA000605-3_10_M-1-1,3.9692645
C12-MAA000617-3_10_M-1-1,3.9118247
C13-B000826-3_39_F-1-1,3.1557443
C13-B001176-3_56_F-1-1,3.8764298
C13-B001689-3_38_F-1-1,4.1852903
C13-B003279-3_38_F-1-1,0.0
C13-B003281-3_39_F-1-1,3.0277615
C13-B003292-3_39_F-1-1,3.833353
C13-MAA000603-3_10_M-1-1,4.236291
C13-MAA000605-3_10_M-1-1,3.5475426
C13-MAA000617-3_10_M-1-1,4.5469313
C14-B000826-3_39_F-1-1,4.2237797
C14-B001176-3_56_F-1-1,4.203071
C14-B001689-3_38_F-1-1,3.4602683
C14-B003279-3_38_F-1-1,4.1753607
C14-B003281-3_39_F-1-1,2.305115
C14-B003292-3_39_F-1-1,4.527748
C14-MAA000570-3_8_M-1-1,5.128482
C14-MAA000572-3_8_M-1-1,4.110478
C14-MAA000590-3_9_M-1-1,0.55951804
C14-MAA000603-3_10_M-1-1,3.9328177
C14-MAA000605-3_10_M-1-1,3.7972972
C14-MAA000617-3_10_M-1-1,4.65514
C15-B000825-3_38_F-1-1,3.118625
C15-B000826-3_39_F-1-1,4.237169
C15-B001176-3_56_F-1-1,4.104592
C15-B001689-3_38_F-1-1,3.919569
C15-B003279-3_38_F-1-1,3.8193974
C15-B003281-3_39_F-1-1,3.4272578
C15-B003292-3_39_F-1-1,4.1060123
C15-MAA000590-3_9_M-1-1,3.4904068
C15-MAA000603-3_10_M-1-1,3.595946
C15-MAA000605-3_10_M-1-1,3.8934898
C15-MAA000617-3_10_M-1-1,4.2879705
C16-B000825-3_38_F-1-1,2.205873
C16-B000826-3_39_F-1-1,3.6162012
C16-B001176-3_56_F-1-1,3.388056
C16-B003279-3_38_F-1-1,4.2249928
C16-B003281-3_39_F-1-1,3.465889
C16-B003292-3_39_F-1-1,3.5605264
C16-MAA000572-3_8_M-1-1,2.0667737
C16-MAA000590-3_9_M-1-1,4.682371
C16-MAA000603-3_10_M-1-1,3.1332893
C16-MAA000605-3_10_M-1-1,4.160997
C16-MAA000617-3_10_M-1-1,4.3249726
C17-B000825-3_38_F-1-1,3.7804618
C17-B000826-3_39_F-1-1,3.9861226
C17-B001689-3_38_F-1-1,1.1867332
C17-B003279-3_38_F-1-1,4.8516836
C17-B003292-3_39_F-1-1,4.298409
C17-MAA000591-3_8_M-1-1,4.5792317
C17-MAA000603-3_10_M-1-1,3.2502189
C17-MAA000605-3_10_M-1-1,2.4399896
C17-MAA000617-3_10_M-1-1,4.225824
C18-B000825-3_38_F-1-1,3.1517458
C18-B000826-3_39_F-1-1,3.9313555
C18-B001176-3_56_F-1-1,4.4625883
C18-B001689-3_38_F-1-1,3.9100003
C18-B003278-3_38_F-1-1,3.2852561
C18-B003279-3_38_F-1-1,3.9802878
C18-B003292-3_39_F-1-1,3.8681812
C18-MAA000593-3_8_M-1-1,3.730515
C18-MAA000603-3_10_M-1-1,3.565611
C18-MAA000604-3_10_M-1-1,4.266707
C18-MAA000605-3_10_M-1-1,4.6560063
C18-MAA000617-3_10_M-1-1,4.9543295
C19-B000825-3_38_F-1-1,2.640021
C19-B000826-3_39_F-1-1,3.9069452
C19-B001176-3_56_F-1-1,3.426991
C19-B001689-3_38_F-1-1,3.2611494
C19-B003278-3_38_F-1-1,4.0260596
C19-B003279-3_38_F-1-1,3.8895845
C19-B003292-3_39_F-1-1,2.9979002
C19-MAA000592-3_9_M-1-1,4.0944886
C19-MAA000603-3_10_M-1-1,3.4280975
C19-MAA000604-3_10_M-1-1,4.1763425
C19-MAA000605-3_10_M-1-1,3.9127433
C19-MAA000617-3_10_M-1-1,4.3625693
C1-B000825-3_38_F-1-1,2.5970616
C1-B000826-3_39_F-1-1,2.5235267
C1-B001176-3_56_F-1-1,4.137109
C1-B001689-3_38_F-1-1,2.6645422
C1-B003279-3_38_F-1-1,3.1047623
C1-B003281-3_39_F-1-1,1.5809102
C1-B003292-3_39_F-1-1,2.8112438
C1-MAA000570-3_8_M-1-1,4.11182
C1-MAA000572-3_8_M-1-1,3.6152585
C1-MAA000590-3_9_M-1-1,4.64982
C1-MAA000593-3_8_M-1-1,3.5577075
C1-MAA000603-3_10_M-1-1,4.0729237
C1-MAA000604-3_10_M-1-1,4.1418715
C1-MAA000617-3_10_M-1-1,4.4935513
C20-B000825-3_38_F-1-1,3.855886
C20-B000826-3_39_F-1-1,3.29954
C20-B001176-3_56_F-1-1,4.385234
C20-B001689-3_38_F-1-1,4.1825995
C20-B003278-3_38_F-1-1,3.4625783
C20-B003292-3_39_F-1-1,4.5495224
C20-MAA000603-3_10_M-1-1,3.509674
C20-MAA000604-3_10_M-1-1,4.619829
C20-MAA000605-3_10_M-1-1,3.5442564
C21-B000825-3_38_F-1-1,3.0591002
C21-B000826-3_39_F-1-1,3.4307666
C21-B001176-3_56_F-1-1,3.8237202
C21-B001689-3_38_F-1-1,3.438375
C21-B003279-3_38_F-1-1,3.8678885
C21-B003281-3_39_F-1-1,3.5441937
C21-B003292-3_39_F-1-1,4.0487294
C21-MAA000572-3_8_M-1-1,4.053632
C21-MAA000593-3_8_M-1-1,2.1677175
C21-MAA000604-3_10_M-1-1,4.3306074
C22-B000826-3_39_F-1-1,3.2822943
C22-B001176-3_56_F-1-1,2.9370546
C22-B003279-3_38_F-1-1,4.0165205
C22-B003281-3_39_F-1-1,3.2950256
C22-MAA000590-3_9_M-1-1,0.3484703
C22-MAA000603-3_10_M-1-1,4.3687544
C22-MAA000604-3_10_M-1-1,4.220139
C22-MAA000605-3_10_M-1-1,3.3350642
C2-B000825-3_38_F-1-1,1.8275074
C2-B000826-3_39_F-1-1,3.0794063
C2-B001176-3_56_F-1-1,4.383361
C2-B001689-3_38_F-1-1,4.4614286
C2-B003278-3_38_F-1-1,3.1929379
C2-B003279-3_38_F-1-1,3.6047835
C2-B003281-3_39_F-1-1,3.5326366
C2-B003292-3_39_F-1-1,3.9746158
C2-MAA000570-3_8_M-1-1,2.7887287
C2-MAA000572-3_8_M-1-1,3.9503915
C2-MAA000573-3_9_M-1-1,4.096148
C2-MAA000590-3_9_M-1-1,3.8543906
C2-MAA000592-3_9_M-1-1,3.6544278
C2-MAA000593-3_8_M-1-1,3.2743464
C2-MAA000603-3_10_M-1-1,3.6004648
C2-MAA000617-3_10_M-1-1,4.1414604
C3-B000825-3_38_F-1-1,3.247608
C3-B000826-3_39_F-1-1,2.9354517
C3-B001689-3_38_F-1-1,3.9274936
C3-B003278-3_38_F-1-1,2.9326339
C3-B003279-3_38_F-1-1,2.4626536
C3-B003281-3_39_F-1-1,2.3624156
C3-B003292-3_39_F-1-1,3.6567912
C3-MAA000570-3_8_M-1-1,3.5313032
C3-MAA000572-3_8_M-1-1,3.5297172
C3-MAA000592-3_9_M-1-1,3.4526489
C3-MAA000593-3_8_M-1-1,3.1295896
C3-MAA000603-3_10_M-1-1,4.1952567
C3-MAA000604-3_10_M-1-1,3.7695746
C3-MAA000617-3_10_M-1-1,4.406645
C4-B000825-3_38_F-1-1,3.1272902
C4-B000826-3_39_F-1-1,3.7790637
C4-B001176-3_56_F-1-1,3.9098322
C4-B001689-3_38_F-1-1,3.1300247
C4-B003279-3_38_F-1-1,2.351906
C4-B003292-3_39_F-1-1,3.504885
C4-MAA000570-3_8_M-1-1,3.393541
C4-MAA000603-3_10_M-1-1,3.8143525
C4-MAA000604-3_10_M-1-1,3.9379
C4-MAA000617-3_10_M-1-1,3.4053195
C5-B000825-3_38_F-1-1,3.8578877
C5-B000826-3_39_F-1-1,3.49433
C5-B001176-3_56_F-1-1,3.9203427
C5-B001689-3_38_F-1-1,4.2399983
C5-B003278-3_38_F-1-1,4.2516065
C5-B003281-3_39_F-1-1,2.2801151
C5-B003292-3_39_F-1-1,3.7522447
C5-MAA000570-3_8_M-1-1,4.723151
C5-MAA000573-3_9_M-1-1,3.8731184
C5-MAA000592-3_9_M-1-1,2.7784019
C5-MAA000603-3_10_M-1-1,4.59906
C5-MAA000604-3_10_M-1-1,3.5735698
C5-MAA000617-3_10_M-1-1,3.8085666
C6-B000825-3_38_F-1-1,3.2530775
C6-B001176-3_56_F-1-1,3.171672
C6-B001689-3_38_F-1-1,3.8611405
C6-B003279-3_38_F-1-1,3.7581978
C6-B003292-3_39_F-1-1,4.330298
C6-MAA000590-3_9_M-1-1,4.2941604
C6-MAA000592-3_9_M-1-1,2.871221
C6-MAA000603-3_10_M-1-1,4.443507
C6-MAA000604-3_10_M-1-1,3.9120927
C6-MAA000617-3_10_M-1-1,4.5804105
C7-B000825-3_38_F-1-1,3.525129
C7-B000826-3_39_F-1-1,3.428717
C7-B001176-3_56_F-1-1,3.9210837
C7-B001689-3_38_F-1-1,3.6669939
C7-B003278-3_38_F-1-1,3.5931172
C7-B003279-3_38_F-1-1,2.5660498
C7-B003281-3_39_F-1-1,3.6552258
C7-B003292-3_39_F-1-1,3.5345097
C7-MAA000603-3_10_M-1-1,4.180453
C7-MAA000604-3_10_M-1-1,3.605165
C7-MAA000617-3_10_M-1-1,4.649194
C8-B000826-3_39_F-1-1,3.1684098
C8-B001176-3_56_F-1-1,3.5062985
C8-B001689-3_38_F-1-1,3.6598775
C8-B003279-3_38_F-1-1,4.5171204
C8-B003281-3_39_F-1-1,2.1434004
C8-B003292-3_39_F-1-1,3.1866727
C8-MAA000570-3_8_M-1-1,4.0130568
C8-MAA000591-3_8_M-1-1,2.6679223
C8-MAA000603-3_10_M-1-1,3.9439583
C8-MAA000617-3_10_M-1-1,4.0819635
C9-B000825-3_38_F-1-1,3.2673469
C9-B000826-3_39_F-1-1,3.0858154
C9-B001176-3_56_F-1-1,3.3492515
C9-B001689-3_38_F-1-1,3.5565395
C9-B003279-3_38_F-1-1,3.6677103
C9-B003281-3_39_F-1-1,3.361698
C9-B003292-3_39_F-1-1,3.691747
C9-MAA000571-3_9_M-1-1,4.273308
C9-MAA000603-3_10_M-1-1,4.4577827
C9-MAA000605-3_10_M-1-1,3.5527492
C9-MAA000617-3_10_M-1-1,4.4303274
D10-B000825-3_38_F-1-1,3.8867435
D10-B000826-3_39_F-1-1,4.067444
D10-B001176-3_56_F-1-1,3.8113596
D10-B001689-3_38_F-1-1,3.4984121
D10-B003281-3_39_F-1-1,3.497346
D10-B003292-3_39_F-1-1,3.55373
D10-MAA000572-3_8_M-1-1,3.5434783
D10-MAA000590-3_9_M-1-1,4.328169
D10-MAA000603-3_10_M-1-1,4.5183544
D10-MAA000605-3_10_M-1-1,4.3463383
D10-MAA000617-3_10_M-1-1,3.7281303
D11-B000825-3_38_F-1-1,4.2534733
D11-B000826-3_39_F-1-1,3.6200855
D11-B001176-3_56_F-1-1,4.1926928
D11-B001689-3_38_F-1-1,3.263276
D11-B003281-3_39_F-1-1,2.9503865
D11-B003292-3_39_F-1-1,3.4201393
D11-MAA000571-3_9_M-1-1,3.5240777
D11-MAA000617-3_10_M-1-1,3.887123
D12-B000825-3_38_F-1-1,2.728396
D12-B000826-3_39_F-1-1,3.643218
D12-B001176-3_56_F-1-1,3.7128806
D12-B001689-3_38_F-1-1,4.042676
D12-B003279-3_38_F-1-1,3.310966
D12-B003292-3_39_F-1-1,4.116266
D12-MAA000572-3_8_M-1-1,3.9761744
D12-MAA000590-3_9_M-1-1,4.837256
D12-MAA000603-3_10_M-1-1,4.127149
D12-MAA000605-3_10_M-1-1,4.0252395
D12-MAA000617-3_10_M-1-1,4.742378
D13-B000825-3_38_F-1-1,3.205131
D13-B000826-3_39_F-1-1,3.1857991
D13-B001176-3_56_F-1-1,4.041164
D13-B001689-3_38_F-1-1,3.224091
D13-B003281-3_39_F-1-1,2.979357
D13-B003292-3_39_F-1-1,4.188335
D13-MAA000603-3_10_M-1-1,3.5794759
D13-MAA000605-3_10_M-1-1,4.196137
D14-B000825-3_38_F-1-1,3.4978602
D14-B000826-3_39_F-1-1,4.028907
D14-B001176-3_56_F-1-1,3.6465278
D14-B001689-3_38_F-1-1,3.9295933
D14-B003279-3_38_F-1-1,4.458306
D14-B003281-3_39_F-1-1,3.8587651
D14-B003292-3_39_F-1-1,4.145445
D14-MAA000570-3_8_M-1-1,4.068775
D14-MAA000590-3_9_M-1-1,0.0
D14-MAA000592-3_9_M-1-1,4.3429585
D14-MAA000603-3_10_M-1-1,4.470952
D14-MAA000605-3_10_M-1-1,3.7388296
D14-MAA000617-3_10_M-1-1,4.2780046
D15-B000825-3_38_F-1-1,1.7208655
D15-B000826-3_39_F-1-1,4.1660867
D15-B001176-3_56_F-1-1,4.0778437
D15-B001689-3_38_F-1-1,3.5581417
D15-B003279-3_38_F-1-1,4.259269
D15-B003281-3_39_F-1-1,3.9055204
D15-B003292-3_39_F-1-1,3.7230566
D15-MAA000573-3_9_M-1-1,3.869754
D15-MAA000590-3_9_M-1-1,4.541044
D15-MAA000603-3_10_M-1-1,3.8882833
D15-MAA000605-3_10_M-1-1,3.9284523
D15-MAA000617-3_10_M-1-1,4.4625845
D16-B000825-3_38_F-1-1,3.9774127
D16-B000826-3_39_F-1-1,3.990828
D16-B001176-3_56_F-1-1,4.159628
D16-B001689-3_38_F-1-1,3.2121427
D16-B003278-3_38_F-1-1,3.71637
D16-B003279-3_38_F-1-1,3.9151976
D16-B003292-3_39_F-1-1,4.3869343
D16-MAA000570-3_8_M-1-1,3.9618065
D16-MAA000572-3_8_M-1-1,2.850145
D16-MAA000590-3_9_M-1-1,3.5927134
D16-MAA000603-3_10_M-1-1,4.1746645
D16-MAA000605-3_10_M-1-1,4.522368
D16-MAA000617-3_10_M-1-1,4.1606674
D17-B000825-3_38_F-1-1,3.7203577
D17-B000826-3_39_F-1-1,2.5408366
D17-B001176-3_56_F-1-1,4.004193
D17-B001689-3_38_F-1-1,4.4294214
D17-B003279-3_38_F-1-1,4.9357243
D17-B003292-3_39_F-1-1,3.9382117
D17-MAA000590-3_9_M-1-1,3.562857
D17-MAA000603-3_10_M-1-1,3.5236418
D17-MAA000605-3_10_M-1-1,3.7575827
D17-MAA000617-3_10_M-1-1,3.5307739
D18-B000825-3_38_F-1-1,3.9218147
D18-B000826-3_39_F-1-1,3.0798357
D18-B001176-3_56_F-1-1,4.71853
D18-B001689-3_38_F-1-1,3.8777757
D18-B003279-3_38_F-1-1,3.9940155
D18-B003292-3_39_F-1-1,3.409388
D18-MAA000570-3_8_M-1-1,4.2437897
D18-MAA000572-3_8_M-1-1,3.086991
D18-MAA000590-3_9_M-1-1,3.9792519
D18-MAA000591-3_8_M-1-1,3.6729093
D18-MAA000592-3_9_M-1-1,3.153401
D18-MAA000603-3_10_M-1-1,4.199
D18-MAA000605-3_10_M-1-1,4.157381
D18-MAA000617-3_10_M-1-1,3.8391519
D19-B000825-3_38_F-1-1,2.9342518
D19-B000826-3_39_F-1-1,3.6679277
D19-B001176-3_56_F-1-1,4.3622828
D19-B001689-3_38_F-1-1,4.8033147
D19-B003278-3_38_F-1-1,3.4969845
D19-B003279-3_38_F-1-1,3.5815256
D19-B003292-3_39_F-1-1,3.979695
D19-MAA000570-3_8_M-1-1,3.9291487
D19-MAA000591-3_8_M-1-1,3.0188987
D19-MAA000603-3_10_M-1-1,4.154423
D19-MAA000605-3_10_M-1-1,4.5697274
D19-MAA000617-3_10_M-1-1,4.892923
D1-B000825-3_38_F-1-1,2.2095196
D1-B000826-3_39_F-1-1,2.9706953
D1-B001176-3_56_F-1-1,3.041727
D1-B001689-3_38_F-1-1,1.7640047
D1-B003279-3_38_F-1-1,3.4345646
D1-B003281-3_39_F-1-1,2.4470453
D1-B003292-3_39_F-1-1,3.0533166
D1-MAA000570-3_8_M-1-1,4.612971
D1-MAA000572-3_8_M-1-1,3.5852468
D1-MAA000590-3_9_M-1-1,3.757082
D1-MAA000592-3_9_M-1-1,3.6984258
D1-MAA000593-3_8_M-1-1,3.9481835
D1-MAA000603-3_10_M-1-1,3.3554444
D1-MAA000617-3_10_M-1-1,4.244574
D20-B000825-3_38_F-1-1,2.8730717
D20-B000826-3_39_F-1-1,3.1629786
D20-B001176-3_56_F-1-1,4.2373347
D20-B001689-3_38_F-1-1,3.1817577
D20-B003278-3_38_F-1-1,3.9273126
D20-B003279-3_38_F-1-1,3.9132836
D20-B003292-3_39_F-1-1,4.3576646
D20-MAA000603-3_10_M-1-1,3.2354324
D20-MAA000605-3_10_M-1-1,4.2159743
D21-B000825-3_38_F-1-1,3.3701632
D21-B000826-3_39_F-1-1,2.5745814
D21-B001176-3_56_F-1-1,4.107792
D21-B001689-3_38_F-1-1,3.8667932
D21-B003278-3_38_F-1-1,2.697303
D21-B003279-3_38_F-1-1,3.9484487
D21-MAA000570-3_8_M-1-1,4.1969714
D21-MAA000593-3_8_M-1-1,3.0198326
D21-MAA000603-3_10_M-1-1,3.2824507
D21-MAA000604-3_10_M-1-1,4.2748985
D21-MAA000605-3_10_M-1-1,3.8828895
D22-B000826-3_39_F-1-1,3.077398
D22-B001176-3_56_F-1-1,4.2008657
D22-B001689-3_38_F-1-1,2.622358
D22-MAA000570-3_8_M-1-1,4.3757505
D22-MAA000590-3_9_M-1-1,4.555305
D22-MAA000591-3_8_M-1-1,3.7260516
D22-MAA000603-3_10_M-1-1,4.0713353
D22-MAA000604-3_10_M-1-1,4.1457267
D22-MAA000605-3_10_M-1-1,1.5074134
D2-B000825-3_38_F-1-1,0.8424349
D2-B000826-3_39_F-1-1,3.9587133
D2-B001176-3_56_F-1-1,4.0197263
D2-B001689-3_38_F-1-1,3.9681206
D2-B003278-3_38_F-1-1,4.1293535
D2-B003279-3_38_F-1-1,4.209273
D2-B003292-3_39_F-1-1,4.135374
D2-MAA000572-3_8_M-1-1,3.834394
D2-MAA000573-3_9_M-1-1,3.8159554
D2-MAA000590-3_9_M-1-1,3.4767275
D2-MAA000593-3_8_M-1-1,3.4182627
D2-MAA000603-3_10_M-1-1,3.8616946
D2-MAA000604-3_10_M-1-1,3.2674
D2-MAA000617-3_10_M-1-1,4.1781273
D3-B000825-3_38_F-1-1,2.1756957
D3-B000826-3_39_F-1-1,3.9052923
D3-B001176-3_56_F-1-1,3.4268234
D3-B001689-3_38_F-1-1,3.2830176
D3-B003279-3_38_F-1-1,4.5718555
D3-B003292-3_39_F-1-1,3.2559483
D3-MAA000570-3_8_M-1-1,4.3688006
D3-MAA000590-3_9_M-1-1,2.7804017
D3-MAA000592-3_9_M-1-1,3.5566173
D3-MAA000593-3_8_M-1-1,3.6953561
D3-MAA000604-3_10_M-1-1,4.1269183
D3-MAA000617-3_10_M-1-1,4.6504226
D4-B000825-3_38_F-1-1,2.708348
D4-B000826-3_39_F-1-1,2.8624012
D4-B001176-3_56_F-1-1,3.8455684
D4-B001689-3_38_F-1-1,3.946293
D4-B003278-3_38_F-1-1,3.6476686
D4-B003279-3_38_F-1-1,3.0554786
D4-B003292-3_39_F-1-1,4.276037
D4-MAA000572-3_8_M-1-1,3.8222623
D4-MAA000592-3_9_M-1-1,4.193563
D4-MAA000603-3_10_M-1-1,3.5820932
D4-MAA000604-3_10_M-1-1,4.5429554
D4-MAA000617-3_10_M-1-1,3.6983566
D5-B000825-3_38_F-1-1,3.2692227
D5-B000826-3_39_F-1-1,3.4777572
D5-B001689-3_38_F-1-1,3.3604567
D5-B003278-3_38_F-1-1,3.4709365
D5-B003279-3_38_F-1-1,4.4326305
D5-B003281-3_39_F-1-1,3.2016017
D5-B003292-3_39_F-1-1,3.611538
D5-MAA000570-3_8_M-1-1,4.6134143
D5-MAA000590-3_9_M-1-1,3.9038525
D5-MAA000593-3_8_M-1-1,3.304593
D5-MAA000603-3_10_M-1-1,3.577147
D5-MAA000617-3_10_M-1-1,4.2151556
D6-B000825-3_38_F-1-1,2.2358944
D6-B000826-3_39_F-1-1,3.7261276
D6-B001176-3_56_F-1-1,3.7586892
D6-B001689-3_38_F-1-1,3.4485178
D6-B003279-3_38_F-1-1,4.0909705
D6-B003281-3_39_F-1-1,3.1292906
D6-B003292-3_39_F-1-1,3.5363
D6-MAA000570-3_8_M-1-1,4.468331
D6-MAA000572-3_8_M-1-1,3.9670558
D6-MAA000590-3_9_M-1-1,4.7984104
D6-MAA000592-3_9_M-1-1,3.3429136
D6-MAA000603-3_10_M-1-1,3.049668
D6-MAA000604-3_10_M-1-1,3.7664647
D6-MAA000617-3_10_M-1-1,4.1970043
D7-B000825-3_38_F-1-1,3.5024621
D7-B000826-3_39_F-1-1,3.9305496
D7-B001176-3_56_F-1-1,3.0339298
D7-B001689-3_38_F-1-1,3.9547093
D7-B003278-3_38_F-1-1,3.9321673
D7-B003279-3_38_F-1-1,4.060505
D7-B003281-3_39_F-1-1,3.409301
D7-B003292-3_39_F-1-1,3.0371118
D7-MAA000590-3_9_M-1-1,4.242306
D7-MAA000591-3_8_M-1-1,3.3473144
D7-MAA000603-3_10_M-1-1,3.830648
D7-MAA000617-3_10_M-1-1,4.0380874
D8-B000825-3_38_F-1-1,2.9974341
D8-B000826-3_39_F-1-1,4.269621
D8-B001176-3_56_F-1-1,4.445348
D8-B001689-3_38_F-1-1,2.6410954
D8-B003278-3_38_F-1-1,3.8466885
D8-B003279-3_38_F-1-1,3.2769778
D8-B003292-3_39_F-1-1,4.0541472
D8-MAA000570-3_8_M-1-1,4.526406
D8-MAA000571-3_9_M-1-1,3.991022
D8-MAA000572-3_8_M-1-1,3.7743018
D8-MAA000603-3_10_M-1-1,4.391784
D8-MAA000605-3_10_M-1-1,4.7672844
D8-MAA000617-3_10_M-1-1,3.48378
D9-B000825-3_38_F-1-1,3.189947
D9-B000826-3_39_F-1-1,3.4991298
D9-B001689-3_38_F-1-1,2.62803
D9-B003279-3_38_F-1-1,4.20718
D9-B003281-3_39_F-1-1,3.378915
D9-B003292-3_39_F-1-1,3.997498
D9-MAA000603-3_10_M-1-1,3.5461814
D9-MAA000605-3_10_M-1-1,4.318832
D9-MAA000617-3_10_M-1-1,3.8637855
E10-B000825-3_38_F-1-1,3.7289329
E10-B000826-3_39_F-1-1,3.9252717
E10-B001176-3_56_F-1-1,0.14078912
E10-B001689-3_38_F-1-1,3.2997642
E10-B003279-3_38_F-1-1,2.8186421
E10-B003281-3_39_F-1-1,3.6462586
E10-B003292-3_39_F-1-1,2.667209
E10-MAA000590-3_9_M-1-1,3.4427185
E10-MAA000603-3_10_M-1-1,3.6594453
E10-MAA000605-3_10_M-1-1,4.5527496
E10-MAA000617-3_10_M-1-1,4.547795
E11-B000825-3_38_F-1-1,3.9465327
E11-B000826-3_39_F-1-1,4.2058954
E11-B003279-3_38_F-1-1,4.297776
E11-B003281-3_39_F-1-1,3.5690374
E11-B003292-3_39_F-1-1,4.313812
E11-MAA000590-3_9_M-1-1,2.7651992
E11-MAA000603-3_10_M-1-1,4.2623134
E11-MAA000605-3_10_M-1-1,4.506471
E11-MAA000617-3_10_M-1-1,3.814958
E12-B000825-3_38_F-1-1,1.6472732
E12-B000826-3_39_F-1-1,3.7596068
E12-B001176-3_56_F-1-1,4.035317
E12-B001689-3_38_F-1-1,3.6802058
E12-B003281-3_39_F-1-1,2.8876479
E12-B003292-3_39_F-1-1,3.8982859
E12-MAA000572-3_8_M-1-1,4.1555433
E12-MAA000590-3_9_M-1-1,3.9489725
E12-MAA000603-3_10_M-1-1,2.8733993
E12-MAA000605-3_10_M-1-1,3.5765257
E12-MAA000617-3_10_M-1-1,4.306597
E13-B000826-3_39_F-1-1,3.6527765
E13-B001689-3_38_F-1-1,4.1118746
E13-B003281-3_39_F-1-1,3.1090806
E13-B003292-3_39_F-1-1,3.8782558
E13-MAA000603-3_10_M-1-1,3.7404804
E13-MAA000617-3_10_M-1-1,3.780464
E14-B000825-3_38_F-1-1,3.1903164
E14-B000826-3_39_F-1-1,3.7467365
E14-B001176-3_56_F-1-1,3.779569
E14-B001689-3_38_F-1-1,3.9486346
E14-B003279-3_38_F-1-1,4.1565695
E14-B003292-3_39_F-1-1,3.4493604
E14-MAA000592-3_9_M-1-1,3.2218149
E14-MAA000603-3_10_M-1-1,3.162752
E14-MAA000605-3_10_M-1-1,4.4870014
E14-MAA000617-3_10_M-1-1,4.133484
E15-B000825-3_38_F-1-1,3.6318076
E15-B000826-3_39_F-1-1,3.9027605
E15-B001176-3_56_F-1-1,3.4655106
E15-B001689-3_38_F-1-1,3.8310654
E15-B003281-3_39_F-1-1,3.434887
E15-B003292-3_39_F-1-1,3.6307995
E15-MAA000603-3_10_M-1-1,4.2036085
E15-MAA000605-3_10_M-1-1,4.015636
E15-MAA000617-3_10_M-1-1,4.2240896
E16-B000826-3_39_F-1-1,4.2055964
E16-B001176-3_56_F-1-1,4.3202863
E16-B001689-3_38_F-1-1,3.1898355
E16-B003292-3_39_F-1-1,3.7343833
E16-MAA000603-3_10_M-1-1,4.0192347
E16-MAA000605-3_10_M-1-1,4.2923408
E16-MAA000617-3_10_M-1-1,2.5753732
E17-B000825-3_38_F-1-1,3.5007575
E17-B000826-3_39_F-1-1,3.8737988
E17-B001176-3_56_F-1-1,4.630615
E17-B001689-3_38_F-1-1,3.6803243
E17-B003279-3_38_F-1-1,2.9198847
E17-B003292-3_39_F-1-1,4.4514027
E17-MAA000570-3_8_M-1-1,4.155284
E17-MAA000603-3_10_M-1-1,4.1743164
E17-MAA000605-3_10_M-1-1,4.730182
E17-MAA000617-3_10_M-1-1,4.3083353
E18-B000825-3_38_F-1-1,2.0290873
E18-B000826-3_39_F-1-1,3.4712598
E18-B001176-3_56_F-1-1,4.064341
E18-B001689-3_38_F-1-1,3.773247
E18-B003281-3_39_F-1-1,3.9627087
E18-B003292-3_39_F-1-1,4.2688084
E18-MAA000572-3_8_M-1-1,3.901932
E18-MAA000590-3_9_M-1-1,3.7137444
E18-MAA000603-3_10_M-1-1,3.8986154
E18-MAA000604-3_10_M-1-1,3.7688637
E18-MAA000617-3_10_M-1-1,4.6757345
E19-B000825-3_38_F-1-1,3.3126848
E19-B000826-3_39_F-1-1,3.894003
E19-B001176-3_56_F-1-1,3.8943202
E19-B001689-3_38_F-1-1,2.294487
E19-B003279-3_38_F-1-1,3.2240293
E19-B003281-3_39_F-1-1,3.6272705
E19-B003292-3_39_F-1-1,3.6813636
E19-MAA000605-3_10_M-1-1,3.7762916
E19-MAA000617-3_10_M-1-1,4.0433755
E1-B000825-3_38_F-1-1,2.7447321
E1-B000826-3_39_F-1-1,2.5837088
E1-B001176-3_56_F-1-1,3.7751825
E1-B001689-3_38_F-1-1,3.0158355
E1-B003278-3_38_F-1-1,3.1110525
E1-B003292-3_39_F-1-1,3.5730016
E1-MAA000572-3_8_M-1-1,3.0748749
E1-MAA000592-3_9_M-1-1,4.0721774
E1-MAA000593-3_8_M-1-1,2.7828653
E1-MAA000603-3_10_M-1-1,3.6299262
E1-MAA000604-3_10_M-1-1,3.9135683
E1-MAA000617-3_10_M-1-1,3.2719088
E20-B000825-3_38_F-1-1,3.9631674
E20-B000826-3_39_F-1-1,3.955709
E20-B001176-3_56_F-1-1,4.109083
E20-B001689-3_38_F-1-1,3.521935
E20-B003279-3_38_F-1-1,3.3285563
E20-B003292-3_39_F-1-1,4.0730224
E20-MAA000591-3_8_M-1-1,4.1394315
E20-MAA000592-3_9_M-1-1,3.5544877
E20-MAA000604-3_10_M-1-1,4.043052
E20-MAA000605-3_10_M-1-1,3.9463382
E21-B000825-3_38_F-1-1,3.4060724
E21-B000826-3_39_F-1-1,3.5824075
E21-B001176-3_56_F-1-1,3.920624
E21-B001689-3_38_F-1-1,3.6619058
E21-B003279-3_38_F-1-1,4.229664
E21-B003281-3_39_F-1-1,3.5761585
E21-MAA000603-3_10_M-1-1,3.93456
E21-MAA000604-3_10_M-1-1,4.3376374
E21-MAA000605-3_10_M-1-1,3.4961617
E22-B000826-3_39_F-1-1,4.256942
E22-B001176-3_56_F-1-1,4.3134456
E22-B001689-3_38_F-1-1,3.651142
E22-B003278-3_38_F-1-1,3.661702
E22-B003279-3_38_F-1-1,3.5542457
E22-B003281-3_39_F-1-1,3.2263606
E22-MAA000591-3_8_M-1-1,3.8233254
E22-MAA000603-3_10_M-1-1,4.4693875
E22-MAA000604-3_10_M-1-1,3.2790391
E22-MAA000605-3_10_M-1-1,3.3814332
E2-B000826-3_39_F-1-1,3.5717893
E2-B001176-3_56_F-1-1,3.655706
E2-B001689-3_38_F-1-1,3.7329316
E2-B003278-3_38_F-1-1,3.0567405
E2-B003279-3_38_F-1-1,3.2479427
E2-B003292-3_39_F-1-1,3.5891716
E2-MAA000572-3_8_M-1-1,3.9377825
E2-MAA000573-3_9_M-1-1,4.1426163
E2-MAA000593-3_8_M-1-1,3.3054364
E2-MAA000603-3_10_M-1-1,3.989922
E2-MAA000604-3_10_M-1-1,3.410521
E2-MAA000617-3_10_M-1-1,3.7987432
E3-B000825-3_38_F-1-1,3.216442
E3-B000826-3_39_F-1-1,3.8169408
E3-B001176-3_56_F-1-1,3.7481055
E3-B001689-3_38_F-1-1,3.4694006
E3-B003278-3_38_F-1-1,3.8485687
E3-B003279-3_38_F-1-1,3.9919744
E3-B003292-3_39_F-1-1,3.6578336
E3-MAA000570-3_8_M-1-1,3.6716022
E3-MAA000572-3_8_M-1-1,3.593718
E3-MAA000592-3_9_M-1-1,3.0084012
E3-MAA000593-3_8_M-1-1,3.961587
E3-MAA000603-3_10_M-1-1,2.816041
E3-MAA000617-3_10_M-1-1,3.7574599
E4-B000825-3_38_F-1-1,4.1867337
E4-B000826-3_39_F-1-1,3.8462832
E4-B001176-3_56_F-1-1,3.6294365
E4-B001689-3_38_F-1-1,0.58580005
E4-B003279-3_38_F-1-1,3.2924905
E4-B003292-3_39_F-1-1,4.9155188
E4-MAA000603-3_10_M-1-1,2.9015508
E4-MAA000604-3_10_M-1-1,4.2360053
E4-MAA000617-3_10_M-1-1,3.9558752
E5-B000825-3_38_F-1-1,3.821404
E5-B000826-3_39_F-1-1,4.207799
E5-B001176-3_56_F-1-1,3.2374132
E5-B001689-3_38_F-1-1,4.2463346
E5-B003278-3_38_F-1-1,4.352024
E5-B003279-3_38_F-1-1,3.8516147
E5-B003292-3_39_F-1-1,3.7114942
E5-MAA000573-3_9_M-1-1,3.9698808
E5-MAA000603-3_10_M-1-1,3.056605
E5-MAA000604-3_10_M-1-1,4.2222853
E5-MAA000617-3_10_M-1-1,4.428762
E6-B000825-3_38_F-1-1,3.7188542
E6-B000826-3_39_F-1-1,4.221531
E6-B001689-3_38_F-1-1,3.90316
E6-B003279-3_38_F-1-1,3.1937668
E6-B003292-3_39_F-1-1,3.905429
E6-MAA000603-3_10_M-1-1,3.271704
E6-MAA000604-3_10_M-1-1,4.1030707
E6-MAA000617-3_10_M-1-1,4.415999
E7-B000825-3_38_F-1-1,3.6127706
E7-B000826-3_39_F-1-1,2.967632
E7-B001176-3_56_F-1-1,3.7161224
E7-B001689-3_38_F-1-1,3.3741565
E7-B003279-3_38_F-1-1,3.6539323
E7-B003292-3_39_F-1-1,3.850639
E7-MAA000591-3_8_M-1-1,4.817259
E7-MAA000603-3_10_M-1-1,3.5063977
E7-MAA000617-3_10_M-1-1,3.2257614
E8-B000825-3_38_F-1-1,3.0223026
E8-B000826-3_39_F-1-1,3.7707167
E8-B001176-3_56_F-1-1,3.8639946
E8-B003279-3_38_F-1-1,3.5434737
E8-B003281-3_39_F-1-1,3.4418595
E8-B003292-3_39_F-1-1,4.1551676
E8-MAA000605-3_10_M-1-1,4.1604857
E8-MAA000617-3_10_M-1-1,3.8924885
E9-B000825-3_38_F-1-1,2.0155084
E9-B000826-3_39_F-1-1,4.030376
E9-B001176-3_56_F-1-1,3.8895695
E9-B001689-3_38_F-1-1,3.4789069
E9-B003279-3_38_F-1-1,3.706387
E9-B003292-3_39_F-1-1,4.3923793
E9-MAA000592-3_9_M-1-1,2.944492
E9-MAA000605-3_10_M-1-1,3.9311113
E9-MAA000617-3_10_M-1-1,4.78477
F10-B000825-3_38_F-1-1,2.659699
F10-B000826-3_39_F-1-1,4.205532
F10-B001176-3_56_F-1-1,3.2698512
F10-B001689-3_38_F-1-1,4.028691
F10-B003292-3_39_F-1-1,3.433601
F10-MAA000590-3_9_M-1-1,3.8542602
F10-MAA000603-3_10_M-1-1,3.382213
F10-MAA000605-3_10_M-1-1,4.0235605
F10-MAA000617-3_10_M-1-1,3.9766157
F11-B000825-3_38_F-1-1,2.9840684
F11-B000826-3_39_F-1-1,3.545817
F11-B001176-3_56_F-1-1,4.356822
F11-B003279-3_38_F-1-1,4.420221
F11-B003292-3_39_F-1-1,3.9355855
F11-MAA000571-3_9_M-1-1,4.117967
F11-MAA000572-3_8_M-1-1,3.5289102
F11-MAA000590-3_9_M-1-1,4.009365
F11-MAA000592-3_9_M-1-1,3.35591
F11-MAA000603-3_10_M-1-1,2.9772885
F11-MAA000605-3_10_M-1-1,3.6098855
F11-MAA000617-3_10_M-1-1,4.2025614
F12-B000825-3_38_F-1-1,2.7015662
F12-B000826-3_39_F-1-1,3.6773345
F12-B001176-3_56_F-1-1,4.1402254
F12-B001689-3_38_F-1-1,4.332343
F12-B003292-3_39_F-1-1,3.3234775
F12-MAA000603-3_10_M-1-1,2.7114003
F12-MAA000605-3_10_M-1-1,3.9143298
F12-MAA000617-3_10_M-1-1,3.9021094
F13-B000825-3_38_F-1-1,3.7599895
F13-B000826-3_39_F-1-1,3.8783338
F13-B001176-3_56_F-1-1,3.2820199
F13-B001689-3_38_F-1-1,3.40287
F13-B003279-3_38_F-1-1,3.925727
F13-B003292-3_39_F-1-1,3.8396847
F13-MAA000572-3_8_M-1-1,3.9164495
F13-MAA000603-3_10_M-1-1,3.7002497
F13-MAA000605-3_10_M-1-1,4.138252
F13-MAA000617-3_10_M-1-1,4.1777334
F14-B000825-3_38_F-1-1,3.114921
F14-B000826-3_39_F-1-1,4.133093
F14-B001176-3_56_F-1-1,3.7861497
F14-B001689-3_38_F-1-1,3.8132675
F14-B003292-3_39_F-1-1,3.0388222
F14-MAA000571-3_9_M-1-1,4.298985
F14-MAA000603-3_10_M-1-1,3.6908183
F14-MAA000604-3_10_M-1-1,4.4531283
F14-MAA000605-3_10_M-1-1,4.3138413
F14-MAA000617-3_10_M-1-1,4.364317
F15-B000825-3_38_F-1-1,1.9710629
F15-B000826-3_39_F-1-1,3.3880632
F15-B001689-3_38_F-1-1,3.871525
F15-B003292-3_39_F-1-1,3.5532827
F15-MAA000572-3_8_M-1-1,4.040957
F15-MAA000590-3_9_M-1-1,3.9092538
F15-MAA000603-3_10_M-1-1,3.0406086
F15-MAA000605-3_10_M-1-1,4.546024
F15-MAA000617-3_10_M-1-1,4.1587787
F16-B000825-3_38_F-1-1,2.7803876
F16-B000826-3_39_F-1-1,3.4471133
F16-B001176-3_56_F-1-1,3.8014011
F16-B001689-3_38_F-1-1,4.2638025
F16-B003279-3_38_F-1-1,2.8346248
F16-B003292-3_39_F-1-1,4.2832165
F16-MAA000572-3_8_M-1-1,2.726319
F16-MAA000592-3_9_M-1-1,3.673399
F16-MAA000603-3_10_M-1-1,4.280203
F16-MAA000605-3_10_M-1-1,3.9698987
F16-MAA000617-3_10_M-1-1,3.1812277
F17-B000825-3_38_F-1-1,3.2531025
F17-B000826-3_39_F-1-1,3.3546815
F17-B001689-3_38_F-1-1,3.7748525
F17-B003292-3_39_F-1-1,3.90171
F17-MAA000570-3_8_M-1-1,3.5505936
F17-MAA000572-3_8_M-1-1,4.109427
F17-MAA000573-3_9_M-1-1,3.6973739
F17-MAA000590-3_9_M-1-1,3.75935
F17-MAA000603-3_10_M-1-1,4.10398
F17-MAA000605-3_10_M-1-1,4.5187864
F18-B000825-3_38_F-1-1,4.061945
F18-B000826-3_39_F-1-1,3.5143528
F18-B001176-3_56_F-1-1,4.4061565
F18-B001689-3_38_F-1-1,4.6584787
F18-B003279-3_38_F-1-1,3.5982282
F18-B003292-3_39_F-1-1,3.8412821
F18-MAA000571-3_9_M-1-1,5.2846518
F18-MAA000572-3_8_M-1-1,3.9382691
F18-MAA000590-3_9_M-1-1,3.702823
F18-MAA000603-3_10_M-1-1,4.2856803
F18-MAA000605-3_10_M-1-1,4.151035
F18-MAA000617-3_10_M-1-1,4.331259
F19-B000825-3_38_F-1-1,2.3757267
F19-B000826-3_39_F-1-1,3.8886979
F19-B001176-3_56_F-1-1,4.0648255
F19-B001689-3_38_F-1-1,2.1942568
F19-B003279-3_38_F-1-1,2.5940447
F19-MAA000590-3_9_M-1-1,4.210689
F19-MAA000592-3_9_M-1-1,3.8304398
F19-MAA000603-3_10_M-1-1,4.133878
F19-MAA000605-3_10_M-1-1,4.752886
F19-MAA000617-3_10_M-1-1,4.5129123
F1-B000825-3_38_F-1-1,1.3565658
F1-B000826-3_39_F-1-1,2.6359181
F1-B001176-3_56_F-1-1,3.9929924
F1-B001689-3_38_F-1-1,3.2904763
F1-B003279-3_38_F-1-1,3.6700156
F1-B003281-3_39_F-1-1,2.9376752
F1-B003292-3_39_F-1-1,3.8421738
F1-MAA000570-3_8_M-1-1,4.139372
F1-MAA000572-3_8_M-1-1,3.9397779
F1-MAA000590-3_9_M-1-1,3.623594
F1-MAA000592-3_9_M-1-1,3.9224358
F1-MAA000593-3_8_M-1-1,1.5307895
F1-MAA000604-3_10_M-1-1,4.3402066
F20-B000825-3_38_F-1-1,3.910884
F20-B000826-3_39_F-1-1,3.82125
F20-B001689-3_38_F-1-1,3.9246104
F20-B003278-3_38_F-1-1,4.0967855
F20-B003292-3_39_F-1-1,3.9666746
F20-MAA000603-3_10_M-1-1,3.4325771
F21-B000825-3_38_F-1-1,3.1785753
F21-B000826-3_39_F-1-1,4.227002
F21-B001176-3_56_F-1-1,4.171691
F21-B001689-3_38_F-1-1,0.0
F21-B003279-3_38_F-1-1,2.2641044
F21-MAA000570-3_8_M-1-1,3.1942518
F21-MAA000572-3_8_M-1-1,4.279152
F21-MAA000603-3_10_M-1-1,3.8161852
F21-MAA000605-3_10_M-1-1,4.3161845
F22-B000826-3_39_F-1-1,3.7615724
F22-B001176-3_56_F-1-1,4.0262084
F22-B001689-3_38_F-1-1,3.7479148
F22-B003279-3_38_F-1-1,4.5218177
F22-MAA000571-3_9_M-1-1,2.6378298
F22-MAA000603-3_10_M-1-1,2.7561057
F22-MAA000605-3_10_M-1-1,3.5363736
F2-B000826-3_39_F-1-1,3.8854246
F2-B001176-3_56_F-1-1,4.321227
F2-B001689-3_38_F-1-1,3.6522372
F2-B003279-3_38_F-1-1,4.1195593
F2-B003292-3_39_F-1-1,3.8170037
F2-MAA000572-3_8_M-1-1,4.50988
F2-MAA000590-3_9_M-1-1,3.8620648
F2-MAA000603-3_10_M-1-1,4.1888924
F2-MAA000604-3_10_M-1-1,4.2989106
F3-B000825-3_38_F-1-1,3.793223
F3-B000826-3_39_F-1-1,3.8221745
F3-B001176-3_56_F-1-1,3.8092318
F3-B001689-3_38_F-1-1,2.91112
F3-B003278-3_38_F-1-1,3.013715
F3-B003279-3_38_F-1-1,3.2663414
F3-B003292-3_39_F-1-1,4.3124495
F3-MAA000570-3_8_M-1-1,3.9260898
F3-MAA000572-3_8_M-1-1,4.0779567
F3-MAA000590-3_9_M-1-1,3.8458495
F3-MAA000592-3_9_M-1-1,3.5485706
F3-MAA000603-3_10_M-1-1,3.3802633
F4-B000825-3_38_F-1-1,4.310096
F4-B000826-3_39_F-1-1,4.2499757
F4-B001176-3_56_F-1-1,4.565261
F4-B001689-3_38_F-1-1,3.508713
F4-B003279-3_38_F-1-1,3.062994
F4-B003292-3_39_F-1-1,3.97987
F4-MAA000572-3_8_M-1-1,4.059661
F4-MAA000590-3_9_M-1-1,3.57209
F4-MAA000592-3_9_M-1-1,3.6745486
F4-MAA000603-3_10_M-1-1,3.3404448
F4-MAA000604-3_10_M-1-1,4.2965884
F4-MAA000617-3_10_M-1-1,4.5581026
F5-B000825-3_38_F-1-1,2.648047
F5-B000826-3_39_F-1-1,3.2055542
F5-B001176-3_56_F-1-1,3.3559468
F5-B001689-3_38_F-1-1,3.492655
F5-B003278-3_38_F-1-1,4.090238
F5-B003279-3_38_F-1-1,4.2818794
F5-B003292-3_39_F-1-1,3.657511
F5-MAA000572-3_8_M-1-1,3.6625211
F5-MAA000573-3_9_M-1-1,4.0900464
F5-MAA000592-3_9_M-1-1,3.2345612
F5-MAA000603-3_10_M-1-1,4.1759953
F5-MAA000604-3_10_M-1-1,4.265044
F5-MAA000617-3_10_M-1-1,3.93728
F6-B000826-3_39_F-1-1,3.0702791
F6-B001176-3_56_F-1-1,3.7400866
F6-B001689-3_38_F-1-1,4.1206617
F6-B003292-3_39_F-1-1,3.768602
F6-MAA000590-3_9_M-1-1,3.4556801
F6-MAA000592-3_9_M-1-1,4.0531816
F6-MAA000603-3_10_M-1-1,3.8511534
F6-MAA000604-3_10_M-1-1,3.8046436
F6-MAA000617-3_10_M-1-1,4.080387
F7-B000825-3_38_F-1-1,3.6133008
F7-B000826-3_39_F-1-1,3.5944686
F7-B001176-3_56_F-1-1,2.6850867
F7-B001689-3_38_F-1-1,3.5141838
F7-B003278-3_38_F-1-1,3.3868861
F7-B003279-3_38_F-1-1,4.7411904
F7-B003292-3_39_F-1-1,4.2418957
F7-MAA000590-3_9_M-1-1,3.6705885
F7-MAA000592-3_9_M-1-1,3.845942
F7-MAA000617-3_10_M-1-1,4.5832796
F8-B000825-3_38_F-1-1,3.8203356
F8-B000826-3_39_F-1-1,3.4892561
F8-B001689-3_38_F-1-1,4.4773507
F8-B003279-3_38_F-1-1,3.7182894
F8-B003292-3_39_F-1-1,3.620019
F8-MAA000570-3_8_M-1-1,4.2961054
F8-MAA000603-3_10_M-1-1,4.302808
F8-MAA000604-3_10_M-1-1,4.0182166
F8-MAA000617-3_10_M-1-1,4.252779
F9-B000825-3_38_F-1-1,3.7737153
F9-B000826-3_39_F-1-1,3.8900943
F9-B001176-3_56_F-1-1,4.3879685
F9-B001689-3_38_F-1-1,2.6994948
F9-B003279-3_38_F-1-1,4.0039525
F9-B003292-3_39_F-1-1,4.5160327
F9-MAA000570-3_8_M-1-1,3.4502816
F9-MAA000603-3_10_M-1-1,3.4376705
F9-MAA000605-3_10_M-1-1,4.1904078
F9-MAA000617-3_10_M-1-1,4.157451
G10-B001689-3_38_F-1-1,3.618326
G10-B003279-3_38_F-1-1,4.3897133
G10-B003281-3_39_F-1-1,3.9119546
G10-B003292-3_39_F-1-1,2.9825704
G10-MAA000572-3_8_M-1-1,3.5296884
G10-MAA000590-3_9_M-1-1,3.9288542
G10-MAA000605-3_10_M-1-1,3.8265388
G10-MAA000617-3_10_M-1-1,4.0871315
G11-B000825-3_38_F-1-1,3.579414
G11-B000826-3_39_F-1-1,4.2263412
G11-B001689-3_38_F-1-1,4.383789
G11-B003279-3_38_F-1-1,4.063432
G11-B003292-3_39_F-1-1,3.9467118
G11-MAA000572-3_8_M-1-1,3.6890218
G11-MAA000590-3_9_M-1-1,4.4446936
G11-MAA000592-3_9_M-1-1,3.5825696
G11-MAA000605-3_10_M-1-1,4.045691
G11-MAA000617-3_10_M-1-1,4.0210133
G12-B000825-3_38_F-1-1,4.428208
G12-B000826-3_39_F-1-1,3.6863685
G12-B001176-3_56_F-1-1,2.5653274
G12-B001689-3_38_F-1-1,2.504461
G12-B003279-3_38_F-1-1,4.3620057
G12-B003292-3_39_F-1-1,4.1376133
G12-MAA000590-3_9_M-1-1,4.3417873
G12-MAA000603-3_10_M-1-1,4.0122747
G12-MAA000605-3_10_M-1-1,4.029271
G12-MAA000617-3_10_M-1-1,4.3194127
G13-B000825-3_38_F-1-1,2.4000125
G13-B000826-3_39_F-1-1,3.7263467
G13-B001176-3_56_F-1-1,4.4587517
G13-B001689-3_38_F-1-1,3.5004237
G13-B003279-3_38_F-1-1,4.2952332
G13-B003292-3_39_F-1-1,3.9734807
G13-MAA000590-3_9_M-1-1,3.7422943
G13-MAA000605-3_10_M-1-1,4.3798923
G13-MAA000617-3_10_M-1-1,4.224523
G14-B000825-3_38_F-1-1,2.9331465
G14-B000826-3_39_F-1-1,3.8358684
G14-B001176-3_56_F-1-1,4.012656
G14-B001689-3_38_F-1-1,3.6577513
G14-B003278-3_38_F-1-1,3.9125228
G14-B003279-3_38_F-1-1,3.734176
G14-B003292-3_39_F-1-1,4.4513884
G14-MAA000603-3_10_M-1-1,4.333588
G14-MAA000604-3_10_M-1-1,3.83462
G14-MAA000605-3_10_M-1-1,4.470481
G14-MAA000617-3_10_M-1-1,3.2969413
G15-B000825-3_38_F-1-1,4.088202
G15-B000826-3_39_F-1-1,3.9910352
G15-B001176-3_56_F-1-1,4.3348074
G15-B001689-3_38_F-1-1,3.5504255
G15-B003279-3_38_F-1-1,4.149493
G15-B003292-3_39_F-1-1,4.4268136
G15-MAA000572-3_8_M-1-1,4.301471
G15-MAA000573-3_9_M-1-1,3.679454
G15-MAA000590-3_9_M-1-1,4.714933
G15-MAA000592-3_9_M-1-1,3.2889996
G15-MAA000603-3_10_M-1-1,3.856256
G15-MAA000605-3_10_M-1-1,2.4555225
G15-MAA000617-3_10_M-1-1,3.9543107
G16-B000825-3_38_F-1-1,2.5232072
G16-B000826-3_39_F-1-1,3.5714395
G16-B001176-3_56_F-1-1,3.8539386
G16-B001689-3_38_F-1-1,3.8051653
G16-B003279-3_38_F-1-1,4.3413744
G16-B003292-3_39_F-1-1,4.2559037
G16-MAA000572-3_8_M-1-1,3.8622637
G16-MAA000590-3_9_M-1-1,4.044577
G16-MAA000605-3_10_M-1-1,4.11037
G17-B000825-3_38_F-1-1,2.6113672
G17-B000826-3_39_F-1-1,4.2164288
G17-B001176-3_56_F-1-1,4.5930886
G17-B001689-3_38_F-1-1,3.405907
G17-B003279-3_38_F-1-1,4.135336
G17-B003281-3_39_F-1-1,3.790318
G17-B003292-3_39_F-1-1,4.4670525
G17-MAA000603-3_10_M-1-1,3.2451942
G17-MAA000605-3_10_M-1-1,3.7301767
G17-MAA000617-3_10_M-1-1,3.5730395
G18-B000825-3_38_F-1-1,3.3814402
G18-B000826-3_39_F-1-1,4.332253
G18-B001176-3_56_F-1-1,3.9099774
G18-B001689-3_38_F-1-1,3.336733
G18-B003279-3_38_F-1-1,3.1009972
G18-B003292-3_39_F-1-1,4.1860924
G18-MAA000603-3_10_M-1-1,3.786887
G18-MAA000605-3_10_M-1-1,3.8435597
G18-MAA000617-3_10_M-1-1,4.7250743
G19-B000825-3_38_F-1-1,3.8223252
G19-B000826-3_39_F-1-1,3.6269586
G19-B001176-3_56_F-1-1,3.362246
G19-B001689-3_38_F-1-1,0.020289075
G19-B003292-3_39_F-1-1,4.031055
G19-MAA000572-3_8_M-1-1,3.4855688
G19-MAA000590-3_9_M-1-1,3.368936
G19-MAA000591-3_8_M-1-1,4.3261027
G19-MAA000603-3_10_M-1-1,3.9444652
G19-MAA000605-3_10_M-1-1,3.8894415
G19-MAA000617-3_10_M-1-1,4.6832223
G1-B000825-3_38_F-1-1,3.7368257
G1-B000826-3_39_F-1-1,3.5178804
G1-B001176-3_56_F-1-1,3.7214694
G1-B001689-3_38_F-1-1,3.480491
G1-B003281-3_39_F-1-1,3.4630184
G1-B003292-3_39_F-1-1,3.3985837
G1-MAA000570-3_8_M-1-1,2.7765634
G1-MAA000573-3_9_M-1-1,2.874207
G1-MAA000590-3_9_M-1-1,3.3772216
G1-MAA000592-3_9_M-1-1,2.7866347
G1-MAA000593-3_8_M-1-1,3.0048988
G1-MAA000603-3_10_M-1-1,3.7755415
G1-MAA000604-3_10_M-1-1,3.2423995
G1-MAA000617-3_10_M-1-1,4.085184
G20-B000825-3_38_F-1-1,3.3722863
G20-B000826-3_39_F-1-1,3.9886854
G20-B001176-3_56_F-1-1,4.034738
G20-B003278-3_38_F-1-1,4.269412
G20-B003292-3_39_F-1-1,3.627906
G20-MAA000592-3_9_M-1-1,3.3041708
G20-MAA000604-3_10_M-1-1,4.4661393
G20-MAA000605-3_10_M-1-1,3.9129145
G20-MAA000617-3_10_M-1-1,4.461046
G21-B000825-3_38_F-1-1,3.6869504
G21-B000826-3_39_F-1-1,4.239512
G21-B001176-3_56_F-1-1,3.8099089
G21-B001689-3_38_F-1-1,3.769694
G21-B003279-3_38_F-1-1,4.028147
G21-MAA000590-3_9_M-1-1,3.323007
G21-MAA000591-3_8_M-1-1,4.1050234
G21-MAA000593-3_8_M-1-1,2.639069
G21-MAA000603-3_10_M-1-1,4.455403
G21-MAA000605-3_10_M-1-1,3.8265939
G22-B000826-3_39_F-1-1,3.3633103
G22-B001176-3_56_F-1-1,4.407822
G22-B001689-3_38_F-1-1,2.2866077
G22-B003278-3_38_F-1-1,3.9730163
G22-B003279-3_38_F-1-1,3.1381059
G22-MAA000572-3_8_M-1-1,4.0686297
G22-MAA000590-3_9_M-1-1,1.9390156
G22-MAA000593-3_8_M-1-1,3.8802645
G22-MAA000603-3_10_M-1-1,4.179905
G22-MAA000604-3_10_M-1-1,3.6501627
G22-MAA000605-3_10_M-1-1,4.602565
G2-B000825-3_38_F-1-1,3.4385984
G2-B001176-3_56_F-1-1,3.8181813
G2-B001689-3_38_F-1-1,4.1827793
G2-B003278-3_38_F-1-1,4.0218425
G2-B003279-3_38_F-1-1,2.4555702
G2-B003281-3_39_F-1-1,3.0931332
G2-B003292-3_39_F-1-1,4.207116
G2-MAA000572-3_8_M-1-1,3.990973
G2-MAA000573-3_9_M-1-1,4.1959043
G2-MAA000591-3_8_M-1-1,2.9427273
G2-MAA000592-3_9_M-1-1,3.5335858
G2-MAA000603-3_10_M-1-1,2.868167
G2-MAA000604-3_10_M-1-1,2.7287176
G2-MAA000617-3_10_M-1-1,3.668761
G3-B000825-3_38_F-1-1,2.7081234
G3-B000826-3_39_F-1-1,4.134558
G3-B001176-3_56_F-1-1,4.2021017
G3-B001689-3_38_F-1-1,4.42095
G3-B003278-3_38_F-1-1,4.472093
G3-B003279-3_38_F-1-1,0.030571291
G3-B003281-3_39_F-1-1,3.4233935
G3-B003292-3_39_F-1-1,4.4198
G3-MAA000570-3_8_M-1-1,3.324395
G3-MAA000572-3_8_M-1-1,3.738873
G3-MAA000573-3_9_M-1-1,2.4643464
G3-MAA000590-3_9_M-1-1,4.214182
G3-MAA000591-3_8_M-1-1,4.1686764
G3-MAA000592-3_9_M-1-1,3.8163342
G3-MAA000604-3_10_M-1-1,3.812887
G3-MAA000617-3_10_M-1-1,4.196266
G4-B000825-3_38_F-1-1,3.1827817
G4-B000826-3_39_F-1-1,3.5430923
G4-B001176-3_56_F-1-1,3.9161441
G4-B001689-3_38_F-1-1,3.9281535
G4-B003278-3_38_F-1-1,3.6158242
G4-B003279-3_38_F-1-1,3.968458
G4-B003281-3_39_F-1-1,2.890315
G4-B003292-3_39_F-1-1,3.54873
G4-MAA000573-3_9_M-1-1,2.934074
G4-MAA000590-3_9_M-1-1,3.8249974
G4-MAA000591-3_8_M-1-1,3.279874
G4-MAA000592-3_9_M-1-1,3.926506
G4-MAA000603-3_10_M-1-1,3.8127918
G4-MAA000604-3_10_M-1-1,4.312896
G4-MAA000617-3_10_M-1-1,4.072651
G5-B000825-3_38_F-1-1,3.3641205
G5-B000826-3_39_F-1-1,4.313197
G5-B003278-3_38_F-1-1,4.3297353
G5-B003279-3_38_F-1-1,4.517379
G5-B003281-3_39_F-1-1,3.7445366
G5-B003292-3_39_F-1-1,3.74794
G5-MAA000572-3_8_M-1-1,4.064398
G5-MAA000590-3_9_M-1-1,3.852829
G5-MAA000603-3_10_M-1-1,4.5696793
G5-MAA000604-3_10_M-1-1,4.1515865
G5-MAA000617-3_10_M-1-1,4.658783
G6-B000825-3_38_F-1-1,4.1867085
G6-B000826-3_39_F-1-1,3.4454985
G6-B001176-3_56_F-1-1,4.3510094
G6-B001689-3_38_F-1-1,3.372693
G6-B003278-3_38_F-1-1,2.4223642
G6-B003279-3_38_F-1-1,3.4386573
G6-B003281-3_39_F-1-1,4.3800583
G6-B003292-3_39_F-1-1,4.318361
G6-MAA000590-3_9_M-1-1,3.8778768
G6-MAA000603-3_10_M-1-1,3.5693796
G6-MAA000604-3_10_M-1-1,3.744476
G6-MAA000617-3_10_M-1-1,4.238238
G7-B000825-3_38_F-1-1,3.7792573
G7-B000826-3_39_F-1-1,3.4218428
G7-B001176-3_56_F-1-1,3.925051
G7-B001689-3_38_F-1-1,3.7885988
G7-B003279-3_38_F-1-1,0.9352374
G7-B003281-3_39_F-1-1,3.5806837
G7-B003292-3_39_F-1-1,3.1437054
G7-MAA000570-3_8_M-1-1,4.2733917
G7-MAA000572-3_8_M-1-1,3.8535905
G7-MAA000590-3_9_M-1-1,4.0806274
G7-MAA000603-3_10_M-1-1,3.8606772
G7-MAA000617-3_10_M-1-1,3.4715667
G8-B000825-3_38_F-1-1,3.9926922
G8-B000826-3_39_F-1-1,4.0782204
G8-B001176-3_56_F-1-1,3.9104621
G8-B001689-3_38_F-1-1,3.7845447
G8-B003278-3_38_F-1-1,3.8311
G8-B003279-3_38_F-1-1,4.16605
G8-B003281-3_39_F-1-1,4.2109823
G8-B003292-3_39_F-1-1,4.0560904
G8-MAA000572-3_8_M-1-1,3.7599447
G8-MAA000573-3_9_M-1-1,3.7387066
G8-MAA000590-3_9_M-1-1,4.1925936
G8-MAA000603-3_10_M-1-1,3.9780183
G8-MAA000605-3_10_M-1-1,4.26273
G8-MAA000617-3_10_M-1-1,4.587192
G9-B000825-3_38_F-1-1,3.3863559
G9-B000826-3_39_F-1-1,3.8823013
G9-B001689-3_38_F-1-1,3.0610793
G9-B003279-3_38_F-1-1,3.9685428
G9-B003281-3_39_F-1-1,3.1737635
G9-B003292-3_39_F-1-1,3.5042837
G9-MAA000572-3_8_M-1-1,3.4026911
G9-MAA000603-3_10_M-1-1,4.079741
G9-MAA000605-3_10_M-1-1,4.294228
G9-MAA000617-3_10_M-1-1,4.1096425
H10-B000825-3_38_F-1-1,4.443741
H10-B000826-3_39_F-1-1,4.4339805
H10-B001176-3_56_F-1-1,4.2494016
H10-B001689-3_38_F-1-1,2.5732298
H10-B003279-3_38_F-1-1,4.316611
H10-B003281-3_39_F-1-1,3.4141943
H10-B003292-3_39_F-1-1,3.5755358
H10-MAA000590-3_9_M-1-1,3.8087404
H10-MAA000603-3_10_M-1-1,3.154169
H10-MAA000605-3_10_M-1-1,3.1426558
H10-MAA000617-3_10_M-1-1,3.2677479
H11-B000825-3_38_F-1-1,3.577517
H11-B000826-3_39_F-1-1,4.02581
H11-B001176-3_56_F-1-1,4.241578
H11-B001689-3_38_F-1-1,3.2066984
H11-B003279-3_38_F-1-1,4.175384
H11-B003281-3_39_F-1-1,3.4575841
H11-B003292-3_39_F-1-1,3.8706734
H11-MAA000572-3_8_M-1-1,4.394164
H11-MAA000590-3_9_M-1-1,2.9415486
H11-MAA000592-3_9_M-1-1,3.6510355
H11-MAA000603-3_10_M-1-1,3.2051432
H11-MAA000605-3_10_M-1-1,4.4832935
H11-MAA000617-3_10_M-1-1,4.026277
H12-B000825-3_38_F-1-1,3.935284
H12-B000826-3_39_F-1-1,3.9505856
H12-B001176-3_56_F-1-1,3.9698937
H12-B001689-3_38_F-1-1,3.021679
H12-B003279-3_38_F-1-1,4.5935197
H12-B003292-3_39_F-1-1,3.8736124
H12-MAA000603-3_10_M-1-1,3.934271
H12-MAA000605-3_10_M-1-1,3.3043878
H12-MAA000617-3_10_M-1-1,4.0435247
H13-B000825-3_38_F-1-1,3.27733
H13-B000826-3_39_F-1-1,4.1372275
H13-B001689-3_38_F-1-1,3.5305488
H13-B003278-3_38_F-1-1,2.598056
H13-B003279-3_38_F-1-1,3.649094
H13-B003281-3_39_F-1-1,4.160439
H13-MAA000590-3_9_M-1-1,2.6789238
H13-MAA000603-3_10_M-1-1,3.1486163
H13-MAA000605-3_10_M-1-1,4.3957458
H14-B000825-3_38_F-1-1,4.5477595
H14-B000826-3_39_F-1-1,3.8608835
H14-B001689-3_38_F-1-1,2.6136606
H14-B003278-3_38_F-1-1,2.5191975
H14-B003279-3_38_F-1-1,3.8608906
H14-B003281-3_39_F-1-1,3.390902
H14-B003292-3_39_F-1-1,4.1536927
H14-MAA000590-3_9_M-1-1,0.0
H14-MAA000603-3_10_M-1-1,3.974765
H14-MAA000605-3_10_M-1-1,4.5230904
H14-MAA000617-3_10_M-1-1,3.6024995
H15-B000825-3_38_F-1-1,3.1689715
H15-B000826-3_39_F-1-1,3.6479356
H15-B001176-3_56_F-1-1,4.229735
H15-B001689-3_38_F-1-1,3.551042
H15-B003278-3_38_F-1-1,3.1476595
H15-B003279-3_38_F-1-1,3.849459
H15-B003281-3_39_F-1-1,3.4985278
H15-B003292-3_39_F-1-1,4.6278563
H15-MAA000573-3_9_M-1-1,3.5041583
H15-MAA000603-3_10_M-1-1,2.6820476
H15-MAA000605-3_10_M-1-1,4.134084
H15-MAA000617-3_10_M-1-1,4.4388323
H16-B000825-3_38_F-1-1,2.587093
H16-B000826-3_39_F-1-1,4.2628703
H16-B001176-3_56_F-1-1,4.041635
H16-B003279-3_38_F-1-1,3.5194569
H16-B003281-3_39_F-1-1,4.238448
H16-B003292-3_39_F-1-1,4.2378917
H16-MAA000572-3_8_M-1-1,3.1908746
H16-MAA000590-3_9_M-1-1,4.0683093
H16-MAA000603-3_10_M-1-1,3.7301679
H16-MAA000605-3_10_M-1-1,3.1121216
H16-MAA000617-3_10_M-1-1,3.7433293
H17-B000825-3_38_F-1-1,4.494728
H17-B000826-3_39_F-1-1,3.711649
H17-B001176-3_56_F-1-1,4.1844797
H17-B001689-3_38_F-1-1,3.7344646
H17-B003279-3_38_F-1-1,3.932678
H17-B003292-3_39_F-1-1,4.1613693
H17-MAA000570-3_8_M-1-1,3.840586
H17-MAA000572-3_8_M-1-1,4.2063456
H17-MAA000590-3_9_M-1-1,3.2123055
H17-MAA000592-3_9_M-1-1,3.559105
H17-MAA000603-3_10_M-1-1,3.1980264
H17-MAA000605-3_10_M-1-1,4.4353647
H17-MAA000617-3_10_M-1-1,4.4298835
H18-B000825-3_38_F-1-1,2.8450832
H18-B000826-3_39_F-1-1,3.3848507
H18-B001176-3_56_F-1-1,3.8114624
H18-B001689-3_38_F-1-1,3.6853817
H18-B003279-3_38_F-1-1,3.0208876
H18-B003292-3_39_F-1-1,4.0151567
H18-MAA000571-3_9_M-1-1,4.349369
H18-MAA000572-3_8_M-1-1,4.6422935
H18-MAA000590-3_9_M-1-1,3.8010762
H18-MAA000603-3_10_M-1-1,3.3107185
H18-MAA000605-3_10_M-1-1,4.100158
H18-MAA000617-3_10_M-1-1,4.282121
H19-B000825-3_38_F-1-1,3.5791159
H19-B000826-3_39_F-1-1,3.1465175
H19-B001176-3_56_F-1-1,3.8731885
H19-B001689-3_38_F-1-1,3.4523525
H19-B003279-3_38_F-1-1,4.772366
H19-B003292-3_39_F-1-1,3.281411
H19-MAA000572-3_8_M-1-1,4.3130355
H19-MAA000573-3_9_M-1-1,3.839609
H19-MAA000590-3_9_M-1-1,4.579162
H19-MAA000617-3_10_M-1-1,4.343806
H1-B000825-3_38_F-1-1,3.6939602
H1-B000826-3_39_F-1-1,3.5338879
H1-B001176-3_56_F-1-1,3.7164578
H1-B001689-3_38_F-1-1,3.3024528
H1-B003278-3_38_F-1-1,3.9096518
H1-B003279-3_38_F-1-1,3.6253657
H1-MAA000570-3_8_M-1-1,4.3457584
H1-MAA000572-3_8_M-1-1,4.033294
H1-MAA000573-3_9_M-1-1,4.266568
H1-MAA000590-3_9_M-1-1,3.5499382
H1-MAA000592-3_9_M-1-1,1.382069
H1-MAA000593-3_8_M-1-1,2.8473618
H1-MAA000603-3_10_M-1-1,2.8742461
H1-MAA000604-3_10_M-1-1,3.2740278
H1-MAA000617-3_10_M-1-1,4.0117946
H20-B000825-3_38_F-1-1,2.2837765
H20-B000826-3_39_F-1-1,3.7342339
H20-B001176-3_56_F-1-1,3.898622
H20-B001689-3_38_F-1-1,4.1292887
H20-B003279-3_38_F-1-1,4.6798525
H20-B003292-3_39_F-1-1,3.3839855
H20-MAA000572-3_8_M-1-1,3.8921673
H20-MAA000590-3_9_M-1-1,4.545853
H20-MAA000592-3_9_M-1-1,3.5741453
H20-MAA000603-3_10_M-1-1,3.2356744
H20-MAA000605-3_10_M-1-1,3.9794583
H21-B000825-3_38_F-1-1,3.0144823
H21-B000826-3_39_F-1-1,4.2260895
H21-B001176-3_56_F-1-1,4.3600645
H21-B001689-3_38_F-1-1,3.6776028
H21-B003278-3_38_F-1-1,3.7674313
H21-B003279-3_38_F-1-1,3.929212
H21-MAA000571-3_9_M-1-1,3.61233
H21-MAA000572-3_8_M-1-1,3.118659
H21-MAA000590-3_9_M-1-1,3.9153714
H21-MAA000593-3_8_M-1-1,3.6821024
H21-MAA000603-3_10_M-1-1,4.202407
H21-MAA000605-3_10_M-1-1,4.3520274
H22-B000826-3_39_F-1-1,3.9194345
H22-B001176-3_56_F-1-1,3.436491
H22-B001689-3_38_F-1-1,3.2031436
H22-B003279-3_38_F-1-1,3.3489032
H22-MAA000590-3_9_M-1-1,3.6702716
H22-MAA000591-3_8_M-1-1,3.5409355
H22-MAA000592-3_9_M-1-1,3.9421234
H22-MAA000593-3_8_M-1-1,3.5038593
H22-MAA000603-3_10_M-1-1,4.234089
H22-MAA000604-3_10_M-1-1,3.472835
H22-MAA000605-3_10_M-1-1,4.0402155
H2-B000825-3_38_F-1-1,3.728835
H2-B000826-3_39_F-1-1,3.2497585
H2-B001176-3_56_F-1-1,3.8004904
H2-B001689-3_38_F-1-1,3.7090993
H2-B003278-3_38_F-1-1,3.8046427
H2-B003279-3_38_F-1-1,2.903118
H2-B003281-3_39_F-1-1,3.0317183
H2-B003292-3_39_F-1-1,3.7618804
H2-MAA000570-3_8_M-1-1,3.980724
H2-MAA000572-3_8_M-1-1,3.534713
H2-MAA000590-3_9_M-1-1,4.18739
H2-MAA000592-3_9_M-1-1,3.4512641
H2-MAA000593-3_8_M-1-1,3.0236182
H2-MAA000603-3_10_M-1-1,4.3599377
H2-MAA000604-3_10_M-1-1,3.5746331
H2-MAA000617-3_10_M-1-1,4.3498425
H3-B000825-3_38_F-1-1,2.7535422
H3-B000826-3_39_F-1-1,3.7247024
H3-B001176-3_56_F-1-1,4.010305
H3-B001689-3_38_F-1-1,3.3936846
H3-B003278-3_38_F-1-1,4.632486
H3-B003279-3_38_F-1-1,4.208538
H3-B003281-3_39_F-1-1,3.5834663
H3-B003292-3_39_F-1-1,4.362851
H3-MAA000570-3_8_M-1-1,3.8930876
H3-MAA000572-3_8_M-1-1,2.8039448
H3-MAA000590-3_9_M-1-1,3.825338
H3-MAA000591-3_8_M-1-1,3.8624935
H3-MAA000592-3_9_M-1-1,3.9893935
H3-MAA000603-3_10_M-1-1,4.260297
H3-MAA000604-3_10_M-1-1,4.5516353
H3-MAA000617-3_10_M-1-1,4.0511284
H4-B000825-3_38_F-1-1,2.994823
H4-B000826-3_39_F-1-1,3.4458687
H4-B001176-3_56_F-1-1,2.8211012
H4-B001689-3_38_F-1-1,3.9841294
H4-B003279-3_38_F-1-1,4.1152477
H4-B003292-3_39_F-1-1,3.6793616
H4-MAA000572-3_8_M-1-1,2.8968852
H4-MAA000573-3_9_M-1-1,4.073247
H4-MAA000590-3_9_M-1-1,3.3519022
H4-MAA000592-3_9_M-1-1,4.1585546
H4-MAA000603-3_10_M-1-1,4.1304107
H4-MAA000604-3_10_M-1-1,3.0964572
H4-MAA000617-3_10_M-1-1,4.0084724
H5-B000825-3_38_F-1-1,2.9452024
H5-B000826-3_39_F-1-1,3.4876032
H5-B001176-3_56_F-1-1,3.542029
H5-B001689-3_38_F-1-1,4.488603
H5-B003278-3_38_F-1-1,3.5413852
H5-B003279-3_38_F-1-1,3.3554723
H5-B003292-3_39_F-1-1,4.2411213
H5-MAA000570-3_8_M-1-1,4.2416983
H5-MAA000572-3_8_M-1-1,4.1450167
H5-MAA000573-3_9_M-1-1,3.8193703
H5-MAA000590-3_9_M-1-1,3.8713298
H5-MAA000592-3_9_M-1-1,4.2195387
H5-MAA000603-3_10_M-1-1,1.772772
H5-MAA000604-3_10_M-1-1,4.0759835
H5-MAA000617-3_10_M-1-1,3.8086507
H6-B000825-3_38_F-1-1,1.9166054
H6-B000826-3_39_F-1-1,3.3928099
H6-B001689-3_38_F-1-1,4.3960547
H6-B003278-3_38_F-1-1,3.6484904
H6-B003279-3_38_F-1-1,3.4926672
H6-B003292-3_39_F-1-1,3.7618632
H6-MAA000590-3_9_M-1-1,2.1976626
H6-MAA000603-3_10_M-1-1,3.7397714
H6-MAA000617-3_10_M-1-1,4.5097466
H7-B000825-3_38_F-1-1,4.1621203
H7-B000826-3_39_F-1-1,4.272355
H7-B001176-3_56_F-1-1,4.4204025
H7-B001689-3_38_F-1-1,2.4852006
H7-B003279-3_38_F-1-1,4.4346123
H7-B003281-3_39_F-1-1,3.3537564
H7-B003292-3_39_F-1-1,2.995593
H7-MAA000590-3_9_M-1-1,3.4362156
H7-MAA000617-3_10_M-1-1,4.213282
H8-B000825-3_38_F-1-1,3.4442496
H8-B000826-3_39_F-1-1,3.0356538
H8-B001176-3_56_F-1-1,4.217358
H8-B001689-3_38_F-1-1,3.32451
H8-B003278-3_38_F-1-1,4.215496
H8-B003279-3_38_F-1-1,4.3118014
H8-B003281-3_39_F-1-1,3.5589008
H8-B003292-3_39_F-1-1,3.2655675
H8-MAA000572-3_8_M-1-1,3.0374599
H8-MAA000590-3_9_M-1-1,0.04022289
H8-MAA000592-3_9_M-1-1,3.6033468
H8-MAA000603-3_10_M-1-1,3.851696
H8-MAA000617-3_10_M-1-1,3.3676574
H9-B000825-3_38_F-1-1,3.6364357
H9-B000826-3_39_F-1-1,4.13182
H9-B001176-3_56_F-1-1,4.165329
H9-B001689-3_38_F-1-1,3.8346522
H9-B003279-3_38_F-1-1,3.2644253
H9-B003281-3_39_F-1-1,2.6469991
H9-B003292-3_39_F-1-1,4.0333104
H9-MAA000571-3_9_M-1-1,4.364579
H9-MAA000590-3_9_M-1-1,4.1479964
H9-MAA000603-3_10_M-1-1,2.2155433
H9-MAA000605-3_10_M-1-1,4.284793
H9-MAA000617-3_10_M-1-1,3.4597187
I10-B000825-3_38_F-1-1,3.8499076
I10-B000826-3_39_F-1-1,4.031728
I10-B001176-3_56_F-1-1,3.8050914
I10-B001689-3_38_F-1-1,4.21536
I10-B003279-3_38_F-1-1,2.3022258
I10-B003292-3_39_F-1-1,3.8665311
I10-MAA000572-3_8_M-1-1,3.9718144
I10-MAA000590-3_9_M-1-1,4.269486
I10-MAA000617-3_10_M-1-1,4.6803737
I11-B000825-3_38_F-1-1,2.6183696
I11-B000826-3_39_F-1-1,3.217802
I11-B001176-3_56_F-1-1,3.3037083
I11-B001689-3_38_F-1-1,3.9357681
I11-B003281-3_39_F-1-1,4.2003045
I11-B003292-3_39_F-1-1,3.490991
I11-MAA000570-3_8_M-1-1,4.001585
I11-MAA000592-3_9_M-1-1,4.4378777
I11-MAA000603-3_10_M-1-1,4.220431
I11-MAA000617-3_10_M-1-1,4.1067257
I12-B000825-3_38_F-1-1,4.226909
I12-B000826-3_39_F-1-1,2.9610598
I12-B001176-3_56_F-1-1,3.7012553
I12-B001689-3_38_F-1-1,3.674076
I12-B003292-3_39_F-1-1,3.846699
I12-MAA000590-3_9_M-1-1,0.0
I12-MAA000592-3_9_M-1-1,3.5552676
I12-MAA000603-3_10_M-1-1,3.5089743
I12-MAA000605-3_10_M-1-1,4.4797354
I12-MAA000617-3_10_M-1-1,3.762558
I13-B000825-3_38_F-1-1,3.6869833
I13-B000826-3_39_F-1-1,3.6749582
I13-B001176-3_56_F-1-1,3.674066
I13-B001689-3_38_F-1-1,0.2140562
I13-B003278-3_38_F-1-1,4.0379186
I13-B003279-3_38_F-1-1,3.9235704
I13-B003281-3_39_F-1-1,3.5530665
I13-B003292-3_39_F-1-1,4.387129
I13-MAA000572-3_8_M-1-1,3.5112936
I13-MAA000590-3_9_M-1-1,4.955741
I13-MAA000603-3_10_M-1-1,3.4590087
I13-MAA000605-3_10_M-1-1,4.7082634
I13-MAA000617-3_10_M-1-1,3.7639945
I14-B000825-3_38_F-1-1,3.3491368
I14-B000826-3_39_F-1-1,3.666424
I14-B001176-3_56_F-1-1,3.645207
I14-B001689-3_38_F-1-1,4.0115747
I14-B003279-3_38_F-1-1,3.642115
I14-B003281-3_39_F-1-1,3.7985756
I14-B003292-3_39_F-1-1,4.1414223
I14-MAA000573-3_9_M-1-1,3.9284854
I14-MAA000590-3_9_M-1-1,4.1942763
I14-MAA000603-3_10_M-1-1,4.1954207
I14-MAA000617-3_10_M-1-1,4.002039
I15-B000825-3_38_F-1-1,3.3539546
I15-B000826-3_39_F-1-1,3.9381218
I15-B001176-3_56_F-1-1,4.091747
I15-B001689-3_38_F-1-1,4.7039604
I15-B003281-3_39_F-1-1,2.8495278
I15-B003292-3_39_F-1-1,3.7649405
I15-MAA000570-3_8_M-1-1,4.582814
I15-MAA000572-3_8_M-1-1,4.0642786
I15-MAA000590-3_9_M-1-1,4.3032017
I15-MAA000605-3_10_M-1-1,3.1272252
I15-MAA000617-3_10_M-1-1,4.170823
I16-B000825-3_38_F-1-1,3.4846063
I16-B000826-3_39_F-1-1,4.0848565
I16-B001176-3_56_F-1-1,3.6154091
I16-B001689-3_38_F-1-1,2.7638652
I16-B003279-3_38_F-1-1,2.2713523
I16-B003281-3_39_F-1-1,3.558267
I16-B003292-3_39_F-1-1,4.303612
I16-MAA000590-3_9_M-1-1,3.2986112
I16-MAA000603-3_10_M-1-1,3.9472232
I16-MAA000617-3_10_M-1-1,4.1520386
I17-B000825-3_38_F-1-1,3.404736
I17-B000826-3_39_F-1-1,3.384441
I17-B001176-3_56_F-1-1,3.4930015
I17-B001689-3_38_F-1-1,3.4768043
I17-B003279-3_38_F-1-1,4.0946474
I17-B003292-3_39_F-1-1,3.8659985
I17-MAA000570-3_8_M-1-1,4.129376
I17-MAA000572-3_8_M-1-1,4.1500816
I17-MAA000573-3_9_M-1-1,3.9986978
I17-MAA000590-3_9_M-1-1,4.096187
I17-MAA000603-3_10_M-1-1,3.4585838
I17-MAA000605-3_10_M-1-1,3.570095
I17-MAA000617-3_10_M-1-1,3.6620207
I18-B000826-3_39_F-1-1,4.087239
I18-B001176-3_56_F-1-1,4.024276
I18-B001689-3_38_F-1-1,3.8144178
I18-B003279-3_38_F-1-1,3.8070948
I18-B003281-3_39_F-1-1,3.097102
I18-B003292-3_39_F-1-1,3.6210287
I18-MAA000572-3_8_M-1-1,2.9071221
I18-MAA000590-3_9_M-1-1,3.764393
I18-MAA000603-3_10_M-1-1,4.493082
I18-MAA000605-3_10_M-1-1,4.064097
I18-MAA000617-3_10_M-1-1,4.8546615
I19-B000825-3_38_F-1-1,3.9454489
I19-B001176-3_56_F-1-1,4.2934537
I19-B001689-3_38_F-1-1,0.9959408
I19-B003278-3_38_F-1-1,3.244432
I19-B003279-3_38_F-1-1,2.927766
I19-B003281-3_39_F-1-1,3.862452
I19-B003292-3_39_F-1-1,4.1008854
I19-MAA000572-3_8_M-1-1,4.006441
I19-MAA000590-3_9_M-1-1,4.315437
I19-MAA000605-3_10_M-1-1,3.6409736
I19-MAA000617-3_10_M-1-1,4.275859
I1-B000825-3_38_F-1-1,2.97017
I1-B001689-3_38_F-1-1,3.1740944
I1-B003278-3_38_F-1-1,3.1351001
I1-B003279-3_38_F-1-1,4.047933
I1-B003292-3_39_F-1-1,4.1348357
I1-MAA000570-3_8_M-1-1,3.4589722
I1-MAA000572-3_8_M-1-1,3.6796145
I1-MAA000573-3_9_M-1-1,2.9947271
I1-MAA000590-3_9_M-1-1,4.1827483
I1-MAA000591-3_8_M-1-1,2.4535184
I1-MAA000592-3_9_M-1-1,3.676967
I1-MAA000593-3_8_M-1-1,3.6710103
I1-MAA000603-3_10_M-1-1,1.4218221
I1-MAA000604-3_10_M-1-1,3.8528576
I1-MAA000617-3_10_M-1-1,4.0104513
I20-B000825-3_38_F-1-1,3.6199493
I20-B000826-3_39_F-1-1,3.0508761
I20-B001176-3_56_F-1-1,4.4480677
I20-B003279-3_38_F-1-1,3.1993458
I20-B003281-3_39_F-1-1,3.0682187
I20-B003292-3_39_F-1-1,4.2973537
I20-MAA000570-3_8_M-1-1,3.8421903
I20-MAA000571-3_9_M-1-1,3.8270526
I20-MAA000572-3_8_M-1-1,3.90514
I20-MAA000573-3_9_M-1-1,3.988778
I20-MAA000590-3_9_M-1-1,4.0996885
I20-MAA000603-3_10_M-1-1,3.8615742
I20-MAA000605-3_10_M-1-1,3.316376
I21-B000825-3_38_F-1-1,3.4624393
I21-B000826-3_39_F-1-1,4.2437205
I21-B001176-3_56_F-1-1,3.3913074
I21-B001689-3_38_F-1-1,3.4770637
I21-B003279-3_38_F-1-1,3.6646118
I21-MAA000570-3_8_M-1-1,4.5404577
I21-MAA000571-3_9_M-1-1,3.3241448
I21-MAA000572-3_8_M-1-1,4.7231264
I21-MAA000573-3_9_M-1-1,4.2227798
I21-MAA000590-3_9_M-1-1,3.7664328
I21-MAA000592-3_9_M-1-1,3.320703
I21-MAA000603-3_10_M-1-1,2.9939954
I21-MAA000605-3_10_M-1-1,4.2992826
I22-B000826-3_39_F-1-1,3.5584059
I22-B001176-3_56_F-1-1,3.6040373
I22-B001689-3_38_F-1-1,3.947264
I22-B003279-3_38_F-1-1,2.0993123
I22-B003281-3_39_F-1-1,2.7757723
I22-MAA000570-3_8_M-1-1,4.2635736
I22-MAA000572-3_8_M-1-1,3.689579
I22-MAA000590-3_9_M-1-1,3.6832407
I22-MAA000592-3_9_M-1-1,3.4135346
I22-MAA000603-3_10_M-1-1,4.0924973
I2-B000825-3_38_F-1-1,4.0982785
I2-B000826-3_39_F-1-1,3.451588
I2-B001176-3_56_F-1-1,3.0534587
I2-B001689-3_38_F-1-1,3.4443781
I2-B003279-3_38_F-1-1,4.8157644
I2-B003281-3_39_F-1-1,3.5305629
I2-B003292-3_39_F-1-1,3.099452
I2-MAA000570-3_8_M-1-1,3.9684854
I2-MAA000572-3_8_M-1-1,4.132572
I2-MAA000590-3_9_M-1-1,4.2740297
I2-MAA000592-3_9_M-1-1,3.8147092
I2-MAA000603-3_10_M-1-1,3.209583
I2-MAA000617-3_10_M-1-1,3.6388257
I3-B000825-3_38_F-1-1,2.6372364
I3-B000826-3_39_F-1-1,4.0863705
I3-B001176-3_56_F-1-1,3.7460587
I3-B001689-3_38_F-1-1,3.1760187
I3-B003279-3_38_F-1-1,4.2199974
I3-B003292-3_39_F-1-1,3.646854
I3-MAA000570-3_8_M-1-1,4.548447
I3-MAA000572-3_8_M-1-1,3.7560987
I3-MAA000590-3_9_M-1-1,3.4120412
I3-MAA000591-3_8_M-1-1,3.3284123
I3-MAA000592-3_9_M-1-1,3.3553817
I3-MAA000603-3_10_M-1-1,4.0387607
I3-MAA000604-3_10_M-1-1,4.0874124
I3-MAA000617-3_10_M-1-1,2.5459123
I4-B000825-3_38_F-1-1,3.5828917
I4-B000826-3_39_F-1-1,3.6447222
I4-B001176-3_56_F-1-1,3.6768854
I4-B001689-3_38_F-1-1,4.26458
I4-B003278-3_38_F-1-1,3.7498314
I4-B003279-3_38_F-1-1,3.889384
I4-B003292-3_39_F-1-1,3.9536068
I4-MAA000570-3_8_M-1-1,3.4943879
I4-MAA000572-3_8_M-1-1,4.4647255
I4-MAA000590-3_9_M-1-1,4.202287
I4-MAA000603-3_10_M-1-1,3.4128673
I4-MAA000604-3_10_M-1-1,4.1036305
I4-MAA000617-3_10_M-1-1,2.7822359
I5-B000825-3_38_F-1-1,3.5366285
I5-B000826-3_39_F-1-1,3.6637497
I5-B001176-3_56_F-1-1,4.358772
I5-B001689-3_38_F-1-1,3.2349582
I5-B003278-3_38_F-1-1,3.6097417
I5-B003279-3_38_F-1-1,4.585572
I5-B003281-3_39_F-1-1,3.8823245
I5-B003292-3_39_F-1-1,3.9626803
I5-MAA000570-3_8_M-1-1,4.4952393
I5-MAA000573-3_9_M-1-1,3.397444
I5-MAA000590-3_9_M-1-1,3.9379003
I5-MAA000591-3_8_M-1-1,3.6266868
I5-MAA000592-3_9_M-1-1,3.6435957
I5-MAA000603-3_10_M-1-1,3.0893593
I5-MAA000617-3_10_M-1-1,4.204474
I6-B000825-3_38_F-1-1,3.774027
I6-B000826-3_39_F-1-1,4.3947854
I6-B001176-3_56_F-1-1,4.5923367
I6-B001689-3_38_F-1-1,4.0565553
I6-B003279-3_38_F-1-1,3.314541
I6-B003292-3_39_F-1-1,3.4913108
I6-MAA000570-3_8_M-1-1,3.057702
I6-MAA000572-3_8_M-1-1,3.81737
I6-MAA000590-3_9_M-1-1,3.977766
I6-MAA000592-3_9_M-1-1,3.7933066
I6-MAA000617-3_10_M-1-1,4.5079474
I7-B000825-3_38_F-1-1,2.967782
I7-B000826-3_39_F-1-1,3.6983614
I7-B001176-3_56_F-1-1,3.5312052
I7-B001689-3_38_F-1-1,3.90451
I7-B003279-3_38_F-1-1,4.0315785
I7-B003281-3_39_F-1-1,3.860346
I7-B003292-3_39_F-1-1,3.3740847
I7-MAA000570-3_8_M-1-1,4.7756696
I7-MAA000572-3_8_M-1-1,3.7536976
I7-MAA000590-3_9_M-1-1,4.60415
I7-MAA000592-3_9_M-1-1,4.03272
I8-B000825-3_38_F-1-1,3.8968549
I8-B000826-3_39_F-1-1,4.4346313
I8-B001176-3_56_F-1-1,3.7039728
I8-B001689-3_38_F-1-1,2.7917464
I8-B003279-3_38_F-1-1,0.015593241
I8-B003281-3_39_F-1-1,3.9430275
I8-B003292-3_39_F-1-1,3.9048777
I8-MAA000571-3_9_M-1-1,4.093114
I8-MAA000572-3_8_M-1-1,3.7730346
I8-MAA000590-3_9_M-1-1,4.2163305
I8-MAA000592-3_9_M-1-1,3.7498083
I8-MAA000603-3_10_M-1-1,4.008693
I8-MAA000604-3_10_M-1-1,3.5449388
I8-MAA000617-3_10_M-1-1,4.2221723
I9-B000825-3_38_F-1-1,3.4205878
I9-B000826-3_39_F-1-1,3.6037776
I9-B001176-3_56_F-1-1,3.9732313
I9-B001689-3_38_F-1-1,3.8487804
I9-B003279-3_38_F-1-1,3.565084
I9-B003292-3_39_F-1-1,3.5970335
I9-MAA000570-3_8_M-1-1,4.5625196
I9-MAA000572-3_8_M-1-1,3.7476602
I9-MAA000590-3_9_M-1-1,4.444974
I9-MAA000603-3_10_M-1-1,2.714237
I9-MAA000604-3_10_M-1-1,3.7297697
I9-MAA000605-3_10_M-1-1,3.663055
I9-MAA000617-3_10_M-1-1,3.8944926
J10-B000825-3_38_F-1-1,4.4163938
J10-B000826-3_39_F-1-1,3.8343027
J10-B001176-3_56_F-1-1,3.9280148
J10-B001689-3_38_F-1-1,2.0635471
J10-B003279-3_38_F-1-1,3.849413
J10-B003281-3_39_F-1-1,3.1173527
J10-B003292-3_39_F-1-1,4.233757
J10-MAA000571-3_9_M-1-1,3.5958745
J10-MAA000572-3_8_M-1-1,3.7304196
J10-MAA000573-3_9_M-1-1,3.3480513
J10-MAA000590-3_9_M-1-1,2.4805923
J10-MAA000605-3_10_M-1-1,4.326663
J10-MAA000617-3_10_M-1-1,4.366313
J11-B000825-3_38_F-1-1,3.4361973
J11-B000826-3_39_F-1-1,4.000003
J11-B001176-3_56_F-1-1,3.925657
J11-B001689-3_38_F-1-1,3.5181115
J11-B003279-3_38_F-1-1,3.4846723
J11-B003281-3_39_F-1-1,3.9778361
J11-B003292-3_39_F-1-1,3.9292266
J11-MAA000571-3_9_M-1-1,3.8543303
J11-MAA000572-3_8_M-1-1,3.1525593
J11-MAA000573-3_9_M-1-1,4.262189
J11-MAA000590-3_9_M-1-1,3.4368255
J11-MAA000603-3_10_M-1-1,3.7765179
J11-MAA000605-3_10_M-1-1,4.0255036
J11-MAA000617-3_10_M-1-1,4.651278
J12-B000825-3_38_F-1-1,4.072623
J12-B000826-3_39_F-1-1,4.1450386
J12-B001689-3_38_F-1-1,3.7654407
J12-B003279-3_38_F-1-1,3.9174244
J12-B003281-3_39_F-1-1,3.8969116
J12-B003292-3_39_F-1-1,3.7203982
J12-MAA000570-3_8_M-1-1,4.9397454
J12-MAA000571-3_9_M-1-1,3.9946141
J12-MAA000572-3_8_M-1-1,4.006667
J12-MAA000573-3_9_M-1-1,3.9585466
J12-MAA000590-3_9_M-1-1,4.0721908
J12-MAA000592-3_9_M-1-1,3.2949305
J12-MAA000603-3_10_M-1-1,4.3873186
J12-MAA000605-3_10_M-1-1,4.3312855
J12-MAA000617-3_10_M-1-1,3.6736705
J13-B000825-3_38_F-1-1,3.718196
J13-B000826-3_39_F-1-1,3.568344
J13-B001176-3_56_F-1-1,3.8195512
J13-B001689-3_38_F-1-1,3.9106488
J13-B003279-3_38_F-1-1,4.0054407
J13-B003281-3_39_F-1-1,3.193047
J13-B003292-3_39_F-1-1,4.4734955
J13-MAA000590-3_9_M-1-1,3.6386566
J13-MAA000605-3_10_M-1-1,3.9029994
J13-MAA000617-3_10_M-1-1,3.3943348
J14-B000825-3_38_F-1-1,3.1905866
J14-B000826-3_39_F-1-1,3.7634845
J14-B001176-3_56_F-1-1,4.13998
J14-B001689-3_38_F-1-1,4.1558566
J14-B003279-3_38_F-1-1,3.9486754
J14-B003281-3_39_F-1-1,3.7942944
J14-B003292-3_39_F-1-1,4.0280204
J14-MAA000572-3_8_M-1-1,3.7081733
J14-MAA000573-3_9_M-1-1,4.6329055
J14-MAA000590-3_9_M-1-1,4.001048
J14-MAA000603-3_10_M-1-1,3.1635575
J14-MAA000605-3_10_M-1-1,4.1342564
J14-MAA000617-3_10_M-1-1,3.8118896
J15-B000825-3_38_F-1-1,3.4523847
J15-B000826-3_39_F-1-1,3.731019
J15-B001176-3_56_F-1-1,3.8902538
J15-B001689-3_38_F-1-1,3.7222605
J15-B003279-3_38_F-1-1,3.8682792
J15-B003281-3_39_F-1-1,3.3893142
J15-B003292-3_39_F-1-1,4.29105
J15-MAA000570-3_8_M-1-1,1.8843838
J15-MAA000571-3_9_M-1-1,3.8930593
J15-MAA000573-3_9_M-1-1,3.1610687
J15-MAA000590-3_9_M-1-1,4.026154
J15-MAA000603-3_10_M-1-1,3.9404945
J15-MAA000604-3_10_M-1-1,4.061893
J15-MAA000605-3_10_M-1-1,3.7784488
J15-MAA000617-3_10_M-1-1,3.8029437
J16-B000825-3_38_F-1-1,3.3487728
J16-B000826-3_39_F-1-1,4.285855
J16-B001176-3_56_F-1-1,4.312873
J16-B001689-3_38_F-1-1,3.4417667
J16-B003279-3_38_F-1-1,3.7351944
J16-B003281-3_39_F-1-1,3.1703858
J16-B003292-3_39_F-1-1,3.33833
J16-MAA000590-3_9_M-1-1,3.8142748
J16-MAA000603-3_10_M-1-1,3.9066787
J16-MAA000604-3_10_M-1-1,4.240216
J16-MAA000617-3_10_M-1-1,4.6226845
J17-B000825-3_38_F-1-1,4.4895897
J17-B001176-3_56_F-1-1,4.1679616
J17-B001689-3_38_F-1-1,3.594678
J17-B003278-3_38_F-1-1,4.151829
J17-B003279-3_38_F-1-1,3.649841
J17-B003281-3_39_F-1-1,4.130958
J17-B003292-3_39_F-1-1,3.5581365
J17-MAA000570-3_8_M-1-1,3.996692
J17-MAA000573-3_9_M-1-1,3.7912757
J17-MAA000590-3_9_M-1-1,2.2144172
J17-MAA000592-3_9_M-1-1,3.4187775
J17-MAA000603-3_10_M-1-1,3.9922516
J17-MAA000604-3_10_M-1-1,3.2044644
J17-MAA000605-3_10_M-1-1,4.3172
J17-MAA000617-3_10_M-1-1,3.7044883
J18-B000825-3_38_F-1-1,3.424558
J18-B000826-3_39_F-1-1,3.813645
J18-B001176-3_56_F-1-1,3.8851135
J18-B001689-3_38_F-1-1,0.028179908
J18-B003279-3_38_F-1-1,4.7804704
J18-B003281-3_39_F-1-1,3.625754
J18-B003292-3_39_F-1-1,4.4544077
J18-MAA000573-3_9_M-1-1,4.1688633
J18-MAA000590-3_9_M-1-1,3.9447303
J18-MAA000604-3_10_M-1-1,4.1619306
J18-MAA000605-3_10_M-1-1,4.269793
J19-B000825-3_38_F-1-1,3.9724858
J19-B000826-3_39_F-1-1,4.025904
J19-B001176-3_56_F-1-1,3.5524743
J19-B001689-3_38_F-1-1,3.2619424
J19-B003278-3_38_F-1-1,3.7865305
J19-B003279-3_38_F-1-1,3.5154362
J19-B003281-3_39_F-1-1,3.7128546
J19-B003292-3_39_F-1-1,4.0547004
J19-MAA000570-3_8_M-1-1,4.69124
J19-MAA000572-3_8_M-1-1,3.5537672
J19-MAA000573-3_9_M-1-1,3.817062
J19-MAA000590-3_9_M-1-1,2.8057544
J19-MAA000603-3_10_M-1-1,3.8969378
J19-MAA000605-3_10_M-1-1,4.6595545
J19-MAA000617-3_10_M-1-1,4.010268
J1-B000825-3_38_F-1-1,3.9020877
J1-B000826-3_39_F-1-1,2.7097638
J1-B001176-3_56_F-1-1,3.8537054
J1-B003278-3_38_F-1-1,3.6135898
J1-B003279-3_38_F-1-1,4.2470627
J1-B003281-3_39_F-1-1,3.4552195
J1-B003292-3_39_F-1-1,3.4031796
J1-MAA000570-3_8_M-1-1,4.194402
J1-MAA000572-3_8_M-1-1,3.9375696
J1-MAA000573-3_9_M-1-1,3.2107484
J1-MAA000590-3_9_M-1-1,3.4427567
J1-MAA000592-3_9_M-1-1,3.4937687
J1-MAA000593-3_8_M-1-1,3.3451016
J1-MAA000603-3_10_M-1-1,2.918376
J1-MAA000604-3_10_M-1-1,3.9261882
J1-MAA000617-3_10_M-1-1,4.1608396
J20-B000825-3_38_F-1-1,3.7305007
J20-B000826-3_39_F-1-1,4.3150926
J20-B001689-3_38_F-1-1,4.788797
J20-B003278-3_38_F-1-1,4.320466
J20-B003281-3_39_F-1-1,3.6532
J20-B003292-3_39_F-1-1,4.2326636
J20-MAA000571-3_9_M-1-1,3.0981321
J20-MAA000590-3_9_M-1-1,3.4878435
J20-MAA000591-3_8_M-1-1,4.001577
J20-MAA000605-3_10_M-1-1,3.5752482
J20-MAA000617-3_10_M-1-1,4.1047816
J21-B000825-3_38_F-1-1,3.7165034
J21-B000826-3_39_F-1-1,2.2863748
J21-B001176-3_56_F-1-1,4.7944207
J21-B001689-3_38_F-1-1,2.84927
J21-B003278-3_38_F-1-1,4.0512433
J21-B003279-3_38_F-1-1,4.0111103
J21-B003281-3_39_F-1-1,3.6775832
J21-MAA000570-3_8_M-1-1,4.281735
J21-MAA000571-3_9_M-1-1,4.741853
J21-MAA000572-3_8_M-1-1,4.1048346
J21-MAA000573-3_9_M-1-1,3.9439957
J21-MAA000590-3_9_M-1-1,2.9746795
J21-MAA000591-3_8_M-1-1,4.0343823
J21-MAA000593-3_8_M-1-1,3.5743327
J21-MAA000603-3_10_M-1-1,3.3144894
J22-B000826-3_39_F-1-1,2.9321918
J22-B001176-3_56_F-1-1,4.1272664
J22-B001689-3_38_F-1-1,4.360475
J22-B003278-3_38_F-1-1,4.9450955
J22-MAA000570-3_8_M-1-1,3.5640385
J22-MAA000572-3_8_M-1-1,3.7493422
J22-MAA000573-3_9_M-1-1,4.10228
J22-MAA000590-3_9_M-1-1,4.0038185
J22-MAA000591-3_8_M-1-1,3.603565
J22-MAA000592-3_9_M-1-1,3.3531988
J22-MAA000593-3_8_M-1-1,2.771687
J22-MAA000604-3_10_M-1-1,3.5152078
J22-MAA000617-3_10_M-1-1,4.142795
J2-B000825-3_38_F-1-1,3.0405474
J2-B000826-3_39_F-1-1,3.435606
J2-B001689-3_38_F-1-1,4.355879
J2-B003279-3_38_F-1-1,3.5578165
J2-B003281-3_39_F-1-1,3.1582403
J2-B003292-3_39_F-1-1,3.907647
J2-MAA000572-3_8_M-1-1,4.146792
J2-MAA000573-3_9_M-1-1,3.475169
J2-MAA000590-3_9_M-1-1,4.0184016
J2-MAA000592-3_9_M-1-1,3.8613563
J2-MAA000603-3_10_M-1-1,4.3606267
J2-MAA000604-3_10_M-1-1,4.4044504
J2-MAA000617-3_10_M-1-1,4.3273034
J3-B000825-3_38_F-1-1,3.5147893
J3-B000826-3_39_F-1-1,3.7014983
J3-B001176-3_56_F-1-1,3.8234425
J3-B001689-3_38_F-1-1,3.3025732
J3-B003279-3_38_F-1-1,3.5587735
J3-B003281-3_39_F-1-1,3.2388816
J3-B003292-3_39_F-1-1,4.26479
J3-MAA000573-3_9_M-1-1,3.8265328
J3-MAA000591-3_8_M-1-1,3.9375956
J3-MAA000592-3_9_M-1-1,3.5954773
J3-MAA000603-3_10_M-1-1,3.0978823
J3-MAA000604-3_10_M-1-1,3.97574
J3-MAA000617-3_10_M-1-1,4.34468
J4-B000825-3_38_F-1-1,2.101964
J4-B000826-3_39_F-1-1,3.8445613
J4-B001176-3_56_F-1-1,4.3040624
J4-B001689-3_38_F-1-1,2.4899333
J4-B003279-3_38_F-1-1,3.2640862
J4-B003281-3_39_F-1-1,3.8983045
J4-B003292-3_39_F-1-1,3.7960584
J4-MAA000570-3_8_M-1-1,4.0105104
J4-MAA000572-3_8_M-1-1,3.793628
J4-MAA000590-3_9_M-1-1,4.7385764
J4-MAA000603-3_10_M-1-1,3.8364859
J4-MAA000604-3_10_M-1-1,3.9330306
J4-MAA000617-3_10_M-1-1,4.178029
J5-B000825-3_38_F-1-1,2.6304169
J5-B000826-3_39_F-1-1,3.4979436
J5-B001176-3_56_F-1-1,3.5339532
J5-B001689-3_38_F-1-1,3.758805
J5-B003279-3_38_F-1-1,4.162123
J5-B003281-3_39_F-1-1,3.3817716
J5-B003292-3_39_F-1-1,3.8389149
J5-MAA000570-3_8_M-1-1,3.7071002
J5-MAA000572-3_8_M-1-1,3.694787
J5-MAA000573-3_9_M-1-1,3.4711576
J5-MAA000590-3_9_M-1-1,4.460412
J5-MAA000603-3_10_M-1-1,4.3018093
J5-MAA000617-3_10_M-1-1,3.7773423
J6-B000825-3_38_F-1-1,4.014424
J6-B001176-3_56_F-1-1,3.8620574
J6-B003279-3_38_F-1-1,4.521018
J6-B003281-3_39_F-1-1,2.4640832
J6-B003292-3_39_F-1-1,3.786263
J6-MAA000572-3_8_M-1-1,4.1052804
J6-MAA000590-3_9_M-1-1,4.038863
J6-MAA000592-3_9_M-1-1,3.6798887
J6-MAA000603-3_10_M-1-1,3.5989268
J6-MAA000604-3_10_M-1-1,3.470546
J6-MAA000617-3_10_M-1-1,3.5690737
J7-B000825-3_38_F-1-1,3.5266228
J7-B000826-3_39_F-1-1,3.847181
J7-B001176-3_56_F-1-1,4.283157
J7-B001689-3_38_F-1-1,3.67924
J7-B003279-3_38_F-1-1,4.257045
J7-B003281-3_39_F-1-1,3.5522168
J7-B003292-3_39_F-1-1,3.4830897
J7-MAA000570-3_8_M-1-1,3.7376187
J7-MAA000590-3_9_M-1-1,4.363115
J7-MAA000592-3_9_M-1-1,3.4714007
J7-MAA000617-3_10_M-1-1,3.3922606
J8-B000825-3_38_F-1-1,3.4937093
J8-B000826-3_39_F-1-1,4.225271
J8-B001176-3_56_F-1-1,3.4018383
J8-B001689-3_38_F-1-1,3.2014728
J8-B003279-3_38_F-1-1,3.2776601
J8-B003281-3_39_F-1-1,3.6374953
J8-B003292-3_39_F-1-1,3.787094
J8-MAA000571-3_9_M-1-1,4.4314513
J8-MAA000572-3_8_M-1-1,3.95962
J8-MAA000590-3_9_M-1-1,4.1997595
J8-MAA000603-3_10_M-1-1,3.5205045
J8-MAA000604-3_10_M-1-1,3.6961255
J8-MAA000617-3_10_M-1-1,4.3279195
J9-B000825-3_38_F-1-1,4.3770185
J9-B000826-3_39_F-1-1,3.912485
J9-B001176-3_56_F-1-1,3.1530824
J9-B001689-3_38_F-1-1,3.3967147
J9-B003279-3_38_F-1-1,3.7804601
J9-B003281-3_39_F-1-1,2.9986134
J9-B003292-3_39_F-1-1,3.0200233
J9-MAA000571-3_9_M-1-1,3.4326813
J9-MAA000572-3_8_M-1-1,3.0076396
J9-MAA000573-3_9_M-1-1,3.7309608
J9-MAA000605-3_10_M-1-1,4.0377026
J9-MAA000617-3_10_M-1-1,4.157063
K10-B000826-3_39_F-1-1,4.0211763
K10-B001176-3_56_F-1-1,4.454466
K10-B001689-3_38_F-1-1,3.461619
K10-B003279-3_38_F-1-1,4.1908627
K10-B003281-3_39_F-1-1,3.6155214
K10-B003292-3_39_F-1-1,5.159066
K10-MAA000572-3_8_M-1-1,3.854716
K10-MAA000573-3_9_M-1-1,4.652399
K10-MAA000590-3_9_M-1-1,3.2908125
K10-MAA000604-3_10_M-1-1,4.1595197
K10-MAA000605-3_10_M-1-1,3.790868
K10-MAA000617-3_10_M-1-1,4.076166
K11-B000825-3_38_F-1-1,3.0194914
K11-B000826-3_39_F-1-1,4.165104
K11-B001176-3_56_F-1-1,3.8622909
K11-B001689-3_38_F-1-1,3.3266172
K11-B003279-3_38_F-1-1,3.850573
K11-B003281-3_39_F-1-1,4.158083
K11-B003292-3_39_F-1-1,3.8112864
K11-MAA000570-3_8_M-1-1,4.221859
K11-MAA000572-3_8_M-1-1,4.2390747
K11-MAA000590-3_9_M-1-1,3.8849492
K11-MAA000603-3_10_M-1-1,3.8283234
K11-MAA000605-3_10_M-1-1,3.7327423
K11-MAA000617-3_10_M-1-1,3.7258353
K12-B000825-3_38_F-1-1,2.4094467
K12-B000826-3_39_F-1-1,3.8367558
K12-B001176-3_56_F-1-1,3.518278
K12-B001689-3_38_F-1-1,3.716358
K12-B003278-3_38_F-1-1,3.4966593
K12-B003281-3_39_F-1-1,3.916699
K12-B003292-3_39_F-1-1,3.551738
K12-MAA000572-3_8_M-1-1,4.338386
K12-MAA000590-3_9_M-1-1,3.6737342
K12-MAA000603-3_10_M-1-1,4.445322
K12-MAA000605-3_10_M-1-1,4.086922
K12-MAA000617-3_10_M-1-1,3.7799819
K13-B000825-3_38_F-1-1,3.3516073
K13-B000826-3_39_F-1-1,3.3919845
K13-B001176-3_56_F-1-1,3.4292948
K13-B003279-3_38_F-1-1,4.3625417
K13-B003281-3_39_F-1-1,3.8223538
K13-B003292-3_39_F-1-1,4.005727
K13-MAA000590-3_9_M-1-1,3.6307356
K13-MAA000592-3_9_M-1-1,2.9703875
K13-MAA000603-3_10_M-1-1,3.6300993
K13-MAA000604-3_10_M-1-1,4.0173397
K13-MAA000605-3_10_M-1-1,3.7790508
K13-MAA000617-3_10_M-1-1,4.2394476
K14-B000825-3_38_F-1-1,3.9808779
K14-B000826-3_39_F-1-1,3.7826114
K14-B001176-3_56_F-1-1,3.7412987
K14-B001689-3_38_F-1-1,4.362078
K14-B003281-3_39_F-1-1,3.7306218
K14-B003292-3_39_F-1-1,3.8180785
K14-MAA000570-3_8_M-1-1,5.0688167
K14-MAA000572-3_8_M-1-1,2.7817605
K14-MAA000590-3_9_M-1-1,2.9796526
K14-MAA000592-3_9_M-1-1,3.8069448
K14-MAA000603-3_10_M-1-1,3.57806
K14-MAA000604-3_10_M-1-1,3.5157118
K14-MAA000605-3_10_M-1-1,4.4664497
K14-MAA000617-3_10_M-1-1,4.094356
K15-B000825-3_38_F-1-1,3.7038023
K15-B000826-3_39_F-1-1,3.6717365
K15-B001176-3_56_F-1-1,3.3250387
K15-B001689-3_38_F-1-1,4.3409357
K15-B003278-3_38_F-1-1,3.7674937
K15-B003279-3_38_F-1-1,4.4108377
K15-B003281-3_39_F-1-1,2.3355606
K15-B003292-3_39_F-1-1,3.7198453
K15-MAA000570-3_8_M-1-1,4.408158
K15-MAA000590-3_9_M-1-1,4.12628
K15-MAA000592-3_9_M-1-1,3.7797928
K15-MAA000603-3_10_M-1-1,3.527301
K15-MAA000604-3_10_M-1-1,3.2591846
K15-MAA000605-3_10_M-1-1,3.8308992
K15-MAA000617-3_10_M-1-1,3.5257926
K16-B000825-3_38_F-1-1,2.8475344
K16-B000826-3_39_F-1-1,3.2960982
K16-B001176-3_56_F-1-1,4.2884617
K16-B001689-3_38_F-1-1,3.2695868
K16-B003278-3_38_F-1-1,4.1140847
K16-B003281-3_39_F-1-1,2.862499
K16-B003292-3_39_F-1-1,4.2927256
K16-MAA000570-3_8_M-1-1,4.224977
K16-MAA000572-3_8_M-1-1,3.1036441
K16-MAA000573-3_9_M-1-1,3.8901467
K16-MAA000590-3_9_M-1-1,4.0890956
K16-MAA000603-3_10_M-1-1,3.8122098
K16-MAA000605-3_10_M-1-1,4.608136
K17-B000825-3_38_F-1-1,3.5769918
K17-B000826-3_39_F-1-1,3.5608025
K17-B001176-3_56_F-1-1,3.9326375
K17-B003279-3_38_F-1-1,2.960889
K17-B003281-3_39_F-1-1,3.657641
K17-B003292-3_39_F-1-1,3.7418802
K17-MAA000570-3_8_M-1-1,4.2703013
K17-MAA000572-3_8_M-1-1,3.9771173
K17-MAA000592-3_9_M-1-1,3.6230826
K17-MAA000603-3_10_M-1-1,3.9603963
K17-MAA000617-3_10_M-1-1,4.2695527
K18-B000825-3_38_F-1-1,4.012136
K18-B000826-3_39_F-1-1,4.263104
K18-B001176-3_56_F-1-1,3.8759494
K18-B001689-3_38_F-1-1,4.195079
K18-B003279-3_38_F-1-1,4.8483214
K18-B003281-3_39_F-1-1,4.3396535
K18-B003292-3_39_F-1-1,4.2454424
K18-MAA000572-3_8_M-1-1,3.5164647
K18-MAA000590-3_9_M-1-1,4.1799436
K18-MAA000603-3_10_M-1-1,3.9151504
K18-MAA000604-3_10_M-1-1,3.7411687
K18-MAA000605-3_10_M-1-1,3.9993353
K18-MAA000617-3_10_M-1-1,2.8917248
K19-B000825-3_38_F-1-1,2.4492314
K19-B000826-3_39_F-1-1,3.417931
K19-B001176-3_56_F-1-1,4.462104
K19-B001689-3_38_F-1-1,3.1695526
K19-B003279-3_38_F-1-1,4.8235807
K19-B003281-3_39_F-1-1,3.8372793
K19-B003292-3_39_F-1-1,3.5582678
K19-MAA000573-3_9_M-1-1,4.0655346
K19-MAA000590-3_9_M-1-1,4.325097
K19-MAA000592-3_9_M-1-1,3.9789133
K19-MAA000593-3_8_M-1-1,3.489209
K19-MAA000603-3_10_M-1-1,3.9592984
K19-MAA000604-3_10_M-1-1,3.7929718
K19-MAA000605-3_10_M-1-1,3.900457
K19-MAA000617-3_10_M-1-1,3.8368502
K1-B000825-3_38_F-1-1,1.5167402
K1-B000826-3_39_F-1-1,3.4583025
K1-B001176-3_56_F-1-1,3.645105
K1-B001689-3_38_F-1-1,3.9130385
K1-B003278-3_38_F-1-1,3.5872688
K1-B003279-3_38_F-1-1,1.09787
K1-B003281-3_39_F-1-1,3.1483572
K1-B003292-3_39_F-1-1,3.3317194
K1-MAA000572-3_8_M-1-1,3.4207072
K1-MAA000573-3_9_M-1-1,4.305346
K1-MAA000590-3_9_M-1-1,3.9425786
K1-MAA000592-3_9_M-1-1,3.4983513
K1-MAA000593-3_8_M-1-1,0.83154446
K1-MAA000603-3_10_M-1-1,2.8623688
K1-MAA000617-3_10_M-1-1,3.8319163
K20-B000826-3_39_F-1-1,1.46475
K20-B001689-3_38_F-1-1,4.6594195
K20-B003278-3_38_F-1-1,2.5140836
K20-B003279-3_38_F-1-1,3.8170102
K20-B003281-3_39_F-1-1,3.4642446
K20-B003292-3_39_F-1-1,3.1471071
K20-MAA000570-3_8_M-1-1,3.9436774
K20-MAA000572-3_8_M-1-1,3.476897
K20-MAA000590-3_9_M-1-1,3.3362055
K20-MAA000591-3_8_M-1-1,4.3145742
K20-MAA000592-3_9_M-1-1,3.1423767
K20-MAA000603-3_10_M-1-1,3.5288658
K20-MAA000605-3_10_M-1-1,4.0000606
K21-B000825-3_38_F-1-1,3.8708856
K21-B001176-3_56_F-1-1,3.8601496
K21-B003279-3_38_F-1-1,3.9420755
K21-B003281-3_39_F-1-1,3.8847237
K21-MAA000570-3_8_M-1-1,3.5889378
K21-MAA000571-3_9_M-1-1,4.666769
K21-MAA000572-3_8_M-1-1,4.218086
K21-MAA000573-3_9_M-1-1,4.4242935
K21-MAA000590-3_9_M-1-1,3.1181076
K21-MAA000592-3_9_M-1-1,4.2185698
K21-MAA000603-3_10_M-1-1,4.4752626
K21-MAA000604-3_10_M-1-1,3.7106543
K21-MAA000605-3_10_M-1-1,4.0831113
K22-B000826-3_39_F-1-1,3.7196536
K22-B001176-3_56_F-1-1,4.141613
K22-B001689-3_38_F-1-1,3.275038
K22-B003278-3_38_F-1-1,4.5588202
K22-B003279-3_38_F-1-1,3.8750267
K22-B003281-3_39_F-1-1,3.4901469
K22-MAA000570-3_8_M-1-1,2.3550699
K22-MAA000571-3_9_M-1-1,4.750329
K22-MAA000572-3_8_M-1-1,3.3649507
K22-MAA000590-3_9_M-1-1,3.8376353
K22-MAA000592-3_9_M-1-1,3.8973541
K22-MAA000593-3_8_M-1-1,3.9534156
K22-MAA000603-3_10_M-1-1,3.2651882
K22-MAA000605-3_10_M-1-1,4.3014617
K2-B000825-3_38_F-1-1,3.1117828
K2-B001176-3_56_F-1-1,4.1036954
K2-B001689-3_38_F-1-1,3.3967886
K2-B003279-3_38_F-1-1,3.133493
K2-B003281-3_39_F-1-1,3.8110986
K2-B003292-3_39_F-1-1,4.1322308
K2-MAA000572-3_8_M-1-1,3.405074
K2-MAA000590-3_9_M-1-1,3.895021
K2-MAA000592-3_9_M-1-1,4.381763
K2-MAA000593-3_8_M-1-1,3.9562724
K2-MAA000603-3_10_M-1-1,3.9279687
K2-MAA000604-3_10_M-1-1,3.8335977
K2-MAA000617-3_10_M-1-1,3.7951784
K3-B000825-3_38_F-1-1,3.9309247
K3-B000826-3_39_F-1-1,4.087853
K3-B001176-3_56_F-1-1,2.9971185
K3-B001689-3_38_F-1-1,3.7320936
K3-B003278-3_38_F-1-1,3.9921505
K3-B003279-3_38_F-1-1,2.6087203
K3-B003281-3_39_F-1-1,3.904122
K3-B003292-3_39_F-1-1,4.461289
K3-MAA000570-3_8_M-1-1,3.7464728
K3-MAA000572-3_8_M-1-1,3.3332493
K3-MAA000590-3_9_M-1-1,2.841886
K3-MAA000592-3_9_M-1-1,3.221565
K3-MAA000604-3_10_M-1-1,3.4753237
K3-MAA000617-3_10_M-1-1,4.2035966
K4-B000825-3_38_F-1-1,2.886292
K4-B000826-3_39_F-1-1,3.501459
K4-B001176-3_56_F-1-1,4.091069
K4-B001689-3_38_F-1-1,3.8731544
K4-B003279-3_38_F-1-1,2.717809
K4-B003281-3_39_F-1-1,3.3157046
K4-B003292-3_39_F-1-1,3.92354
K4-MAA000570-3_8_M-1-1,4.7508636
K4-MAA000573-3_9_M-1-1,4.681965
K4-MAA000590-3_9_M-1-1,3.7578635
K4-MAA000592-3_9_M-1-1,3.9298909
K4-MAA000603-3_10_M-1-1,4.364203
K4-MAA000604-3_10_M-1-1,4.567395
K4-MAA000617-3_10_M-1-1,4.164609
K5-B000826-3_39_F-1-1,3.364261
K5-B001176-3_56_F-1-1,4.0953355
K5-B001689-3_38_F-1-1,3.0562246
K5-B003279-3_38_F-1-1,0.0
K5-B003281-3_39_F-1-1,3.2769837
K5-B003292-3_39_F-1-1,3.730885
K5-MAA000572-3_8_M-1-1,3.743977
K5-MAA000573-3_9_M-1-1,3.6055627
K5-MAA000590-3_9_M-1-1,4.3157005
K5-MAA000592-3_9_M-1-1,4.013216
K5-MAA000603-3_10_M-1-1,0.09028141
K5-MAA000604-3_10_M-1-1,4.182369
K5-MAA000617-3_10_M-1-1,3.9604297
K6-B000825-3_38_F-1-1,2.2951946
K6-B001689-3_38_F-1-1,3.6066294
K6-B003292-3_39_F-1-1,3.1677737
K6-MAA000570-3_8_M-1-1,4.800166
K6-MAA000572-3_8_M-1-1,3.662058
K6-MAA000573-3_9_M-1-1,3.4372935
K6-MAA000590-3_9_M-1-1,3.471539
K6-MAA000592-3_9_M-1-1,3.6375856
K6-MAA000603-3_10_M-1-1,4.2339997
K6-MAA000604-3_10_M-1-1,3.9322798
K6-MAA000617-3_10_M-1-1,3.5032408
K7-B000825-3_38_F-1-1,2.531965
K7-B000826-3_39_F-1-1,3.372697
K7-B001689-3_38_F-1-1,4.1027207
K7-B003279-3_38_F-1-1,2.4463298
K7-B003281-3_39_F-1-1,3.4017663
K7-B003292-3_39_F-1-1,4.0023932
K7-MAA000570-3_8_M-1-1,3.6045368
K7-MAA000572-3_8_M-1-1,3.3762932
K7-MAA000590-3_9_M-1-1,3.991718
K7-MAA000603-3_10_M-1-1,3.4585087
K7-MAA000617-3_10_M-1-1,4.2532406
K8-B000825-3_38_F-1-1,2.9190402
K8-B001176-3_56_F-1-1,3.5221014
K8-B001689-3_38_F-1-1,4.8207994
K8-B003279-3_38_F-1-1,3.847818
K8-B003281-3_39_F-1-1,3.2434072
K8-B003292-3_39_F-1-1,4.0272884
K8-MAA000570-3_8_M-1-1,4.3598256
K8-MAA000571-3_9_M-1-1,3.9531488
K8-MAA000572-3_8_M-1-1,3.5653915
K8-MAA000590-3_9_M-1-1,4.4313426
K8-MAA000603-3_10_M-1-1,3.8177547
K8-MAA000604-3_10_M-1-1,3.7281055
K8-MAA000605-3_10_M-1-1,3.5544415
K8-MAA000617-3_10_M-1-1,3.6902049
K9-B000825-3_38_F-1-1,3.3460608
K9-B000826-3_39_F-1-1,3.9346554
K9-B001176-3_56_F-1-1,4.0026994
K9-B001689-3_38_F-1-1,3.5961022
K9-B003281-3_39_F-1-1,3.533503
K9-B003292-3_39_F-1-1,3.6696382
K9-MAA000570-3_8_M-1-1,4.0840116
K9-MAA000571-3_9_M-1-1,3.2496083
K9-MAA000572-3_8_M-1-1,3.182894
K9-MAA000573-3_9_M-1-1,4.4469233
K9-MAA000590-3_9_M-1-1,3.729589
K9-MAA000603-3_10_M-1-1,3.6544201
K9-MAA000604-3_10_M-1-1,4.3050117
K9-MAA000605-3_10_M-1-1,3.099667
K9-MAA000617-3_10_M-1-1,3.6160176
L10-B000825-3_38_F-1-1,3.309492
L10-B000826-3_39_F-1-1,3.1406415
L10-B001176-3_56_F-1-1,3.6511316
L10-B001689-3_38_F-1-1,3.6856318
L10-B003278-3_38_F-1-1,4.3131824
L10-B003279-3_38_F-1-1,4.349511
L10-B003292-3_39_F-1-1,4.9852004
L10-MAA000571-3_9_M-1-1,4.520342
L10-MAA000572-3_8_M-1-1,3.0265508
L10-MAA000573-3_9_M-1-1,3.442083
L10-MAA000590-3_9_M-1-1,2.9059849
L10-MAA000604-3_10_M-1-1,4.4523115
L10-MAA000605-3_10_M-1-1,3.8073852
L10-MAA000617-3_10_M-1-1,4.0462894
L11-B000825-3_38_F-1-1,3.426634
L11-B000826-3_39_F-1-1,3.6079378
L11-B001176-3_56_F-1-1,3.7151356
L11-B001689-3_38_F-1-1,4.204232
L11-B003279-3_38_F-1-1,3.734903
L11-B003281-3_39_F-1-1,3.8044183
L11-B003292-3_39_F-1-1,4.4302583
L11-MAA000571-3_9_M-1-1,4.318497
L11-MAA000572-3_8_M-1-1,4.2577176
L11-MAA000573-3_9_M-1-1,4.2200923
L11-MAA000590-3_9_M-1-1,3.953798
L11-MAA000592-3_9_M-1-1,3.969339
L11-MAA000603-3_10_M-1-1,3.4965591
L11-MAA000605-3_10_M-1-1,4.744969
L11-MAA000617-3_10_M-1-1,4.4978414
L12-B000825-3_38_F-1-1,3.0556939
L12-B000826-3_39_F-1-1,3.7071538
L12-B001176-3_56_F-1-1,3.786686
L12-B001689-3_38_F-1-1,3.818576
L12-B003278-3_38_F-1-1,3.8089
L12-B003279-3_38_F-1-1,4.201546
L12-B003281-3_39_F-1-1,3.6715865
L12-B003292-3_39_F-1-1,4.2466893
L12-MAA000590-3_9_M-1-1,4.302419
L12-MAA000592-3_9_M-1-1,4.326468
L12-MAA000603-3_10_M-1-1,4.3919406
L12-MAA000605-3_10_M-1-1,4.69624
L12-MAA000617-3_10_M-1-1,4.4521523
L13-B000825-3_38_F-1-1,3.839325
L13-B000826-3_39_F-1-1,4.652085
L13-B001176-3_56_F-1-1,3.8383431
L13-B001689-3_38_F-1-1,3.3014865
L13-B003279-3_38_F-1-1,4.4180975
L13-B003281-3_39_F-1-1,3.662776
L13-MAA000572-3_8_M-1-1,3.4983022
L13-MAA000573-3_9_M-1-1,4.5571804
L13-MAA000590-3_9_M-1-1,4.1094546
L13-MAA000592-3_9_M-1-1,4.039238
L13-MAA000603-3_10_M-1-1,4.190022
L13-MAA000605-3_10_M-1-1,4.366836
L13-MAA000617-3_10_M-1-1,3.5101404
L14-B000825-3_38_F-1-1,2.2614908
L14-B001689-3_38_F-1-1,4.3018527
L14-B003279-3_38_F-1-1,3.9811292
L14-B003281-3_39_F-1-1,3.2379916
L14-B003292-3_39_F-1-1,4.0929747
L14-MAA000570-3_8_M-1-1,3.6148832
L14-MAA000572-3_8_M-1-1,3.2942398
L14-MAA000590-3_9_M-1-1,3.9381769
L14-MAA000603-3_10_M-1-1,3.9237065
L14-MAA000605-3_10_M-1-1,3.7535248
L14-MAA000617-3_10_M-1-1,3.9226632
L15-B000825-3_38_F-1-1,3.6922507
L15-B001176-3_56_F-1-1,3.991229
L15-B001689-3_38_F-1-1,4.0354805
L15-B003279-3_38_F-1-1,3.9210587
L15-B003292-3_39_F-1-1,3.2003574
L15-MAA000571-3_9_M-1-1,3.5704043
L15-MAA000572-3_8_M-1-1,3.3947308
L15-MAA000590-3_9_M-1-1,4.6343803
L15-MAA000592-3_9_M-1-1,3.045471
L15-MAA000603-3_10_M-1-1,3.4203742
L15-MAA000604-3_10_M-1-1,4.1462955
L15-MAA000605-3_10_M-1-1,3.0896194
L15-MAA000617-3_10_M-1-1,4.4576454
L16-B000825-3_38_F-1-1,3.155959
L16-B001689-3_38_F-1-1,3.8167067
L16-B003278-3_38_F-1-1,4.030452
L16-B003279-3_38_F-1-1,2.9066575
L16-B003281-3_39_F-1-1,3.440436
L16-B003292-3_39_F-1-1,4.0168962
L16-MAA000573-3_9_M-1-1,4.1814423
L16-MAA000590-3_9_M-1-1,2.756564
L16-MAA000603-3_10_M-1-1,3.9570487
L16-MAA000605-3_10_M-1-1,4.117235
L16-MAA000617-3_10_M-1-1,4.1617227
L17-B000825-3_38_F-1-1,3.273168
L17-B000826-3_39_F-1-1,3.8339953
L17-B001176-3_56_F-1-1,3.3314636
L17-B001689-3_38_F-1-1,2.866477
L17-B003279-3_38_F-1-1,4.0092587
L17-B003281-3_39_F-1-1,3.1781156
L17-B003292-3_39_F-1-1,4.0349526
L17-MAA000572-3_8_M-1-1,3.7974052
L17-MAA000573-3_9_M-1-1,3.6419473
L17-MAA000590-3_9_M-1-1,4.0049
L17-MAA000603-3_10_M-1-1,4.0837846
L17-MAA000604-3_10_M-1-1,4.468669
L17-MAA000605-3_10_M-1-1,4.8004403
L17-MAA000617-3_10_M-1-1,4.281386
L18-B000825-3_38_F-1-1,3.6209052
L18-B000826-3_39_F-1-1,3.5964565
L18-B001176-3_56_F-1-1,3.8017035
L18-B001689-3_38_F-1-1,4.3430142
L18-B003278-3_38_F-1-1,3.6334896
L18-B003279-3_38_F-1-1,3.492737
L18-B003292-3_39_F-1-1,4.0453415
L18-MAA000572-3_8_M-1-1,3.9644446
L18-MAA000573-3_9_M-1-1,3.979112
L18-MAA000590-3_9_M-1-1,3.7410977
L18-MAA000603-3_10_M-1-1,4.2365417
L18-MAA000604-3_10_M-1-1,4.4052343
L18-MAA000617-3_10_M-1-1,3.8744724
L19-B000826-3_39_F-1-1,3.1710715
L19-B001176-3_56_F-1-1,3.6429532
L19-B001689-3_38_F-1-1,3.373282
L19-B003278-3_38_F-1-1,3.7571769
L19-B003279-3_38_F-1-1,3.9227474
L19-B003281-3_39_F-1-1,3.081873
L19-B003292-3_39_F-1-1,3.4118574
L19-MAA000570-3_8_M-1-1,4.182926
L19-MAA000571-3_9_M-1-1,4.204369
L19-MAA000572-3_8_M-1-1,4.6693096
L19-MAA000590-3_9_M-1-1,3.8365245
L19-MAA000591-3_8_M-1-1,3.895222
L19-MAA000592-3_9_M-1-1,3.5631933
L19-MAA000603-3_10_M-1-1,3.9502976
L19-MAA000604-3_10_M-1-1,3.515881
L19-MAA000605-3_10_M-1-1,3.916998
L19-MAA000617-3_10_M-1-1,4.205313
L1-B000825-3_38_F-1-1,2.8569472
L1-B000826-3_39_F-1-1,2.5059185
L1-B001176-3_56_F-1-1,3.338409
L1-B001689-3_38_F-1-1,2.7285104
L1-B003279-3_38_F-1-1,3.2913742
L1-B003281-3_39_F-1-1,3.9796817
L1-B003292-3_39_F-1-1,3.4005098
L1-MAA000570-3_8_M-1-1,3.7437286
L1-MAA000572-3_8_M-1-1,3.6592917
L1-MAA000573-3_9_M-1-1,4.246487
L1-MAA000590-3_9_M-1-1,3.3821669
L1-MAA000591-3_8_M-1-1,2.4218936
L1-MAA000592-3_9_M-1-1,4.992837
L1-MAA000593-3_8_M-1-1,3.0506594
L1-MAA000603-3_10_M-1-1,3.6561859
L1-MAA000604-3_10_M-1-1,4.0690246
L1-MAA000617-3_10_M-1-1,3.5398614
L20-B000825-3_38_F-1-1,2.2921383
L20-B000826-3_39_F-1-1,3.2869298
L20-B001689-3_38_F-1-1,3.8790147
L20-B003278-3_38_F-1-1,3.2371728
L20-B003279-3_38_F-1-1,3.9904444
L20-B003281-3_39_F-1-1,2.946313
L20-B003292-3_39_F-1-1,3.9626691
L20-MAA000570-3_8_M-1-1,4.5884867
L20-MAA000571-3_9_M-1-1,2.835452
L20-MAA000572-3_8_M-1-1,3.4829412
L20-MAA000573-3_9_M-1-1,3.5523362
L20-MAA000590-3_9_M-1-1,4.355422
L20-MAA000591-3_8_M-1-1,4.175383
L20-MAA000592-3_9_M-1-1,3.9401293
L20-MAA000593-3_8_M-1-1,4.0158424
L20-MAA000603-3_10_M-1-1,4.1878786
L20-MAA000604-3_10_M-1-1,4.254583
L20-MAA000617-3_10_M-1-1,4.355693
L21-B000825-3_38_F-1-1,3.6221976
L21-B000826-3_39_F-1-1,3.7100825
L21-B001689-3_38_F-1-1,3.5212555
L21-B003278-3_38_F-1-1,4.2115583
L21-B003279-3_38_F-1-1,4.396934
L21-B003281-3_39_F-1-1,3.786053
L21-MAA000570-3_8_M-1-1,4.00306
L21-MAA000571-3_9_M-1-1,4.3878183
L21-MAA000572-3_8_M-1-1,3.702154
L21-MAA000573-3_9_M-1-1,3.1512408
L21-MAA000590-3_9_M-1-1,4.0519004
L21-MAA000591-3_8_M-1-1,3.9539747
L21-MAA000592-3_9_M-1-1,3.9457717
L21-MAA000603-3_10_M-1-1,3.960377
L21-MAA000604-3_10_M-1-1,3.73767
L21-MAA000605-3_10_M-1-1,3.585387
L22-B001176-3_56_F-1-1,4.0946803
L22-B003279-3_38_F-1-1,3.9542184
L22-B003281-3_39_F-1-1,3.3104088
L22-MAA000570-3_8_M-1-1,2.527195
L22-MAA000571-3_9_M-1-1,4.3103366
L22-MAA000572-3_8_M-1-1,4.404915
L22-MAA000573-3_9_M-1-1,4.5329413
L22-MAA000590-3_9_M-1-1,3.7039318
L22-MAA000591-3_8_M-1-1,4.377967
L22-MAA000593-3_8_M-1-1,4.0353413
L22-MAA000603-3_10_M-1-1,4.1303144
L2-B000825-3_38_F-1-1,2.8190763
L2-B000826-3_39_F-1-1,3.650492
L2-B001176-3_56_F-1-1,4.212323
L2-B001689-3_38_F-1-1,2.8175578
L2-B003278-3_38_F-1-1,3.265037
L2-B003279-3_38_F-1-1,2.8839326
L2-B003281-3_39_F-1-1,2.3593674
L2-B003292-3_39_F-1-1,4.7209034
L2-MAA000570-3_8_M-1-1,3.1933177
L2-MAA000572-3_8_M-1-1,3.4633107
L2-MAA000573-3_9_M-1-1,3.8205454
L2-MAA000590-3_9_M-1-1,4.075516
L2-MAA000592-3_9_M-1-1,2.2945764
L2-MAA000603-3_10_M-1-1,3.6962492
L2-MAA000604-3_10_M-1-1,3.6778395
L2-MAA000617-3_10_M-1-1,4.494857
L3-B000825-3_38_F-1-1,3.7694871
L3-B001689-3_38_F-1-1,2.9242468
L3-B003278-3_38_F-1-1,3.358992
L3-B003279-3_38_F-1-1,3.6066513
L3-B003281-3_39_F-1-1,3.5027165
L3-MAA000570-3_8_M-1-1,3.6661959
L3-MAA000572-3_8_M-1-1,3.073209
L3-MAA000573-3_9_M-1-1,3.935038
L3-MAA000590-3_9_M-1-1,3.7650056
L3-MAA000592-3_9_M-1-1,3.6729343
L3-MAA000603-3_10_M-1-1,3.7863894
L3-MAA000604-3_10_M-1-1,2.9746418
L3-MAA000617-3_10_M-1-1,3.9025097
L4-B000825-3_38_F-1-1,2.2674408
L4-B000826-3_39_F-1-1,4.1133666
L4-B001176-3_56_F-1-1,3.759109
L4-B003279-3_38_F-1-1,3.248553
L4-B003281-3_39_F-1-1,3.3020988
L4-B003292-3_39_F-1-1,3.517355
L4-MAA000570-3_8_M-1-1,3.4486291
L4-MAA000572-3_8_M-1-1,4.061961
L4-MAA000573-3_9_M-1-1,3.7337883
L4-MAA000591-3_8_M-1-1,3.5345242
L4-MAA000603-3_10_M-1-1,3.3603635
L4-MAA000604-3_10_M-1-1,3.311082
L4-MAA000617-3_10_M-1-1,3.9506686
L5-B000825-3_38_F-1-1,3.3231256
L5-B000826-3_39_F-1-1,4.281647
L5-B001176-3_56_F-1-1,4.0681505
L5-B001689-3_38_F-1-1,3.669776
L5-B003278-3_38_F-1-1,4.3018775
L5-B003279-3_38_F-1-1,3.743424
L5-B003292-3_39_F-1-1,3.9123633
L5-MAA000570-3_8_M-1-1,4.580709
L5-MAA000572-3_8_M-1-1,3.6125607
L5-MAA000573-3_9_M-1-1,3.6154528
L5-MAA000590-3_9_M-1-1,3.31545
L5-MAA000603-3_10_M-1-1,3.776078
L5-MAA000604-3_10_M-1-1,3.8930578
L5-MAA000617-3_10_M-1-1,3.8875508
L6-B000825-3_38_F-1-1,3.6279316
L6-B001176-3_56_F-1-1,4.0959854
L6-B001689-3_38_F-1-1,2.51723
L6-B003278-3_38_F-1-1,3.9572234
L6-B003281-3_39_F-1-1,3.5796711
L6-B003292-3_39_F-1-1,4.332628
L6-MAA000570-3_8_M-1-1,4.3117576
L6-MAA000572-3_8_M-1-1,3.9870353
L6-MAA000573-3_9_M-1-1,3.9401133
L6-MAA000592-3_9_M-1-1,3.33774
L6-MAA000603-3_10_M-1-1,3.8503692
L6-MAA000604-3_10_M-1-1,3.928675
L6-MAA000617-3_10_M-1-1,4.3821898
L7-B000825-3_38_F-1-1,3.7308116
L7-B000826-3_39_F-1-1,3.8633854
L7-B001176-3_56_F-1-1,3.3428717
L7-B001689-3_38_F-1-1,4.4550285
L7-B003279-3_38_F-1-1,2.8810802
L7-B003281-3_39_F-1-1,3.8548863
L7-B003292-3_39_F-1-1,3.9088044
L7-MAA000572-3_8_M-1-1,3.8978992
L7-MAA000573-3_9_M-1-1,3.9353597
L7-MAA000590-3_9_M-1-1,2.5758548
L7-MAA000591-3_8_M-1-1,1.5742261
L7-MAA000592-3_9_M-1-1,3.4788094
L7-MAA000603-3_10_M-1-1,3.8706946
L7-MAA000617-3_10_M-1-1,4.5156326
L8-B000825-3_38_F-1-1,3.8467689
L8-B000826-3_39_F-1-1,3.7215075
L8-B001176-3_56_F-1-1,3.9626505
L8-B001689-3_38_F-1-1,3.784845
L8-B003279-3_38_F-1-1,4.7770386
L8-B003281-3_39_F-1-1,3.595995
L8-B003292-3_39_F-1-1,3.0545883
L8-MAA000590-3_9_M-1-1,4.3922567
L8-MAA000592-3_9_M-1-1,4.1174717
L8-MAA000617-3_10_M-1-1,4.31086
L9-B000825-3_38_F-1-1,3.4324188
L9-B000826-3_39_F-1-1,3.7126117
L9-B001176-3_56_F-1-1,4.5662785
L9-B001689-3_38_F-1-1,3.1392202
L9-B003279-3_38_F-1-1,3.9110703
L9-B003281-3_39_F-1-1,3.0958714
L9-B003292-3_39_F-1-1,3.637942
L9-MAA000571-3_9_M-1-1,4.2867703
L9-MAA000572-3_8_M-1-1,4.115508
L9-MAA000573-3_9_M-1-1,3.8842216
L9-MAA000590-3_9_M-1-1,4.4646616
L9-MAA000592-3_9_M-1-1,2.686941
L9-MAA000603-3_10_M-1-1,4.2667994
L9-MAA000604-3_10_M-1-1,4.566346
L9-MAA000605-3_10_M-1-1,4.591685
L9-MAA000617-3_10_M-1-1,3.6951919
M10-B000825-3_38_F-1-1,2.9094117
M10-B001176-3_56_F-1-1,3.988276
M10-B001689-3_38_F-1-1,4.1966443
M10-B003279-3_38_F-1-1,2.4232674
M10-B003292-3_39_F-1-1,3.81325
M10-MAA000570-3_8_M-1-1,4.38898
M10-MAA000572-3_8_M-1-1,4.1727767
M10-MAA000573-3_9_M-1-1,2.9448595
M10-MAA000590-3_9_M-1-1,3.9623091
M10-MAA000603-3_10_M-1-1,4.5597405
M10-MAA000605-3_10_M-1-1,4.351642
M10-MAA000617-3_10_M-1-1,3.9201438
M11-B000825-3_38_F-1-1,3.5502183
M11-B000826-3_39_F-1-1,4.1795316
M11-B001689-3_38_F-1-1,3.272342
M11-B003279-3_38_F-1-1,4.4421062
M11-B003281-3_39_F-1-1,3.9192035
M11-B003292-3_39_F-1-1,3.4741254
M11-MAA000571-3_9_M-1-1,4.3769956
M11-MAA000572-3_8_M-1-1,4.573531
M11-MAA000573-3_9_M-1-1,3.5963008
M11-MAA000590-3_9_M-1-1,3.6509216
M11-MAA000604-3_10_M-1-1,4.522932
M11-MAA000605-3_10_M-1-1,3.8236253
M11-MAA000617-3_10_M-1-1,4.6502357
M12-B000826-3_39_F-1-1,4.130402
M12-B001176-3_56_F-1-1,3.6725998
M12-B001689-3_38_F-1-1,4.372677
M12-B003278-3_38_F-1-1,3.6855805
M12-B003279-3_38_F-1-1,3.3878555
M12-B003292-3_39_F-1-1,3.549859
M12-MAA000570-3_8_M-1-1,4.4308724
M12-MAA000571-3_9_M-1-1,4.119367
M12-MAA000572-3_8_M-1-1,3.5942137
M12-MAA000573-3_9_M-1-1,3.4610946
M12-MAA000590-3_9_M-1-1,3.5431402
M12-MAA000603-3_10_M-1-1,3.7511048
M12-MAA000605-3_10_M-1-1,4.063824
M12-MAA000617-3_10_M-1-1,4.1419115
M13-B000826-3_39_F-1-1,4.083337
M13-B001176-3_56_F-1-1,3.889299
M13-B001689-3_38_F-1-1,3.6853485
M13-B003279-3_38_F-1-1,3.9305167
M13-B003281-3_39_F-1-1,3.580316
M13-B003292-3_39_F-1-1,4.2500033
M13-MAA000571-3_9_M-1-1,4.681617
M13-MAA000573-3_9_M-1-1,4.2516775
M13-MAA000590-3_9_M-1-1,3.4587178
M13-MAA000603-3_10_M-1-1,3.9193182
M13-MAA000604-3_10_M-1-1,4.4414997
M13-MAA000605-3_10_M-1-1,4.178008
M13-MAA000617-3_10_M-1-1,3.8412037
M14-B000825-3_38_F-1-1,3.6455755
M14-B000826-3_39_F-1-1,4.216106
M14-B001176-3_56_F-1-1,3.7151272
M14-B001689-3_38_F-1-1,4.326947
M14-B003278-3_38_F-1-1,4.017595
M14-B003279-3_38_F-1-1,3.5251138
M14-B003281-3_39_F-1-1,3.7961516
M14-B003292-3_39_F-1-1,3.8717718
M14-MAA000571-3_9_M-1-1,3.2383883
M14-MAA000572-3_8_M-1-1,3.2662451
M14-MAA000573-3_9_M-1-1,4.01681
M14-MAA000590-3_9_M-1-1,4.279007
M14-MAA000592-3_9_M-1-1,4.148786
M14-MAA000603-3_10_M-1-1,4.4250817
M14-MAA000605-3_10_M-1-1,4.4414935
M14-MAA000617-3_10_M-1-1,3.579921
M15-B000825-3_38_F-1-1,3.9875772
M15-B000826-3_39_F-1-1,3.7631993
M15-B001689-3_38_F-1-1,3.1589856
M15-B003279-3_38_F-1-1,4.3467
M15-B003281-3_39_F-1-1,3.0586433
M15-B003292-3_39_F-1-1,4.1580925
M15-MAA000570-3_8_M-1-1,3.603446
M15-MAA000571-3_9_M-1-1,3.5959923
M15-MAA000572-3_8_M-1-1,4.177237
M15-MAA000573-3_9_M-1-1,4.508413
M15-MAA000590-3_9_M-1-1,3.7717514
M15-MAA000591-3_8_M-1-1,3.710879
M15-MAA000592-3_9_M-1-1,3.6166577
M15-MAA000603-3_10_M-1-1,3.9003043
M15-MAA000604-3_10_M-1-1,2.3563616
M15-MAA000605-3_10_M-1-1,3.9206192
M15-MAA000617-3_10_M-1-1,4.400554
M16-B001176-3_56_F-1-1,3.6706195
M16-B001689-3_38_F-1-1,2.3310268
M16-B003278-3_38_F-1-1,3.633503
M16-B003279-3_38_F-1-1,4.4813566
M16-B003281-3_39_F-1-1,4.4383698
M16-B003292-3_39_F-1-1,4.2335696
M16-MAA000570-3_8_M-1-1,4.4110656
M16-MAA000571-3_9_M-1-1,3.6667871
M16-MAA000572-3_8_M-1-1,2.8503027
M16-MAA000573-3_9_M-1-1,4.3825994
M16-MAA000590-3_9_M-1-1,3.8543742
M16-MAA000603-3_10_M-1-1,3.8882058
M16-MAA000605-3_10_M-1-1,3.8469684
M17-B000825-3_38_F-1-1,4.007552
M17-B000826-3_39_F-1-1,4.3781
M17-B003278-3_38_F-1-1,4.114733
M17-B003279-3_38_F-1-1,4.2101884
M17-B003281-3_39_F-1-1,3.7809548
M17-B003292-3_39_F-1-1,3.9718888
M17-MAA000570-3_8_M-1-1,3.9585702
M17-MAA000572-3_8_M-1-1,4.165273
M17-MAA000573-3_9_M-1-1,3.9108708
M17-MAA000590-3_9_M-1-1,3.6049335
M17-MAA000603-3_10_M-1-1,3.4957755
M17-MAA000604-3_10_M-1-1,4.028667
M17-MAA000617-3_10_M-1-1,4.208239
M18-B000825-3_38_F-1-1,3.8597238
M18-B001176-3_56_F-1-1,4.5755596
M18-B001689-3_38_F-1-1,3.5998626
M18-B003279-3_38_F-1-1,4.613621
M18-B003292-3_39_F-1-1,4.0449367
M18-MAA000570-3_8_M-1-1,4.0425444
M18-MAA000571-3_9_M-1-1,3.5653615
M18-MAA000572-3_8_M-1-1,3.7930984
M18-MAA000590-3_9_M-1-1,3.9537504
M18-MAA000591-3_8_M-1-1,4.2385063
M18-MAA000603-3_10_M-1-1,4.1401377
M18-MAA000604-3_10_M-1-1,3.5314453
M18-MAA000617-3_10_M-1-1,4.641281
M19-B000825-3_38_F-1-1,3.3646398
M19-B000826-3_39_F-1-1,4.022083
M19-B001689-3_38_F-1-1,3.7237074
M19-B003281-3_39_F-1-1,4.282022
M19-B003292-3_39_F-1-1,4.2746663
M19-MAA000571-3_9_M-1-1,4.383537
M19-MAA000572-3_8_M-1-1,2.872995
M19-MAA000573-3_9_M-1-1,3.1816099
M19-MAA000590-3_9_M-1-1,3.6124022
M19-MAA000591-3_8_M-1-1,2.435112
M19-MAA000592-3_9_M-1-1,3.9635212
M19-MAA000603-3_10_M-1-1,3.8444817
M19-MAA000604-3_10_M-1-1,3.8482263
M1-B000825-3_38_F-1-1,3.3910587
M1-B000826-3_39_F-1-1,3.3402328
M1-B001176-3_56_F-1-1,3.3176954
M1-B001689-3_38_F-1-1,3.0128388
M1-B003279-3_38_F-1-1,3.3150778
M1-B003281-3_39_F-1-1,2.3339043
M1-B003292-3_39_F-1-1,4.5439343
M1-MAA000570-3_8_M-1-1,3.5104797
M1-MAA000572-3_8_M-1-1,2.4521275
M1-MAA000573-3_9_M-1-1,2.5380147
M1-MAA000590-3_9_M-1-1,4.211952
M1-MAA000591-3_8_M-1-1,3.222182
M1-MAA000592-3_9_M-1-1,3.6403837
M1-MAA000593-3_8_M-1-1,3.8244574
M1-MAA000603-3_10_M-1-1,4.1589527
M1-MAA000604-3_10_M-1-1,3.719111
M1-MAA000617-3_10_M-1-1,3.6726353
M20-B000825-3_38_F-1-1,2.631976
M20-B001176-3_56_F-1-1,3.8672903
M20-B001689-3_38_F-1-1,4.333659
M20-B003278-3_38_F-1-1,3.608668
M20-B003279-3_38_F-1-1,3.7214394
M20-B003281-3_39_F-1-1,3.063779
M20-B003292-3_39_F-1-1,4.053535
M20-MAA000570-3_8_M-1-1,3.8508985
M20-MAA000571-3_9_M-1-1,5.049422
M20-MAA000572-3_8_M-1-1,3.7994761
M20-MAA000573-3_9_M-1-1,3.5949347
M20-MAA000590-3_9_M-1-1,3.5953357
M20-MAA000592-3_9_M-1-1,3.5908194
M20-MAA000603-3_10_M-1-1,3.4826317
M20-MAA000604-3_10_M-1-1,4.2468543
M20-MAA000605-3_10_M-1-1,3.9504282
M20-MAA000617-3_10_M-1-1,4.588586
M21-B000825-3_38_F-1-1,3.423038
M21-B001689-3_38_F-1-1,2.3352857
M21-B003278-3_38_F-1-1,4.1030746
M21-B003279-3_38_F-1-1,3.8564165
M21-B003281-3_39_F-1-1,3.9855049
M21-MAA000572-3_8_M-1-1,4.0319376
M21-MAA000573-3_9_M-1-1,3.6217115
M21-MAA000590-3_9_M-1-1,4.7905726
M21-MAA000591-3_8_M-1-1,3.3966885
M21-MAA000592-3_9_M-1-1,4.7417054
M21-MAA000593-3_8_M-1-1,3.772749
M21-MAA000603-3_10_M-1-1,3.3137631
M21-MAA000605-3_10_M-1-1,4.380184
M22-B000826-3_39_F-1-1,3.6523273
M22-B001176-3_56_F-1-1,3.5422716
M22-B001689-3_38_F-1-1,3.1733246
M22-B003278-3_38_F-1-1,3.557746
M22-B003279-3_38_F-1-1,3.9265666
M22-B003281-3_39_F-1-1,3.5279636
M22-MAA000570-3_8_M-1-1,3.754086
M22-MAA000571-3_9_M-1-1,4.6398816
M22-MAA000572-3_8_M-1-1,4.0183997
M22-MAA000573-3_9_M-1-1,4.342509
M22-MAA000590-3_9_M-1-1,4.346177
M22-MAA000592-3_9_M-1-1,3.6656094
M22-MAA000593-3_8_M-1-1,3.5273633
M22-MAA000603-3_10_M-1-1,3.6927238
M22-MAA000604-3_10_M-1-1,4.169465
M22-MAA000605-3_10_M-1-1,4.1964025
M2-B000825-3_38_F-1-1,2.9768054
M2-B000826-3_39_F-1-1,3.719203
M2-B001176-3_56_F-1-1,4.098624
M2-B001689-3_38_F-1-1,2.9414587
M2-B003278-3_38_F-1-1,3.4814804
M2-B003279-3_38_F-1-1,4.7600436
M2-B003281-3_39_F-1-1,3.402534
M2-B003292-3_39_F-1-1,3.1982594
M2-MAA000570-3_8_M-1-1,3.7256782
M2-MAA000572-3_8_M-1-1,3.2940044
M2-MAA000573-3_9_M-1-1,3.7281046
M2-MAA000590-3_9_M-1-1,4.3555307
M2-MAA000591-3_8_M-1-1,3.0357304
M2-MAA000592-3_9_M-1-1,3.860289
M2-MAA000593-3_8_M-1-1,3.767139
M2-MAA000603-3_10_M-1-1,4.2975845
M2-MAA000604-3_10_M-1-1,3.7743294
M2-MAA000617-3_10_M-1-1,4.3504863
M3-B000825-3_38_F-1-1,3.1791835
M3-B000826-3_39_F-1-1,3.5387046
M3-B001176-3_56_F-1-1,4.2464595
M3-B001689-3_38_F-1-1,3.6113577
M3-B003278-3_38_F-1-1,3.4880407
M3-B003279-3_38_F-1-1,4.194343
M3-B003281-3_39_F-1-1,3.1537042
M3-B003292-3_39_F-1-1,3.5218813
M3-MAA000570-3_8_M-1-1,4.557204
M3-MAA000572-3_8_M-1-1,3.9389734
M3-MAA000573-3_9_M-1-1,3.6650498
M3-MAA000591-3_8_M-1-1,3.1793604
M3-MAA000592-3_9_M-1-1,3.8761778
M3-MAA000593-3_8_M-1-1,3.266493
M3-MAA000603-3_10_M-1-1,3.335834
M3-MAA000617-3_10_M-1-1,3.7187052
M4-B000825-3_38_F-1-1,2.8147423
M4-B000826-3_39_F-1-1,3.0672812
M4-B001689-3_38_F-1-1,4.1062446
M4-B003278-3_38_F-1-1,3.174423
M4-B003281-3_39_F-1-1,3.356431
M4-B003292-3_39_F-1-1,3.5859919
M4-MAA000570-3_8_M-1-1,3.5115118
M4-MAA000572-3_8_M-1-1,3.438531
M4-MAA000573-3_9_M-1-1,4.171415
M4-MAA000592-3_9_M-1-1,4.219001
M4-MAA000603-3_10_M-1-1,4.3884354
M4-MAA000604-3_10_M-1-1,4.0371604
M4-MAA000617-3_10_M-1-1,3.6427684
M5-B000825-3_38_F-1-1,3.01414
M5-B000826-3_39_F-1-1,3.8867738
M5-B001176-3_56_F-1-1,4.2163973
M5-B001689-3_38_F-1-1,3.8669631
M5-B003279-3_38_F-1-1,3.224719
M5-B003281-3_39_F-1-1,3.5633419
M5-B003292-3_39_F-1-1,3.7597218
M5-MAA000570-3_8_M-1-1,3.2568653
M5-MAA000572-3_8_M-1-1,4.143226
M5-MAA000590-3_9_M-1-1,3.951591
M5-MAA000592-3_9_M-1-1,4.1691976
M5-MAA000593-3_8_M-1-1,3.686872
M5-MAA000603-3_10_M-1-1,3.1593978
M5-MAA000617-3_10_M-1-1,4.364357
M6-B000825-3_38_F-1-1,2.2908466
M6-B000826-3_39_F-1-1,4.1819882
M6-B001176-3_56_F-1-1,3.9719236
M6-B001689-3_38_F-1-1,4.407848
M6-B003278-3_38_F-1-1,3.472734
M6-B003279-3_38_F-1-1,3.105431
M6-B003281-3_39_F-1-1,3.140365
M6-B003292-3_39_F-1-1,4.1076427
M6-MAA000570-3_8_M-1-1,3.8228118
M6-MAA000572-3_8_M-1-1,3.7119856
M6-MAA000573-3_9_M-1-1,2.702385
M6-MAA000590-3_9_M-1-1,3.0539382
M6-MAA000592-3_9_M-1-1,4.645295
M6-MAA000603-3_10_M-1-1,3.6725423
M6-MAA000604-3_10_M-1-1,3.4088275
M6-MAA000617-3_10_M-1-1,3.994106
M7-B000825-3_38_F-1-1,2.207267
M7-B000826-3_39_F-1-1,3.5703635
M7-B001689-3_38_F-1-1,3.9708445
M7-B003279-3_38_F-1-1,2.183055
M7-B003281-3_39_F-1-1,3.3867607
M7-B003292-3_39_F-1-1,3.0846252
M7-MAA000570-3_8_M-1-1,3.9155273
M7-MAA000572-3_8_M-1-1,3.6580775
M7-MAA000590-3_9_M-1-1,3.6176007
M7-MAA000591-3_8_M-1-1,3.4115229
M7-MAA000603-3_10_M-1-1,4.148194
M7-MAA000604-3_10_M-1-1,3.8664405
M7-MAA000617-3_10_M-1-1,4.3429565
M8-B000825-3_38_F-1-1,3.5936828
M8-B000826-3_39_F-1-1,3.8559093
M8-B001689-3_38_F-1-1,3.4885495
M8-B003279-3_38_F-1-1,4.164118
M8-B003281-3_39_F-1-1,3.395567
M8-B003292-3_39_F-1-1,4.102014
M8-MAA000570-3_8_M-1-1,3.503034
M8-MAA000571-3_9_M-1-1,4.1827803
M8-MAA000572-3_8_M-1-1,3.8983746
M8-MAA000590-3_9_M-1-1,4.2936583
M8-MAA000603-3_10_M-1-1,4.071435
M8-MAA000604-3_10_M-1-1,3.3089738
M8-MAA000617-3_10_M-1-1,3.95887
M9-B000825-3_38_F-1-1,2.116169
M9-B000826-3_39_F-1-1,3.2651575
M9-B001176-3_56_F-1-1,3.9126165
M9-B001689-3_38_F-1-1,3.0720646
M9-B003279-3_38_F-1-1,3.5301895
M9-B003281-3_39_F-1-1,3.7146215
M9-B003292-3_39_F-1-1,3.0696747
M9-MAA000572-3_8_M-1-1,3.0995896
M9-MAA000590-3_9_M-1-1,3.840403
M9-MAA000592-3_9_M-1-1,3.9009218
M9-MAA000603-3_10_M-1-1,3.8238354
M9-MAA000604-3_10_M-1-1,4.1485724
M9-MAA000617-3_10_M-1-1,3.8920565
N10-B000825-3_38_F-1-1,3.421312
N10-B000826-3_39_F-1-1,3.9994361
N10-B001689-3_38_F-1-1,3.774147
N10-B003279-3_38_F-1-1,2.3790605
N10-B003281-3_39_F-1-1,3.4646425
N10-B003292-3_39_F-1-1,4.1216445
N10-MAA000570-3_8_M-1-1,4.205028
N10-MAA000571-3_9_M-1-1,3.8720505
N10-MAA000572-3_8_M-1-1,3.4523258
N10-MAA000573-3_9_M-1-1,4.4627514
N10-MAA000590-3_9_M-1-1,3.5707893
N10-MAA000592-3_9_M-1-1,3.515251
N10-MAA000593-3_8_M-1-1,3.206315
N10-MAA000603-3_10_M-1-1,3.39001
N10-MAA000604-3_10_M-1-1,4.34187
N10-MAA000605-3_10_M-1-1,4.279756
N11-B000825-3_38_F-1-1,3.5275521
N11-B000826-3_39_F-1-1,3.4707925
N11-B001176-3_56_F-1-1,3.991717
N11-B001689-3_38_F-1-1,2.2624273
N11-B003278-3_38_F-1-1,3.5966728
N11-B003279-3_38_F-1-1,3.0638614
N11-B003281-3_39_F-1-1,3.4054818
N11-B003292-3_39_F-1-1,4.0966506
N11-MAA000570-3_8_M-1-1,2.5752568
N11-MAA000571-3_9_M-1-1,4.225163
N11-MAA000572-3_8_M-1-1,3.844959
N11-MAA000573-3_9_M-1-1,4.037925
N11-MAA000590-3_9_M-1-1,4.139435
N11-MAA000591-3_8_M-1-1,4.310505
N11-MAA000603-3_10_M-1-1,4.364675
N11-MAA000604-3_10_M-1-1,2.3464
N11-MAA000617-3_10_M-1-1,3.7677877
N12-B000825-3_38_F-1-1,3.191514
N12-B000826-3_39_F-1-1,3.430496
N12-B001176-3_56_F-1-1,3.4495716
N12-B001689-3_38_F-1-1,3.3879633
N12-B003278-3_38_F-1-1,3.4648252
N12-B003292-3_39_F-1-1,3.4448497
N12-MAA000570-3_8_M-1-1,4.59641
N12-MAA000571-3_9_M-1-1,3.4748693
N12-MAA000572-3_8_M-1-1,4.483964
N12-MAA000573-3_9_M-1-1,4.3697147
N12-MAA000590-3_9_M-1-1,4.1424165
N12-MAA000591-3_8_M-1-1,3.8841555
N12-MAA000592-3_9_M-1-1,3.0512362
N12-MAA000603-3_10_M-1-1,3.6476111
N12-MAA000604-3_10_M-1-1,3.2221394
N12-MAA000605-3_10_M-1-1,4.485044
N12-MAA000617-3_10_M-1-1,4.217848
N13-B000825-3_38_F-1-1,3.4450371
N13-B000826-3_39_F-1-1,3.575789
N13-B001176-3_56_F-1-1,4.2870274
N13-B003279-3_38_F-1-1,3.8665648
N13-B003281-3_39_F-1-1,3.3487742
N13-B003292-3_39_F-1-1,3.7374692
N13-MAA000570-3_8_M-1-1,4.395096
N13-MAA000571-3_9_M-1-1,3.0038035
N13-MAA000572-3_8_M-1-1,3.621846
N13-MAA000573-3_9_M-1-1,4.146831
N13-MAA000592-3_9_M-1-1,3.9371188
N13-MAA000603-3_10_M-1-1,4.127548
N13-MAA000604-3_10_M-1-1,4.070892
N13-MAA000605-3_10_M-1-1,3.1569433
N13-MAA000617-3_10_M-1-1,4.2207747
N14-B000825-3_38_F-1-1,2.3635418
N14-B000826-3_39_F-1-1,4.1174626
N14-B001176-3_56_F-1-1,3.9193766
N14-B001689-3_38_F-1-1,3.809287
N14-B003278-3_38_F-1-1,4.0190625
N14-B003279-3_38_F-1-1,3.9412334
N14-B003281-3_39_F-1-1,3.5094883
N14-B003292-3_39_F-1-1,4.3466306
N14-MAA000571-3_9_M-1-1,4.632477
N14-MAA000572-3_8_M-1-1,3.507765
N14-MAA000573-3_9_M-1-1,4.0692673
N14-MAA000591-3_8_M-1-1,3.998065
N14-MAA000592-3_9_M-1-1,3.5550673
N14-MAA000603-3_10_M-1-1,2.9120855
N14-MAA000604-3_10_M-1-1,3.7228985
N14-MAA000605-3_10_M-1-1,3.516679
N14-MAA000617-3_10_M-1-1,4.3469744
N15-B000825-3_38_F-1-1,3.0777633
N15-B000826-3_39_F-1-1,3.4587965
N15-B001176-3_56_F-1-1,3.5875363
N15-B001689-3_38_F-1-1,3.81971
N15-B003278-3_38_F-1-1,4.0282273
N15-B003279-3_38_F-1-1,3.926943
N15-B003281-3_39_F-1-1,3.2077606
N15-B003292-3_39_F-1-1,3.367748
N15-MAA000571-3_9_M-1-1,4.2171907
N15-MAA000572-3_8_M-1-1,3.3825529
N15-MAA000590-3_9_M-1-1,3.9576383
N15-MAA000592-3_9_M-1-1,3.649573
N15-MAA000593-3_8_M-1-1,3.1017766
N15-MAA000603-3_10_M-1-1,3.4001145
N15-MAA000604-3_10_M-1-1,4.54087
N15-MAA000605-3_10_M-1-1,4.9318194
N15-MAA000617-3_10_M-1-1,3.9055598
N16-B000825-3_38_F-1-1,3.5581384
N16-B000826-3_39_F-1-1,4.5109043
N16-B001176-3_56_F-1-1,4.2392044
N16-B001689-3_38_F-1-1,3.1558747
N16-B003278-3_38_F-1-1,3.5006125
N16-B003279-3_38_F-1-1,3.1191301
N16-B003281-3_39_F-1-1,3.0401564
N16-B003292-3_39_F-1-1,4.085656
N16-MAA000570-3_8_M-1-1,4.475826
N16-MAA000571-3_9_M-1-1,4.078875
N16-MAA000572-3_8_M-1-1,4.116413
N16-MAA000573-3_9_M-1-1,3.4977572
N16-MAA000590-3_9_M-1-1,3.4080844
N16-MAA000591-3_8_M-1-1,3.4694312
N16-MAA000592-3_9_M-1-1,3.2423942
N16-MAA000593-3_8_M-1-1,3.7704153
N16-MAA000603-3_10_M-1-1,3.965812
N16-MAA000604-3_10_M-1-1,4.2060924
N16-MAA000617-3_10_M-1-1,4.192624
N17-B000825-3_38_F-1-1,3.9812198
N17-B000826-3_39_F-1-1,3.7211561
N17-B001689-3_38_F-1-1,4.1198
N17-B003278-3_38_F-1-1,4.1419907
N17-B003279-3_38_F-1-1,2.2508936
N17-B003281-3_39_F-1-1,3.035154
N17-B003292-3_39_F-1-1,4.318903
N17-MAA000571-3_9_M-1-1,0.73673886
N17-MAA000572-3_8_M-1-1,3.6901312
N17-MAA000590-3_9_M-1-1,4.0519333
N17-MAA000593-3_8_M-1-1,3.5379243
N17-MAA000603-3_10_M-1-1,4.0768538
N17-MAA000604-3_10_M-1-1,3.3957667
N17-MAA000605-3_10_M-1-1,3.5694494
N17-MAA000617-3_10_M-1-1,4.2621117
N18-B000825-3_38_F-1-1,3.4136205
N18-B001176-3_56_F-1-1,3.3823905
N18-B001689-3_38_F-1-1,3.9375813
N18-B003278-3_38_F-1-1,4.7986417
N18-B003281-3_39_F-1-1,3.7271562
N18-B003292-3_39_F-1-1,3.8675394
N18-MAA000572-3_8_M-1-1,4.650372
N18-MAA000573-3_9_M-1-1,3.9393377
N18-MAA000590-3_9_M-1-1,3.6321182
N18-MAA000593-3_8_M-1-1,3.0400999
N18-MAA000603-3_10_M-1-1,3.1586118
N18-MAA000604-3_10_M-1-1,4.2521706
N18-MAA000605-3_10_M-1-1,4.8480306
N18-MAA000617-3_10_M-1-1,4.0366793
N19-B000825-3_38_F-1-1,3.850276
N19-B000826-3_39_F-1-1,3.8489566
N19-B001176-3_56_F-1-1,3.806462
N19-B001689-3_38_F-1-1,4.0249195
N19-B003278-3_38_F-1-1,4.587941
N19-B003279-3_38_F-1-1,3.0723267
N19-B003281-3_39_F-1-1,3.0534425
N19-B003292-3_39_F-1-1,4.1808443
N19-MAA000570-3_8_M-1-1,3.9971786
N19-MAA000571-3_9_M-1-1,4.3026814
N19-MAA000572-3_8_M-1-1,4.0942388
N19-MAA000573-3_9_M-1-1,3.2784133
N19-MAA000590-3_9_M-1-1,3.7412193
N19-MAA000591-3_8_M-1-1,3.8450243
N19-MAA000603-3_10_M-1-1,4.431141
N19-MAA000604-3_10_M-1-1,4.3596463
N19-MAA000605-3_10_M-1-1,4.0641623
N19-MAA000617-3_10_M-1-1,4.4466925
N1-B000825-3_38_F-1-1,1.284018
N1-B000826-3_39_F-1-1,2.6909482
N1-B001176-3_56_F-1-1,4.2686796
N1-B001689-3_38_F-1-1,3.308753
N1-B003279-3_38_F-1-1,3.6008406
N1-B003281-3_39_F-1-1,3.676252
N1-B003292-3_39_F-1-1,3.4273741
N1-MAA000572-3_8_M-1-1,3.6988332
N1-MAA000573-3_9_M-1-1,4.061206
N1-MAA000590-3_9_M-1-1,4.154763
N1-MAA000591-3_8_M-1-1,2.5032556
N1-MAA000592-3_9_M-1-1,2.8682072
N1-MAA000603-3_10_M-1-1,3.675306
N1-MAA000604-3_10_M-1-1,3.87527
N1-MAA000617-3_10_M-1-1,3.8956594
N20-B000825-3_38_F-1-1,4.142741
N20-B000826-3_39_F-1-1,4.0976524
N20-B001176-3_56_F-1-1,4.0324717
N20-B001689-3_38_F-1-1,3.8266916
N20-B003278-3_38_F-1-1,4.371128
N20-B003279-3_38_F-1-1,2.551493
N20-B003281-3_39_F-1-1,4.0229726
N20-B003292-3_39_F-1-1,3.5373561
N20-MAA000570-3_8_M-1-1,4.238801
N20-MAA000571-3_9_M-1-1,4.865717
N20-MAA000572-3_8_M-1-1,4.0378394
N20-MAA000573-3_9_M-1-1,4.2408113
N20-MAA000590-3_9_M-1-1,4.624995
N20-MAA000591-3_8_M-1-1,3.2314327
N20-MAA000592-3_9_M-1-1,3.0381043
N20-MAA000593-3_8_M-1-1,3.6572077
N20-MAA000604-3_10_M-1-1,3.8733153
N20-MAA000605-3_10_M-1-1,4.2542176
N20-MAA000617-3_10_M-1-1,3.5210223
N21-B000825-3_38_F-1-1,3.4344442
N21-B001176-3_56_F-1-1,4.147318
N21-B001689-3_38_F-1-1,3.412148
N21-B003278-3_38_F-1-1,3.5222764
N21-B003279-3_38_F-1-1,4.1226788
N21-B003281-3_39_F-1-1,3.812212
N21-MAA000570-3_8_M-1-1,3.375964
N21-MAA000571-3_9_M-1-1,2.6830094
N21-MAA000572-3_8_M-1-1,4.019155
N21-MAA000573-3_9_M-1-1,3.7821946
N21-MAA000590-3_9_M-1-1,3.8540397
N21-MAA000591-3_8_M-1-1,2.7828772
N21-MAA000592-3_9_M-1-1,3.6434004
N21-MAA000593-3_8_M-1-1,3.4213119
N21-MAA000604-3_10_M-1-1,4.1336656
N21-MAA000605-3_10_M-1-1,4.616582
N22-B000826-3_39_F-1-1,3.41366
N22-B001176-3_56_F-1-1,4.1741595
N22-B001689-3_38_F-1-1,3.9939742
N22-B003278-3_38_F-1-1,3.7012703
N22-B003279-3_38_F-1-1,3.5622046
N22-B003281-3_39_F-1-1,3.101171
N22-MAA000570-3_8_M-1-1,4.453028
N22-MAA000571-3_9_M-1-1,3.883749
N22-MAA000573-3_9_M-1-1,3.971351
N22-MAA000590-3_9_M-1-1,4.0270543
N22-MAA000591-3_8_M-1-1,2.818804
N22-MAA000592-3_9_M-1-1,3.2282286
N22-MAA000593-3_8_M-1-1,3.8264346
N22-MAA000603-3_10_M-1-1,4.1238046
N22-MAA000604-3_10_M-1-1,3.841471
N22-MAA000605-3_10_M-1-1,4.110894
N2-B000825-3_38_F-1-1,3.811071
N2-B000826-3_39_F-1-1,2.852009
N2-B001176-3_56_F-1-1,4.1946983
N2-B001689-3_38_F-1-1,4.2517095
N2-B003278-3_38_F-1-1,3.6529825
N2-B003279-3_38_F-1-1,4.8398957
N2-B003281-3_39_F-1-1,3.244803
N2-MAA000570-3_8_M-1-1,4.2535653
N2-MAA000572-3_8_M-1-1,3.4064112
N2-MAA000573-3_9_M-1-1,2.8234832
N2-MAA000590-3_9_M-1-1,2.865199
N2-MAA000591-3_8_M-1-1,2.5748694
N2-MAA000593-3_8_M-1-1,2.9914455
N2-MAA000603-3_10_M-1-1,3.3561761
N2-MAA000604-3_10_M-1-1,3.582403
N2-MAA000617-3_10_M-1-1,4.6180286
N3-B000825-3_38_F-1-1,3.4269564
N3-B000826-3_39_F-1-1,3.6294405
N3-B001176-3_56_F-1-1,4.15371
N3-B001689-3_38_F-1-1,3.8825507
N3-B003279-3_38_F-1-1,3.9284365
N3-B003281-3_39_F-1-1,2.5027676
N3-B003292-3_39_F-1-1,3.2094648
N3-MAA000570-3_8_M-1-1,3.6395297
N3-MAA000572-3_8_M-1-1,3.894618
N3-MAA000590-3_9_M-1-1,3.9702163
N3-MAA000591-3_8_M-1-1,2.4383955
N3-MAA000592-3_9_M-1-1,3.5191474
N3-MAA000593-3_8_M-1-1,3.9137273
N3-MAA000603-3_10_M-1-1,3.2339482
N3-MAA000604-3_10_M-1-1,4.211123
N4-B001176-3_56_F-1-1,4.015044
N4-B001689-3_38_F-1-1,3.8938243
N4-B003278-3_38_F-1-1,3.2488422
N4-B003279-3_38_F-1-1,2.8468482
N4-B003281-3_39_F-1-1,2.957147
N4-MAA000572-3_8_M-1-1,3.7936459
N4-MAA000573-3_9_M-1-1,3.2733016
N4-MAA000590-3_9_M-1-1,4.907212
N4-MAA000591-3_8_M-1-1,3.9352596
N4-MAA000592-3_9_M-1-1,3.5600455
N4-MAA000593-3_8_M-1-1,3.3809237
N4-MAA000603-3_10_M-1-1,3.5398343
N4-MAA000604-3_10_M-1-1,4.4721885
N4-MAA000617-3_10_M-1-1,4.086556
N5-B000826-3_39_F-1-1,3.8486178
N5-B001176-3_56_F-1-1,3.5320501
N5-B001689-3_38_F-1-1,4.438027
N5-B003278-3_38_F-1-1,3.5303414
N5-B003279-3_38_F-1-1,3.8050928
N5-B003281-3_39_F-1-1,2.5087752
N5-B003292-3_39_F-1-1,3.9170942
N5-MAA000570-3_8_M-1-1,3.4667196
N5-MAA000572-3_8_M-1-1,4.170001
N5-MAA000573-3_9_M-1-1,4.8146877
N5-MAA000590-3_9_M-1-1,4.0231695
N5-MAA000592-3_9_M-1-1,3.4633183
N5-MAA000593-3_8_M-1-1,3.5389564
N5-MAA000603-3_10_M-1-1,3.9060009
N5-MAA000604-3_10_M-1-1,4.1474285
N5-MAA000617-3_10_M-1-1,4.691677
N6-B000825-3_38_F-1-1,3.217446
N6-B001176-3_56_F-1-1,3.8798275
N6-B001689-3_38_F-1-1,3.9790375
N6-B003278-3_38_F-1-1,2.8569646
N6-B003279-3_38_F-1-1,4.1638913
N6-B003281-3_39_F-1-1,3.1300683
N6-B003292-3_39_F-1-1,3.7087426
N6-MAA000573-3_9_M-1-1,3.5979488
N6-MAA000590-3_9_M-1-1,3.241595
N6-MAA000591-3_8_M-1-1,3.997775
N6-MAA000592-3_9_M-1-1,4.0900264
N6-MAA000593-3_8_M-1-1,3.6051662
N6-MAA000604-3_10_M-1-1,3.2292647
N6-MAA000617-3_10_M-1-1,4.639755
N7-B000826-3_39_F-1-1,3.7910948
N7-B001176-3_56_F-1-1,4.214545
N7-B001689-3_38_F-1-1,3.3614159
N7-B003278-3_38_F-1-1,2.9233928
N7-B003279-3_38_F-1-1,4.3211837
N7-B003281-3_39_F-1-1,3.4319215
N7-B003292-3_39_F-1-1,3.7858915
N7-MAA000572-3_8_M-1-1,3.366991
N7-MAA000573-3_9_M-1-1,3.5695472
N7-MAA000590-3_9_M-1-1,4.139974
N7-MAA000591-3_8_M-1-1,3.5164766
N7-MAA000592-3_9_M-1-1,2.9498122
N7-MAA000603-3_10_M-1-1,3.675808
N7-MAA000604-3_10_M-1-1,4.1536837
N7-MAA000617-3_10_M-1-1,4.1955624
N8-B000825-3_38_F-1-1,3.0495439
N8-B001176-3_56_F-1-1,3.5641115
N8-B001689-3_38_F-1-1,4.3375072
N8-B003278-3_38_F-1-1,3.7756293
N8-B003279-3_38_F-1-1,3.470859
N8-B003281-3_39_F-1-1,3.7901754
N8-B003292-3_39_F-1-1,2.5612206
N8-MAA000571-3_9_M-1-1,4.042285
N8-MAA000572-3_8_M-1-1,4.411298
N8-MAA000573-3_9_M-1-1,3.42504
N8-MAA000590-3_9_M-1-1,3.7634583
N8-MAA000591-3_8_M-1-1,3.3685954
N8-MAA000603-3_10_M-1-1,3.9648247
N8-MAA000604-3_10_M-1-1,3.2026725
N8-MAA000617-3_10_M-1-1,4.282309
N9-B000825-3_38_F-1-1,3.6370869
N9-B000826-3_39_F-1-1,3.2211857
N9-B001176-3_56_F-1-1,4.1532946
N9-B001689-3_38_F-1-1,2.4738786
N9-B003278-3_38_F-1-1,4.3285317
N9-B003279-3_38_F-1-1,3.7971065
N9-B003292-3_39_F-1-1,3.3227737
N9-MAA000570-3_8_M-1-1,3.7950506
N9-MAA000572-3_8_M-1-1,4.1499534
N9-MAA000573-3_9_M-1-1,3.8173542
N9-MAA000590-3_9_M-1-1,4.2666984
N9-MAA000592-3_9_M-1-1,3.6107438
N9-MAA000593-3_8_M-1-1,4.079215
N9-MAA000603-3_10_M-1-1,3.6910925
N9-MAA000604-3_10_M-1-1,3.5227597
N9-MAA000617-3_10_M-1-1,3.9820962
O10-B000825-3_38_F-1-1,2.5535018
O10-B003278-3_38_F-1-1,2.0736938
O10-B003279-3_38_F-1-1,3.1625898
O10-B003281-3_39_F-1-1,3.3643718
O10-B003292-3_39_F-1-1,3.6729763
O10-MAA000570-3_8_M-1-1,4.1064925
O10-MAA000571-3_9_M-1-1,2.6930342
O10-MAA000572-3_8_M-1-1,4.143558
O10-MAA000573-3_9_M-1-1,3.8974051
O10-MAA000590-3_9_M-1-1,4.249025
O10-MAA000591-3_8_M-1-1,2.8570223
O10-MAA000592-3_9_M-1-1,3.9404986
O10-MAA000593-3_8_M-1-1,3.1168706
O10-MAA000603-3_10_M-1-1,3.3481696
O10-MAA000604-3_10_M-1-1,4.7527695
O10-MAA000605-3_10_M-1-1,3.184342
O10-MAA000617-3_10_M-1-1,4.0271716
O11-B000825-3_38_F-1-1,2.4850416
O11-B000826-3_39_F-1-1,3.9445946
O11-B001176-3_56_F-1-1,4.0414753
O11-B001689-3_38_F-1-1,3.0731573
O11-B003281-3_39_F-1-1,3.3066635
O11-B003292-3_39_F-1-1,3.5867498
O11-MAA000570-3_8_M-1-1,4.393572
O11-MAA000571-3_9_M-1-1,4.206471
O11-MAA000572-3_8_M-1-1,3.7641234
O11-MAA000573-3_9_M-1-1,3.755651
O11-MAA000590-3_9_M-1-1,4.0107455
O11-MAA000591-3_8_M-1-1,1.3429642
O11-MAA000592-3_9_M-1-1,4.7671366
O11-MAA000603-3_10_M-1-1,4.1362505
O11-MAA000604-3_10_M-1-1,3.3296645
O11-MAA000617-3_10_M-1-1,2.8329368
O12-B000826-3_39_F-1-1,3.4378302
O12-B001176-3_56_F-1-1,3.5264158
O12-B001689-3_38_F-1-1,4.136533
O12-B003281-3_39_F-1-1,3.9883776
O12-B003292-3_39_F-1-1,3.1825657
O12-MAA000570-3_8_M-1-1,3.9736495
O12-MAA000571-3_9_M-1-1,3.8767593
O12-MAA000590-3_9_M-1-1,4.4473014
O12-MAA000592-3_9_M-1-1,2.592896
O12-MAA000603-3_10_M-1-1,4.219071
O12-MAA000604-3_10_M-1-1,3.892008
O13-B000825-3_38_F-1-1,3.248662
O13-B000826-3_39_F-1-1,3.1775181
O13-B001689-3_38_F-1-1,2.1253068
O13-B003278-3_38_F-1-1,2.812622
O13-B003279-3_38_F-1-1,3.1487339
O13-B003292-3_39_F-1-1,3.6301146
O13-MAA000570-3_8_M-1-1,3.8492055
O13-MAA000571-3_9_M-1-1,4.080054
O13-MAA000590-3_9_M-1-1,3.5018365
O13-MAA000593-3_8_M-1-1,2.9907672
O13-MAA000605-3_10_M-1-1,3.9187152
O13-MAA000617-3_10_M-1-1,3.102607
O14-B000825-3_38_F-1-1,3.1529875
O14-B000826-3_39_F-1-1,3.0408592
O14-B001689-3_38_F-1-1,3.645762
O14-B003278-3_38_F-1-1,3.8786507
O14-B003279-3_38_F-1-1,3.857826
O14-B003292-3_39_F-1-1,2.7418697
O14-MAA000570-3_8_M-1-1,3.6968381
O14-MAA000571-3_9_M-1-1,2.0777261
O14-MAA000572-3_8_M-1-1,3.716086
O14-MAA000573-3_9_M-1-1,3.852234
O14-MAA000590-3_9_M-1-1,3.6770267
O14-MAA000591-3_8_M-1-1,3.936427
O14-MAA000592-3_9_M-1-1,4.0158267
O14-MAA000593-3_8_M-1-1,3.17701
O14-MAA000603-3_10_M-1-1,2.8717556
O14-MAA000604-3_10_M-1-1,3.9051616
O14-MAA000617-3_10_M-1-1,4.0847654
O15-B000826-3_39_F-1-1,3.494441
O15-B001176-3_56_F-1-1,3.755468
O15-B001689-3_38_F-1-1,2.775333
O15-B003281-3_39_F-1-1,3.3520892
O15-B003292-3_39_F-1-1,3.759624
O15-MAA000571-3_9_M-1-1,3.8186665
O15-MAA000572-3_8_M-1-1,5.002172
O15-MAA000573-3_9_M-1-1,4.065807
O15-MAA000592-3_9_M-1-1,3.7452624
O15-MAA000593-3_8_M-1-1,3.7592835
O15-MAA000603-3_10_M-1-1,3.6335032
O15-MAA000604-3_10_M-1-1,3.9937856
O15-MAA000617-3_10_M-1-1,3.0034351
O16-B000825-3_38_F-1-1,2.5148044
O16-B000826-3_39_F-1-1,3.7482255
O16-B001176-3_56_F-1-1,4.0190277
O16-B003281-3_39_F-1-1,3.3492527
O16-B003292-3_39_F-1-1,3.2068923
O16-MAA000571-3_9_M-1-1,3.9753788
O16-MAA000572-3_8_M-1-1,2.969911
O16-MAA000573-3_9_M-1-1,3.3791661
O16-MAA000590-3_9_M-1-1,3.6614988
O16-MAA000592-3_9_M-1-1,3.7569563
O16-MAA000603-3_10_M-1-1,3.4840612
O16-MAA000604-3_10_M-1-1,3.688233
O16-MAA000605-3_10_M-1-1,4.58705
O16-MAA000617-3_10_M-1-1,1.934667
O17-B000825-3_38_F-1-1,3.0560277
O17-B000826-3_39_F-1-1,3.0340905
O17-B001176-3_56_F-1-1,3.8699844
O17-B001689-3_38_F-1-1,3.7899966
O17-B003278-3_38_F-1-1,3.2467303
O17-B003279-3_38_F-1-1,3.6209342
O17-B003292-3_39_F-1-1,3.7549455
O17-MAA000571-3_9_M-1-1,4.157857
O17-MAA000572-3_8_M-1-1,4.001843
O17-MAA000573-3_9_M-1-1,3.420796
O17-MAA000591-3_8_M-1-1,3.226668
O17-MAA000592-3_9_M-1-1,3.6592054
O17-MAA000603-3_10_M-1-1,3.701853
O17-MAA000604-3_10_M-1-1,4.1037364
O17-MAA000605-3_10_M-1-1,4.6013527
O17-MAA000617-3_10_M-1-1,4.229897
O18-B000825-3_38_F-1-1,2.8218837
O18-B001176-3_56_F-1-1,4.0695324
O18-B001689-3_38_F-1-1,3.0663836
O18-B003278-3_38_F-1-1,3.2670376
O18-B003279-3_38_F-1-1,2.9440286
O18-B003281-3_39_F-1-1,2.5646052
O18-B003292-3_39_F-1-1,2.6614864
O18-MAA000571-3_9_M-1-1,3.45764
O18-MAA000572-3_8_M-1-1,2.728142
O18-MAA000573-3_9_M-1-1,2.1683013
O18-MAA000590-3_9_M-1-1,3.7449071
O18-MAA000592-3_9_M-1-1,4.2562623
O18-MAA000593-3_8_M-1-1,3.0034072
O18-MAA000603-3_10_M-1-1,4.5870185
O18-MAA000604-3_10_M-1-1,3.6597276
O18-MAA000605-3_10_M-1-1,2.8841693
O18-MAA000617-3_10_M-1-1,3.6676226
O19-B000825-3_38_F-1-1,2.5823078
O19-B000826-3_39_F-1-1,3.7960432
O19-B001689-3_38_F-1-1,2.2342746
O19-B003281-3_39_F-1-1,3.140704
O19-B003292-3_39_F-1-1,3.5810757
O19-MAA000571-3_9_M-1-1,4.2029457
O19-MAA000573-3_9_M-1-1,2.8972735
O19-MAA000590-3_9_M-1-1,3.518799
O19-MAA000591-3_8_M-1-1,2.503547
O19-MAA000592-3_9_M-1-1,4.088877
O19-MAA000603-3_10_M-1-1,3.0429611
O19-MAA000604-3_10_M-1-1,4.24756
O19-MAA000605-3_10_M-1-1,3.9110148
O1-B000826-3_39_F-1-1,2.3370428
O1-B001176-3_56_F-1-1,2.9460883
O1-B001689-3_38_F-1-1,3.2589924
O1-B003278-3_38_F-1-1,1.7699655
O1-B003279-3_38_F-1-1,2.9844139
O1-B003281-3_39_F-1-1,0.89347464
O1-B003292-3_39_F-1-1,2.437489
O1-MAA000570-3_8_M-1-1,4.066507
O1-MAA000572-3_8_M-1-1,2.399801
O1-MAA000573-3_9_M-1-1,3.6129708
O1-MAA000590-3_9_M-1-1,4.482565
O1-MAA000592-3_9_M-1-1,3.7725348
O1-MAA000593-3_8_M-1-1,3.5001752
O1-MAA000603-3_10_M-1-1,2.4813688
O1-MAA000617-3_10_M-1-1,1.7480818
O20-B000825-3_38_F-1-1,3.0533946
O20-B001176-3_56_F-1-1,3.521122
O20-B003281-3_39_F-1-1,2.5817287
O20-B003292-3_39_F-1-1,3.2938447
O20-MAA000570-3_8_M-1-1,3.9151921
O20-MAA000571-3_9_M-1-1,3.6748862
O20-MAA000572-3_8_M-1-1,3.37276
O20-MAA000573-3_9_M-1-1,4.0284705
O20-MAA000591-3_8_M-1-1,2.7116158
O20-MAA000592-3_9_M-1-1,2.2364054
O20-MAA000593-3_8_M-1-1,3.1354322
O20-MAA000604-3_10_M-1-1,4.3116827
O20-MAA000605-3_10_M-1-1,4.157028
O20-MAA000617-3_10_M-1-1,1.6931595
O21-B000825-3_38_F-1-1,2.8279836
O21-B001176-3_56_F-1-1,4.35552
O21-B001689-3_38_F-1-1,2.8069205
O21-B003278-3_38_F-1-1,2.255411
O21-B003279-3_38_F-1-1,3.0302827
O21-B003281-3_39_F-1-1,3.0771148
O21-MAA000571-3_9_M-1-1,4.529354
O21-MAA000572-3_8_M-1-1,4.206873
O21-MAA000573-3_9_M-1-1,4.317752
O21-MAA000590-3_9_M-1-1,4.193323
O21-MAA000591-3_8_M-1-1,3.4431343
O21-MAA000592-3_9_M-1-1,3.905274
O21-MAA000593-3_8_M-1-1,4.0020294
O21-MAA000603-3_10_M-1-1,4.2215533
O21-MAA000604-3_10_M-1-1,3.4257298
O21-MAA000605-3_10_M-1-1,4.462178
O22-B000826-3_39_F-1-1,2.664306
O22-B001176-3_56_F-1-1,4.1370807
O22-B001689-3_38_F-1-1,3.882821
O22-B003278-3_38_F-1-1,4.097177
O22-B003279-3_38_F-1-1,3.0564716
O22-B003281-3_39_F-1-1,2.5898976
O22-MAA000570-3_8_M-1-1,4.7339964
O22-MAA000571-3_9_M-1-1,4.6059117
O22-MAA000572-3_8_M-1-1,3.1509576
O22-MAA000573-3_9_M-1-1,4.087214
O22-MAA000593-3_8_M-1-1,4.055667
O22-MAA000603-3_10_M-1-1,4.0380764
O22-MAA000604-3_10_M-1-1,3.8893268
O2-B000825-3_38_F-1-1,3.0416777
O2-B000826-3_39_F-1-1,2.6476002
O2-B001176-3_56_F-1-1,4.029584
O2-B001689-3_38_F-1-1,2.9641721
O2-B003278-3_38_F-1-1,3.6601026
O2-B003279-3_38_F-1-1,3.5589743
O2-B003281-3_39_F-1-1,2.8228903
O2-B003292-3_39_F-1-1,2.8487458
O2-MAA000570-3_8_M-1-1,3.6951294
O2-MAA000572-3_8_M-1-1,3.959104
O2-MAA000573-3_9_M-1-1,3.7506342
O2-MAA000590-3_9_M-1-1,4.202742
O2-MAA000591-3_8_M-1-1,1.595156
O2-MAA000592-3_9_M-1-1,4.008228
O2-MAA000593-3_8_M-1-1,3.2441792
O2-MAA000603-3_10_M-1-1,3.2489517
O2-MAA000604-3_10_M-1-1,4.5182085
O2-MAA000617-3_10_M-1-1,3.3121006
O3-B000825-3_38_F-1-1,2.3179731
O3-B000826-3_39_F-1-1,3.8962345
O3-B001176-3_56_F-1-1,3.3147392
O3-B001689-3_38_F-1-1,3.233402
O3-B003278-3_38_F-1-1,0.18826468
O3-B003292-3_39_F-1-1,2.860546
O3-MAA000570-3_8_M-1-1,3.8876975
O3-MAA000572-3_8_M-1-1,4.025752
O3-MAA000573-3_9_M-1-1,4.1377425
O3-MAA000590-3_9_M-1-1,3.970911
O3-MAA000592-3_9_M-1-1,3.5174365
O3-MAA000593-3_8_M-1-1,2.5190845
O3-MAA000603-3_10_M-1-1,3.666511
O3-MAA000604-3_10_M-1-1,3.9715385
O3-MAA000617-3_10_M-1-1,3.0258765
O4-B000825-3_38_F-1-1,3.35863
O4-B001176-3_56_F-1-1,3.124358
O4-B001689-3_38_F-1-1,2.920835
O4-B003278-3_38_F-1-1,1.4970771
O4-B003281-3_39_F-1-1,3.2905633
O4-B003292-3_39_F-1-1,3.1012568
O4-MAA000572-3_8_M-1-1,3.852398
O4-MAA000573-3_9_M-1-1,3.4243338
O4-MAA000590-3_9_M-1-1,3.6040416
O4-MAA000592-3_9_M-1-1,3.296058
O4-MAA000593-3_8_M-1-1,3.7570653
O4-MAA000603-3_10_M-1-1,3.854634
O4-MAA000604-3_10_M-1-1,4.0390973
O5-B000825-3_38_F-1-1,3.8918948
O5-B001176-3_56_F-1-1,3.6497116
O5-B001689-3_38_F-1-1,3.32589
O5-B003278-3_38_F-1-1,3.9413853
O5-B003281-3_39_F-1-1,3.2442813
O5-B003292-3_39_F-1-1,2.973037
O5-MAA000570-3_8_M-1-1,4.4302545
O5-MAA000572-3_8_M-1-1,3.974893
O5-MAA000573-3_9_M-1-1,4.0445504
O5-MAA000590-3_9_M-1-1,3.647692
O5-MAA000593-3_8_M-1-1,4.09592
O5-MAA000604-3_10_M-1-1,3.6864371
O5-MAA000617-3_10_M-1-1,3.953093
O6-B000825-3_38_F-1-1,2.6957083
O6-B001176-3_56_F-1-1,4.047038
O6-B001689-3_38_F-1-1,3.4867382
O6-B003278-3_38_F-1-1,3.1544497
O6-B003279-3_38_F-1-1,2.3965912
O6-B003281-3_39_F-1-1,2.6318183
O6-B003292-3_39_F-1-1,3.2856014
O6-MAA000570-3_8_M-1-1,3.7909417
O6-MAA000572-3_8_M-1-1,4.018265
O6-MAA000573-3_9_M-1-1,3.9023516
O6-MAA000590-3_9_M-1-1,4.030609
O6-MAA000592-3_9_M-1-1,3.7314656
O6-MAA000603-3_10_M-1-1,3.7455528
O6-MAA000617-3_10_M-1-1,3.2311196
O7-B000826-3_39_F-1-1,3.3197844
O7-B001689-3_38_F-1-1,3.5288367
O7-B003281-3_39_F-1-1,3.228281
O7-B003292-3_39_F-1-1,3.984164
O7-MAA000570-3_8_M-1-1,4.092756
O7-MAA000572-3_8_M-1-1,3.9985926
O7-MAA000573-3_9_M-1-1,3.9379303
O7-MAA000590-3_9_M-1-1,3.4700086
O7-MAA000593-3_8_M-1-1,2.4261699
O7-MAA000603-3_10_M-1-1,3.6334517
O7-MAA000604-3_10_M-1-1,3.5667822
O7-MAA000617-3_10_M-1-1,3.4320128
O8-B001176-3_56_F-1-1,2.6913106
O8-B001689-3_38_F-1-1,3.887066
O8-B003281-3_39_F-1-1,3.6390564
O8-B003292-3_39_F-1-1,3.4651048
O8-MAA000570-3_8_M-1-1,3.7616937
O8-MAA000571-3_9_M-1-1,3.337053
O8-MAA000572-3_8_M-1-1,3.4280121
O8-MAA000573-3_9_M-1-1,4.307334
O8-MAA000590-3_9_M-1-1,4.0127454
O8-MAA000591-3_8_M-1-1,0.17490983
O8-MAA000592-3_9_M-1-1,3.2207758
O8-MAA000593-3_8_M-1-1,3.1804953
O8-MAA000604-3_10_M-1-1,4.0670166
O8-MAA000617-3_10_M-1-1,2.603433
O9-B001176-3_56_F-1-1,4.520602
O9-B001689-3_38_F-1-1,4.100493
O9-B003278-3_38_F-1-1,3.7923112
O9-B003292-3_39_F-1-1,3.4869342
O9-MAA000570-3_8_M-1-1,3.8254445
O9-MAA000571-3_9_M-1-1,3.4329915
O9-MAA000572-3_8_M-1-1,3.864534
O9-MAA000573-3_9_M-1-1,3.225218
O9-MAA000590-3_9_M-1-1,4.24207
O9-MAA000591-3_8_M-1-1,3.4299734
O9-MAA000592-3_9_M-1-1,3.9069514
O9-MAA000593-3_8_M-1-1,3.7327294
O9-MAA000603-3_10_M-1-1,3.3090456
O9-MAA000605-3_10_M-1-1,3.355123
O9-MAA000617-3_10_M-1-1,4.230458
P10-B000825-3_38_F-1-1,2.3423872
P10-B001176-3_56_F-1-1,3.605988
P10-B001689-3_38_F-1-1,3.0175989
P10-B003278-3_38_F-1-1,3.0634718
P10-B003279-3_38_F-1-1,2.6968153
P10-B003281-3_39_F-1-1,1.6925805
P10-B003292-3_39_F-1-1,2.518168
P10-MAA000570-3_8_M-1-1,4.266336
P10-MAA000571-3_9_M-1-1,4.633177
P10-MAA000572-3_8_M-1-1,3.6509123
P10-MAA000590-3_9_M-1-1,4.711795
P10-MAA000603-3_10_M-1-1,3.2321277
P10-MAA000604-3_10_M-1-1,3.907462
P10-MAA000617-3_10_M-1-1,4.285247
P11-B000825-3_38_F-1-1,3.7871685
P11-B001176-3_56_F-1-1,3.947541
P11-B001689-3_38_F-1-1,3.9413419
P11-B003281-3_39_F-1-1,2.0196278
P11-B003292-3_39_F-1-1,3.6297376
P11-MAA000570-3_8_M-1-1,4.228042
P11-MAA000571-3_9_M-1-1,3.2521265
P11-MAA000572-3_8_M-1-1,2.0484636
P11-MAA000573-3_9_M-1-1,3.5052588
P11-MAA000590-3_9_M-1-1,3.5065827
P11-MAA000591-3_8_M-1-1,2.0611374
P11-MAA000592-3_9_M-1-1,1.7794168
P11-MAA000603-3_10_M-1-1,4.0204444
P11-MAA000604-3_10_M-1-1,3.2748575
P12-B000825-3_38_F-1-1,1.8893914
P12-B001689-3_38_F-1-1,2.1251001
P12-B003281-3_39_F-1-1,2.0340521
P12-B003292-3_39_F-1-1,4.465832
P12-MAA000570-3_8_M-1-1,3.8191757
P12-MAA000571-3_9_M-1-1,3.9767537
P12-MAA000572-3_8_M-1-1,3.9673543
P12-MAA000573-3_9_M-1-1,3.9225268
P12-MAA000590-3_9_M-1-1,4.1684995
P12-MAA000593-3_8_M-1-1,3.0936675
P12-MAA000603-3_10_M-1-1,3.0706353
P12-MAA000604-3_10_M-1-1,4.050765
P12-MAA000605-3_10_M-1-1,5.2639117
P13-B000825-3_38_F-1-1,2.7681046
P13-B001176-3_56_F-1-1,4.5203905
P13-B001689-3_38_F-1-1,3.3350985
P13-B003278-3_38_F-1-1,2.9625452
P13-B003279-3_38_F-1-1,1.387922
P13-B003292-3_39_F-1-1,2.3299387
P13-MAA000570-3_8_M-1-1,4.2308598
P13-MAA000573-3_9_M-1-1,3.8189113
P13-MAA000590-3_9_M-1-1,4.2667956
P13-MAA000603-3_10_M-1-1,3.6661935
P13-MAA000604-3_10_M-1-1,3.2971847
P13-MAA000605-3_10_M-1-1,4.351818
P13-MAA000617-3_10_M-1-1,3.7093418
P14-B000825-3_38_F-1-1,3.011995
P14-B000826-3_39_F-1-1,2.7706258
P14-B001176-3_56_F-1-1,3.6815894
P14-B003278-3_38_F-1-1,2.2316358
P14-B003279-3_38_F-1-1,3.6282308
P14-B003292-3_39_F-1-1,3.2449386
P14-MAA000570-3_8_M-1-1,3.143934
P14-MAA000571-3_9_M-1-1,4.4124265
P14-MAA000572-3_8_M-1-1,2.918089
P14-MAA000573-3_9_M-1-1,3.175987
P14-MAA000590-3_9_M-1-1,3.3566961
P14-MAA000592-3_9_M-1-1,3.0432565
P14-MAA000603-3_10_M-1-1,4.268871
P14-MAA000604-3_10_M-1-1,3.7285764
P14-MAA000605-3_10_M-1-1,4.282266
P14-MAA000617-3_10_M-1-1,3.8688574
P15-B000825-3_38_F-1-1,3.0859523
P15-B000826-3_39_F-1-1,2.907453
P15-B001176-3_56_F-1-1,3.6003003
P15-B001689-3_38_F-1-1,2.3959005
P15-B003281-3_39_F-1-1,2.8828423
P15-B003292-3_39_F-1-1,3.1847653
P15-MAA000570-3_8_M-1-1,4.1412287
P15-MAA000571-3_9_M-1-1,3.681377
P15-MAA000572-3_8_M-1-1,3.986723
P15-MAA000573-3_9_M-1-1,3.8782415
P15-MAA000590-3_9_M-1-1,3.4394097
P15-MAA000603-3_10_M-1-1,2.902778
P15-MAA000604-3_10_M-1-1,3.8047657
P15-MAA000605-3_10_M-1-1,3.7521956
P16-B000825-3_38_F-1-1,3.0516572
P16-B000826-3_39_F-1-1,3.6754222
P16-B001176-3_56_F-1-1,3.6173575
P16-B001689-3_38_F-1-1,3.5744932
P16-B003281-3_39_F-1-1,2.8904898
P16-B003292-3_39_F-1-1,3.0487988
P16-MAA000570-3_8_M-1-1,2.966759
P16-MAA000571-3_9_M-1-1,3.0320477
P16-MAA000572-3_8_M-1-1,4.08297
P16-MAA000573-3_9_M-1-1,4.088734
P16-MAA000590-3_9_M-1-1,4.4009657
P16-MAA000593-3_8_M-1-1,2.710143
P16-MAA000603-3_10_M-1-1,3.8691053
P16-MAA000604-3_10_M-1-1,2.8494606
P16-MAA000605-3_10_M-1-1,4.0292377
P16-MAA000617-3_10_M-1-1,2.0610502
P17-B000825-3_38_F-1-1,2.4139862
P17-B000826-3_39_F-1-1,2.1592185
P17-B001176-3_56_F-1-1,3.3192399
P17-B001689-3_38_F-1-1,2.5083516
P17-B003278-3_38_F-1-1,3.1114078
P17-B003279-3_38_F-1-1,2.7874193
P17-B003281-3_39_F-1-1,0.0
P17-B003292-3_39_F-1-1,1.9041286
P17-MAA000570-3_8_M-1-1,3.5209572
P17-MAA000571-3_9_M-1-1,3.9237268
P17-MAA000572-3_8_M-1-1,2.7879932
P17-MAA000573-3_9_M-1-1,3.9943604
P17-MAA000591-3_8_M-1-1,2.0846424
P17-MAA000592-3_9_M-1-1,2.690285
P17-MAA000593-3_8_M-1-1,2.2520146
P17-MAA000603-3_10_M-1-1,3.8048604
P17-MAA000604-3_10_M-1-1,3.2984285
P17-MAA000605-3_10_M-1-1,3.9951184
P18-B000825-3_38_F-1-1,2.6537423
P18-B000826-3_39_F-1-1,2.884198
P18-B001176-3_56_F-1-1,3.26929
P18-B001689-3_38_F-1-1,2.4515884
P18-B003278-3_38_F-1-1,2.5770822
P18-B003281-3_39_F-1-1,2.5563276
P18-B003292-3_39_F-1-1,2.1154978
P18-MAA000570-3_8_M-1-1,4.5105047
P18-MAA000571-3_9_M-1-1,3.680208
P18-MAA000572-3_8_M-1-1,3.5479198
P18-MAA000573-3_9_M-1-1,4.037089
P18-MAA000590-3_9_M-1-1,3.7490094
P18-MAA000592-3_9_M-1-1,2.6485548
P18-MAA000593-3_8_M-1-1,2.5796978
P18-MAA000603-3_10_M-1-1,3.2806516
P18-MAA000604-3_10_M-1-1,3.9429812
P18-MAA000605-3_10_M-1-1,4.159507
P18-MAA000617-3_10_M-1-1,3.271531
P19-B000825-3_38_F-1-1,2.904376
P19-B000826-3_39_F-1-1,2.3543472
P19-B001689-3_38_F-1-1,1.4746093
P19-B003278-3_38_F-1-1,1.8735954
P19-B003281-3_39_F-1-1,2.8694355
P19-B003292-3_39_F-1-1,2.187697
P19-MAA000570-3_8_M-1-1,2.9075487
P19-MAA000571-3_9_M-1-1,1.8677384
P19-MAA000572-3_8_M-1-1,3.0023935
P19-MAA000573-3_9_M-1-1,4.5437655
P19-MAA000590-3_9_M-1-1,4.1618443
P19-MAA000592-3_9_M-1-1,2.8714461
P19-MAA000593-3_8_M-1-1,2.4290326
P19-MAA000603-3_10_M-1-1,3.3386784
P19-MAA000604-3_10_M-1-1,3.4399633
P19-MAA000605-3_10_M-1-1,4.252169
P19-MAA000617-3_10_M-1-1,1.0562615
P1-B001689-3_38_F-1-1,3.2192893
P1-B003278-3_38_F-1-1,2.0780015
P1-B003279-3_38_F-1-1,2.4585185
P1-B003281-3_39_F-1-1,0.93368644
P1-B003292-3_39_F-1-1,1.8552625
P1-MAA000570-3_8_M-1-1,3.684467
P1-MAA000572-3_8_M-1-1,4.1452165
P1-MAA000573-3_9_M-1-1,3.8364344
P1-MAA000590-3_9_M-1-1,3.8069646
P1-MAA000593-3_8_M-1-1,2.883403
P1-MAA000603-3_10_M-1-1,3.1449947
P1-MAA000604-3_10_M-1-1,3.246287
P20-B000825-3_38_F-1-1,3.306747
P20-B000826-3_39_F-1-1,2.3789036
P20-B001689-3_38_F-1-1,2.9776013
P20-B003281-3_39_F-1-1,2.8110213
P20-B003292-3_39_F-1-1,2.5030227
P20-MAA000570-3_8_M-1-1,4.0081353
P20-MAA000573-3_9_M-1-1,4.3393707
P20-MAA000590-3_9_M-1-1,4.2057786
P20-MAA000591-3_8_M-1-1,2.7590725
P20-MAA000592-3_9_M-1-1,2.582984
P20-MAA000593-3_8_M-1-1,3.0340168
P20-MAA000603-3_10_M-1-1,2.4543128
P20-MAA000604-3_10_M-1-1,4.322926
P20-MAA000605-3_10_M-1-1,3.5728106
P21-B000826-3_39_F-1-1,2.7247577
P21-B001176-3_56_F-1-1,3.6162176
P21-B003278-3_38_F-1-1,2.569203
P21-B003279-3_38_F-1-1,2.0354178
P21-B003281-3_39_F-1-1,2.6785953
P21-MAA000571-3_9_M-1-1,4.4714427
P21-MAA000573-3_9_M-1-1,2.871776
P21-MAA000590-3_9_M-1-1,4.7323837
P21-MAA000592-3_9_M-1-1,2.8166862
P21-MAA000593-3_8_M-1-1,0.79543924
P21-MAA000605-3_10_M-1-1,4.856301
P22-B001176-3_56_F-1-1,4.0262213
P22-B001689-3_38_F-1-1,2.8905003
P22-B003278-3_38_F-1-1,2.2424488
P22-B003279-3_38_F-1-1,2.9602463
P22-MAA000572-3_8_M-1-1,3.8839326
P22-MAA000573-3_9_M-1-1,4.1126685
P22-MAA000590-3_9_M-1-1,3.6474068
P22-MAA000592-3_9_M-1-1,2.0848806
P22-MAA000604-3_10_M-1-1,4.331453
P22-MAA000605-3_10_M-1-1,4.0515494
P2-B000825-3_38_F-1-1,2.03259
P2-B000826-3_39_F-1-1,2.2922697
P2-B001176-3_56_F-1-1,3.2412055
P2-B001689-3_38_F-1-1,2.2909575
P2-B003278-3_38_F-1-1,3.6137967
P2-B003279-3_38_F-1-1,1.2723193
P2-B003292-3_39_F-1-1,3.2398787
P2-MAA000572-3_8_M-1-1,3.4244027
P2-MAA000573-3_9_M-1-1,2.750531
P2-MAA000590-3_9_M-1-1,4.297656
P2-MAA000592-3_9_M-1-1,3.64611
P2-MAA000593-3_8_M-1-1,3.1421518
P2-MAA000603-3_10_M-1-1,3.6361127
P2-MAA000604-3_10_M-1-1,3.7015867
P3-B000825-3_38_F-1-1,2.8109925
P3-B000826-3_39_F-1-1,2.3968925
P3-B001176-3_56_F-1-1,3.3730469
P3-B001689-3_38_F-1-1,3.1320105
P3-B003281-3_39_F-1-1,2.59009
P3-B003292-3_39_F-1-1,2.5433335
P3-MAA000572-3_8_M-1-1,3.2571821
P3-MAA000573-3_9_M-1-1,3.819585
P3-MAA000590-3_9_M-1-1,3.2754745
P3-MAA000593-3_8_M-1-1,2.2730868
P3-MAA000604-3_10_M-1-1,3.5541
P4-B000825-3_38_F-1-1,2.5717623
P4-B000826-3_39_F-1-1,3.0248117
P4-B001689-3_38_F-1-1,2.949174
P4-B003281-3_39_F-1-1,1.3791397
P4-B003292-3_39_F-1-1,2.659202
P4-MAA000570-3_8_M-1-1,3.914033
P4-MAA000573-3_9_M-1-1,3.4517136
P4-MAA000590-3_9_M-1-1,3.94081
P4-MAA000592-3_9_M-1-1,2.4237986
P4-MAA000603-3_10_M-1-1,3.654988
P4-MAA000604-3_10_M-1-1,3.8456583
P4-MAA000617-3_10_M-1-1,2.037968
P5-B001176-3_56_F-1-1,3.569496
P5-B001689-3_38_F-1-1,2.8334596
P5-B003278-3_38_F-1-1,3.1311886
P5-B003279-3_38_F-1-1,3.2471373
P5-B003281-3_39_F-1-1,2.299142
P5-B003292-3_39_F-1-1,2.751642
P5-MAA000572-3_8_M-1-1,3.6712475
P5-MAA000573-3_9_M-1-1,3.5173335
P5-MAA000590-3_9_M-1-1,4.684853
P5-MAA000593-3_8_M-1-1,2.6946454
P5-MAA000603-3_10_M-1-1,3.2269087
P5-MAA000617-3_10_M-1-1,3.6763399
P6-B000825-3_38_F-1-1,1.0381297
P6-B000826-3_39_F-1-1,3.5081434
P6-B001689-3_38_F-1-1,1.6010067
P6-B003278-3_38_F-1-1,2.2445378
P6-B003279-3_38_F-1-1,3.8299682
P6-B003281-3_39_F-1-1,1.8567783
P6-B003292-3_39_F-1-1,2.1847093
P6-MAA000570-3_8_M-1-1,3.48257
P6-MAA000573-3_9_M-1-1,4.0787563
P6-MAA000590-3_9_M-1-1,3.3664885
P6-MAA000592-3_9_M-1-1,2.7038689
P6-MAA000593-3_8_M-1-1,4.2079897
P6-MAA000603-3_10_M-1-1,4.3438582
P6-MAA000604-3_10_M-1-1,3.6383533
P6-MAA000617-3_10_M-1-1,3.9330716
P7-B000825-3_38_F-1-1,2.0770216
P7-B001176-3_56_F-1-1,3.2819414
P7-B001689-3_38_F-1-1,3.631449
P7-B003281-3_39_F-1-1,2.8909848
P7-B003292-3_39_F-1-1,2.5195649
P7-MAA000570-3_8_M-1-1,3.8895597
P7-MAA000571-3_9_M-1-1,3.520094
P7-MAA000572-3_8_M-1-1,3.2451031
P7-MAA000573-3_9_M-1-1,3.9606316
P7-MAA000590-3_9_M-1-1,4.206349
P7-MAA000593-3_8_M-1-1,2.9213064
P7-MAA000603-3_10_M-1-1,3.9572263
P7-MAA000617-3_10_M-1-1,3.0344129
P8-B000825-3_38_F-1-1,1.9446499
P8-B000826-3_39_F-1-1,2.9865525
P8-B001176-3_56_F-1-1,3.60256
P8-B001689-3_38_F-1-1,2.3463197
P8-B003281-3_39_F-1-1,2.3311734
P8-B003292-3_39_F-1-1,2.5117366
P8-MAA000570-3_8_M-1-1,4.262309
P8-MAA000571-3_9_M-1-1,4.5579424
P8-MAA000572-3_8_M-1-1,3.4312453
P8-MAA000573-3_9_M-1-1,4.2160215
P8-MAA000590-3_9_M-1-1,3.4157414
P8-MAA000592-3_9_M-1-1,3.096091
P8-MAA000593-3_8_M-1-1,2.508511
P8-MAA000603-3_10_M-1-1,3.9852865
P8-MAA000604-3_10_M-1-1,4.1949835
P8-MAA000605-3_10_M-1-1,4.43787
P9-B000825-3_38_F-1-1,2.8881087
P9-B001176-3_56_F-1-1,3.673733
P9-B001689-3_38_F-1-1,3.0038397
P9-B003279-3_38_F-1-1,3.006877
P9-B003281-3_39_F-1-1,2.0634038
P9-B003292-3_39_F-1-1,3.5220864
P9-MAA000570-3_8_M-1-1,2.3088784
P9-MAA000571-3_9_M-1-1,3.0349653
P9-MAA000572-3_8_M-1-1,3.765009
P9-MAA000573-3_9_M-1-1,3.569027
P9-MAA000590-3_9_M-1-1,3.684792
P9-MAA000591-3_8_M-1-1,3.6617813
P9-MAA000592-3_9_M-1-1,3.1764023
P9-MAA000593-3_8_M-1-1,2.850929
P9-MAA000603-3_10_M-1-1,3.646889
P9-MAA000604-3_10_M-1-1,3.733799
P9-MAA000617-3_10_M-1-1,4.094026
